{"available_scenarios": [{"Town05": [{"available_event_configurations": [{"transform": {"pitch": "0", "x": 31.5, "y": 69, "yaw": -90, "z": 0}, "_start_distance": 9.272220407730082, "_actor_vel": 4.99969491925921, "_start_distance2": 16.302781435526157, "_actor_vel2": 3.3838972112341, "_brake": 0.5995007020092101, "_trigger_distance": 12.402256151157465, "_traffic_distance": 9.928377446089302, "weather": {"sun_altitude_angle": 87.61931558964369, "precipitation": 69.88022242518979, "wind_intensity": 52.45251166878059, "sun_azimuth_angle": 157.02143342991334, "fog_distance": "0", "cloudiness": 65.4187466229153, "fog_density": 90.06423127082633, "wetness": 52.884401152945806, "precipitation_deposits": 51.076937026357605}}], "scenario_type": "Scenario59"}], "Town03": [{"available_event_configurations": [{"transform": {"pitch": "0", "x": -86, "y": -81.9, "yaw": 90, "z": 0}, "_start_distance": 9.272220407730082, "_actor_vel": 4.99969491925921, "_start_distance2": 16.302781435526157, "_actor_vel2": 3.3838972112341, "_brake": 0.5995007020092101, "_trigger_distance": 12.402256151157465, "_traffic_distance": 9.928377446089302, "weather": {"sun_altitude_angle": 87.61931558964369, "precipitation": 69.88022242518979, "wind_intensity": 52.45251166878059, "sun_azimuth_angle": 157.02143342991334, "fog_distance": "0", "cloudiness": 65.4187466229153, "fog_density": 90.06423127082633, "wetness": 52.884401152945806, "precipitation_deposits": 51.076937026357605}}], "scenario_type": "Scenario59"}]}]}