{"available_scenarios": [{"Town05": [{"available_event_configurations": [{"transform": {"pitch": "0", "x": 31.5, "y": 69, "yaw": -90, "z": 0}, "_start_distance": 9.827781931756956, "_actor_vel": 4.227338940119734, "_start_distance2": 16.98894662360783, "_actor_vel2": 3.423569813276882, "_brake": 0.7259823452083531, "_trigger_distance": 14.869799190816547, "_traffic_distance": 6.607236598816284, "weather": {"sun_altitude_angle": -44.53680543441324, "precipitation": 22.766344125862215, "wind_intensity": 87.08363314149659, "sun_azimuth_angle": 71.92421655682807, "fog_distance": "0", "cloudiness": 13.617044067168926, "fog_density": 60.847265830134454, "wetness": 39.84707537612523, "precipitation_deposits": 44.85230958526445}}], "scenario_type": "Scenario59"}], "Town03": [{"available_event_configurations": [{"transform": {"pitch": "0", "x": -86, "y": -81.9, "yaw": 90, "z": 0}, "_start_distance": 9.827781931756956, "_actor_vel": 4.227338940119734, "_start_distance2": 16.98894662360783, "_actor_vel2": 3.423569813276882, "_brake": 0.7259823452083531, "_trigger_distance": 14.869799190816547, "_traffic_distance": 6.607236598816284, "weather": {"sun_altitude_angle": -44.53680543441324, "precipitation": 22.766344125862215, "wind_intensity": 87.08363314149659, "sun_azimuth_angle": 71.92421655682807, "fog_distance": "0", "cloudiness": 13.617044067168926, "fog_density": 60.847265830134454, "wetness": 39.84707537612523, "precipitation_deposits": 44.85230958526445}}], "scenario_type": "Scenario59"}]}]}