{"available_scenarios": [{"Town05": [{"available_event_configurations": [{"transform": {"pitch": "0", "x": 31.5, "y": 69, "yaw": -90, "z": 0}, "_start_distance": 12.320367217098536, "_actor_vel": 4.583482731026606, "_start_distance2": 15.79517211063932, "_actor_vel2": 3.3800312955093825, "_brake": 0.5832546254744613, "_trigger_distance": 14.289294644982391, "_traffic_distance": 5.826447550440831, "weather": {"sun_altitude_angle": 1.8852912371864647, "precipitation": 50.6449715177619, "wind_intensity": 65.98926725438386, "sun_azimuth_angle": 229.19261595698381, "fog_distance": "0", "cloudiness": 5.130157230379284, "fog_density": 0.940579118747209, "wetness": 10.269326762052266, "precipitation_deposits": 10.85214346055714}}], "scenario_type": "Scenario59"}], "Town03": [{"available_event_configurations": [{"transform": {"pitch": "0", "x": -86, "y": -81.9, "yaw": 90, "z": 0}, "_start_distance": 12.320367217098536, "_actor_vel": 4.583482731026606, "_start_distance2": 15.79517211063932, "_actor_vel2": 3.3800312955093825, "_brake": 0.5832546254744613, "_trigger_distance": 14.289294644982391, "_traffic_distance": 5.826447550440831, "weather": {"sun_altitude_angle": 1.8852912371864647, "precipitation": 50.6449715177619, "wind_intensity": 65.98926725438386, "sun_azimuth_angle": 229.19261595698381, "fog_distance": "0", "cloudiness": 5.130157230379284, "fog_density": 0.940579118747209, "wetness": 10.269326762052266, "precipitation_deposits": 10.85214346055714}}], "scenario_type": "Scenario59"}]}]}