{"available_scenarios": [{"Town05": [{"available_event_configurations": [{"transform": {"pitch": "0", "x": 31.5, "y": 69, "yaw": -90, "z": 0}, "_start_distance": 9.389584960144393, "_actor_vel": 4.746953830121501, "_start_distance2": 18.456847738230064, "_actor_vel2": 3.2689162598954193, "_brake": 0.8696831115667707, "_trigger_distance": 13.002702191280491, "_traffic_distance": 5.31520451444454, "weather": {"sun_altitude_angle": -44.952203970724675, "precipitation": 50.58581849727065, "wind_intensity": 77.3121637361814, "sun_azimuth_angle": 142.11520670781044, "fog_distance": "0", "cloudiness": 42.16412128165551, "fog_density": 62.83257008233595, "wetness": 38.998727760875916, "precipitation_deposits": 18.924294769805027}}], "scenario_type": "Scenario59"}], "Town03": [{"available_event_configurations": [{"transform": {"pitch": "0", "x": -86, "y": -81.9, "yaw": 90, "z": 0}, "_start_distance": 9.389584960144393, "_actor_vel": 4.746953830121501, "_start_distance2": 18.456847738230064, "_actor_vel2": 3.2689162598954193, "_brake": 0.8696831115667707, "_trigger_distance": 13.002702191280491, "_traffic_distance": 5.31520451444454, "weather": {"sun_altitude_angle": -44.952203970724675, "precipitation": 50.58581849727065, "wind_intensity": 77.3121637361814, "sun_azimuth_angle": 142.11520670781044, "fog_distance": "0", "cloudiness": 42.16412128165551, "fog_density": 62.83257008233595, "wetness": 38.998727760875916, "precipitation_deposits": 18.924294769805027}}], "scenario_type": "Scenario59"}]}]}