{"available_scenarios": [{"Town05": [{"available_event_configurations": [{"transform": {"pitch": "0", "x": 31.5, "y": 69, "yaw": -90, "z": 0}, "_start_distance": 14.906473045984196, "_actor_vel": 4.702908853937031, "_start_distance2": 18.861885146226957, "_actor_vel2": 3.45619894925725, "_brake": 0.9015740765160265, "_trigger_distance": 14.319835186884605, "_traffic_distance": 8.60552502894976, "weather": {"sun_altitude_angle": -25.568632726926552, "precipitation": 93.45527377304269, "wind_intensity": 9.761478643731325, "sun_azimuth_angle": 86.66907550945872, "fog_distance": "0", "cloudiness": 24.84385018767503, "fog_density": 25.727359806823003, "wetness": 62.502234483585376, "precipitation_deposits": 27.08648593009675}}], "scenario_type": "Scenario59"}], "Town03": [{"available_event_configurations": [{"transform": {"pitch": "0", "x": -86, "y": -81.9, "yaw": 90, "z": 0}, "_start_distance": 14.906473045984196, "_actor_vel": 4.702908853937031, "_start_distance2": 18.861885146226957, "_actor_vel2": 3.45619894925725, "_brake": 0.9015740765160265, "_trigger_distance": 14.319835186884605, "_traffic_distance": 8.60552502894976, "weather": {"sun_altitude_angle": -25.568632726926552, "precipitation": 93.45527377304269, "wind_intensity": 9.761478643731325, "sun_azimuth_angle": 86.66907550945872, "fog_distance": "0", "cloudiness": 24.84385018767503, "fog_density": 25.727359806823003, "wetness": 62.502234483585376, "precipitation_deposits": 27.08648593009675}}], "scenario_type": "Scenario59"}]}]}