{"available_scenarios": [{"Town05": [{"available_event_configurations": [{"transform": {"pitch": "0", "x": 31.5, "y": 69, "yaw": -90, "z": 0}, "_start_distance": 14.871631827271756, "_actor_vel": 4.978819915643578, "_start_distance2": 15.088656962135898, "_actor_vel2": 3.1831223325612146, "_brake": 0.5867927907832018, "_trigger_distance": 12.743682787212586, "_traffic_distance": 5.552485723837789, "weather": {"sun_altitude_angle": -77.25418049329626, "precipitation": 28.663579753632273, "wind_intensity": 5.126794215716879, "sun_azimuth_angle": 147.6256637683054, "fog_distance": "0", "cloudiness": 73.85270338937259, "fog_density": 50.13351633296509, "wetness": 7.197980702581375, "precipitation_deposits": 53.95797609701805}}], "scenario_type": "Scenario59"}], "Town03": [{"available_event_configurations": [{"transform": {"pitch": "0", "x": -86, "y": -81.9, "yaw": 90, "z": 0}, "_start_distance": 14.871631827271756, "_actor_vel": 4.978819915643578, "_start_distance2": 15.088656962135898, "_actor_vel2": 3.1831223325612146, "_brake": 0.5867927907832018, "_trigger_distance": 12.743682787212586, "_traffic_distance": 5.552485723837789, "weather": {"sun_altitude_angle": -77.25418049329626, "precipitation": 28.663579753632273, "wind_intensity": 5.126794215716879, "sun_azimuth_angle": 147.6256637683054, "fog_distance": "0", "cloudiness": 73.85270338937259, "fog_density": 50.13351633296509, "wetness": 7.197980702581375, "precipitation_deposits": 53.95797609701805}}], "scenario_type": "Scenario59"}]}]}