{"available_scenarios": [{"Town05": [{"available_event_configurations": [{"transform": {"pitch": "0", "x": 31.5, "y": 69, "yaw": -90, "z": 0}, "_start_distance": 10.38141982573999, "_actor_vel": 4.477943642492362, "_start_distance2": 15.493262261970905, "_actor_vel2": 3.4211331529949636, "_brake": 0.6542250430035457, "_trigger_distance": 14.195024789621858, "_traffic_distance": 7.136421648084859, "weather": {"sun_altitude_angle": 58.60939814521029, "precipitation": 53.15267612716668, "wind_intensity": 59.277849804915085, "sun_azimuth_angle": 219.21394045799562, "fog_distance": "0", "cloudiness": 63.94208494989125, "fog_density": 79.14257172382206, "wetness": 83.58805639690753, "precipitation_deposits": 34.28919348357755}}], "scenario_type": "Scenario59"}], "Town03": [{"available_event_configurations": [{"transform": {"pitch": "0", "x": -86, "y": -81.9, "yaw": 90, "z": 0}, "_start_distance": 10.38141982573999, "_actor_vel": 4.477943642492362, "_start_distance2": 15.493262261970905, "_actor_vel2": 3.4211331529949636, "_brake": 0.6542250430035457, "_trigger_distance": 14.195024789621858, "_traffic_distance": 7.136421648084859, "weather": {"sun_altitude_angle": 58.60939814521029, "precipitation": 53.15267612716668, "wind_intensity": 59.277849804915085, "sun_azimuth_angle": 219.21394045799562, "fog_distance": "0", "cloudiness": 63.94208494989125, "fog_density": 79.14257172382206, "wetness": 83.58805639690753, "precipitation_deposits": 34.28919348357755}}], "scenario_type": "Scenario59"}]}]}