{"available_scenarios": [{"Town05": [{"available_event_configurations": [{"transform": {"pitch": "0", "x": 31.5, "y": 69, "yaw": -90, "z": 0}, "_start_distance": 14.892503681880836, "_actor_vel": 4.625226123025925, "_start_distance2": 18.25975476899871, "_actor_vel2": 3.494503394989789, "_brake": 0.8838289825691216, "_trigger_distance": 14.335893459596939, "_traffic_distance": 9.594205473476023, "weather": {"sun_altitude_angle": 12.845747823528086, "precipitation": 23.894668201430992, "wind_intensity": 29.71896761054523, "sun_azimuth_angle": 258.18215671098085, "fog_distance": "0", "cloudiness": 88.39049067083961, "fog_density": 91.76453596501293, "wetness": 36.098680323778396, "precipitation_deposits": 83.56510067364796}}], "scenario_type": "Scenario59"}], "Town03": [{"available_event_configurations": [{"transform": {"pitch": "0", "x": -86, "y": -81.9, "yaw": 90, "z": 0}, "_start_distance": 14.892503681880836, "_actor_vel": 4.625226123025925, "_start_distance2": 18.25975476899871, "_actor_vel2": 3.494503394989789, "_brake": 0.8838289825691216, "_trigger_distance": 14.335893459596939, "_traffic_distance": 9.594205473476023, "weather": {"sun_altitude_angle": 12.845747823528086, "precipitation": 23.894668201430992, "wind_intensity": 29.71896761054523, "sun_azimuth_angle": 258.18215671098085, "fog_distance": "0", "cloudiness": 88.39049067083961, "fog_density": 91.76453596501293, "wetness": 36.098680323778396, "precipitation_deposits": 83.56510067364796}}], "scenario_type": "Scenario59"}]}]}