{"available_scenarios": [{"Town05": [{"available_event_configurations": [{"transform": {"pitch": "0", "x": 31.5, "y": 69, "yaw": -90, "z": 0}, "_start_distance": 13.886967264670353, "_actor_vel": 4.919113418587789, "_start_distance2": 17.518367369968857, "_actor_vel2": 3.322941106583937, "_brake": 0.8965125546924783, "_trigger_distance": 14.253678017532671, "_traffic_distance": 5.596679899311732, "weather": {"sun_altitude_angle": -51.26566676383564, "precipitation": 59.883951213755495, "wind_intensity": 59.097981517696915, "sun_azimuth_angle": 214.7757648586059, "fog_distance": "0", "cloudiness": 50.66369755969047, "fog_density": 94.56111192352479, "wetness": 75.21263095878481, "precipitation_deposits": 38.753664806943696}}], "scenario_type": "Scenario59"}], "Town03": [{"available_event_configurations": [{"transform": {"pitch": "0", "x": -86, "y": -81.9, "yaw": 90, "z": 0}, "_start_distance": 13.886967264670353, "_actor_vel": 4.919113418587789, "_start_distance2": 17.518367369968857, "_actor_vel2": 3.322941106583937, "_brake": 0.8965125546924783, "_trigger_distance": 14.253678017532671, "_traffic_distance": 5.596679899311732, "weather": {"sun_altitude_angle": -51.26566676383564, "precipitation": 59.883951213755495, "wind_intensity": 59.097981517696915, "sun_azimuth_angle": 214.7757648586059, "fog_distance": "0", "cloudiness": 50.66369755969047, "fog_density": 94.56111192352479, "wetness": 75.21263095878481, "precipitation_deposits": 38.753664806943696}}], "scenario_type": "Scenario59"}]}]}