{"available_scenarios": [{"Town05": [{"available_event_configurations": [{"transform": {"pitch": "0", "x": 31.5, "y": 69, "yaw": -90, "z": 0}, "_start_distance": 9.740952216008091, "_actor_vel": 4.979562310408011, "_start_distance2": 18.393739259491586, "_actor_vel2": 3.0785267095719107, "_brake": 0.5451039195915374, "_trigger_distance": 12.726405612027255, "_traffic_distance": 7.409444930090304, "weather": {"sun_altitude_angle": 42.132879462557696, "precipitation": 63.445682712120224, "wind_intensity": 88.62338019061438, "sun_azimuth_angle": 37.30238762194667, "fog_distance": "0", "cloudiness": 8.833125644965723, "fog_density": 0.8179129760470305, "wetness": 50.560435413803326, "precipitation_deposits": 9.732237795770615}}], "scenario_type": "Scenario59"}], "Town03": [{"available_event_configurations": [{"transform": {"pitch": "0", "x": -86, "y": -81.9, "yaw": 90, "z": 0}, "_start_distance": 9.740952216008091, "_actor_vel": 4.979562310408011, "_start_distance2": 18.393739259491586, "_actor_vel2": 3.0785267095719107, "_brake": 0.5451039195915374, "_trigger_distance": 12.726405612027255, "_traffic_distance": 7.409444930090304, "weather": {"sun_altitude_angle": 42.132879462557696, "precipitation": 63.445682712120224, "wind_intensity": 88.62338019061438, "sun_azimuth_angle": 37.30238762194667, "fog_distance": "0", "cloudiness": 8.833125644965723, "fog_density": 0.8179129760470305, "wetness": 50.560435413803326, "precipitation_deposits": 9.732237795770615}}], "scenario_type": "Scenario59"}]}]}