{"available_scenarios": [{"Town05": [{"available_event_configurations": [{"transform": {"pitch": "0", "x": 31.5, "y": 69, "yaw": -90, "z": 0}, "_start_distance": 12.481328620509004, "_actor_vel": 4.535308886352883, "_start_distance2": 17.62570092714718, "_actor_vel2": 3.01814022123769, "_brake": 0.6761257870383668, "_trigger_distance": 14.700465865004354, "_traffic_distance": 7.766268961478099, "weather": {"sun_altitude_angle": -56.900421824935066, "precipitation": 93.59530664533565, "wind_intensity": 10.43249253858095, "sun_azimuth_angle": 31.339355746731783, "fog_distance": "0", "cloudiness": 71.53893898142918, "fog_density": 10.083814092340527, "wetness": 25.075172836950077, "precipitation_deposits": 8.242823123043419}}], "scenario_type": "Scenario59"}], "Town03": [{"available_event_configurations": [{"transform": {"pitch": "0", "x": -86, "y": -81.9, "yaw": 90, "z": 0}, "_start_distance": 12.481328620509004, "_actor_vel": 4.535308886352883, "_start_distance2": 17.62570092714718, "_actor_vel2": 3.01814022123769, "_brake": 0.6761257870383668, "_trigger_distance": 14.700465865004354, "_traffic_distance": 7.766268961478099, "weather": {"sun_altitude_angle": -56.900421824935066, "precipitation": 93.59530664533565, "wind_intensity": 10.43249253858095, "sun_azimuth_angle": 31.339355746731783, "fog_distance": "0", "cloudiness": 71.53893898142918, "fog_density": 10.083814092340527, "wetness": 25.075172836950077, "precipitation_deposits": 8.242823123043419}}], "scenario_type": "Scenario59"}]}]}