{"available_scenarios": [{"Town05": [{"available_event_configurations": [{"transform": {"pitch": "0", "x": 31.5, "y": 69, "yaw": -90, "z": 0}, "_start_distance": 8.982148847338912, "_actor_vel": 4.822636133365168, "_start_distance2": 15.119583179629272, "_actor_vel2": 3.3118439214054503, "_brake": 0.677082152572971, "_trigger_distance": 12.866746283994548, "_traffic_distance": 7.784757058765946, "weather": {"sun_altitude_angle": 27.15300291614419, "precipitation": 63.16755276495372, "wind_intensity": 42.982295869536756, "sun_azimuth_angle": 309.70584846587843, "fog_distance": "0", "cloudiness": 5.5822476229635765, "fog_density": 11.909310615663227, "wetness": 13.935759055075902, "precipitation_deposits": 94.40919634116443}}], "scenario_type": "Scenario59"}], "Town03": [{"available_event_configurations": [{"transform": {"pitch": "0", "x": -86, "y": -81.9, "yaw": 90, "z": 0}, "_start_distance": 8.982148847338912, "_actor_vel": 4.822636133365168, "_start_distance2": 15.119583179629272, "_actor_vel2": 3.3118439214054503, "_brake": 0.677082152572971, "_trigger_distance": 12.866746283994548, "_traffic_distance": 7.784757058765946, "weather": {"sun_altitude_angle": 27.15300291614419, "precipitation": 63.16755276495372, "wind_intensity": 42.982295869536756, "sun_azimuth_angle": 309.70584846587843, "fog_distance": "0", "cloudiness": 5.5822476229635765, "fog_density": 11.909310615663227, "wetness": 13.935759055075902, "precipitation_deposits": 94.40919634116443}}], "scenario_type": "Scenario59"}]}]}