{"available_scenarios": [{"Town05": [{"available_event_configurations": [{"transform": {"pitch": "0", "x": 31.5, "y": 69, "yaw": -90, "z": 0}, "_start_distance": 8.615100357311777, "_actor_vel": 4.563677571122983, "_start_distance2": 15.809004365468752, "_actor_vel2": 3.137678339958475, "_brake": 0.5650516358031727, "_trigger_distance": 12.35053004907805, "_traffic_distance": 8.692071151275275, "weather": {"sun_altitude_angle": -70.01098596477092, "precipitation": 43.75676558856911, "wind_intensity": 48.58962320961007, "sun_azimuth_angle": 333.45712423974317, "fog_distance": "0", "cloudiness": 16.458840155644506, "fog_density": 72.95480032254206, "wetness": 32.16694014961623, "precipitation_deposits": 80.4666016792055}}], "scenario_type": "Scenario59"}], "Town03": [{"available_event_configurations": [{"transform": {"pitch": "0", "x": -86, "y": -81.9, "yaw": 90, "z": 0}, "_start_distance": 8.615100357311777, "_actor_vel": 4.563677571122983, "_start_distance2": 15.809004365468752, "_actor_vel2": 3.137678339958475, "_brake": 0.5650516358031727, "_trigger_distance": 12.35053004907805, "_traffic_distance": 8.692071151275275, "weather": {"sun_altitude_angle": -70.01098596477092, "precipitation": 43.75676558856911, "wind_intensity": 48.58962320961007, "sun_azimuth_angle": 333.45712423974317, "fog_distance": "0", "cloudiness": 16.458840155644506, "fog_density": 72.95480032254206, "wetness": 32.16694014961623, "precipitation_deposits": 80.4666016792055}}], "scenario_type": "Scenario59"}]}]}