{"available_scenarios": [{"Town05": [{"available_event_configurations": [{"transform": {"pitch": "0", "x": 31.5, "y": 69, "yaw": -90, "z": 0}, "_start_distance": 11.504270810023403, "_actor_vel": 4.369156962689038, "_start_distance2": 16.742097705776935, "_actor_vel2": 3.3476370181668598, "_brake": 0.9886359321626895, "_trigger_distance": 12.388855413647228, "_traffic_distance": 9.656717528459906, "weather": {"sun_altitude_angle": -74.55170029711776, "precipitation": 56.104871754184984, "wind_intensity": 17.138794485763377, "sun_azimuth_angle": 112.32590787980887, "fog_distance": "0", "cloudiness": 63.83619392437606, "fog_density": 5.951468253823777, "wetness": 66.27090873914976, "precipitation_deposits": 85.99756252746673}}], "scenario_type": "Scenario59"}], "Town03": [{"available_event_configurations": [{"transform": {"pitch": "0", "x": -86, "y": -81.9, "yaw": 90, "z": 0}, "_start_distance": 11.504270810023403, "_actor_vel": 4.369156962689038, "_start_distance2": 16.742097705776935, "_actor_vel2": 3.3476370181668598, "_brake": 0.9886359321626895, "_trigger_distance": 12.388855413647228, "_traffic_distance": 9.656717528459906, "weather": {"sun_altitude_angle": -74.55170029711776, "precipitation": 56.104871754184984, "wind_intensity": 17.138794485763377, "sun_azimuth_angle": 112.32590787980887, "fog_distance": "0", "cloudiness": 63.83619392437606, "fog_density": 5.951468253823777, "wetness": 66.27090873914976, "precipitation_deposits": 85.99756252746673}}], "scenario_type": "Scenario59"}]}]}