{"available_scenarios": [{"Town05": [{"available_event_configurations": [{"transform": {"pitch": "0", "x": 31.5, "y": 69, "yaw": -90, "z": 0}, "_start_distance": 14.102509178842897, "_actor_vel": 4.873290118679632, "_start_distance2": 17.351781833859945, "_actor_vel2": 3.0344259358433052, "_brake": 0.5441605043396076, "_trigger_distance": 14.149460441149671, "_traffic_distance": 6.068778589318688, "weather": {"sun_altitude_angle": -39.94380373563997, "precipitation": 45.76262832131231, "wind_intensity": 76.47532347657574, "sun_azimuth_angle": 235.31630866031625, "fog_distance": "0", "cloudiness": 73.8916770540929, "fog_density": 80.72048826239453, "wetness": 40.77960230897002, "precipitation_deposits": 17.164115798938884}}], "scenario_type": "Scenario59"}], "Town03": [{"available_event_configurations": [{"transform": {"pitch": "0", "x": -86, "y": -81.9, "yaw": 90, "z": 0}, "_start_distance": 14.102509178842897, "_actor_vel": 4.873290118679632, "_start_distance2": 17.351781833859945, "_actor_vel2": 3.0344259358433052, "_brake": 0.5441605043396076, "_trigger_distance": 14.149460441149671, "_traffic_distance": 6.068778589318688, "weather": {"sun_altitude_angle": -39.94380373563997, "precipitation": 45.76262832131231, "wind_intensity": 76.47532347657574, "sun_azimuth_angle": 235.31630866031625, "fog_distance": "0", "cloudiness": 73.8916770540929, "fog_density": 80.72048826239453, "wetness": 40.77960230897002, "precipitation_deposits": 17.164115798938884}}], "scenario_type": "Scenario59"}]}]}