{"available_scenarios": [{"Town05": [{"available_event_configurations": [{"transform": {"pitch": "0", "x": 31.5, "y": 69, "yaw": -90, "z": 0}, "_start_distance": 8.309087917274693, "_actor_vel": 4.309650360005317, "_start_distance2": 18.974953480598565, "_actor_vel2": 3.3658900420957867, "_brake": 0.8044947817879481, "_trigger_distance": 14.573643232081881, "_traffic_distance": 5.574482539168214, "weather": {"sun_altitude_angle": -5.016442719839603, "precipitation": 68.82880365599692, "wind_intensity": 50.96190533590094, "sun_azimuth_angle": 169.21629513565006, "fog_distance": "0", "cloudiness": 87.0202543152019, "fog_density": 67.67591533771295, "wetness": 63.28829067290723, "precipitation_deposits": 39.107158870797434}}], "scenario_type": "Scenario59"}], "Town03": [{"available_event_configurations": [{"transform": {"pitch": "0", "x": -86, "y": -81.9, "yaw": 90, "z": 0}, "_start_distance": 8.309087917274693, "_actor_vel": 4.309650360005317, "_start_distance2": 18.974953480598565, "_actor_vel2": 3.3658900420957867, "_brake": 0.8044947817879481, "_trigger_distance": 14.573643232081881, "_traffic_distance": 5.574482539168214, "weather": {"sun_altitude_angle": -5.016442719839603, "precipitation": 68.82880365599692, "wind_intensity": 50.96190533590094, "sun_azimuth_angle": 169.21629513565006, "fog_distance": "0", "cloudiness": 87.0202543152019, "fog_density": 67.67591533771295, "wetness": 63.28829067290723, "precipitation_deposits": 39.107158870797434}}], "scenario_type": "Scenario59"}]}]}