{"available_scenarios": [{"Town05": [{"available_event_configurations": [{"transform": {"pitch": "0", "x": 31.5, "y": 69, "yaw": -90, "z": 0}, "_start_distance": 12.127715651215958, "_actor_vel": 4.333841084895242, "_start_distance2": 15.30216207865622, "_actor_vel2": 3.3522167082434473, "_brake": 0.6822099136245332, "_trigger_distance": 13.030816157580759, "_traffic_distance": 9.560307754382569, "weather": {"sun_altitude_angle": -4.226012520040527, "precipitation": 29.438720609458247, "wind_intensity": 83.99451927379002, "sun_azimuth_angle": 355.92661365261614, "fog_distance": "0", "cloudiness": 44.33662147289048, "fog_density": 31.920598954480393, "wetness": 33.115954941732895, "precipitation_deposits": 46.19245454023757}}], "scenario_type": "Scenario59"}], "Town03": [{"available_event_configurations": [{"transform": {"pitch": "0", "x": -86, "y": -81.9, "yaw": 90, "z": 0}, "_start_distance": 12.127715651215958, "_actor_vel": 4.333841084895242, "_start_distance2": 15.30216207865622, "_actor_vel2": 3.3522167082434473, "_brake": 0.6822099136245332, "_trigger_distance": 13.030816157580759, "_traffic_distance": 9.560307754382569, "weather": {"sun_altitude_angle": -4.226012520040527, "precipitation": 29.438720609458247, "wind_intensity": 83.99451927379002, "sun_azimuth_angle": 355.92661365261614, "fog_distance": "0", "cloudiness": 44.33662147289048, "fog_density": 31.920598954480393, "wetness": 33.115954941732895, "precipitation_deposits": 46.19245454023757}}], "scenario_type": "Scenario59"}]}]}