{"available_scenarios": [{"Town05": [{"available_event_configurations": [{"transform": {"pitch": "0", "x": 31.5, "y": 69, "yaw": -90, "z": 0}, "_start_distance": 9.083801337013247, "_actor_vel": 4.945493480390064, "_start_distance2": 17.778328347033746, "_actor_vel2": 3.0079640566224883, "_brake": 0.865963571320499, "_trigger_distance": 14.726261710374509, "_traffic_distance": 5.525311729565573, "weather": {"sun_altitude_angle": -51.22851535708131, "precipitation": 13.150619696940025, "wind_intensity": 5.863704800662772, "sun_azimuth_angle": 307.72676944768307, "fog_distance": "0", "cloudiness": 67.17300131556001, "fog_density": 42.85346930889937, "wetness": 82.50734192634803, "precipitation_deposits": 37.58214378885704}}], "scenario_type": "Scenario59"}], "Town03": [{"available_event_configurations": [{"transform": {"pitch": "0", "x": -86, "y": -81.9, "yaw": 90, "z": 0}, "_start_distance": 9.083801337013247, "_actor_vel": 4.945493480390064, "_start_distance2": 17.778328347033746, "_actor_vel2": 3.0079640566224883, "_brake": 0.865963571320499, "_trigger_distance": 14.726261710374509, "_traffic_distance": 5.525311729565573, "weather": {"sun_altitude_angle": -51.22851535708131, "precipitation": 13.150619696940025, "wind_intensity": 5.863704800662772, "sun_azimuth_angle": 307.72676944768307, "fog_distance": "0", "cloudiness": 67.17300131556001, "fog_density": 42.85346930889937, "wetness": 82.50734192634803, "precipitation_deposits": 37.58214378885704}}], "scenario_type": "Scenario59"}]}]}