{"available_scenarios": [{"Town05": [{"available_event_configurations": [{"transform": {"pitch": "0", "x": 31.5, "y": 69, "yaw": -90, "z": 0}, "_start_distance": 14.768742572476345, "_actor_vel": 4.615058933215994, "_start_distance2": 18.845429203894156, "_actor_vel2": 3.2391593938032233, "_brake": 0.76658012283711, "_trigger_distance": 14.260796364405884, "_traffic_distance": 9.349428669787866, "weather": {"sun_altitude_angle": -17.03336116501069, "precipitation": 23.43800185674729, "wind_intensity": 90.67735924755235, "sun_azimuth_angle": 144.386780695984, "fog_distance": "0", "cloudiness": 5.25493181364901, "fog_density": 58.28857347741428, "wetness": 39.78921957205996, "precipitation_deposits": 48.098886799872744}}], "scenario_type": "Scenario59"}], "Town03": [{"available_event_configurations": [{"transform": {"pitch": "0", "x": -86, "y": -81.9, "yaw": 90, "z": 0}, "_start_distance": 14.768742572476345, "_actor_vel": 4.615058933215994, "_start_distance2": 18.845429203894156, "_actor_vel2": 3.2391593938032233, "_brake": 0.76658012283711, "_trigger_distance": 14.260796364405884, "_traffic_distance": 9.349428669787866, "weather": {"sun_altitude_angle": -17.03336116501069, "precipitation": 23.43800185674729, "wind_intensity": 90.67735924755235, "sun_azimuth_angle": 144.386780695984, "fog_distance": "0", "cloudiness": 5.25493181364901, "fog_density": 58.28857347741428, "wetness": 39.78921957205996, "precipitation_deposits": 48.098886799872744}}], "scenario_type": "Scenario59"}]}]}