{"available_scenarios": [{"Town05": [{"available_event_configurations": [{"transform": {"pitch": "0", "x": 31.5, "y": 69, "yaw": -90, "z": 0}, "_start_distance": 9.495713984097058, "_actor_vel": 4.639874636830008, "_start_distance2": 15.913064554283073, "_actor_vel2": 3.1772702590818143, "_brake": 0.7905955657809315, "_trigger_distance": 14.658166311686173, "_traffic_distance": 7.668750193267641, "weather": {"sun_altitude_angle": 43.7810260443207, "precipitation": 69.44475216759956, "wind_intensity": 80.40834434028108, "sun_azimuth_angle": 187.66506594790866, "fog_distance": "0", "cloudiness": 77.11632990927173, "fog_density": 47.87220603368688, "wetness": 11.851230333627182, "precipitation_deposits": 20.135888809799706}}], "scenario_type": "Scenario59"}], "Town03": [{"available_event_configurations": [{"transform": {"pitch": "0", "x": -86, "y": -81.9, "yaw": 90, "z": 0}, "_start_distance": 9.495713984097058, "_actor_vel": 4.639874636830008, "_start_distance2": 15.913064554283073, "_actor_vel2": 3.1772702590818143, "_brake": 0.7905955657809315, "_trigger_distance": 14.658166311686173, "_traffic_distance": 7.668750193267641, "weather": {"sun_altitude_angle": 43.7810260443207, "precipitation": 69.44475216759956, "wind_intensity": 80.40834434028108, "sun_azimuth_angle": 187.66506594790866, "fog_distance": "0", "cloudiness": 77.11632990927173, "fog_density": 47.87220603368688, "wetness": 11.851230333627182, "precipitation_deposits": 20.135888809799706}}], "scenario_type": "Scenario59"}]}]}