{"available_scenarios": [{"Town05": [{"available_event_configurations": [{"transform": {"pitch": "0", "x": 31.5, "y": 69, "yaw": -90, "z": 0}, "_start_distance": 14.410253569082492, "_actor_vel": 4.162047237737291, "_start_distance2": 16.086365016414277, "_actor_vel2": 3.38805324185257, "_brake": 0.7092073194611999, "_trigger_distance": 14.636051921716318, "_traffic_distance": 8.241615745304312, "weather": {"sun_altitude_angle": -52.39088496417408, "precipitation": 40.52189126822079, "wind_intensity": 7.288779986320526, "sun_azimuth_angle": 16.794011608567537, "fog_distance": "0", "cloudiness": 97.05066419981442, "fog_density": 42.95272170788561, "wetness": 44.536050225994394, "precipitation_deposits": 12.500050469071367}}], "scenario_type": "Scenario59"}], "Town03": [{"available_event_configurations": [{"transform": {"pitch": "0", "x": -86, "y": -81.9, "yaw": 90, "z": 0}, "_start_distance": 14.410253569082492, "_actor_vel": 4.162047237737291, "_start_distance2": 16.086365016414277, "_actor_vel2": 3.38805324185257, "_brake": 0.7092073194611999, "_trigger_distance": 14.636051921716318, "_traffic_distance": 8.241615745304312, "weather": {"sun_altitude_angle": -52.39088496417408, "precipitation": 40.52189126822079, "wind_intensity": 7.288779986320526, "sun_azimuth_angle": 16.794011608567537, "fog_distance": "0", "cloudiness": 97.05066419981442, "fog_density": 42.95272170788561, "wetness": 44.536050225994394, "precipitation_deposits": 12.500050469071367}}], "scenario_type": "Scenario59"}]}]}