{"available_scenarios": [{"Town05": [{"available_event_configurations": [{"transform": {"pitch": "0", "x": 31.5, "y": 69, "yaw": -90, "z": 0}, "_start_distance": 13.102832069064116, "_actor_vel": 4.198793608268157, "_start_distance2": 16.7969527758463, "_actor_vel2": 3.0312574579603413, "_brake": 0.873255488828656, "_trigger_distance": 12.313837582483174, "_traffic_distance": 9.916040941595021, "weather": {"sun_altitude_angle": 29.210216603771897, "precipitation": 4.699114627614421, "wind_intensity": 19.794104186115636, "sun_azimuth_angle": 346.86439335029047, "fog_distance": "0", "cloudiness": 43.06676232663938, "fog_density": 20.048665801906097, "wetness": 58.81477169961513, "precipitation_deposits": 81.8332084861688}}], "scenario_type": "Scenario59"}], "Town03": [{"available_event_configurations": [{"transform": {"pitch": "0", "x": -86, "y": -81.9, "yaw": 90, "z": 0}, "_start_distance": 13.102832069064116, "_actor_vel": 4.198793608268157, "_start_distance2": 16.7969527758463, "_actor_vel2": 3.0312574579603413, "_brake": 0.873255488828656, "_trigger_distance": 12.313837582483174, "_traffic_distance": 9.916040941595021, "weather": {"sun_altitude_angle": 29.210216603771897, "precipitation": 4.699114627614421, "wind_intensity": 19.794104186115636, "sun_azimuth_angle": 346.86439335029047, "fog_distance": "0", "cloudiness": 43.06676232663938, "fog_density": 20.048665801906097, "wetness": 58.81477169961513, "precipitation_deposits": 81.8332084861688}}], "scenario_type": "Scenario59"}]}]}