{"available_scenarios": [{"Town05": [{"available_event_configurations": [{"transform": {"pitch": "0", "x": 31.5, "y": 69, "yaw": -90, "z": 0}, "_start_distance": 8.480980818687216, "_actor_vel": 4.563478910024744, "_start_distance2": 16.75221286102656, "_actor_vel2": 3.2084427125578614, "_brake": 0.9981676283278612, "_trigger_distance": 14.265702348717976, "_traffic_distance": 5.461161265304491, "weather": {"sun_altitude_angle": -78.83955533234476, "precipitation": 98.64107942662588, "wind_intensity": 34.153480657633594, "sun_azimuth_angle": 233.74151317801488, "fog_distance": "0", "cloudiness": 18.054975942688944, "fog_density": 89.11539952924765, "wetness": 80.27377228028789, "precipitation_deposits": 7.9810613803887325}}], "scenario_type": "Scenario59"}], "Town03": [{"available_event_configurations": [{"transform": {"pitch": "0", "x": -86, "y": -81.9, "yaw": 90, "z": 0}, "_start_distance": 8.480980818687216, "_actor_vel": 4.563478910024744, "_start_distance2": 16.75221286102656, "_actor_vel2": 3.2084427125578614, "_brake": 0.9981676283278612, "_trigger_distance": 14.265702348717976, "_traffic_distance": 5.461161265304491, "weather": {"sun_altitude_angle": -78.83955533234476, "precipitation": 98.64107942662588, "wind_intensity": 34.153480657633594, "sun_azimuth_angle": 233.74151317801488, "fog_distance": "0", "cloudiness": 18.054975942688944, "fog_density": 89.11539952924765, "wetness": 80.27377228028789, "precipitation_deposits": 7.9810613803887325}}], "scenario_type": "Scenario59"}]}]}