{"available_scenarios": [{"Town05": [{"available_event_configurations": [{"transform": {"pitch": "0", "x": 31.5, "y": 69, "yaw": -90, "z": 0}, "_start_distance": 13.314810742531746, "_actor_vel": 4.353148688103044, "_start_distance2": 17.733664680735647, "_actor_vel2": 3.349938597537831, "_brake": 0.6462932853146166, "_trigger_distance": 13.853267035003043, "_traffic_distance": 5.4035531543655955, "weather": {"sun_altitude_angle": 2.207390672586186, "precipitation": 87.275622781592, "wind_intensity": 86.33943145762673, "sun_azimuth_angle": 278.1662133577666, "fog_distance": "0", "cloudiness": 15.713271150101281, "fog_density": 71.19076280888092, "wetness": 23.618128494707, "precipitation_deposits": 59.21780034495501}}], "scenario_type": "Scenario59"}], "Town03": [{"available_event_configurations": [{"transform": {"pitch": "0", "x": -86, "y": -81.9, "yaw": 90, "z": 0}, "_start_distance": 13.314810742531746, "_actor_vel": 4.353148688103044, "_start_distance2": 17.733664680735647, "_actor_vel2": 3.349938597537831, "_brake": 0.6462932853146166, "_trigger_distance": 13.853267035003043, "_traffic_distance": 5.4035531543655955, "weather": {"sun_altitude_angle": 2.207390672586186, "precipitation": 87.275622781592, "wind_intensity": 86.33943145762673, "sun_azimuth_angle": 278.1662133577666, "fog_distance": "0", "cloudiness": 15.713271150101281, "fog_density": 71.19076280888092, "wetness": 23.618128494707, "precipitation_deposits": 59.21780034495501}}], "scenario_type": "Scenario59"}]}]}