{"available_scenarios": [{"Town05": [{"available_event_configurations": [{"transform": {"pitch": "0", "x": 31.5, "y": 69, "yaw": -90, "z": 0}, "_start_distance": 14.607837224698123, "_actor_vel": 4.783529426090794, "_start_distance2": 18.282123295161618, "_actor_vel2": 3.311808615000218, "_brake": 0.6153181600917684, "_trigger_distance": 14.562902313668081, "_traffic_distance": 5.480025335827879, "weather": {"sun_altitude_angle": -23.73189345511267, "precipitation": 49.734645158976065, "wind_intensity": 30.349988725338427, "sun_azimuth_angle": 209.6842417447698, "fog_distance": "0", "cloudiness": 7.521123191599111, "fog_density": 0.334945309686574, "wetness": 63.5855724299658, "precipitation_deposits": 91.96092036879446}}], "scenario_type": "Scenario59"}], "Town03": [{"available_event_configurations": [{"transform": {"pitch": "0", "x": -86, "y": -81.9, "yaw": 90, "z": 0}, "_start_distance": 14.607837224698123, "_actor_vel": 4.783529426090794, "_start_distance2": 18.282123295161618, "_actor_vel2": 3.311808615000218, "_brake": 0.6153181600917684, "_trigger_distance": 14.562902313668081, "_traffic_distance": 5.480025335827879, "weather": {"sun_altitude_angle": -23.73189345511267, "precipitation": 49.734645158976065, "wind_intensity": 30.349988725338427, "sun_azimuth_angle": 209.6842417447698, "fog_distance": "0", "cloudiness": 7.521123191599111, "fog_density": 0.334945309686574, "wetness": 63.5855724299658, "precipitation_deposits": 91.96092036879446}}], "scenario_type": "Scenario59"}]}]}