{"available_scenarios": [{"Town05": [{"available_event_configurations": [{"transform": {"pitch": "0", "x": 31.5, "y": 69, "yaw": -90, "z": 0}, "_start_distance": 8.008907215121049, "_actor_vel": 4.768529524173248, "_start_distance2": 18.70932897954323, "_actor_vel2": 3.113706092850918, "_brake": 0.6616699022821468, "_trigger_distance": 12.063377400407775, "_traffic_distance": 7.518324143157482, "weather": {"sun_altitude_angle": -87.89288655556318, "precipitation": 62.512525792787834, "wind_intensity": 36.94197799984573, "sun_azimuth_angle": 303.79081355337536, "fog_distance": "0", "cloudiness": 54.30230304736753, "fog_density": 60.88044689556492, "wetness": 1.3387658519418033, "precipitation_deposits": 24.051684490863412}}], "scenario_type": "Scenario59"}], "Town03": [{"available_event_configurations": [{"transform": {"pitch": "0", "x": -86, "y": -81.9, "yaw": 90, "z": 0}, "_start_distance": 8.008907215121049, "_actor_vel": 4.768529524173248, "_start_distance2": 18.70932897954323, "_actor_vel2": 3.113706092850918, "_brake": 0.6616699022821468, "_trigger_distance": 12.063377400407775, "_traffic_distance": 7.518324143157482, "weather": {"sun_altitude_angle": -87.89288655556318, "precipitation": 62.512525792787834, "wind_intensity": 36.94197799984573, "sun_azimuth_angle": 303.79081355337536, "fog_distance": "0", "cloudiness": 54.30230304736753, "fog_density": 60.88044689556492, "wetness": 1.3387658519418033, "precipitation_deposits": 24.051684490863412}}], "scenario_type": "Scenario59"}]}]}