{"available_scenarios": [{"Town05": [{"available_event_configurations": [{"transform": {"pitch": "0", "x": 31.5, "y": 69, "yaw": -90, "z": 0}, "_start_distance": 12.8204621281733, "_actor_vel": 4.820529842179691, "_start_distance2": 15.228495916766743, "_actor_vel2": 3.1733474559804566, "_brake": 0.7196837891277685, "_trigger_distance": 14.5950281239393, "_traffic_distance": 5.023708130412102, "weather": {"sun_altitude_angle": 5.187394498520504, "precipitation": 10.707623828241285, "wind_intensity": 30.094364757797553, "sun_azimuth_angle": 318.7281708912059, "fog_distance": "0", "cloudiness": 46.01613166735824, "fog_density": 72.20535012156482, "wetness": 28.95418916397058, "precipitation_deposits": 57.81405266538485}}], "scenario_type": "Scenario59"}], "Town03": [{"available_event_configurations": [{"transform": {"pitch": "0", "x": -86, "y": -81.9, "yaw": 90, "z": 0}, "_start_distance": 12.8204621281733, "_actor_vel": 4.820529842179691, "_start_distance2": 15.228495916766743, "_actor_vel2": 3.1733474559804566, "_brake": 0.7196837891277685, "_trigger_distance": 14.5950281239393, "_traffic_distance": 5.023708130412102, "weather": {"sun_altitude_angle": 5.187394498520504, "precipitation": 10.707623828241285, "wind_intensity": 30.094364757797553, "sun_azimuth_angle": 318.7281708912059, "fog_distance": "0", "cloudiness": 46.01613166735824, "fog_density": 72.20535012156482, "wetness": 28.95418916397058, "precipitation_deposits": 57.81405266538485}}], "scenario_type": "Scenario59"}]}]}