{"available_scenarios": [{"Town05": [{"available_event_configurations": [{"transform": {"pitch": "0", "x": 31.5, "y": 69, "yaw": -90, "z": 0}, "_start_distance": 13.179900014359745, "_actor_vel": 4.0400312239045855, "_start_distance2": 16.363557922648475, "_actor_vel2": 3.4116425621437236, "_brake": 0.7483880218923207, "_trigger_distance": 12.893117771957778, "_traffic_distance": 5.223943788047145, "weather": {"sun_altitude_angle": 29.245830897503424, "precipitation": 80.17807655121982, "wind_intensity": 72.9625556595844, "sun_azimuth_angle": 62.330154140316296, "fog_distance": "0", "cloudiness": 72.76415372068956, "fog_density": 66.88546676274855, "wetness": 86.39371560060627, "precipitation_deposits": 44.37082331437681}}], "scenario_type": "Scenario59"}], "Town03": [{"available_event_configurations": [{"transform": {"pitch": "0", "x": -86, "y": -81.9, "yaw": 90, "z": 0}, "_start_distance": 13.179900014359745, "_actor_vel": 4.0400312239045855, "_start_distance2": 16.363557922648475, "_actor_vel2": 3.4116425621437236, "_brake": 0.7483880218923207, "_trigger_distance": 12.893117771957778, "_traffic_distance": 5.223943788047145, "weather": {"sun_altitude_angle": 29.245830897503424, "precipitation": 80.17807655121982, "wind_intensity": 72.9625556595844, "sun_azimuth_angle": 62.330154140316296, "fog_distance": "0", "cloudiness": 72.76415372068956, "fog_density": 66.88546676274855, "wetness": 86.39371560060627, "precipitation_deposits": 44.37082331437681}}], "scenario_type": "Scenario59"}]}]}