{"available_scenarios": [{"Town05": [{"available_event_configurations": [{"transform": {"pitch": "0", "x": 31.5, "y": 69, "yaw": -90, "z": 0}, "_start_distance": 8.77933211061527, "_actor_vel": 4.331995492169421, "_start_distance2": 16.789892904882326, "_actor_vel2": 3.2947086834255415, "_brake": 0.848136723055273, "_trigger_distance": 13.617636577695933, "_traffic_distance": 9.419173045830737, "weather": {"sun_altitude_angle": 37.339783098676975, "precipitation": 32.17188181499755, "wind_intensity": 49.25709995225239, "sun_azimuth_angle": 195.8492859191638, "fog_distance": "0", "cloudiness": 60.56046863810612, "fog_density": 49.67651556123155, "wetness": 91.28409013333389, "precipitation_deposits": 77.50639340488131}}], "scenario_type": "Scenario59"}], "Town03": [{"available_event_configurations": [{"transform": {"pitch": "0", "x": -86, "y": -81.9, "yaw": 90, "z": 0}, "_start_distance": 8.77933211061527, "_actor_vel": 4.331995492169421, "_start_distance2": 16.789892904882326, "_actor_vel2": 3.2947086834255415, "_brake": 0.848136723055273, "_trigger_distance": 13.617636577695933, "_traffic_distance": 9.419173045830737, "weather": {"sun_altitude_angle": 37.339783098676975, "precipitation": 32.17188181499755, "wind_intensity": 49.25709995225239, "sun_azimuth_angle": 195.8492859191638, "fog_distance": "0", "cloudiness": 60.56046863810612, "fog_density": 49.67651556123155, "wetness": 91.28409013333389, "precipitation_deposits": 77.50639340488131}}], "scenario_type": "Scenario59"}]}]}