{"available_scenarios": [{"Town05": [{"available_event_configurations": [{"transform": {"pitch": "0", "x": 31.5, "y": 69, "yaw": -90, "z": 0}, "_start_distance": 13.274041863382173, "_actor_vel": 4.750416262582956, "_start_distance2": 17.856713516068147, "_actor_vel2": 3.3728038831434213, "_brake": 0.5587598711081767, "_trigger_distance": 12.933627251404841, "_traffic_distance": 9.727908123978668, "weather": {"sun_altitude_angle": 22.769988615273263, "precipitation": 39.25253938855218, "wind_intensity": 68.91511720157021, "sun_azimuth_angle": 257.11581367185136, "fog_distance": "0", "cloudiness": 59.53429434953259, "fog_density": 26.048714719723776, "wetness": 6.788058503675676, "precipitation_deposits": 37.89340884852501}}], "scenario_type": "Scenario59"}], "Town03": [{"available_event_configurations": [{"transform": {"pitch": "0", "x": -86, "y": -81.9, "yaw": 90, "z": 0}, "_start_distance": 13.274041863382173, "_actor_vel": 4.750416262582956, "_start_distance2": 17.856713516068147, "_actor_vel2": 3.3728038831434213, "_brake": 0.5587598711081767, "_trigger_distance": 12.933627251404841, "_traffic_distance": 9.727908123978668, "weather": {"sun_altitude_angle": 22.769988615273263, "precipitation": 39.25253938855218, "wind_intensity": 68.91511720157021, "sun_azimuth_angle": 257.11581367185136, "fog_distance": "0", "cloudiness": 59.53429434953259, "fog_density": 26.048714719723776, "wetness": 6.788058503675676, "precipitation_deposits": 37.89340884852501}}], "scenario_type": "Scenario59"}]}]}