{"available_scenarios": [{"Town05": [{"available_event_configurations": [{"transform": {"pitch": "0", "x": 31.5, "y": 69, "yaw": -90, "z": 0}, "_start_distance": 12.31683386082249, "_actor_vel": 4.018801132079102, "_start_distance2": 17.622397220659444, "_actor_vel2": 3.1961842212164933, "_brake": 0.6189109051876354, "_trigger_distance": 13.424272928399432, "_traffic_distance": 5.757590678528217, "weather": {"sun_altitude_angle": 15.156782681348645, "precipitation": 84.00948643518473, "wind_intensity": 86.22390833228864, "sun_azimuth_angle": 4.576669992331657, "fog_distance": "0", "cloudiness": 54.02509323761085, "fog_density": 29.145383260244728, "wetness": 3.755099340191159, "precipitation_deposits": 5.624625331054989}}], "scenario_type": "Scenario59"}], "Town03": [{"available_event_configurations": [{"transform": {"pitch": "0", "x": -86, "y": -81.9, "yaw": 90, "z": 0}, "_start_distance": 12.31683386082249, "_actor_vel": 4.018801132079102, "_start_distance2": 17.622397220659444, "_actor_vel2": 3.1961842212164933, "_brake": 0.6189109051876354, "_trigger_distance": 13.424272928399432, "_traffic_distance": 5.757590678528217, "weather": {"sun_altitude_angle": 15.156782681348645, "precipitation": 84.00948643518473, "wind_intensity": 86.22390833228864, "sun_azimuth_angle": 4.576669992331657, "fog_distance": "0", "cloudiness": 54.02509323761085, "fog_density": 29.145383260244728, "wetness": 3.755099340191159, "precipitation_deposits": 5.624625331054989}}], "scenario_type": "Scenario59"}]}]}