{"available_scenarios": [{"Town05": [{"available_event_configurations": [{"transform": {"pitch": "0", "x": 31.5, "y": 69, "yaw": -90, "z": 0}, "_start_distance": 14.294401579439336, "_actor_vel": 4.288400590214617, "_start_distance2": 15.854379448203062, "_actor_vel2": 3.256895010131285, "_brake": 0.7084689649933961, "_trigger_distance": 13.115902491130388, "_traffic_distance": 8.907646976071323, "weather": {"sun_altitude_angle": 85.40579090664542, "precipitation": 1.5586247188086988, "wind_intensity": 33.67475055187761, "sun_azimuth_angle": 232.41410256341854, "fog_distance": "0", "cloudiness": 81.78659241109958, "fog_density": 27.3779749009896, "wetness": 87.38416651593371, "precipitation_deposits": 31.60182382132337}}], "scenario_type": "Scenario59"}], "Town03": [{"available_event_configurations": [{"transform": {"pitch": "0", "x": -86, "y": -81.9, "yaw": 90, "z": 0}, "_start_distance": 14.294401579439336, "_actor_vel": 4.288400590214617, "_start_distance2": 15.854379448203062, "_actor_vel2": 3.256895010131285, "_brake": 0.7084689649933961, "_trigger_distance": 13.115902491130388, "_traffic_distance": 8.907646976071323, "weather": {"sun_altitude_angle": 85.40579090664542, "precipitation": 1.5586247188086988, "wind_intensity": 33.67475055187761, "sun_azimuth_angle": 232.41410256341854, "fog_distance": "0", "cloudiness": 81.78659241109958, "fog_density": 27.3779749009896, "wetness": 87.38416651593371, "precipitation_deposits": 31.60182382132337}}], "scenario_type": "Scenario59"}]}]}