{"available_scenarios": [{"Town05": [{"available_event_configurations": [{"transform": {"pitch": "0", "x": 31.5, "y": 69, "yaw": -90, "z": 0}, "_start_distance": 13.235974467520904, "_actor_vel": 4.375508177789528, "_start_distance2": 18.70880066205487, "_actor_vel2": 3.2590936483445314, "_brake": 0.716054346259483, "_trigger_distance": 14.432100843139452, "_traffic_distance": 9.397500341691522, "weather": {"sun_altitude_angle": -73.42992612108492, "precipitation": 87.56503564410345, "wind_intensity": 81.0261633663566, "sun_azimuth_angle": 107.33860003106388, "fog_distance": "0", "cloudiness": 38.78349017993149, "fog_density": 3.0997170872636426, "wetness": 44.05662417029698, "precipitation_deposits": 12.545200823626356}}], "scenario_type": "Scenario59"}], "Town03": [{"available_event_configurations": [{"transform": {"pitch": "0", "x": -86, "y": -81.9, "yaw": 90, "z": 0}, "_start_distance": 13.235974467520904, "_actor_vel": 4.375508177789528, "_start_distance2": 18.70880066205487, "_actor_vel2": 3.2590936483445314, "_brake": 0.716054346259483, "_trigger_distance": 14.432100843139452, "_traffic_distance": 9.397500341691522, "weather": {"sun_altitude_angle": -73.42992612108492, "precipitation": 87.56503564410345, "wind_intensity": 81.0261633663566, "sun_azimuth_angle": 107.33860003106388, "fog_distance": "0", "cloudiness": 38.78349017993149, "fog_density": 3.0997170872636426, "wetness": 44.05662417029698, "precipitation_deposits": 12.545200823626356}}], "scenario_type": "Scenario59"}]}]}