{"available_scenarios": [{"Town05": [{"available_event_configurations": [{"transform": {"pitch": "0", "x": 31.5, "y": 69, "yaw": -90, "z": 0}, "_start_distance": 8.207186992811245, "_actor_vel": 4.88784887698251, "_start_distance2": 15.137334538483051, "_actor_vel2": 3.0512783107471666, "_brake": 0.7047284301891423, "_trigger_distance": 13.647647689971842, "_traffic_distance": 8.69967323608533, "weather": {"sun_altitude_angle": -5.560297114180287, "precipitation": 50.977275869571415, "wind_intensity": 6.581520801704954, "sun_azimuth_angle": 229.61611460513666, "fog_distance": "0", "cloudiness": 24.299941378270383, "fog_density": 43.414415644767445, "wetness": 55.40751942908596, "precipitation_deposits": 4.093248462782828}}], "scenario_type": "Scenario59"}], "Town03": [{"available_event_configurations": [{"transform": {"pitch": "0", "x": -86, "y": -81.9, "yaw": 90, "z": 0}, "_start_distance": 8.207186992811245, "_actor_vel": 4.88784887698251, "_start_distance2": 15.137334538483051, "_actor_vel2": 3.0512783107471666, "_brake": 0.7047284301891423, "_trigger_distance": 13.647647689971842, "_traffic_distance": 8.69967323608533, "weather": {"sun_altitude_angle": -5.560297114180287, "precipitation": 50.977275869571415, "wind_intensity": 6.581520801704954, "sun_azimuth_angle": 229.61611460513666, "fog_distance": "0", "cloudiness": 24.299941378270383, "fog_density": 43.414415644767445, "wetness": 55.40751942908596, "precipitation_deposits": 4.093248462782828}}], "scenario_type": "Scenario59"}]}]}