{"available_scenarios": [{"Town05": [{"available_event_configurations": [{"transform": {"pitch": "0", "x": 31.5, "y": 69, "yaw": -90, "z": 0}, "_start_distance": 9.054159605714482, "_actor_vel": 4.6429735711733375, "_start_distance2": 17.168717187769296, "_actor_vel2": 3.0637345062005674, "_brake": 0.9559740717022943, "_trigger_distance": 12.190601899604326, "_traffic_distance": 9.081190277955233, "weather": {"sun_altitude_angle": 80.97513105901277, "precipitation": 70.5528184234691, "wind_intensity": 26.213977425862346, "sun_azimuth_angle": 137.36336678579875, "fog_distance": "0", "cloudiness": 24.44398389465746, "fog_density": 35.70039053347034, "wetness": 17.33966387146517, "precipitation_deposits": 85.78311368056869}}], "scenario_type": "Scenario59"}], "Town03": [{"available_event_configurations": [{"transform": {"pitch": "0", "x": -86, "y": -81.9, "yaw": 90, "z": 0}, "_start_distance": 9.054159605714482, "_actor_vel": 4.6429735711733375, "_start_distance2": 17.168717187769296, "_actor_vel2": 3.0637345062005674, "_brake": 0.9559740717022943, "_trigger_distance": 12.190601899604326, "_traffic_distance": 9.081190277955233, "weather": {"sun_altitude_angle": 80.97513105901277, "precipitation": 70.5528184234691, "wind_intensity": 26.213977425862346, "sun_azimuth_angle": 137.36336678579875, "fog_distance": "0", "cloudiness": 24.44398389465746, "fog_density": 35.70039053347034, "wetness": 17.33966387146517, "precipitation_deposits": 85.78311368056869}}], "scenario_type": "Scenario59"}]}]}