{"available_scenarios": [{"Town05": [{"available_event_configurations": [{"transform": {"pitch": "0", "x": 31.5, "y": 69, "yaw": -90, "z": 0}, "_start_distance": 9.182079568651993, "_actor_vel": 4.286553286680695, "_start_distance2": 15.092496482722012, "_actor_vel2": 3.087392239733845, "_brake": 0.6207859783109313, "_trigger_distance": 12.095135897154469, "_traffic_distance": 7.603229476902538, "weather": {"sun_altitude_angle": -34.097911172397986, "precipitation": 11.219987956660093, "wind_intensity": 79.15618581178823, "sun_azimuth_angle": 326.79234714181246, "fog_distance": "0", "cloudiness": 20.54242689953417, "fog_density": 20.567540970685982, "wetness": 90.56942611607148, "precipitation_deposits": 79.03689803769495}}], "scenario_type": "Scenario59"}], "Town03": [{"available_event_configurations": [{"transform": {"pitch": "0", "x": -86, "y": -81.9, "yaw": 90, "z": 0}, "_start_distance": 9.182079568651993, "_actor_vel": 4.286553286680695, "_start_distance2": 15.092496482722012, "_actor_vel2": 3.087392239733845, "_brake": 0.6207859783109313, "_trigger_distance": 12.095135897154469, "_traffic_distance": 7.603229476902538, "weather": {"sun_altitude_angle": -34.097911172397986, "precipitation": 11.219987956660093, "wind_intensity": 79.15618581178823, "sun_azimuth_angle": 326.79234714181246, "fog_distance": "0", "cloudiness": 20.54242689953417, "fog_density": 20.567540970685982, "wetness": 90.56942611607148, "precipitation_deposits": 79.03689803769495}}], "scenario_type": "Scenario59"}]}]}