{"available_scenarios": [{"Town05": [{"available_event_configurations": [{"transform": {"pitch": "0", "x": 31.5, "y": 69, "yaw": -90, "z": 0}, "_start_distance": 11.82800749810883, "_actor_vel": 4.176302882401827, "_start_distance2": 18.13524489401534, "_actor_vel2": 3.3419625607947276, "_brake": 0.749644643462259, "_trigger_distance": 14.330420047982233, "_traffic_distance": 7.579447080757214, "weather": {"sun_altitude_angle": 77.75601333443103, "precipitation": 82.46095472276971, "wind_intensity": 58.073324982018335, "sun_azimuth_angle": 301.504906617535, "fog_distance": "0", "cloudiness": 70.34896706005429, "fog_density": 49.72227493167546, "wetness": 4.610220882882555, "precipitation_deposits": 37.71896228269037}}], "scenario_type": "Scenario59"}], "Town03": [{"available_event_configurations": [{"transform": {"pitch": "0", "x": -86, "y": -81.9, "yaw": 90, "z": 0}, "_start_distance": 11.82800749810883, "_actor_vel": 4.176302882401827, "_start_distance2": 18.13524489401534, "_actor_vel2": 3.3419625607947276, "_brake": 0.749644643462259, "_trigger_distance": 14.330420047982233, "_traffic_distance": 7.579447080757214, "weather": {"sun_altitude_angle": 77.75601333443103, "precipitation": 82.46095472276971, "wind_intensity": 58.073324982018335, "sun_azimuth_angle": 301.504906617535, "fog_distance": "0", "cloudiness": 70.34896706005429, "fog_density": 49.72227493167546, "wetness": 4.610220882882555, "precipitation_deposits": 37.71896228269037}}], "scenario_type": "Scenario59"}]}]}