{"available_scenarios": [{"Town05": [{"available_event_configurations": [{"transform": {"pitch": "0", "x": 31.5, "y": 69, "yaw": -90, "z": 0}, "_start_distance": 10.674273468224143, "_actor_vel": 4.440767054505218, "_start_distance2": 16.179069209673752, "_actor_vel2": 3.028682941388508, "_brake": 0.9955566004122571, "_trigger_distance": 12.333329698867125, "_traffic_distance": 9.98258145746089, "weather": {"sun_altitude_angle": 50.34141099487374, "precipitation": 1.6793911654884086, "wind_intensity": 16.398520417385864, "sun_azimuth_angle": 239.6043490717328, "fog_distance": "0", "cloudiness": 13.154095054194892, "fog_density": 83.45265890194364, "wetness": 30.20680441297918, "precipitation_deposits": 62.04278228154428}}], "scenario_type": "Scenario59"}], "Town03": [{"available_event_configurations": [{"transform": {"pitch": "0", "x": -86, "y": -81.9, "yaw": 90, "z": 0}, "_start_distance": 10.674273468224143, "_actor_vel": 4.440767054505218, "_start_distance2": 16.179069209673752, "_actor_vel2": 3.028682941388508, "_brake": 0.9955566004122571, "_trigger_distance": 12.333329698867125, "_traffic_distance": 9.98258145746089, "weather": {"sun_altitude_angle": 50.34141099487374, "precipitation": 1.6793911654884086, "wind_intensity": 16.398520417385864, "sun_azimuth_angle": 239.6043490717328, "fog_distance": "0", "cloudiness": 13.154095054194892, "fog_density": 83.45265890194364, "wetness": 30.20680441297918, "precipitation_deposits": 62.04278228154428}}], "scenario_type": "Scenario59"}]}]}