{"available_scenarios": [{"Town05": [{"available_event_configurations": [{"transform": {"pitch": "0", "x": 31.5, "y": 69, "yaw": -90, "z": 0}, "_start_distance": 10.470829908213286, "_actor_vel": 4.41425765714268, "_start_distance2": 18.048555611482104, "_actor_vel2": 3.312329829802775, "_brake": 0.9332951237840553, "_trigger_distance": 14.480472428419315, "_traffic_distance": 6.552738622733658, "weather": {"sun_altitude_angle": -37.15301524221148, "precipitation": 33.44178806574828, "wind_intensity": 41.00816729433593, "sun_azimuth_angle": 217.91558852071356, "fog_distance": "0", "cloudiness": 52.47891977569804, "fog_density": 50.758958247597086, "wetness": 48.4752258724431, "precipitation_deposits": 8.38161018929766}}], "scenario_type": "Scenario59"}], "Town03": [{"available_event_configurations": [{"transform": {"pitch": "0", "x": -86, "y": -81.9, "yaw": 90, "z": 0}, "_start_distance": 10.470829908213286, "_actor_vel": 4.41425765714268, "_start_distance2": 18.048555611482104, "_actor_vel2": 3.312329829802775, "_brake": 0.9332951237840553, "_trigger_distance": 14.480472428419315, "_traffic_distance": 6.552738622733658, "weather": {"sun_altitude_angle": -37.15301524221148, "precipitation": 33.44178806574828, "wind_intensity": 41.00816729433593, "sun_azimuth_angle": 217.91558852071356, "fog_distance": "0", "cloudiness": 52.47891977569804, "fog_density": 50.758958247597086, "wetness": 48.4752258724431, "precipitation_deposits": 8.38161018929766}}], "scenario_type": "Scenario59"}]}]}