{"available_scenarios": [{"Town05": [{"available_event_configurations": [{"transform": {"pitch": "0", "x": 31.5, "y": 69, "yaw": -90, "z": 0}, "_start_distance": 13.20903270914865, "_actor_vel": 4.759718198215491, "_start_distance2": 18.52890542927607, "_actor_vel2": 3.1939865695087826, "_brake": 0.8234310217455405, "_trigger_distance": 13.943505706108411, "_traffic_distance": 6.6639059511515, "weather": {"sun_altitude_angle": -53.66276653752908, "precipitation": 86.66182138798001, "wind_intensity": 82.87332155562291, "sun_azimuth_angle": 126.4689738514306, "fog_distance": "0", "cloudiness": 30.348321662566136, "fog_density": 75.39334285920964, "wetness": 71.10256219280501, "precipitation_deposits": 63.06631775088706}}], "scenario_type": "Scenario59"}], "Town03": [{"available_event_configurations": [{"transform": {"pitch": "0", "x": -86, "y": -81.9, "yaw": 90, "z": 0}, "_start_distance": 13.20903270914865, "_actor_vel": 4.759718198215491, "_start_distance2": 18.52890542927607, "_actor_vel2": 3.1939865695087826, "_brake": 0.8234310217455405, "_trigger_distance": 13.943505706108411, "_traffic_distance": 6.6639059511515, "weather": {"sun_altitude_angle": -53.66276653752908, "precipitation": 86.66182138798001, "wind_intensity": 82.87332155562291, "sun_azimuth_angle": 126.4689738514306, "fog_distance": "0", "cloudiness": 30.348321662566136, "fog_density": 75.39334285920964, "wetness": 71.10256219280501, "precipitation_deposits": 63.06631775088706}}], "scenario_type": "Scenario59"}]}]}