{"available_scenarios": [{"Town05": [{"available_event_configurations": [{"transform": {"pitch": "0", "x": 31.5, "y": 69, "yaw": -90, "z": 0}, "_start_distance": 13.16185379298457, "_actor_vel": 4.5418793964842195, "_start_distance2": 17.188231293044527, "_actor_vel2": 3.17163501389988, "_brake": 0.6422086405324385, "_trigger_distance": 14.815171479782625, "_traffic_distance": 7.0097756004046285, "weather": {"sun_altitude_angle": 54.85251678672478, "precipitation": 31.277586558011862, "wind_intensity": 90.0891445580125, "sun_azimuth_angle": 54.63229772693106, "fog_distance": "0", "cloudiness": 48.37883588660665, "fog_density": 51.49014152059704, "wetness": 84.00806819768864, "precipitation_deposits": 82.3607302278042}}], "scenario_type": "Scenario59"}], "Town03": [{"available_event_configurations": [{"transform": {"pitch": "0", "x": -86, "y": -81.9, "yaw": 90, "z": 0}, "_start_distance": 13.16185379298457, "_actor_vel": 4.5418793964842195, "_start_distance2": 17.188231293044527, "_actor_vel2": 3.17163501389988, "_brake": 0.6422086405324385, "_trigger_distance": 14.815171479782625, "_traffic_distance": 7.0097756004046285, "weather": {"sun_altitude_angle": 54.85251678672478, "precipitation": 31.277586558011862, "wind_intensity": 90.0891445580125, "sun_azimuth_angle": 54.63229772693106, "fog_distance": "0", "cloudiness": 48.37883588660665, "fog_density": 51.49014152059704, "wetness": 84.00806819768864, "precipitation_deposits": 82.3607302278042}}], "scenario_type": "Scenario59"}]}]}