{"available_scenarios": [{"Town05": [{"available_event_configurations": [{"transform": {"pitch": "0", "x": 31.5, "y": 69, "yaw": -90, "z": 0}, "_start_distance": 14.053554525462788, "_actor_vel": 4.598627572898977, "_start_distance2": 15.280333236650256, "_actor_vel2": 3.3998159140197908, "_brake": 0.5876648861805092, "_trigger_distance": 12.530883679467136, "_traffic_distance": 5.737030488290076, "weather": {"sun_altitude_angle": -17.508046599401794, "precipitation": 74.62904870041088, "wind_intensity": 18.237850066817252, "sun_azimuth_angle": 296.19642046260407, "fog_distance": "0", "cloudiness": 39.85875234357613, "fog_density": 80.24970264422727, "wetness": 66.66513770475983, "precipitation_deposits": 7.5954788828532465}}], "scenario_type": "Scenario59"}], "Town03": [{"available_event_configurations": [{"transform": {"pitch": "0", "x": -86, "y": -81.9, "yaw": 90, "z": 0}, "_start_distance": 14.053554525462788, "_actor_vel": 4.598627572898977, "_start_distance2": 15.280333236650256, "_actor_vel2": 3.3998159140197908, "_brake": 0.5876648861805092, "_trigger_distance": 12.530883679467136, "_traffic_distance": 5.737030488290076, "weather": {"sun_altitude_angle": -17.508046599401794, "precipitation": 74.62904870041088, "wind_intensity": 18.237850066817252, "sun_azimuth_angle": 296.19642046260407, "fog_distance": "0", "cloudiness": 39.85875234357613, "fog_density": 80.24970264422727, "wetness": 66.66513770475983, "precipitation_deposits": 7.5954788828532465}}], "scenario_type": "Scenario59"}]}]}