{"available_scenarios": [{"Town05": [{"available_event_configurations": [{"transform": {"pitch": "0", "x": 31.5, "y": 69, "yaw": -90, "z": 0}, "_start_distance": 10.319929031957944, "_actor_vel": 4.904577509355866, "_start_distance2": 17.77433503983179, "_actor_vel2": 3.0812320710036776, "_brake": 0.8662886375193259, "_trigger_distance": 12.652325972355111, "_traffic_distance": 8.025197035384577, "weather": {"sun_altitude_angle": -49.168959454409645, "precipitation": 82.59566763698068, "wind_intensity": 96.74278989952795, "sun_azimuth_angle": 128.79356116183772, "fog_distance": "0", "cloudiness": 22.949161074317136, "fog_density": 7.019803942276548, "wetness": 52.4065867033366, "precipitation_deposits": 25.59275455872434}}], "scenario_type": "Scenario59"}], "Town03": [{"available_event_configurations": [{"transform": {"pitch": "0", "x": -86, "y": -81.9, "yaw": 90, "z": 0}, "_start_distance": 10.319929031957944, "_actor_vel": 4.904577509355866, "_start_distance2": 17.77433503983179, "_actor_vel2": 3.0812320710036776, "_brake": 0.8662886375193259, "_trigger_distance": 12.652325972355111, "_traffic_distance": 8.025197035384577, "weather": {"sun_altitude_angle": -49.168959454409645, "precipitation": 82.59566763698068, "wind_intensity": 96.74278989952795, "sun_azimuth_angle": 128.79356116183772, "fog_distance": "0", "cloudiness": 22.949161074317136, "fog_density": 7.019803942276548, "wetness": 52.4065867033366, "precipitation_deposits": 25.59275455872434}}], "scenario_type": "Scenario59"}]}]}