{"available_scenarios": [{"Town05": [{"available_event_configurations": [{"transform": {"pitch": "0", "x": 31.5, "y": 69, "yaw": -90, "z": 0}, "_start_distance": 13.714813921062117, "_actor_vel": 4.260943186146039, "_start_distance2": 16.373870575538334, "_actor_vel2": 3.1502237274949314, "_brake": 0.898140935656252, "_trigger_distance": 14.860095956661088, "_traffic_distance": 6.43486243904818, "weather": {"sun_altitude_angle": -45.02124392252484, "precipitation": 56.813834209799154, "wind_intensity": 5.766684287177304, "sun_azimuth_angle": 52.92643732643239, "fog_distance": "0", "cloudiness": 47.245478297723295, "fog_density": 50.58607786404882, "wetness": 15.12394580806362, "precipitation_deposits": 17.421209629687027}}], "scenario_type": "Scenario59"}], "Town03": [{"available_event_configurations": [{"transform": {"pitch": "0", "x": -86, "y": -81.9, "yaw": 90, "z": 0}, "_start_distance": 13.714813921062117, "_actor_vel": 4.260943186146039, "_start_distance2": 16.373870575538334, "_actor_vel2": 3.1502237274949314, "_brake": 0.898140935656252, "_trigger_distance": 14.860095956661088, "_traffic_distance": 6.43486243904818, "weather": {"sun_altitude_angle": -45.02124392252484, "precipitation": 56.813834209799154, "wind_intensity": 5.766684287177304, "sun_azimuth_angle": 52.92643732643239, "fog_distance": "0", "cloudiness": 47.245478297723295, "fog_density": 50.58607786404882, "wetness": 15.12394580806362, "precipitation_deposits": 17.421209629687027}}], "scenario_type": "Scenario59"}]}]}