{"available_scenarios": [{"Town05": [{"available_event_configurations": [{"transform": {"pitch": "0", "x": 31.5, "y": 69, "yaw": -90, "z": 0}, "_start_distance": 8.09883788769133, "_actor_vel": 4.5847161872986995, "_start_distance2": 18.910963088490863, "_actor_vel2": 3.3079600753209806, "_brake": 0.6251389261981084, "_trigger_distance": 13.412497562524367, "_traffic_distance": 5.51524825734022, "weather": {"sun_altitude_angle": 41.030482667007334, "precipitation": 26.280063745465476, "wind_intensity": 69.50732597382179, "sun_azimuth_angle": 289.4499099812404, "fog_distance": "0", "cloudiness": 57.12828658099688, "fog_density": 97.67219804396439, "wetness": 37.94548866304777, "precipitation_deposits": 22.7582865621589}}], "scenario_type": "Scenario59"}], "Town03": [{"available_event_configurations": [{"transform": {"pitch": "0", "x": -86, "y": -81.9, "yaw": 90, "z": 0}, "_start_distance": 8.09883788769133, "_actor_vel": 4.5847161872986995, "_start_distance2": 18.910963088490863, "_actor_vel2": 3.3079600753209806, "_brake": 0.6251389261981084, "_trigger_distance": 13.412497562524367, "_traffic_distance": 5.51524825734022, "weather": {"sun_altitude_angle": 41.030482667007334, "precipitation": 26.280063745465476, "wind_intensity": 69.50732597382179, "sun_azimuth_angle": 289.4499099812404, "fog_distance": "0", "cloudiness": 57.12828658099688, "fog_density": 97.67219804396439, "wetness": 37.94548866304777, "precipitation_deposits": 22.7582865621589}}], "scenario_type": "Scenario59"}]}]}