{"available_scenarios": [{"Town05": [{"available_event_configurations": [{"transform": {"pitch": "0", "x": 31.5, "y": 69, "yaw": -90, "z": 0}, "_start_distance": 10.414166832948851, "_actor_vel": 4.015071394464144, "_start_distance2": 17.523870610878866, "_actor_vel2": 3.4460672247220256, "_brake": 0.5227802545920988, "_trigger_distance": 14.24060519815939, "_traffic_distance": 6.006061654109085, "weather": {"sun_altitude_angle": -24.90761340089793, "precipitation": 33.14734993924902, "wind_intensity": 28.80979141253097, "sun_azimuth_angle": 38.33325797460317, "fog_distance": "0", "cloudiness": 14.621355744336007, "fog_density": 87.16646294082852, "wetness": 65.99958329442424, "precipitation_deposits": 69.90256835450714}}], "scenario_type": "Scenario59"}], "Town03": [{"available_event_configurations": [{"transform": {"pitch": "0", "x": -86, "y": -81.9, "yaw": 90, "z": 0}, "_start_distance": 10.414166832948851, "_actor_vel": 4.015071394464144, "_start_distance2": 17.523870610878866, "_actor_vel2": 3.4460672247220256, "_brake": 0.5227802545920988, "_trigger_distance": 14.24060519815939, "_traffic_distance": 6.006061654109085, "weather": {"sun_altitude_angle": -24.90761340089793, "precipitation": 33.14734993924902, "wind_intensity": 28.80979141253097, "sun_azimuth_angle": 38.33325797460317, "fog_distance": "0", "cloudiness": 14.621355744336007, "fog_density": 87.16646294082852, "wetness": 65.99958329442424, "precipitation_deposits": 69.90256835450714}}], "scenario_type": "Scenario59"}]}]}