{"available_scenarios": [{"Town05": [{"available_event_configurations": [{"transform": {"pitch": "0", "x": 31.5, "y": 69, "yaw": -90, "z": 0}, "_start_distance": 11.840986202139659, "_actor_vel": 4.538528160210113, "_start_distance2": 17.93934171519731, "_actor_vel2": 3.2551955643513955, "_brake": 0.8670377619483287, "_trigger_distance": 14.042710823912401, "_traffic_distance": 8.201565431865317, "weather": {"sun_altitude_angle": 64.00038367472845, "precipitation": 93.13826163989317, "wind_intensity": 46.72293312025232, "sun_azimuth_angle": 112.92648823536041, "fog_distance": "0", "cloudiness": 35.03044984359369, "fog_density": 49.74269089423008, "wetness": 79.76620275113432, "precipitation_deposits": 99.50030772433661}}], "scenario_type": "Scenario59"}], "Town03": [{"available_event_configurations": [{"transform": {"pitch": "0", "x": -86, "y": -81.9, "yaw": 90, "z": 0}, "_start_distance": 11.840986202139659, "_actor_vel": 4.538528160210113, "_start_distance2": 17.93934171519731, "_actor_vel2": 3.2551955643513955, "_brake": 0.8670377619483287, "_trigger_distance": 14.042710823912401, "_traffic_distance": 8.201565431865317, "weather": {"sun_altitude_angle": 64.00038367472845, "precipitation": 93.13826163989317, "wind_intensity": 46.72293312025232, "sun_azimuth_angle": 112.92648823536041, "fog_distance": "0", "cloudiness": 35.03044984359369, "fog_density": 49.74269089423008, "wetness": 79.76620275113432, "precipitation_deposits": 99.50030772433661}}], "scenario_type": "Scenario59"}]}]}