{"available_scenarios": [{"Town05": [{"available_event_configurations": [{"transform": {"pitch": "0", "x": 31.5, "y": 69, "yaw": -90, "z": 0}, "_start_distance": 13.036620379515012, "_actor_vel": 4.65627840964229, "_start_distance2": 15.745520713840524, "_actor_vel2": 3.191468004574375, "_brake": 0.8146921321763378, "_trigger_distance": 12.984933205855588, "_traffic_distance": 8.634028739749514, "weather": {"sun_altitude_angle": 5.980291326865043, "precipitation": 68.34751523651464, "wind_intensity": 45.11577674880283, "sun_azimuth_angle": 351.54500464382056, "fog_distance": "0", "cloudiness": 22.03731406418742, "fog_density": 2.2291988431909604, "wetness": 61.64324997558914, "precipitation_deposits": 45.50111165621553}}], "scenario_type": "Scenario59"}], "Town03": [{"available_event_configurations": [{"transform": {"pitch": "0", "x": -86, "y": -81.9, "yaw": 90, "z": 0}, "_start_distance": 13.036620379515012, "_actor_vel": 4.65627840964229, "_start_distance2": 15.745520713840524, "_actor_vel2": 3.191468004574375, "_brake": 0.8146921321763378, "_trigger_distance": 12.984933205855588, "_traffic_distance": 8.634028739749514, "weather": {"sun_altitude_angle": 5.980291326865043, "precipitation": 68.34751523651464, "wind_intensity": 45.11577674880283, "sun_azimuth_angle": 351.54500464382056, "fog_distance": "0", "cloudiness": 22.03731406418742, "fog_density": 2.2291988431909604, "wetness": 61.64324997558914, "precipitation_deposits": 45.50111165621553}}], "scenario_type": "Scenario59"}]}]}