{"available_scenarios": [{"Town05": [{"available_event_configurations": [{"transform": {"pitch": "0", "x": 31.5, "y": 69, "yaw": -90, "z": 0}, "_start_distance": 14.22849925903845, "_actor_vel": 4.8820508504510665, "_start_distance2": 16.723464019703567, "_actor_vel2": 3.2383100949277313, "_brake": 0.6930929645073366, "_trigger_distance": 14.541521517506258, "_traffic_distance": 5.314571051566245, "weather": {"sun_altitude_angle": -22.053956269148514, "precipitation": 5.551923873914566, "wind_intensity": 67.02325682746981, "sun_azimuth_angle": 262.58804649278005, "fog_distance": "0", "cloudiness": 65.02747966588481, "fog_density": 49.28137313869729, "wetness": 16.22592264722772, "precipitation_deposits": 56.929639841527504}}], "scenario_type": "Scenario59"}], "Town03": [{"available_event_configurations": [{"transform": {"pitch": "0", "x": -86, "y": -81.9, "yaw": 90, "z": 0}, "_start_distance": 14.22849925903845, "_actor_vel": 4.8820508504510665, "_start_distance2": 16.723464019703567, "_actor_vel2": 3.2383100949277313, "_brake": 0.6930929645073366, "_trigger_distance": 14.541521517506258, "_traffic_distance": 5.314571051566245, "weather": {"sun_altitude_angle": -22.053956269148514, "precipitation": 5.551923873914566, "wind_intensity": 67.02325682746981, "sun_azimuth_angle": 262.58804649278005, "fog_distance": "0", "cloudiness": 65.02747966588481, "fog_density": 49.28137313869729, "wetness": 16.22592264722772, "precipitation_deposits": 56.929639841527504}}], "scenario_type": "Scenario59"}]}]}