{"available_scenarios": [{"Town05": [{"available_event_configurations": [{"transform": {"pitch": "0", "x": 31.5, "y": 69, "yaw": -90, "z": 0}, "_start_distance": 14.60683858582211, "_actor_vel": 4.9253876814868525, "_start_distance2": 18.92342661057216, "_actor_vel2": 3.0500618660488423, "_brake": 0.8494416622504787, "_trigger_distance": 14.336044377462622, "_traffic_distance": 8.441125998219928, "weather": {"sun_altitude_angle": 82.41907685249097, "precipitation": 3.478331048390171, "wind_intensity": 53.82473681722948, "sun_azimuth_angle": 133.09059002795453, "fog_distance": "0", "cloudiness": 49.78910792851371, "fog_density": 21.27346685775937, "wetness": 68.72142379884775, "precipitation_deposits": 59.796055642928316}}], "scenario_type": "Scenario59"}], "Town03": [{"available_event_configurations": [{"transform": {"pitch": "0", "x": -86, "y": -81.9, "yaw": 90, "z": 0}, "_start_distance": 14.60683858582211, "_actor_vel": 4.9253876814868525, "_start_distance2": 18.92342661057216, "_actor_vel2": 3.0500618660488423, "_brake": 0.8494416622504787, "_trigger_distance": 14.336044377462622, "_traffic_distance": 8.441125998219928, "weather": {"sun_altitude_angle": 82.41907685249097, "precipitation": 3.478331048390171, "wind_intensity": 53.82473681722948, "sun_azimuth_angle": 133.09059002795453, "fog_distance": "0", "cloudiness": 49.78910792851371, "fog_density": 21.27346685775937, "wetness": 68.72142379884775, "precipitation_deposits": 59.796055642928316}}], "scenario_type": "Scenario59"}]}]}