{"available_scenarios": [{"Town05": [{"available_event_configurations": [{"transform": {"pitch": "0", "x": 31.5, "y": 69, "yaw": -90, "z": 0}, "_start_distance": 12.753501935850863, "_actor_vel": 4.128696862323192, "_start_distance2": 18.015995383941224, "_actor_vel2": 3.2277244726948626, "_brake": 0.7533562692846142, "_trigger_distance": 14.18857798377304, "_traffic_distance": 8.702746989762172, "weather": {"sun_altitude_angle": -1.9690500771388457, "precipitation": 69.18418930166386, "wind_intensity": 62.40517353333141, "sun_azimuth_angle": 81.55736155189211, "fog_distance": "0", "cloudiness": 76.85388401754625, "fog_density": 1.5176207095924266, "wetness": 90.59859054690665, "precipitation_deposits": 45.7545618461203}}], "scenario_type": "Scenario59"}], "Town03": [{"available_event_configurations": [{"transform": {"pitch": "0", "x": -86, "y": -81.9, "yaw": 90, "z": 0}, "_start_distance": 12.753501935850863, "_actor_vel": 4.128696862323192, "_start_distance2": 18.015995383941224, "_actor_vel2": 3.2277244726948626, "_brake": 0.7533562692846142, "_trigger_distance": 14.18857798377304, "_traffic_distance": 8.702746989762172, "weather": {"sun_altitude_angle": -1.9690500771388457, "precipitation": 69.18418930166386, "wind_intensity": 62.40517353333141, "sun_azimuth_angle": 81.55736155189211, "fog_distance": "0", "cloudiness": 76.85388401754625, "fog_density": 1.5176207095924266, "wetness": 90.59859054690665, "precipitation_deposits": 45.7545618461203}}], "scenario_type": "Scenario59"}]}]}