{"available_scenarios": [{"Town05": [{"available_event_configurations": [{"transform": {"pitch": "0", "x": 31.5, "y": 69, "yaw": -90, "z": 0}, "_start_distance": 12.988450276246162, "_actor_vel": 4.772530849220835, "_start_distance2": 18.85816207234815, "_actor_vel2": 3.104624191697982, "_brake": 0.6634006825084628, "_trigger_distance": 14.339730351800245, "_traffic_distance": 6.309147769368317, "weather": {"sun_altitude_angle": 38.123537129376956, "precipitation": 18.897761774166465, "wind_intensity": 19.683515900092374, "sun_azimuth_angle": 261.53422480092155, "fog_distance": "0", "cloudiness": 91.59438247745405, "fog_density": 87.4133717780446, "wetness": 56.14494207031524, "precipitation_deposits": 29.018018384352693}}], "scenario_type": "Scenario59"}], "Town03": [{"available_event_configurations": [{"transform": {"pitch": "0", "x": -86, "y": -81.9, "yaw": 90, "z": 0}, "_start_distance": 12.988450276246162, "_actor_vel": 4.772530849220835, "_start_distance2": 18.85816207234815, "_actor_vel2": 3.104624191697982, "_brake": 0.6634006825084628, "_trigger_distance": 14.339730351800245, "_traffic_distance": 6.309147769368317, "weather": {"sun_altitude_angle": 38.123537129376956, "precipitation": 18.897761774166465, "wind_intensity": 19.683515900092374, "sun_azimuth_angle": 261.53422480092155, "fog_distance": "0", "cloudiness": 91.59438247745405, "fog_density": 87.4133717780446, "wetness": 56.14494207031524, "precipitation_deposits": 29.018018384352693}}], "scenario_type": "Scenario59"}]}]}