{"available_scenarios": [{"Town05": [{"available_event_configurations": [{"transform": {"pitch": "0", "x": 31.5, "y": 69, "yaw": -90, "z": 0}, "_start_distance": 10.00463684933365, "_actor_vel": 4.498409455435581, "_start_distance2": 16.84245118452611, "_actor_vel2": 3.4183244396915398, "_brake": 0.9311316857561447, "_trigger_distance": 13.106746220677751, "_traffic_distance": 6.377476854063932, "weather": {"sun_altitude_angle": 38.46867814780856, "precipitation": 99.06717328466873, "wind_intensity": 4.825052946943876, "sun_azimuth_angle": 247.65901561693596, "fog_distance": "0", "cloudiness": 76.31493072802036, "fog_density": 11.359264005050607, "wetness": 89.6270430927801, "precipitation_deposits": 40.77029952016558}}], "scenario_type": "Scenario59"}], "Town03": [{"available_event_configurations": [{"transform": {"pitch": "0", "x": -86, "y": -81.9, "yaw": 90, "z": 0}, "_start_distance": 10.00463684933365, "_actor_vel": 4.498409455435581, "_start_distance2": 16.84245118452611, "_actor_vel2": 3.4183244396915398, "_brake": 0.9311316857561447, "_trigger_distance": 13.106746220677751, "_traffic_distance": 6.377476854063932, "weather": {"sun_altitude_angle": 38.46867814780856, "precipitation": 99.06717328466873, "wind_intensity": 4.825052946943876, "sun_azimuth_angle": 247.65901561693596, "fog_distance": "0", "cloudiness": 76.31493072802036, "fog_density": 11.359264005050607, "wetness": 89.6270430927801, "precipitation_deposits": 40.77029952016558}}], "scenario_type": "Scenario59"}]}]}