{"available_scenarios": [{"Town05": [{"available_event_configurations": [{"transform": {"pitch": "0", "x": 31.5, "y": 69, "yaw": -90, "z": 0}, "_start_distance": 12.208322730716937, "_actor_vel": 4.646123914170275, "_start_distance2": 18.940594172715237, "_actor_vel2": 3.4322270568206976, "_brake": 0.6776282504332368, "_trigger_distance": 14.916485179567115, "_traffic_distance": 6.307701941367144, "weather": {"sun_altitude_angle": -49.378999358649416, "precipitation": 95.6179924924251, "wind_intensity": 55.103944745094324, "sun_azimuth_angle": 34.840499308788864, "fog_distance": "0", "cloudiness": 85.88464226765176, "fog_density": 99.01586805359052, "wetness": 84.05301382160141, "precipitation_deposits": 79.149501691642}}], "scenario_type": "Scenario59"}], "Town03": [{"available_event_configurations": [{"transform": {"pitch": "0", "x": -86, "y": -81.9, "yaw": 90, "z": 0}, "_start_distance": 12.208322730716937, "_actor_vel": 4.646123914170275, "_start_distance2": 18.940594172715237, "_actor_vel2": 3.4322270568206976, "_brake": 0.6776282504332368, "_trigger_distance": 14.916485179567115, "_traffic_distance": 6.307701941367144, "weather": {"sun_altitude_angle": -49.378999358649416, "precipitation": 95.6179924924251, "wind_intensity": 55.103944745094324, "sun_azimuth_angle": 34.840499308788864, "fog_distance": "0", "cloudiness": 85.88464226765176, "fog_density": 99.01586805359052, "wetness": 84.05301382160141, "precipitation_deposits": 79.149501691642}}], "scenario_type": "Scenario59"}]}]}