{"available_scenarios": [{"Town05": [{"available_event_configurations": [{"transform": {"pitch": "0", "x": 31.5, "y": 69, "yaw": -90, "z": 0}, "_start_distance": 8.614333544958086, "_actor_vel": 4.169713521441036, "_start_distance2": 17.87825185845688, "_actor_vel2": 3.139985313724596, "_brake": 0.81582879040399, "_trigger_distance": 14.887673598493073, "_traffic_distance": 9.603086655071934, "weather": {"sun_altitude_angle": 30.42749934520714, "precipitation": 92.83535805669075, "wind_intensity": 68.02943550047182, "sun_azimuth_angle": 288.28048166716263, "fog_distance": "0", "cloudiness": 38.27606444299987, "fog_density": 26.5460030806141, "wetness": 74.95938819758156, "precipitation_deposits": 92.53518472747369}}], "scenario_type": "Scenario59"}], "Town03": [{"available_event_configurations": [{"transform": {"pitch": "0", "x": -86, "y": -81.9, "yaw": 90, "z": 0}, "_start_distance": 8.614333544958086, "_actor_vel": 4.169713521441036, "_start_distance2": 17.87825185845688, "_actor_vel2": 3.139985313724596, "_brake": 0.81582879040399, "_trigger_distance": 14.887673598493073, "_traffic_distance": 9.603086655071934, "weather": {"sun_altitude_angle": 30.42749934520714, "precipitation": 92.83535805669075, "wind_intensity": 68.02943550047182, "sun_azimuth_angle": 288.28048166716263, "fog_distance": "0", "cloudiness": 38.27606444299987, "fog_density": 26.5460030806141, "wetness": 74.95938819758156, "precipitation_deposits": 92.53518472747369}}], "scenario_type": "Scenario59"}]}]}