{"available_scenarios": [{"Town05": [{"available_event_configurations": [{"transform": {"pitch": "0", "x": 31.5, "y": 69, "yaw": -90, "z": 0}, "_start_distance": 9.9055695324265, "_actor_vel": 4.4715169139950985, "_start_distance2": 15.221672074696116, "_actor_vel2": 3.1537393229985375, "_brake": 0.6590948387791582, "_trigger_distance": 14.470704036948927, "_traffic_distance": 6.188681744865122, "weather": {"sun_altitude_angle": -20.39876557184877, "precipitation": 46.82789415878549, "wind_intensity": 94.88417668992514, "sun_azimuth_angle": 81.81401114540353, "fog_distance": "0", "cloudiness": 43.33241879230202, "fog_density": 47.60398709779253, "wetness": 52.56064839279415, "precipitation_deposits": 46.870805782198296}}], "scenario_type": "Scenario59"}], "Town03": [{"available_event_configurations": [{"transform": {"pitch": "0", "x": -86, "y": -81.9, "yaw": 90, "z": 0}, "_start_distance": 9.9055695324265, "_actor_vel": 4.4715169139950985, "_start_distance2": 15.221672074696116, "_actor_vel2": 3.1537393229985375, "_brake": 0.6590948387791582, "_trigger_distance": 14.470704036948927, "_traffic_distance": 6.188681744865122, "weather": {"sun_altitude_angle": -20.39876557184877, "precipitation": 46.82789415878549, "wind_intensity": 94.88417668992514, "sun_azimuth_angle": 81.81401114540353, "fog_distance": "0", "cloudiness": 43.33241879230202, "fog_density": 47.60398709779253, "wetness": 52.56064839279415, "precipitation_deposits": 46.870805782198296}}], "scenario_type": "Scenario59"}]}]}