{"available_scenarios": [{"Town05": [{"available_event_configurations": [{"transform": {"pitch": "0", "x": 31.5, "y": 69, "yaw": -90, "z": 0}, "_start_distance": 8.364043938096598, "_actor_vel": 4.00530545248454, "_start_distance2": 18.175701960189624, "_actor_vel2": 3.193093061956163, "_brake": 0.5453614400944267, "_trigger_distance": 14.779568942801049, "_traffic_distance": 6.9498147406129895, "weather": {"sun_altitude_angle": 44.166003845347404, "precipitation": 5.300416785743511, "wind_intensity": 85.40952405085146, "sun_azimuth_angle": 85.42955535409091, "fog_distance": "0", "cloudiness": 78.65308689436289, "fog_density": 34.987167291211506, "wetness": 67.06266485292862, "precipitation_deposits": 25.412843961859267}}], "scenario_type": "Scenario59"}], "Town03": [{"available_event_configurations": [{"transform": {"pitch": "0", "x": -86, "y": -81.9, "yaw": 90, "z": 0}, "_start_distance": 8.364043938096598, "_actor_vel": 4.00530545248454, "_start_distance2": 18.175701960189624, "_actor_vel2": 3.193093061956163, "_brake": 0.5453614400944267, "_trigger_distance": 14.779568942801049, "_traffic_distance": 6.9498147406129895, "weather": {"sun_altitude_angle": 44.166003845347404, "precipitation": 5.300416785743511, "wind_intensity": 85.40952405085146, "sun_azimuth_angle": 85.42955535409091, "fog_distance": "0", "cloudiness": 78.65308689436289, "fog_density": 34.987167291211506, "wetness": 67.06266485292862, "precipitation_deposits": 25.412843961859267}}], "scenario_type": "Scenario59"}]}]}