{"available_scenarios": [{"Town05": [{"available_event_configurations": [{"transform": {"pitch": "0", "x": 31.5, "y": 69, "yaw": -90, "z": 0}, "_start_distance": 9.084591015493235, "_actor_vel": 4.781255763606935, "_start_distance2": 16.184487758415113, "_actor_vel2": 3.1952803780767556, "_brake": 0.6441965180238891, "_trigger_distance": 13.209282439287541, "_traffic_distance": 5.351273341102642, "weather": {"sun_altitude_angle": -77.24889227425584, "precipitation": 63.55599413275264, "wind_intensity": 71.03370661623656, "sun_azimuth_angle": 81.91604713299583, "fog_distance": "0", "cloudiness": 65.56483432808085, "fog_density": 99.01232449215449, "wetness": 34.6566280167797, "precipitation_deposits": 98.44876760857048}}], "scenario_type": "Scenario59"}], "Town03": [{"available_event_configurations": [{"transform": {"pitch": "0", "x": -86, "y": -81.9, "yaw": 90, "z": 0}, "_start_distance": 9.084591015493235, "_actor_vel": 4.781255763606935, "_start_distance2": 16.184487758415113, "_actor_vel2": 3.1952803780767556, "_brake": 0.6441965180238891, "_trigger_distance": 13.209282439287541, "_traffic_distance": 5.351273341102642, "weather": {"sun_altitude_angle": -77.24889227425584, "precipitation": 63.55599413275264, "wind_intensity": 71.03370661623656, "sun_azimuth_angle": 81.91604713299583, "fog_distance": "0", "cloudiness": 65.56483432808085, "fog_density": 99.01232449215449, "wetness": 34.6566280167797, "precipitation_deposits": 98.44876760857048}}], "scenario_type": "Scenario59"}]}]}