{"available_scenarios": [{"Town05": [{"available_event_configurations": [{"transform": {"pitch": "0", "x": 31.5, "y": 69, "yaw": -90, "z": 0}, "_start_distance": 13.660429080841546, "_actor_vel": 4.4057588471865525, "_start_distance2": 18.9153222947448, "_actor_vel2": 3.4719811819893556, "_brake": 0.884779090888929, "_trigger_distance": 14.943171900655587, "_traffic_distance": 6.376466926998103, "weather": {"sun_altitude_angle": 33.7301832562497, "precipitation": 43.13915139075183, "wind_intensity": 29.619015763433676, "sun_azimuth_angle": 201.55752931638398, "fog_distance": "0", "cloudiness": 52.36558327007524, "fog_density": 95.74051733327772, "wetness": 81.97778539277138, "precipitation_deposits": 77.81508901855989}}], "scenario_type": "Scenario59"}], "Town03": [{"available_event_configurations": [{"transform": {"pitch": "0", "x": -86, "y": -81.9, "yaw": 90, "z": 0}, "_start_distance": 13.660429080841546, "_actor_vel": 4.4057588471865525, "_start_distance2": 18.9153222947448, "_actor_vel2": 3.4719811819893556, "_brake": 0.884779090888929, "_trigger_distance": 14.943171900655587, "_traffic_distance": 6.376466926998103, "weather": {"sun_altitude_angle": 33.7301832562497, "precipitation": 43.13915139075183, "wind_intensity": 29.619015763433676, "sun_azimuth_angle": 201.55752931638398, "fog_distance": "0", "cloudiness": 52.36558327007524, "fog_density": 95.74051733327772, "wetness": 81.97778539277138, "precipitation_deposits": 77.81508901855989}}], "scenario_type": "Scenario59"}]}]}