{"available_scenarios": [{"Town05": [{"available_event_configurations": [{"transform": {"pitch": "0", "x": 31.5, "y": 69, "yaw": -90, "z": 0}, "_start_distance": 11.936083017582476, "_actor_vel": 4.258064807191139, "_start_distance2": 17.166728375614035, "_actor_vel2": 3.0501662846029847, "_brake": 0.9685897114944574, "_trigger_distance": 14.32744845303344, "_traffic_distance": 5.082734713149931, "weather": {"sun_altitude_angle": 87.26605999019267, "precipitation": 21.536755825465026, "wind_intensity": 19.017764704836672, "sun_azimuth_angle": 183.27343482912852, "fog_distance": "0", "cloudiness": 4.7532649442978965, "fog_density": 1.7637610081707278, "wetness": 63.091717499976916, "precipitation_deposits": 92.48708341852718}}], "scenario_type": "Scenario59"}], "Town03": [{"available_event_configurations": [{"transform": {"pitch": "0", "x": -86, "y": -81.9, "yaw": 90, "z": 0}, "_start_distance": 11.936083017582476, "_actor_vel": 4.258064807191139, "_start_distance2": 17.166728375614035, "_actor_vel2": 3.0501662846029847, "_brake": 0.9685897114944574, "_trigger_distance": 14.32744845303344, "_traffic_distance": 5.082734713149931, "weather": {"sun_altitude_angle": 87.26605999019267, "precipitation": 21.536755825465026, "wind_intensity": 19.017764704836672, "sun_azimuth_angle": 183.27343482912852, "fog_distance": "0", "cloudiness": 4.7532649442978965, "fog_density": 1.7637610081707278, "wetness": 63.091717499976916, "precipitation_deposits": 92.48708341852718}}], "scenario_type": "Scenario59"}]}]}