{"available_scenarios": [{"Town05": [{"available_event_configurations": [{"transform": {"pitch": "0", "x": 31.5, "y": 69, "yaw": -90, "z": 0}, "_start_distance": 8.804687229089387, "_actor_vel": 4.686991817023117, "_start_distance2": 16.553688377565667, "_actor_vel2": 3.3148861864106425, "_brake": 0.6432358984528476, "_trigger_distance": 14.878450808792387, "_traffic_distance": 6.282526846608356, "weather": {"sun_altitude_angle": 77.84330216718757, "precipitation": 42.82442059741381, "wind_intensity": 57.110544679138386, "sun_azimuth_angle": 88.39271147011844, "fog_distance": "0", "cloudiness": 69.51593698766463, "fog_density": 68.296681768056, "wetness": 62.38637450898016, "precipitation_deposits": 74.4672867401054}}], "scenario_type": "Scenario59"}], "Town03": [{"available_event_configurations": [{"transform": {"pitch": "0", "x": -86, "y": -81.9, "yaw": 90, "z": 0}, "_start_distance": 8.804687229089387, "_actor_vel": 4.686991817023117, "_start_distance2": 16.553688377565667, "_actor_vel2": 3.3148861864106425, "_brake": 0.6432358984528476, "_trigger_distance": 14.878450808792387, "_traffic_distance": 6.282526846608356, "weather": {"sun_altitude_angle": 77.84330216718757, "precipitation": 42.82442059741381, "wind_intensity": 57.110544679138386, "sun_azimuth_angle": 88.39271147011844, "fog_distance": "0", "cloudiness": 69.51593698766463, "fog_density": 68.296681768056, "wetness": 62.38637450898016, "precipitation_deposits": 74.4672867401054}}], "scenario_type": "Scenario59"}]}]}