{"available_scenarios": [{"Town05": [{"available_event_configurations": [{"transform": {"pitch": "0", "x": 31.5, "y": 69, "yaw": -90, "z": 0}, "_start_distance": 11.47260801491305, "_actor_vel": 4.29356345910483, "_start_distance2": 17.96600849932316, "_actor_vel2": 3.083722503381146, "_brake": 0.8211777029370703, "_trigger_distance": 12.838579587870422, "_traffic_distance": 5.008920804843541, "weather": {"sun_altitude_angle": -73.20187659469973, "precipitation": 65.44975271564964, "wind_intensity": 70.48024094579625, "sun_azimuth_angle": 183.0329527667403, "fog_distance": "0", "cloudiness": 71.92300626955664, "fog_density": 18.93216397099221, "wetness": 35.53192846695491, "precipitation_deposits": 33.493849049356385}}], "scenario_type": "Scenario59"}], "Town03": [{"available_event_configurations": [{"transform": {"pitch": "0", "x": -86, "y": -81.9, "yaw": 90, "z": 0}, "_start_distance": 11.47260801491305, "_actor_vel": 4.29356345910483, "_start_distance2": 17.96600849932316, "_actor_vel2": 3.083722503381146, "_brake": 0.8211777029370703, "_trigger_distance": 12.838579587870422, "_traffic_distance": 5.008920804843541, "weather": {"sun_altitude_angle": -73.20187659469973, "precipitation": 65.44975271564964, "wind_intensity": 70.48024094579625, "sun_azimuth_angle": 183.0329527667403, "fog_distance": "0", "cloudiness": 71.92300626955664, "fog_density": 18.93216397099221, "wetness": 35.53192846695491, "precipitation_deposits": 33.493849049356385}}], "scenario_type": "Scenario59"}]}]}