{"available_scenarios": [{"Town05": [{"available_event_configurations": [{"transform": {"pitch": "0", "x": 31.5, "y": 69, "yaw": -90, "z": 0}, "_start_distance": 10.290584535231913, "_actor_vel": 4.603788234126085, "_start_distance2": 16.895384809458807, "_actor_vel2": 3.4507458645719358, "_brake": 0.7644303123368994, "_trigger_distance": 12.299403059461769, "_traffic_distance": 6.724603113405403, "weather": {"sun_altitude_angle": -4.655188521099177, "precipitation": 75.16795281377827, "wind_intensity": 13.04689396439047, "sun_azimuth_angle": 212.15080168378762, "fog_distance": "0", "cloudiness": 86.8814170143925, "fog_density": 18.526211934127478, "wetness": 28.599384813114238, "precipitation_deposits": 82.12582382339843}}], "scenario_type": "Scenario59"}], "Town03": [{"available_event_configurations": [{"transform": {"pitch": "0", "x": -86, "y": -81.9, "yaw": 90, "z": 0}, "_start_distance": 10.290584535231913, "_actor_vel": 4.603788234126085, "_start_distance2": 16.895384809458807, "_actor_vel2": 3.4507458645719358, "_brake": 0.7644303123368994, "_trigger_distance": 12.299403059461769, "_traffic_distance": 6.724603113405403, "weather": {"sun_altitude_angle": -4.655188521099177, "precipitation": 75.16795281377827, "wind_intensity": 13.04689396439047, "sun_azimuth_angle": 212.15080168378762, "fog_distance": "0", "cloudiness": 86.8814170143925, "fog_density": 18.526211934127478, "wetness": 28.599384813114238, "precipitation_deposits": 82.12582382339843}}], "scenario_type": "Scenario59"}]}]}