{"available_scenarios": [{"Town05": [{"available_event_configurations": [{"transform": {"pitch": "0", "x": 31.5, "y": 69, "yaw": -90, "z": 0}, "_start_distance": 13.621112696340937, "_actor_vel": 4.37753392674973, "_start_distance2": 16.817289994491254, "_actor_vel2": 3.1316343754464606, "_brake": 0.6382769393657031, "_trigger_distance": 12.083958839772244, "_traffic_distance": 6.238152700056677, "weather": {"sun_altitude_angle": -6.1936135980059674, "precipitation": 82.20287753302651, "wind_intensity": 13.064117019072741, "sun_azimuth_angle": 103.02633434509673, "fog_distance": "0", "cloudiness": 99.23919362776765, "fog_density": 17.466516533040156, "wetness": 46.664555763981895, "precipitation_deposits": 75.5991334277277}}], "scenario_type": "Scenario59"}], "Town03": [{"available_event_configurations": [{"transform": {"pitch": "0", "x": -86, "y": -81.9, "yaw": 90, "z": 0}, "_start_distance": 13.621112696340937, "_actor_vel": 4.37753392674973, "_start_distance2": 16.817289994491254, "_actor_vel2": 3.1316343754464606, "_brake": 0.6382769393657031, "_trigger_distance": 12.083958839772244, "_traffic_distance": 6.238152700056677, "weather": {"sun_altitude_angle": -6.1936135980059674, "precipitation": 82.20287753302651, "wind_intensity": 13.064117019072741, "sun_azimuth_angle": 103.02633434509673, "fog_distance": "0", "cloudiness": 99.23919362776765, "fog_density": 17.466516533040156, "wetness": 46.664555763981895, "precipitation_deposits": 75.5991334277277}}], "scenario_type": "Scenario59"}]}]}