{"available_scenarios": [{"Town05": [{"available_event_configurations": [{"transform": {"pitch": "0", "x": 31.5, "y": 69, "yaw": -90, "z": 0}, "_start_distance": 11.080607296595025, "_actor_vel": 4.480140572830093, "_start_distance2": 16.472761092263557, "_actor_vel2": 3.2942002657516434, "_brake": 0.8067809704226894, "_trigger_distance": 12.00910769580582, "_traffic_distance": 7.308939698719781, "weather": {"sun_altitude_angle": 10.325326429651398, "precipitation": 68.37831224676513, "wind_intensity": 35.50032313802496, "sun_azimuth_angle": 321.1301343339886, "fog_distance": "0", "cloudiness": 75.68176343668732, "fog_density": 47.94450947132246, "wetness": 12.482256090564192, "precipitation_deposits": 62.45247760869734}}], "scenario_type": "Scenario59"}], "Town03": [{"available_event_configurations": [{"transform": {"pitch": "0", "x": -86, "y": -81.9, "yaw": 90, "z": 0}, "_start_distance": 11.080607296595025, "_actor_vel": 4.480140572830093, "_start_distance2": 16.472761092263557, "_actor_vel2": 3.2942002657516434, "_brake": 0.8067809704226894, "_trigger_distance": 12.00910769580582, "_traffic_distance": 7.308939698719781, "weather": {"sun_altitude_angle": 10.325326429651398, "precipitation": 68.37831224676513, "wind_intensity": 35.50032313802496, "sun_azimuth_angle": 321.1301343339886, "fog_distance": "0", "cloudiness": 75.68176343668732, "fog_density": 47.94450947132246, "wetness": 12.482256090564192, "precipitation_deposits": 62.45247760869734}}], "scenario_type": "Scenario59"}]}]}