{"available_scenarios": [{"Town05": [{"available_event_configurations": [{"transform": {"pitch": "0", "x": 31.5, "y": 69, "yaw": -90, "z": 0}, "_start_distance": 13.943034438732948, "_actor_vel": 4.172399515410773, "_start_distance2": 17.964452208556047, "_actor_vel2": 3.4435654081555125, "_brake": 0.6478043837846954, "_trigger_distance": 13.65698887749027, "_traffic_distance": 8.134081295152312, "weather": {"sun_altitude_angle": -68.26322944794518, "precipitation": 57.64233474507936, "wind_intensity": 60.84842372910262, "sun_azimuth_angle": 114.32532427538666, "fog_distance": "0", "cloudiness": 38.39092185176904, "fog_density": 37.94381351052143, "wetness": 35.536712885213895, "precipitation_deposits": 67.24030430972599}}], "scenario_type": "Scenario59"}], "Town03": [{"available_event_configurations": [{"transform": {"pitch": "0", "x": -86, "y": -81.9, "yaw": 90, "z": 0}, "_start_distance": 13.943034438732948, "_actor_vel": 4.172399515410773, "_start_distance2": 17.964452208556047, "_actor_vel2": 3.4435654081555125, "_brake": 0.6478043837846954, "_trigger_distance": 13.65698887749027, "_traffic_distance": 8.134081295152312, "weather": {"sun_altitude_angle": -68.26322944794518, "precipitation": 57.64233474507936, "wind_intensity": 60.84842372910262, "sun_azimuth_angle": 114.32532427538666, "fog_distance": "0", "cloudiness": 38.39092185176904, "fog_density": 37.94381351052143, "wetness": 35.536712885213895, "precipitation_deposits": 67.24030430972599}}], "scenario_type": "Scenario59"}]}]}