{"available_scenarios": [{"Town05": [{"available_event_configurations": [{"transform": {"pitch": "0", "x": 31.5, "y": 69, "yaw": -90, "z": 0}, "_start_distance": 13.408379132882047, "_actor_vel": 4.133882626309957, "_start_distance2": 15.364752681462933, "_actor_vel2": 3.2941501698189444, "_brake": 0.6414452640449453, "_trigger_distance": 13.80717528468368, "_traffic_distance": 6.283479194171575, "weather": {"sun_altitude_angle": 21.832197958912204, "precipitation": 48.49904369409109, "wind_intensity": 19.42440144606552, "sun_azimuth_angle": 196.27777743113504, "fog_distance": "0", "cloudiness": 85.76645597678841, "fog_density": 93.65779445347653, "wetness": 46.62412901909926, "precipitation_deposits": 33.767385804015994}}], "scenario_type": "Scenario59"}], "Town03": [{"available_event_configurations": [{"transform": {"pitch": "0", "x": -86, "y": -81.9, "yaw": 90, "z": 0}, "_start_distance": 13.408379132882047, "_actor_vel": 4.133882626309957, "_start_distance2": 15.364752681462933, "_actor_vel2": 3.2941501698189444, "_brake": 0.6414452640449453, "_trigger_distance": 13.80717528468368, "_traffic_distance": 6.283479194171575, "weather": {"sun_altitude_angle": 21.832197958912204, "precipitation": 48.49904369409109, "wind_intensity": 19.42440144606552, "sun_azimuth_angle": 196.27777743113504, "fog_distance": "0", "cloudiness": 85.76645597678841, "fog_density": 93.65779445347653, "wetness": 46.62412901909926, "precipitation_deposits": 33.767385804015994}}], "scenario_type": "Scenario59"}]}]}