{"available_scenarios": [{"Town05": [{"available_event_configurations": [{"transform": {"pitch": "0", "x": 31.5, "y": 69, "yaw": -90, "z": 0}, "_start_distance": 14.077863782393255, "_actor_vel": 4.970561976396127, "_start_distance2": 15.287703849239602, "_actor_vel2": 3.176941527904729, "_brake": 0.5672769999617193, "_trigger_distance": 12.26820013360726, "_traffic_distance": 8.51331548660636, "weather": {"sun_altitude_angle": 29.87886527662188, "precipitation": 95.83302706189119, "wind_intensity": 49.88013030618708, "sun_azimuth_angle": 12.29699862052717, "fog_distance": "0", "cloudiness": 43.83324126514573, "fog_density": 15.703254517585252, "wetness": 40.2399316533713, "precipitation_deposits": 12.500003260701131}}], "scenario_type": "Scenario59"}], "Town03": [{"available_event_configurations": [{"transform": {"pitch": "0", "x": -86, "y": -81.9, "yaw": 90, "z": 0}, "_start_distance": 14.077863782393255, "_actor_vel": 4.970561976396127, "_start_distance2": 15.287703849239602, "_actor_vel2": 3.176941527904729, "_brake": 0.5672769999617193, "_trigger_distance": 12.26820013360726, "_traffic_distance": 8.51331548660636, "weather": {"sun_altitude_angle": 29.87886527662188, "precipitation": 95.83302706189119, "wind_intensity": 49.88013030618708, "sun_azimuth_angle": 12.29699862052717, "fog_distance": "0", "cloudiness": 43.83324126514573, "fog_density": 15.703254517585252, "wetness": 40.2399316533713, "precipitation_deposits": 12.500003260701131}}], "scenario_type": "Scenario59"}]}]}