{"available_scenarios": [{"Town05": [{"available_event_configurations": [{"transform": {"pitch": "0", "x": 31.5, "y": 69, "yaw": -90, "z": 0}, "_start_distance": 12.019131445699454, "_actor_vel": 4.634456467080959, "_start_distance2": 18.971125658792054, "_actor_vel2": 3.3728206321728704, "_brake": 0.5042928086265246, "_trigger_distance": 13.552197539974223, "_traffic_distance": 7.227089792017391, "weather": {"sun_altitude_angle": 9.991768645591478, "precipitation": 18.113906389735636, "wind_intensity": 98.90524882057525, "sun_azimuth_angle": 305.11760663627354, "fog_distance": "0", "cloudiness": 60.21790576429017, "fog_density": 28.086372195397924, "wetness": 40.017578904065864, "precipitation_deposits": 5.2237512375500454}}], "scenario_type": "Scenario59"}], "Town03": [{"available_event_configurations": [{"transform": {"pitch": "0", "x": -86, "y": -81.9, "yaw": 90, "z": 0}, "_start_distance": 12.019131445699454, "_actor_vel": 4.634456467080959, "_start_distance2": 18.971125658792054, "_actor_vel2": 3.3728206321728704, "_brake": 0.5042928086265246, "_trigger_distance": 13.552197539974223, "_traffic_distance": 7.227089792017391, "weather": {"sun_altitude_angle": 9.991768645591478, "precipitation": 18.113906389735636, "wind_intensity": 98.90524882057525, "sun_azimuth_angle": 305.11760663627354, "fog_distance": "0", "cloudiness": 60.21790576429017, "fog_density": 28.086372195397924, "wetness": 40.017578904065864, "precipitation_deposits": 5.2237512375500454}}], "scenario_type": "Scenario59"}]}]}