{"available_scenarios": [{"Town05": [{"available_event_configurations": [{"transform": {"pitch": "0", "x": 31.5, "y": 69, "yaw": -90, "z": 0}, "_start_distance": 14.098432363327818, "_actor_vel": 4.145997016707369, "_start_distance2": 16.942484011189975, "_actor_vel2": 3.0866750346981604, "_brake": 0.8843270747442029, "_trigger_distance": 14.40119082382925, "_traffic_distance": 8.35719737822258, "weather": {"sun_altitude_angle": -72.12324731702105, "precipitation": 6.160429370615638, "wind_intensity": 45.02382463222734, "sun_azimuth_angle": 153.54107380226787, "fog_distance": "0", "cloudiness": 39.55090475103001, "fog_density": 45.298606979815325, "wetness": 76.1151979789554, "precipitation_deposits": 53.97364646524056}}], "scenario_type": "Scenario59"}], "Town03": [{"available_event_configurations": [{"transform": {"pitch": "0", "x": -86, "y": -81.9, "yaw": 90, "z": 0}, "_start_distance": 14.098432363327818, "_actor_vel": 4.145997016707369, "_start_distance2": 16.942484011189975, "_actor_vel2": 3.0866750346981604, "_brake": 0.8843270747442029, "_trigger_distance": 14.40119082382925, "_traffic_distance": 8.35719737822258, "weather": {"sun_altitude_angle": -72.12324731702105, "precipitation": 6.160429370615638, "wind_intensity": 45.02382463222734, "sun_azimuth_angle": 153.54107380226787, "fog_distance": "0", "cloudiness": 39.55090475103001, "fog_density": 45.298606979815325, "wetness": 76.1151979789554, "precipitation_deposits": 53.97364646524056}}], "scenario_type": "Scenario59"}]}]}