{"available_scenarios": [{"Town05": [{"available_event_configurations": [{"transform": {"pitch": "0", "x": 31.5, "y": 69, "yaw": -90, "z": 0}, "_start_distance": 13.271145701969461, "_actor_vel": 4.751296558773293, "_start_distance2": 17.592303232362166, "_actor_vel2": 3.229487233955268, "_brake": 0.741672364375414, "_trigger_distance": 13.495869770311238, "_traffic_distance": 5.703641956802779, "weather": {"sun_altitude_angle": 28.720939324116827, "precipitation": 79.22767799694222, "wind_intensity": 34.66779821458109, "sun_azimuth_angle": 151.25050482776544, "fog_distance": "0", "cloudiness": 72.62020553693922, "fog_density": 44.11816303745619, "wetness": 64.52892756761206, "precipitation_deposits": 28.208626764107827}}], "scenario_type": "Scenario59"}], "Town03": [{"available_event_configurations": [{"transform": {"pitch": "0", "x": -86, "y": -81.9, "yaw": 90, "z": 0}, "_start_distance": 13.271145701969461, "_actor_vel": 4.751296558773293, "_start_distance2": 17.592303232362166, "_actor_vel2": 3.229487233955268, "_brake": 0.741672364375414, "_trigger_distance": 13.495869770311238, "_traffic_distance": 5.703641956802779, "weather": {"sun_altitude_angle": 28.720939324116827, "precipitation": 79.22767799694222, "wind_intensity": 34.66779821458109, "sun_azimuth_angle": 151.25050482776544, "fog_distance": "0", "cloudiness": 72.62020553693922, "fog_density": 44.11816303745619, "wetness": 64.52892756761206, "precipitation_deposits": 28.208626764107827}}], "scenario_type": "Scenario59"}]}]}