{"available_scenarios": [{"Town05": [{"available_event_configurations": [{"transform": {"pitch": "0", "x": 31.5, "y": 69, "yaw": -90, "z": 0}, "_start_distance": 13.196839686449781, "_actor_vel": 4.908760210644999, "_start_distance2": 18.218949563419685, "_actor_vel2": 3.100330398162674, "_brake": 0.7238756596599363, "_trigger_distance": 12.313050369710805, "_traffic_distance": 8.63746871120405, "weather": {"sun_altitude_angle": -23.254576057701627, "precipitation": 77.37011718855959, "wind_intensity": 84.64885639447266, "sun_azimuth_angle": 153.52441725936217, "fog_distance": "0", "cloudiness": 64.33933786909216, "fog_density": 87.4375080125401, "wetness": 10.199134937708187, "precipitation_deposits": 90.43394967502579}}], "scenario_type": "Scenario59"}], "Town03": [{"available_event_configurations": [{"transform": {"pitch": "0", "x": -86, "y": -81.9, "yaw": 90, "z": 0}, "_start_distance": 13.196839686449781, "_actor_vel": 4.908760210644999, "_start_distance2": 18.218949563419685, "_actor_vel2": 3.100330398162674, "_brake": 0.7238756596599363, "_trigger_distance": 12.313050369710805, "_traffic_distance": 8.63746871120405, "weather": {"sun_altitude_angle": -23.254576057701627, "precipitation": 77.37011718855959, "wind_intensity": 84.64885639447266, "sun_azimuth_angle": 153.52441725936217, "fog_distance": "0", "cloudiness": 64.33933786909216, "fog_density": 87.4375080125401, "wetness": 10.199134937708187, "precipitation_deposits": 90.43394967502579}}], "scenario_type": "Scenario59"}]}]}