{"available_scenarios": [{"Town05": [{"available_event_configurations": [{"transform": {"pitch": "0", "x": 31.5, "y": 69, "yaw": -90, "z": 0}, "_start_distance": 11.261663545635695, "_actor_vel": 4.505607374063345, "_start_distance2": 15.839699022861753, "_actor_vel2": 3.240877675180762, "_brake": 0.6338368821601109, "_trigger_distance": 13.815774643184529, "_traffic_distance": 8.875682190725005, "weather": {"sun_altitude_angle": 88.25050143260358, "precipitation": 17.978863552985135, "wind_intensity": 77.13782473154488, "sun_azimuth_angle": 132.16877456966628, "fog_distance": "0", "cloudiness": 51.845938930366984, "fog_density": 57.13949346905718, "wetness": 55.47653523742769, "precipitation_deposits": 72.73821527367508}}], "scenario_type": "Scenario59"}], "Town03": [{"available_event_configurations": [{"transform": {"pitch": "0", "x": -86, "y": -81.9, "yaw": 90, "z": 0}, "_start_distance": 11.261663545635695, "_actor_vel": 4.505607374063345, "_start_distance2": 15.839699022861753, "_actor_vel2": 3.240877675180762, "_brake": 0.6338368821601109, "_trigger_distance": 13.815774643184529, "_traffic_distance": 8.875682190725005, "weather": {"sun_altitude_angle": 88.25050143260358, "precipitation": 17.978863552985135, "wind_intensity": 77.13782473154488, "sun_azimuth_angle": 132.16877456966628, "fog_distance": "0", "cloudiness": 51.845938930366984, "fog_density": 57.13949346905718, "wetness": 55.47653523742769, "precipitation_deposits": 72.73821527367508}}], "scenario_type": "Scenario59"}]}]}