{"available_scenarios": [{"Town05": [{"available_event_configurations": [{"transform": {"pitch": "0", "x": 31.5, "y": 69, "yaw": -90, "z": 0}, "_start_distance": 8.993052075655838, "_actor_vel": 4.211439656721871, "_start_distance2": 17.47754727363231, "_actor_vel2": 3.3428230685691576, "_brake": 0.7939883652227775, "_trigger_distance": 14.940494563443451, "_traffic_distance": 5.646273523766701, "weather": {"sun_altitude_angle": 28.64885241809749, "precipitation": 73.43335757747884, "wind_intensity": 98.30569690425385, "sun_azimuth_angle": 253.57621443663166, "fog_distance": "0", "cloudiness": 65.68072375119228, "fog_density": 34.203190639305234, "wetness": 64.01284073701109, "precipitation_deposits": 80.50583098595564}}], "scenario_type": "Scenario59"}], "Town03": [{"available_event_configurations": [{"transform": {"pitch": "0", "x": -86, "y": -81.9, "yaw": 90, "z": 0}, "_start_distance": 8.993052075655838, "_actor_vel": 4.211439656721871, "_start_distance2": 17.47754727363231, "_actor_vel2": 3.3428230685691576, "_brake": 0.7939883652227775, "_trigger_distance": 14.940494563443451, "_traffic_distance": 5.646273523766701, "weather": {"sun_altitude_angle": 28.64885241809749, "precipitation": 73.43335757747884, "wind_intensity": 98.30569690425385, "sun_azimuth_angle": 253.57621443663166, "fog_distance": "0", "cloudiness": 65.68072375119228, "fog_density": 34.203190639305234, "wetness": 64.01284073701109, "precipitation_deposits": 80.50583098595564}}], "scenario_type": "Scenario59"}]}]}