{"available_scenarios": [{"Town05": [{"available_event_configurations": [{"transform": {"pitch": "0", "x": 31.5, "y": 69, "yaw": -90, "z": 0}, "_start_distance": 10.037597896467691, "_actor_vel": 4.418736494436896, "_start_distance2": 18.89376968061724, "_actor_vel2": 3.238037237429391, "_brake": 0.8822921727172132, "_trigger_distance": 13.576055136599578, "_traffic_distance": 5.428694187849414, "weather": {"sun_altitude_angle": -51.9279965158167, "precipitation": 11.025704599852181, "wind_intensity": 79.53732544870842, "sun_azimuth_angle": 74.2243033496393, "fog_distance": "0", "cloudiness": 33.48490820125933, "fog_density": 48.712490121859354, "wetness": 73.29935199248303, "precipitation_deposits": 35.80274747135215}}], "scenario_type": "Scenario59"}], "Town03": [{"available_event_configurations": [{"transform": {"pitch": "0", "x": -86, "y": -81.9, "yaw": 90, "z": 0}, "_start_distance": 10.037597896467691, "_actor_vel": 4.418736494436896, "_start_distance2": 18.89376968061724, "_actor_vel2": 3.238037237429391, "_brake": 0.8822921727172132, "_trigger_distance": 13.576055136599578, "_traffic_distance": 5.428694187849414, "weather": {"sun_altitude_angle": -51.9279965158167, "precipitation": 11.025704599852181, "wind_intensity": 79.53732544870842, "sun_azimuth_angle": 74.2243033496393, "fog_distance": "0", "cloudiness": 33.48490820125933, "fog_density": 48.712490121859354, "wetness": 73.29935199248303, "precipitation_deposits": 35.80274747135215}}], "scenario_type": "Scenario59"}]}]}