{"available_scenarios": [{"Town05": [{"available_event_configurations": [{"transform": {"pitch": "0", "x": 31.5, "y": 69, "yaw": -90, "z": 0}, "_start_distance": 14.219338889433512, "_actor_vel": 4.197964853323384, "_start_distance2": 17.565009479457967, "_actor_vel2": 3.153218946968412, "_brake": 0.6701363055224323, "_trigger_distance": 13.146563055049228, "_traffic_distance": 9.069337215570835, "weather": {"sun_altitude_angle": -28.530948386332504, "precipitation": 74.50746107621728, "wind_intensity": 11.023397403370883, "sun_azimuth_angle": 242.0293292067868, "fog_distance": "0", "cloudiness": 10.906831714735576, "fog_density": 96.29298339301803, "wetness": 81.58774314867155, "precipitation_deposits": 2.256073810283732}}], "scenario_type": "Scenario59"}], "Town03": [{"available_event_configurations": [{"transform": {"pitch": "0", "x": -86, "y": -81.9, "yaw": 90, "z": 0}, "_start_distance": 14.219338889433512, "_actor_vel": 4.197964853323384, "_start_distance2": 17.565009479457967, "_actor_vel2": 3.153218946968412, "_brake": 0.6701363055224323, "_trigger_distance": 13.146563055049228, "_traffic_distance": 9.069337215570835, "weather": {"sun_altitude_angle": -28.530948386332504, "precipitation": 74.50746107621728, "wind_intensity": 11.023397403370883, "sun_azimuth_angle": 242.0293292067868, "fog_distance": "0", "cloudiness": 10.906831714735576, "fog_density": 96.29298339301803, "wetness": 81.58774314867155, "precipitation_deposits": 2.256073810283732}}], "scenario_type": "Scenario59"}]}]}