{"available_scenarios": [{"Town05": [{"available_event_configurations": [{"transform": {"pitch": "0", "x": 31.5, "y": 69, "yaw": -90, "z": 0}, "_start_distance": 13.183424498812952, "_actor_vel": 4.380844826482551, "_start_distance2": 16.716662509912737, "_actor_vel2": 3.090456933531461, "_brake": 0.5360361395358133, "_trigger_distance": 13.878671809712763, "_traffic_distance": 5.017689284381573, "weather": {"sun_altitude_angle": -80.51174270269212, "precipitation": 95.57274103917895, "wind_intensity": 79.12566641702279, "sun_azimuth_angle": 140.16695687625102, "fog_distance": "0", "cloudiness": 15.064697272976346, "fog_density": 75.85543521066965, "wetness": 47.17074320981007, "precipitation_deposits": 11.061725531696409}}], "scenario_type": "Scenario59"}], "Town03": [{"available_event_configurations": [{"transform": {"pitch": "0", "x": -86, "y": -81.9, "yaw": 90, "z": 0}, "_start_distance": 13.183424498812952, "_actor_vel": 4.380844826482551, "_start_distance2": 16.716662509912737, "_actor_vel2": 3.090456933531461, "_brake": 0.5360361395358133, "_trigger_distance": 13.878671809712763, "_traffic_distance": 5.017689284381573, "weather": {"sun_altitude_angle": -80.51174270269212, "precipitation": 95.57274103917895, "wind_intensity": 79.12566641702279, "sun_azimuth_angle": 140.16695687625102, "fog_distance": "0", "cloudiness": 15.064697272976346, "fog_density": 75.85543521066965, "wetness": 47.17074320981007, "precipitation_deposits": 11.061725531696409}}], "scenario_type": "Scenario59"}]}]}