{"available_scenarios": [{"Town05": [{"available_event_configurations": [{"transform": {"pitch": "0", "x": 31.5, "y": 69, "yaw": -90, "z": 0}, "_start_distance": 11.276189039031886, "_actor_vel": 4.87713726090302, "_start_distance2": 18.047038535293254, "_actor_vel2": 3.2269598777791026, "_brake": 0.680614216776795, "_trigger_distance": 13.716162538410156, "_traffic_distance": 5.679772991285845, "weather": {"sun_altitude_angle": -14.021037595559093, "precipitation": 60.13829170496984, "wind_intensity": 83.87426635591588, "sun_azimuth_angle": 65.78044306272994, "fog_distance": "0", "cloudiness": 11.124460643333078, "fog_density": 57.91461372611625, "wetness": 21.418037937550473, "precipitation_deposits": 43.78064988575723}}], "scenario_type": "Scenario59"}], "Town03": [{"available_event_configurations": [{"transform": {"pitch": "0", "x": -86, "y": -81.9, "yaw": 90, "z": 0}, "_start_distance": 11.276189039031886, "_actor_vel": 4.87713726090302, "_start_distance2": 18.047038535293254, "_actor_vel2": 3.2269598777791026, "_brake": 0.680614216776795, "_trigger_distance": 13.716162538410156, "_traffic_distance": 5.679772991285845, "weather": {"sun_altitude_angle": -14.021037595559093, "precipitation": 60.13829170496984, "wind_intensity": 83.87426635591588, "sun_azimuth_angle": 65.78044306272994, "fog_distance": "0", "cloudiness": 11.124460643333078, "fog_density": 57.91461372611625, "wetness": 21.418037937550473, "precipitation_deposits": 43.78064988575723}}], "scenario_type": "Scenario59"}]}]}