{"available_scenarios": [{"Town05": [{"available_event_configurations": [{"transform": {"pitch": "0", "x": 31.5, "y": 69, "yaw": -90, "z": 0}, "_start_distance": 11.818560474518508, "_actor_vel": 4.098587049024307, "_start_distance2": 16.17026024161473, "_actor_vel2": 3.3582476015140754, "_brake": 0.7466229561279383, "_trigger_distance": 13.433541579921936, "_traffic_distance": 5.537319924333131, "weather": {"sun_altitude_angle": -4.786938558608156, "precipitation": 7.169608215812917, "wind_intensity": 93.28046429400987, "sun_azimuth_angle": 13.27504341710075, "fog_distance": "0", "cloudiness": 77.74268485508891, "fog_density": 40.19514200862289, "wetness": 68.33825944174416, "precipitation_deposits": 48.92346460954295}}], "scenario_type": "Scenario59"}], "Town03": [{"available_event_configurations": [{"transform": {"pitch": "0", "x": -86, "y": -81.9, "yaw": 90, "z": 0}, "_start_distance": 11.818560474518508, "_actor_vel": 4.098587049024307, "_start_distance2": 16.17026024161473, "_actor_vel2": 3.3582476015140754, "_brake": 0.7466229561279383, "_trigger_distance": 13.433541579921936, "_traffic_distance": 5.537319924333131, "weather": {"sun_altitude_angle": -4.786938558608156, "precipitation": 7.169608215812917, "wind_intensity": 93.28046429400987, "sun_azimuth_angle": 13.27504341710075, "fog_distance": "0", "cloudiness": 77.74268485508891, "fog_density": 40.19514200862289, "wetness": 68.33825944174416, "precipitation_deposits": 48.92346460954295}}], "scenario_type": "Scenario59"}]}]}