{"available_scenarios": [{"Town05": [{"available_event_configurations": [{"transform": {"pitch": "0", "x": 31.5, "y": 69, "yaw": -90, "z": 0}, "_start_distance": 12.229951636529837, "_actor_vel": 4.526676286430897, "_start_distance2": 17.602457089642307, "_actor_vel2": 3.2259870377924713, "_brake": 0.6137311209597702, "_trigger_distance": 13.749043736374928, "_traffic_distance": 6.639325590343113, "weather": {"sun_altitude_angle": -76.5416784746961, "precipitation": 11.981928105280893, "wind_intensity": 66.30826332072554, "sun_azimuth_angle": 337.59564835721, "fog_distance": "0", "cloudiness": 96.98814681048977, "fog_density": 39.49715260785758, "wetness": 23.944988917604114, "precipitation_deposits": 9.004404794408295}}], "scenario_type": "Scenario59"}], "Town03": [{"available_event_configurations": [{"transform": {"pitch": "0", "x": -86, "y": -81.9, "yaw": 90, "z": 0}, "_start_distance": 12.229951636529837, "_actor_vel": 4.526676286430897, "_start_distance2": 17.602457089642307, "_actor_vel2": 3.2259870377924713, "_brake": 0.6137311209597702, "_trigger_distance": 13.749043736374928, "_traffic_distance": 6.639325590343113, "weather": {"sun_altitude_angle": -76.5416784746961, "precipitation": 11.981928105280893, "wind_intensity": 66.30826332072554, "sun_azimuth_angle": 337.59564835721, "fog_distance": "0", "cloudiness": 96.98814681048977, "fog_density": 39.49715260785758, "wetness": 23.944988917604114, "precipitation_deposits": 9.004404794408295}}], "scenario_type": "Scenario59"}]}]}