{"available_scenarios": [{"Town05": [{"available_event_configurations": [{"transform": {"pitch": "0", "x": 31.5, "y": 69, "yaw": -90, "z": 0}, "_start_distance": 10.280495992012206, "_actor_vel": 4.285113910612537, "_start_distance2": 15.35566446712996, "_actor_vel2": 3.2214870784354144, "_brake": 0.9361797383638606, "_trigger_distance": 14.282814889275269, "_traffic_distance": 6.562235524205009, "weather": {"sun_altitude_angle": -82.12450386398605, "precipitation": 68.74634025347291, "wind_intensity": 60.1979112554901, "sun_azimuth_angle": 19.808594785835734, "fog_distance": "0", "cloudiness": 92.3210895144614, "fog_density": 30.277243775696817, "wetness": 21.01056509070859, "precipitation_deposits": 88.6896718124719}}], "scenario_type": "Scenario59"}], "Town03": [{"available_event_configurations": [{"transform": {"pitch": "0", "x": -86, "y": -81.9, "yaw": 90, "z": 0}, "_start_distance": 10.280495992012206, "_actor_vel": 4.285113910612537, "_start_distance2": 15.35566446712996, "_actor_vel2": 3.2214870784354144, "_brake": 0.9361797383638606, "_trigger_distance": 14.282814889275269, "_traffic_distance": 6.562235524205009, "weather": {"sun_altitude_angle": -82.12450386398605, "precipitation": 68.74634025347291, "wind_intensity": 60.1979112554901, "sun_azimuth_angle": 19.808594785835734, "fog_distance": "0", "cloudiness": 92.3210895144614, "fog_density": 30.277243775696817, "wetness": 21.01056509070859, "precipitation_deposits": 88.6896718124719}}], "scenario_type": "Scenario59"}]}]}