{"available_scenarios": [{"Town05": [{"available_event_configurations": [{"transform": {"pitch": "0", "x": 31.5, "y": 69, "yaw": -90, "z": 0}, "_start_distance": 10.330573484178935, "_actor_vel": 4.756041730705253, "_start_distance2": 18.332470616062682, "_actor_vel2": 3.1880317558874096, "_brake": 0.5201516189573675, "_trigger_distance": 14.641545283855928, "_traffic_distance": 5.70280407584057, "weather": {"sun_altitude_angle": -69.98361029138317, "precipitation": 28.446103686507797, "wind_intensity": 53.77026703296034, "sun_azimuth_angle": 216.7771028308303, "fog_distance": "0", "cloudiness": 2.2016291870188165, "fog_density": 96.50166176872487, "wetness": 57.29205470795904, "precipitation_deposits": 67.01142337404427}}], "scenario_type": "Scenario59"}], "Town03": [{"available_event_configurations": [{"transform": {"pitch": "0", "x": -86, "y": -81.9, "yaw": 90, "z": 0}, "_start_distance": 10.330573484178935, "_actor_vel": 4.756041730705253, "_start_distance2": 18.332470616062682, "_actor_vel2": 3.1880317558874096, "_brake": 0.5201516189573675, "_trigger_distance": 14.641545283855928, "_traffic_distance": 5.70280407584057, "weather": {"sun_altitude_angle": -69.98361029138317, "precipitation": 28.446103686507797, "wind_intensity": 53.77026703296034, "sun_azimuth_angle": 216.7771028308303, "fog_distance": "0", "cloudiness": 2.2016291870188165, "fog_density": 96.50166176872487, "wetness": 57.29205470795904, "precipitation_deposits": 67.01142337404427}}], "scenario_type": "Scenario59"}]}]}