{"available_scenarios": [{"Town05": [{"available_event_configurations": [{"transform": {"pitch": "0", "x": 31.5, "y": 69, "yaw": -90, "z": 0}, "_start_distance": 12.261961840441286, "_actor_vel": 4.366001387492263, "_start_distance2": 15.395238935542416, "_actor_vel2": 3.26496466135583, "_brake": 0.5269573925368052, "_trigger_distance": 13.584052632773274, "_traffic_distance": 9.806876380398382, "weather": {"sun_altitude_angle": 42.92616686157049, "precipitation": 46.740140371048376, "wind_intensity": 89.56098712721958, "sun_azimuth_angle": 57.35557652846054, "fog_distance": "0", "cloudiness": 65.29068464194023, "fog_density": 66.95666946864533, "wetness": 13.888231547081775, "precipitation_deposits": 63.146969503161884}}], "scenario_type": "Scenario59"}], "Town03": [{"available_event_configurations": [{"transform": {"pitch": "0", "x": -86, "y": -81.9, "yaw": 90, "z": 0}, "_start_distance": 12.261961840441286, "_actor_vel": 4.366001387492263, "_start_distance2": 15.395238935542416, "_actor_vel2": 3.26496466135583, "_brake": 0.5269573925368052, "_trigger_distance": 13.584052632773274, "_traffic_distance": 9.806876380398382, "weather": {"sun_altitude_angle": 42.92616686157049, "precipitation": 46.740140371048376, "wind_intensity": 89.56098712721958, "sun_azimuth_angle": 57.35557652846054, "fog_distance": "0", "cloudiness": 65.29068464194023, "fog_density": 66.95666946864533, "wetness": 13.888231547081775, "precipitation_deposits": 63.146969503161884}}], "scenario_type": "Scenario59"}]}]}