{"available_scenarios": [{"Town05": [{"available_event_configurations": [{"transform": {"pitch": "0", "x": 31.5, "y": 69, "yaw": -90, "z": 0}, "_start_distance": 8.14500419014536, "_actor_vel": 4.857849422648445, "_start_distance2": 17.350361955747353, "_actor_vel2": 3.440904620298064, "_brake": 0.7475097489467522, "_trigger_distance": 12.257706393586403, "_traffic_distance": 8.490437051899274, "weather": {"sun_altitude_angle": -36.792912541015596, "precipitation": 84.92047243675313, "wind_intensity": 65.92608846727846, "sun_azimuth_angle": 256.9756377477563, "fog_distance": "0", "cloudiness": 20.046427658920372, "fog_density": 33.17878911875668, "wetness": 54.37166136170922, "precipitation_deposits": 33.44635417980757}}], "scenario_type": "Scenario59"}], "Town03": [{"available_event_configurations": [{"transform": {"pitch": "0", "x": -86, "y": -81.9, "yaw": 90, "z": 0}, "_start_distance": 8.14500419014536, "_actor_vel": 4.857849422648445, "_start_distance2": 17.350361955747353, "_actor_vel2": 3.440904620298064, "_brake": 0.7475097489467522, "_trigger_distance": 12.257706393586403, "_traffic_distance": 8.490437051899274, "weather": {"sun_altitude_angle": -36.792912541015596, "precipitation": 84.92047243675313, "wind_intensity": 65.92608846727846, "sun_azimuth_angle": 256.9756377477563, "fog_distance": "0", "cloudiness": 20.046427658920372, "fog_density": 33.17878911875668, "wetness": 54.37166136170922, "precipitation_deposits": 33.44635417980757}}], "scenario_type": "Scenario59"}]}]}