{"available_scenarios": [{"Town05": [{"available_event_configurations": [{"transform": {"pitch": "0", "x": 31.5, "y": 69, "yaw": -90, "z": 0}, "_start_distance": 11.72810385119962, "_actor_vel": 4.19566693661048, "_start_distance2": 15.563138842829002, "_actor_vel2": 3.4601989470400136, "_brake": 0.6649590098160781, "_trigger_distance": 12.339068130038157, "_traffic_distance": 8.568369147306644, "weather": {"sun_altitude_angle": -5.076775677312298, "precipitation": 2.860160804089873, "wind_intensity": 66.25960965676381, "sun_azimuth_angle": 139.99249755461415, "fog_distance": "0", "cloudiness": 15.381679580885377, "fog_density": 52.84200953671255, "wetness": 94.11430477572523, "precipitation_deposits": 83.24406949862998}}], "scenario_type": "Scenario59"}], "Town03": [{"available_event_configurations": [{"transform": {"pitch": "0", "x": -86, "y": -81.9, "yaw": 90, "z": 0}, "_start_distance": 11.72810385119962, "_actor_vel": 4.19566693661048, "_start_distance2": 15.563138842829002, "_actor_vel2": 3.4601989470400136, "_brake": 0.6649590098160781, "_trigger_distance": 12.339068130038157, "_traffic_distance": 8.568369147306644, "weather": {"sun_altitude_angle": -5.076775677312298, "precipitation": 2.860160804089873, "wind_intensity": 66.25960965676381, "sun_azimuth_angle": 139.99249755461415, "fog_distance": "0", "cloudiness": 15.381679580885377, "fog_density": 52.84200953671255, "wetness": 94.11430477572523, "precipitation_deposits": 83.24406949862998}}], "scenario_type": "Scenario59"}]}]}