{"available_scenarios": [{"Town05": [{"available_event_configurations": [{"transform": {"pitch": "0", "x": 31.5, "y": 69, "yaw": -90, "z": 0}, "_start_distance": 9.291101093548273, "_actor_vel": 4.64786053280142, "_start_distance2": 18.922248117852455, "_actor_vel2": 3.207618983641981, "_brake": 0.9250163500769388, "_trigger_distance": 12.500015666471104, "_traffic_distance": 8.512862592195837, "weather": {"sun_altitude_angle": 62.75174629008001, "precipitation": 78.63031788834081, "wind_intensity": 23.433760892030286, "sun_azimuth_angle": 90.07487372518696, "fog_distance": "0", "cloudiness": 67.69331926842241, "fog_density": 58.1492000692595, "wetness": 13.001757878329611, "precipitation_deposits": 97.21554999884596}}], "scenario_type": "Scenario59"}], "Town03": [{"available_event_configurations": [{"transform": {"pitch": "0", "x": -86, "y": -81.9, "yaw": 90, "z": 0}, "_start_distance": 9.291101093548273, "_actor_vel": 4.64786053280142, "_start_distance2": 18.922248117852455, "_actor_vel2": 3.207618983641981, "_brake": 0.9250163500769388, "_trigger_distance": 12.500015666471104, "_traffic_distance": 8.512862592195837, "weather": {"sun_altitude_angle": 62.75174629008001, "precipitation": 78.63031788834081, "wind_intensity": 23.433760892030286, "sun_azimuth_angle": 90.07487372518696, "fog_distance": "0", "cloudiness": 67.69331926842241, "fog_density": 58.1492000692595, "wetness": 13.001757878329611, "precipitation_deposits": 97.21554999884596}}], "scenario_type": "Scenario59"}]}]}