{"available_scenarios": [{"Town05": [{"available_event_configurations": [{"transform": {"pitch": "0", "x": 31.5, "y": 69, "yaw": -90, "z": 0}, "_start_distance": 14.12510113169602, "_actor_vel": 4.242334825779165, "_start_distance2": 15.307804233169318, "_actor_vel2": 3.110765812636201, "_brake": 0.8218292259400467, "_trigger_distance": 12.482316302984746, "_traffic_distance": 6.591864069508985, "weather": {"sun_altitude_angle": 10.581093937365736, "precipitation": 69.49441214764472, "wind_intensity": 22.761934788736383, "sun_azimuth_angle": 203.98356006225708, "fog_distance": "0", "cloudiness": 27.349325078794095, "fog_density": 43.824452564651196, "wetness": 36.67012786555909, "precipitation_deposits": 11.096284537230916}}], "scenario_type": "Scenario59"}], "Town03": [{"available_event_configurations": [{"transform": {"pitch": "0", "x": -86, "y": -81.9, "yaw": 90, "z": 0}, "_start_distance": 14.12510113169602, "_actor_vel": 4.242334825779165, "_start_distance2": 15.307804233169318, "_actor_vel2": 3.110765812636201, "_brake": 0.8218292259400467, "_trigger_distance": 12.482316302984746, "_traffic_distance": 6.591864069508985, "weather": {"sun_altitude_angle": 10.581093937365736, "precipitation": 69.49441214764472, "wind_intensity": 22.761934788736383, "sun_azimuth_angle": 203.98356006225708, "fog_distance": "0", "cloudiness": 27.349325078794095, "fog_density": 43.824452564651196, "wetness": 36.67012786555909, "precipitation_deposits": 11.096284537230916}}], "scenario_type": "Scenario59"}]}]}