{"available_scenarios": [{"Town05": [{"available_event_configurations": [{"transform": {"pitch": "0", "x": 31.5, "y": 69, "yaw": -90, "z": 0}, "_start_distance": 8.826302562539114, "_actor_vel": 4.851901471202378, "_start_distance2": 17.23987363127331, "_actor_vel2": 3.1258820184302722, "_brake": 0.5568715672531701, "_trigger_distance": 14.692914479292167, "_traffic_distance": 8.095594865427447, "weather": {"sun_altitude_angle": -61.21727637662823, "precipitation": 63.52049674413989, "wind_intensity": 23.125900125789776, "sun_azimuth_angle": 117.00028448331649, "fog_distance": "0", "cloudiness": 36.51681810062808, "fog_density": 65.08110811499512, "wetness": 54.947551549541, "precipitation_deposits": 62.310052253210955}}], "scenario_type": "Scenario59"}], "Town03": [{"available_event_configurations": [{"transform": {"pitch": "0", "x": -86, "y": -81.9, "yaw": 90, "z": 0}, "_start_distance": 8.826302562539114, "_actor_vel": 4.851901471202378, "_start_distance2": 17.23987363127331, "_actor_vel2": 3.1258820184302722, "_brake": 0.5568715672531701, "_trigger_distance": 14.692914479292167, "_traffic_distance": 8.095594865427447, "weather": {"sun_altitude_angle": -61.21727637662823, "precipitation": 63.52049674413989, "wind_intensity": 23.125900125789776, "sun_azimuth_angle": 117.00028448331649, "fog_distance": "0", "cloudiness": 36.51681810062808, "fog_density": 65.08110811499512, "wetness": 54.947551549541, "precipitation_deposits": 62.310052253210955}}], "scenario_type": "Scenario59"}]}]}