{"available_scenarios": [{"Town05": [{"available_event_configurations": [{"transform": {"pitch": "0", "x": 31.5, "y": 69, "yaw": -90, "z": 0}, "_start_distance": 9.437069538547615, "_actor_vel": 4.8113216930836575, "_start_distance2": 16.80757048334032, "_actor_vel2": 3.294978996243338, "_brake": 0.6471681297862854, "_trigger_distance": 14.568136562133844, "_traffic_distance": 8.663732269259159, "weather": {"sun_altitude_angle": -73.26845381029304, "precipitation": 28.456939653770686, "wind_intensity": 54.12517338821039, "sun_azimuth_angle": 1.6216183109937932, "fog_distance": "0", "cloudiness": 64.72169879589906, "fog_density": 81.26559775148525, "wetness": 87.50108447535075, "precipitation_deposits": 93.93880563269059}}], "scenario_type": "Scenario59"}], "Town03": [{"available_event_configurations": [{"transform": {"pitch": "0", "x": -86, "y": -81.9, "yaw": 90, "z": 0}, "_start_distance": 9.437069538547615, "_actor_vel": 4.8113216930836575, "_start_distance2": 16.80757048334032, "_actor_vel2": 3.294978996243338, "_brake": 0.6471681297862854, "_trigger_distance": 14.568136562133844, "_traffic_distance": 8.663732269259159, "weather": {"sun_altitude_angle": -73.26845381029304, "precipitation": 28.456939653770686, "wind_intensity": 54.12517338821039, "sun_azimuth_angle": 1.6216183109937932, "fog_distance": "0", "cloudiness": 64.72169879589906, "fog_density": 81.26559775148525, "wetness": 87.50108447535075, "precipitation_deposits": 93.93880563269059}}], "scenario_type": "Scenario59"}]}]}