{"available_scenarios": [{"Town05": [{"available_event_configurations": [{"transform": {"pitch": "0", "x": 31.5, "y": 69, "yaw": -90, "z": 0}, "_start_distance": 12.546126004923872, "_actor_vel": 4.641471502244374, "_start_distance2": 18.162616046424695, "_actor_vel2": 3.4650100762071516, "_brake": 0.6778792048176933, "_trigger_distance": 12.98118845463431, "_traffic_distance": 5.911814497127949, "weather": {"sun_altitude_angle": 34.39123399583063, "precipitation": 57.35298474426314, "wind_intensity": 51.32977010132769, "sun_azimuth_angle": 194.76850357695608, "fog_distance": "0", "cloudiness": 39.98484384769573, "fog_density": 68.5892115226811, "wetness": 27.747881303207823, "precipitation_deposits": 68.35262948388859}}], "scenario_type": "Scenario59"}], "Town03": [{"available_event_configurations": [{"transform": {"pitch": "0", "x": -86, "y": -81.9, "yaw": 90, "z": 0}, "_start_distance": 12.546126004923872, "_actor_vel": 4.641471502244374, "_start_distance2": 18.162616046424695, "_actor_vel2": 3.4650100762071516, "_brake": 0.6778792048176933, "_trigger_distance": 12.98118845463431, "_traffic_distance": 5.911814497127949, "weather": {"sun_altitude_angle": 34.39123399583063, "precipitation": 57.35298474426314, "wind_intensity": 51.32977010132769, "sun_azimuth_angle": 194.76850357695608, "fog_distance": "0", "cloudiness": 39.98484384769573, "fog_density": 68.5892115226811, "wetness": 27.747881303207823, "precipitation_deposits": 68.35262948388859}}], "scenario_type": "Scenario59"}]}]}