{"available_scenarios": [{"Town05": [{"available_event_configurations": [{"transform": {"pitch": "0", "x": 31.5, "y": 69, "yaw": -90, "z": 0}, "_start_distance": 12.416383916286804, "_actor_vel": 4.784900088146245, "_start_distance2": 16.152526818788143, "_actor_vel2": 3.4471413261205646, "_brake": 0.5441293207354649, "_trigger_distance": 13.059239809556384, "_traffic_distance": 7.099630345946729, "weather": {"sun_altitude_angle": 33.07808204557951, "precipitation": 41.447761391918114, "wind_intensity": 76.22188806064446, "sun_azimuth_angle": 20.9133715247986, "fog_distance": "0", "cloudiness": 15.9324359116372, "fog_density": 83.85389742036782, "wetness": 36.20903256573648, "precipitation_deposits": 15.438348006861503}}], "scenario_type": "Scenario59"}], "Town03": [{"available_event_configurations": [{"transform": {"pitch": "0", "x": -86, "y": -81.9, "yaw": 90, "z": 0}, "_start_distance": 12.416383916286804, "_actor_vel": 4.784900088146245, "_start_distance2": 16.152526818788143, "_actor_vel2": 3.4471413261205646, "_brake": 0.5441293207354649, "_trigger_distance": 13.059239809556384, "_traffic_distance": 7.099630345946729, "weather": {"sun_altitude_angle": 33.07808204557951, "precipitation": 41.447761391918114, "wind_intensity": 76.22188806064446, "sun_azimuth_angle": 20.9133715247986, "fog_distance": "0", "cloudiness": 15.9324359116372, "fog_density": 83.85389742036782, "wetness": 36.20903256573648, "precipitation_deposits": 15.438348006861503}}], "scenario_type": "Scenario59"}]}]}