{"available_scenarios": [{"Town05": [{"available_event_configurations": [{"transform": {"pitch": "0", "x": 31.5, "y": 69, "yaw": -90, "z": 0}, "_start_distance": 9.350897917499928, "_actor_vel": 4.782547720557325, "_start_distance2": 16.274736104913384, "_actor_vel2": 3.4697618398853045, "_brake": 0.9241188153726677, "_trigger_distance": 12.353829864299268, "_traffic_distance": 7.525949615328548, "weather": {"sun_altitude_angle": 88.73366606635628, "precipitation": 96.3144783582668, "wind_intensity": 54.2012995512235, "sun_azimuth_angle": 18.012818604015667, "fog_distance": "0", "cloudiness": 42.68594797851446, "fog_density": 35.03225157919134, "wetness": 93.49614858664458, "precipitation_deposits": 17.82283044737789}}], "scenario_type": "Scenario59"}], "Town03": [{"available_event_configurations": [{"transform": {"pitch": "0", "x": -86, "y": -81.9, "yaw": 90, "z": 0}, "_start_distance": 9.350897917499928, "_actor_vel": 4.782547720557325, "_start_distance2": 16.274736104913384, "_actor_vel2": 3.4697618398853045, "_brake": 0.9241188153726677, "_trigger_distance": 12.353829864299268, "_traffic_distance": 7.525949615328548, "weather": {"sun_altitude_angle": 88.73366606635628, "precipitation": 96.3144783582668, "wind_intensity": 54.2012995512235, "sun_azimuth_angle": 18.012818604015667, "fog_distance": "0", "cloudiness": 42.68594797851446, "fog_density": 35.03225157919134, "wetness": 93.49614858664458, "precipitation_deposits": 17.82283044737789}}], "scenario_type": "Scenario59"}]}]}