{"available_scenarios": [{"Town05": [{"available_event_configurations": [{"transform": {"pitch": "0", "x": 31.5, "y": 69, "yaw": -90, "z": 0}, "_start_distance": 8.451318808661927, "_actor_vel": 4.194921616690714, "_start_distance2": 18.185656144803588, "_actor_vel2": 3.2541216555051307, "_brake": 0.7600794375756392, "_trigger_distance": 12.485426032287709, "_traffic_distance": 8.700497503599696, "weather": {"sun_altitude_angle": 65.37847149595268, "precipitation": 32.43596421111712, "wind_intensity": 71.56754479521908, "sun_azimuth_angle": 146.98489806113594, "fog_distance": "0", "cloudiness": 2.0443928141333667, "fog_density": 41.25046058027586, "wetness": 34.20333178163787, "precipitation_deposits": 2.740141275562047}}], "scenario_type": "Scenario59"}], "Town03": [{"available_event_configurations": [{"transform": {"pitch": "0", "x": -86, "y": -81.9, "yaw": 90, "z": 0}, "_start_distance": 8.451318808661927, "_actor_vel": 4.194921616690714, "_start_distance2": 18.185656144803588, "_actor_vel2": 3.2541216555051307, "_brake": 0.7600794375756392, "_trigger_distance": 12.485426032287709, "_traffic_distance": 8.700497503599696, "weather": {"sun_altitude_angle": 65.37847149595268, "precipitation": 32.43596421111712, "wind_intensity": 71.56754479521908, "sun_azimuth_angle": 146.98489806113594, "fog_distance": "0", "cloudiness": 2.0443928141333667, "fog_density": 41.25046058027586, "wetness": 34.20333178163787, "precipitation_deposits": 2.740141275562047}}], "scenario_type": "Scenario59"}]}]}