{"available_scenarios": [{"Town05": [{"available_event_configurations": [{"transform": {"pitch": "0", "x": 31.5, "y": 69, "yaw": -90, "z": 0}, "_start_distance": 9.685917237289964, "_actor_vel": 4.977306666398196, "_start_distance2": 18.867481272880518, "_actor_vel2": 3.2888423556714415, "_brake": 0.7656476279232988, "_trigger_distance": 12.554598590764847, "_traffic_distance": 8.271662429170847, "weather": {"sun_altitude_angle": -35.6504518013569, "precipitation": 95.42358728854559, "wind_intensity": 19.24344464219795, "sun_azimuth_angle": 153.21346033919318, "fog_distance": "0", "cloudiness": 68.73173081519622, "fog_density": 37.65694521311524, "wetness": 39.05039425126288, "precipitation_deposits": 22.714040146600023}}], "scenario_type": "Scenario59"}], "Town03": [{"available_event_configurations": [{"transform": {"pitch": "0", "x": -86, "y": -81.9, "yaw": 90, "z": 0}, "_start_distance": 9.685917237289964, "_actor_vel": 4.977306666398196, "_start_distance2": 18.867481272880518, "_actor_vel2": 3.2888423556714415, "_brake": 0.7656476279232988, "_trigger_distance": 12.554598590764847, "_traffic_distance": 8.271662429170847, "weather": {"sun_altitude_angle": -35.6504518013569, "precipitation": 95.42358728854559, "wind_intensity": 19.24344464219795, "sun_azimuth_angle": 153.21346033919318, "fog_distance": "0", "cloudiness": 68.73173081519622, "fog_density": 37.65694521311524, "wetness": 39.05039425126288, "precipitation_deposits": 22.714040146600023}}], "scenario_type": "Scenario59"}]}]}