{"available_scenarios": [{"Town05": [{"available_event_configurations": [{"transform": {"pitch": "0", "x": 31.5, "y": 69, "yaw": -90, "z": 0}, "_start_distance": 10.810042257642642, "_actor_vel": 4.9653295431735955, "_start_distance2": 16.027739950383186, "_actor_vel2": 3.0848563729024514, "_brake": 0.9417747092489477, "_trigger_distance": 13.348756933307733, "_traffic_distance": 8.582399535666541, "weather": {"sun_altitude_angle": -10.843709439043622, "precipitation": 30.976124702565542, "wind_intensity": 36.02948609651353, "sun_azimuth_angle": 154.78654413517629, "fog_distance": "0", "cloudiness": 60.18195880658135, "fog_density": 92.14001317329593, "wetness": 18.235715146733778, "precipitation_deposits": 49.56816307691271}}], "scenario_type": "Scenario59"}], "Town03": [{"available_event_configurations": [{"transform": {"pitch": "0", "x": -86, "y": -81.9, "yaw": 90, "z": 0}, "_start_distance": 10.810042257642642, "_actor_vel": 4.9653295431735955, "_start_distance2": 16.027739950383186, "_actor_vel2": 3.0848563729024514, "_brake": 0.9417747092489477, "_trigger_distance": 13.348756933307733, "_traffic_distance": 8.582399535666541, "weather": {"sun_altitude_angle": -10.843709439043622, "precipitation": 30.976124702565542, "wind_intensity": 36.02948609651353, "sun_azimuth_angle": 154.78654413517629, "fog_distance": "0", "cloudiness": 60.18195880658135, "fog_density": 92.14001317329593, "wetness": 18.235715146733778, "precipitation_deposits": 49.56816307691271}}], "scenario_type": "Scenario59"}]}]}