{"available_scenarios": [{"Town05": [{"available_event_configurations": [{"transform": {"pitch": "0", "x": 31.5, "y": 69, "yaw": -90, "z": 0}, "_start_distance": 9.146734336979922, "_actor_vel": 4.628616987256852, "_start_distance2": 15.054023799412523, "_actor_vel2": 3.1367007711091395, "_brake": 0.8231222588121359, "_trigger_distance": 13.746702687359374, "_traffic_distance": 6.7015653837264555, "weather": {"sun_altitude_angle": -18.40582534782699, "precipitation": 47.435251696477174, "wind_intensity": 25.503584923530852, "sun_azimuth_angle": 244.9168779159425, "fog_distance": "0", "cloudiness": 31.670450109787662, "fog_density": 17.35157241818336, "wetness": 96.61499266558707, "precipitation_deposits": 45.856119269418535}}], "scenario_type": "Scenario59"}], "Town03": [{"available_event_configurations": [{"transform": {"pitch": "0", "x": -86, "y": -81.9, "yaw": 90, "z": 0}, "_start_distance": 9.146734336979922, "_actor_vel": 4.628616987256852, "_start_distance2": 15.054023799412523, "_actor_vel2": 3.1367007711091395, "_brake": 0.8231222588121359, "_trigger_distance": 13.746702687359374, "_traffic_distance": 6.7015653837264555, "weather": {"sun_altitude_angle": -18.40582534782699, "precipitation": 47.435251696477174, "wind_intensity": 25.503584923530852, "sun_azimuth_angle": 244.9168779159425, "fog_distance": "0", "cloudiness": 31.670450109787662, "fog_density": 17.35157241818336, "wetness": 96.61499266558707, "precipitation_deposits": 45.856119269418535}}], "scenario_type": "Scenario59"}]}]}