{"available_scenarios": [{"Town05": [{"available_event_configurations": [{"transform": {"pitch": "0", "x": 31.5, "y": 69, "yaw": -90, "z": 0}, "_start_distance": 13.065271365698033, "_actor_vel": 4.385742189362473, "_start_distance2": 18.604254143408962, "_actor_vel2": 3.3333523663080586, "_brake": 0.8598392487445725, "_trigger_distance": 13.068595201365493, "_traffic_distance": 7.774235496105936, "weather": {"sun_altitude_angle": 75.37885778537523, "precipitation": 69.55255145998377, "wind_intensity": 86.55046794433305, "sun_azimuth_angle": 71.6957286875608, "fog_distance": "0", "cloudiness": 33.66632535833419, "fog_density": 26.27702274727102, "wetness": 75.79519566242702, "precipitation_deposits": 53.35662178356265}}], "scenario_type": "Scenario59"}], "Town03": [{"available_event_configurations": [{"transform": {"pitch": "0", "x": -86, "y": -81.9, "yaw": 90, "z": 0}, "_start_distance": 13.065271365698033, "_actor_vel": 4.385742189362473, "_start_distance2": 18.604254143408962, "_actor_vel2": 3.3333523663080586, "_brake": 0.8598392487445725, "_trigger_distance": 13.068595201365493, "_traffic_distance": 7.774235496105936, "weather": {"sun_altitude_angle": 75.37885778537523, "precipitation": 69.55255145998377, "wind_intensity": 86.55046794433305, "sun_azimuth_angle": 71.6957286875608, "fog_distance": "0", "cloudiness": 33.66632535833419, "fog_density": 26.27702274727102, "wetness": 75.79519566242702, "precipitation_deposits": 53.35662178356265}}], "scenario_type": "Scenario59"}]}]}