{"available_scenarios": [{"Town05": [{"available_event_configurations": [{"transform": {"pitch": "0", "x": 31.5, "y": 69, "yaw": -90, "z": 0}, "_start_distance": 8.663766436708723, "_actor_vel": 4.571017329846519, "_start_distance2": 16.705992135846184, "_actor_vel2": 3.4616903592200368, "_brake": 0.8650278234459681, "_trigger_distance": 14.492097184221977, "_traffic_distance": 5.932018373226538, "weather": {"sun_altitude_angle": -44.12893235002895, "precipitation": 41.72319682874712, "wind_intensity": 23.873410199302835, "sun_azimuth_angle": 129.4305203481333, "fog_distance": "0", "cloudiness": 93.05474226626184, "fog_density": 1.0159793067971101, "wetness": 75.71088079809792, "precipitation_deposits": 26.033158166036774}}], "scenario_type": "Scenario59"}], "Town03": [{"available_event_configurations": [{"transform": {"pitch": "0", "x": -86, "y": -81.9, "yaw": 90, "z": 0}, "_start_distance": 8.663766436708723, "_actor_vel": 4.571017329846519, "_start_distance2": 16.705992135846184, "_actor_vel2": 3.4616903592200368, "_brake": 0.8650278234459681, "_trigger_distance": 14.492097184221977, "_traffic_distance": 5.932018373226538, "weather": {"sun_altitude_angle": -44.12893235002895, "precipitation": 41.72319682874712, "wind_intensity": 23.873410199302835, "sun_azimuth_angle": 129.4305203481333, "fog_distance": "0", "cloudiness": 93.05474226626184, "fog_density": 1.0159793067971101, "wetness": 75.71088079809792, "precipitation_deposits": 26.033158166036774}}], "scenario_type": "Scenario59"}]}]}