{"available_scenarios": [{"Town05": [{"available_event_configurations": [{"transform": {"pitch": "0", "x": 31.5, "y": 69, "yaw": -90, "z": 0}, "_start_distance": 13.399193484666737, "_actor_vel": 4.492149079671385, "_start_distance2": 15.389647045641711, "_actor_vel2": 3.3367463507621324, "_brake": 0.7754464336340607, "_trigger_distance": 12.900603569712157, "_traffic_distance": 7.464781132407996, "weather": {"sun_altitude_angle": -16.75509557702844, "precipitation": 93.82184735795501, "wind_intensity": 82.96235743067383, "sun_azimuth_angle": 193.64463779946047, "fog_distance": "0", "cloudiness": 97.32408479205094, "fog_density": 11.091769689043362, "wetness": 79.16977550488859, "precipitation_deposits": 62.14821393819224}}], "scenario_type": "Scenario59"}], "Town03": [{"available_event_configurations": [{"transform": {"pitch": "0", "x": -86, "y": -81.9, "yaw": 90, "z": 0}, "_start_distance": 13.399193484666737, "_actor_vel": 4.492149079671385, "_start_distance2": 15.389647045641711, "_actor_vel2": 3.3367463507621324, "_brake": 0.7754464336340607, "_trigger_distance": 12.900603569712157, "_traffic_distance": 7.464781132407996, "weather": {"sun_altitude_angle": -16.75509557702844, "precipitation": 93.82184735795501, "wind_intensity": 82.96235743067383, "sun_azimuth_angle": 193.64463779946047, "fog_distance": "0", "cloudiness": 97.32408479205094, "fog_density": 11.091769689043362, "wetness": 79.16977550488859, "precipitation_deposits": 62.14821393819224}}], "scenario_type": "Scenario59"}]}]}