{"available_scenarios": [{"Town05": [{"available_event_configurations": [{"transform": {"pitch": "0", "x": 31.5, "y": 69, "yaw": -90, "z": 0}, "_start_distance": 11.177462884980065, "_actor_vel": 4.324163207517088, "_start_distance2": 16.41361599105395, "_actor_vel2": 3.4685459754749948, "_brake": 0.8384127772833304, "_trigger_distance": 12.80718402955348, "_traffic_distance": 7.90509353966738, "weather": {"sun_altitude_angle": -70.16608863678441, "precipitation": 73.24188131341748, "wind_intensity": 30.984341541712823, "sun_azimuth_angle": 0.7803198382462018, "fog_distance": "0", "cloudiness": 63.12503807165807, "fog_density": 85.62237663475916, "wetness": 9.096405667020925, "precipitation_deposits": 22.8944619471366}}], "scenario_type": "Scenario59"}], "Town03": [{"available_event_configurations": [{"transform": {"pitch": "0", "x": -86, "y": -81.9, "yaw": 90, "z": 0}, "_start_distance": 11.177462884980065, "_actor_vel": 4.324163207517088, "_start_distance2": 16.41361599105395, "_actor_vel2": 3.4685459754749948, "_brake": 0.8384127772833304, "_trigger_distance": 12.80718402955348, "_traffic_distance": 7.90509353966738, "weather": {"sun_altitude_angle": -70.16608863678441, "precipitation": 73.24188131341748, "wind_intensity": 30.984341541712823, "sun_azimuth_angle": 0.7803198382462018, "fog_distance": "0", "cloudiness": 63.12503807165807, "fog_density": 85.62237663475916, "wetness": 9.096405667020925, "precipitation_deposits": 22.8944619471366}}], "scenario_type": "Scenario59"}]}]}