{"available_scenarios": [{"Town05": [{"available_event_configurations": [{"transform": {"pitch": "0", "x": 31.5, "y": 69, "yaw": -90, "z": 0}, "_start_distance": 8.554075095879641, "_actor_vel": 4.033107707822102, "_start_distance2": 16.2377466756658, "_actor_vel2": 3.4283788442716574, "_brake": 0.9236359580728362, "_trigger_distance": 13.551723369236052, "_traffic_distance": 6.775064246203917, "weather": {"sun_altitude_angle": 52.421298609389765, "precipitation": 59.65873458864722, "wind_intensity": 40.30154973840747, "sun_azimuth_angle": 255.64479726663242, "fog_distance": "0", "cloudiness": 26.569108888147664, "fog_density": 76.9916641519542, "wetness": 6.30006052481713, "precipitation_deposits": 94.63067902203602}}], "scenario_type": "Scenario59"}], "Town03": [{"available_event_configurations": [{"transform": {"pitch": "0", "x": -86, "y": -81.9, "yaw": 90, "z": 0}, "_start_distance": 8.554075095879641, "_actor_vel": 4.033107707822102, "_start_distance2": 16.2377466756658, "_actor_vel2": 3.4283788442716574, "_brake": 0.9236359580728362, "_trigger_distance": 13.551723369236052, "_traffic_distance": 6.775064246203917, "weather": {"sun_altitude_angle": 52.421298609389765, "precipitation": 59.65873458864722, "wind_intensity": 40.30154973840747, "sun_azimuth_angle": 255.64479726663242, "fog_distance": "0", "cloudiness": 26.569108888147664, "fog_density": 76.9916641519542, "wetness": 6.30006052481713, "precipitation_deposits": 94.63067902203602}}], "scenario_type": "Scenario59"}]}]}