{"available_scenarios": [{"Town05": [{"available_event_configurations": [{"transform": {"pitch": "0", "x": 31.5, "y": 69, "yaw": -90, "z": 0}, "_start_distance": 9.441596862423586, "_actor_vel": 4.539433918779007, "_start_distance2": 17.050920128438225, "_actor_vel2": 3.4817209533332276, "_brake": 0.9140238038363238, "_trigger_distance": 12.979503547820842, "_traffic_distance": 6.971911910941032, "weather": {"sun_altitude_angle": 40.58122431316431, "precipitation": 49.46493302150125, "wind_intensity": 89.14903166393523, "sun_azimuth_angle": 125.65228801997067, "fog_distance": "0", "cloudiness": 14.948574380234136, "fog_density": 13.393368717654297, "wetness": 68.76403900940494, "precipitation_deposits": 7.9681700959143065}}], "scenario_type": "Scenario59"}], "Town03": [{"available_event_configurations": [{"transform": {"pitch": "0", "x": -86, "y": -81.9, "yaw": 90, "z": 0}, "_start_distance": 9.441596862423586, "_actor_vel": 4.539433918779007, "_start_distance2": 17.050920128438225, "_actor_vel2": 3.4817209533332276, "_brake": 0.9140238038363238, "_trigger_distance": 12.979503547820842, "_traffic_distance": 6.971911910941032, "weather": {"sun_altitude_angle": 40.58122431316431, "precipitation": 49.46493302150125, "wind_intensity": 89.14903166393523, "sun_azimuth_angle": 125.65228801997067, "fog_distance": "0", "cloudiness": 14.948574380234136, "fog_density": 13.393368717654297, "wetness": 68.76403900940494, "precipitation_deposits": 7.9681700959143065}}], "scenario_type": "Scenario59"}]}]}