{"available_scenarios": [{"Town05": [{"available_event_configurations": [{"transform": {"pitch": "0", "x": 31.5, "y": 69, "yaw": -90, "z": 0}, "_start_distance": 9.63253317381783, "_actor_vel": 4.3392091963025425, "_start_distance2": 15.993281607044786, "_actor_vel2": 3.3757825829500705, "_brake": 0.8733592098511791, "_trigger_distance": 13.852657027343273, "_traffic_distance": 8.84404170524645, "weather": {"sun_altitude_angle": -61.15910076923776, "precipitation": 67.28328617985548, "wind_intensity": 96.29026116220177, "sun_azimuth_angle": 16.009295015412583, "fog_distance": "0", "cloudiness": 20.76761469916526, "fog_density": 90.229377067466, "wetness": 65.70065928885774, "precipitation_deposits": 51.872948344015924}}], "scenario_type": "Scenario59"}], "Town03": [{"available_event_configurations": [{"transform": {"pitch": "0", "x": -86, "y": -81.9, "yaw": 90, "z": 0}, "_start_distance": 9.63253317381783, "_actor_vel": 4.3392091963025425, "_start_distance2": 15.993281607044786, "_actor_vel2": 3.3757825829500705, "_brake": 0.8733592098511791, "_trigger_distance": 13.852657027343273, "_traffic_distance": 8.84404170524645, "weather": {"sun_altitude_angle": -61.15910076923776, "precipitation": 67.28328617985548, "wind_intensity": 96.29026116220177, "sun_azimuth_angle": 16.009295015412583, "fog_distance": "0", "cloudiness": 20.76761469916526, "fog_density": 90.229377067466, "wetness": 65.70065928885774, "precipitation_deposits": 51.872948344015924}}], "scenario_type": "Scenario59"}]}]}