{"available_scenarios": [{"Town05": [{"available_event_configurations": [{"transform": {"pitch": "0", "x": 31.5, "y": 69, "yaw": -90, "z": 0}, "_start_distance": 14.464487691117288, "_actor_vel": 4.160673187570627, "_start_distance2": 15.77731283502991, "_actor_vel2": 3.4912901243443297, "_brake": 0.6280131295061889, "_trigger_distance": 14.842762791439311, "_traffic_distance": 5.43015115540065, "weather": {"sun_altitude_angle": -3.6157548523279246, "precipitation": 85.66433946824262, "wind_intensity": 85.9565732102365, "sun_azimuth_angle": 170.3105190751561, "fog_distance": "0", "cloudiness": 58.317048215458115, "fog_density": 83.481062222127, "wetness": 13.652698383576723, "precipitation_deposits": 95.98579123050484}}], "scenario_type": "Scenario59"}], "Town03": [{"available_event_configurations": [{"transform": {"pitch": "0", "x": -86, "y": -81.9, "yaw": 90, "z": 0}, "_start_distance": 14.464487691117288, "_actor_vel": 4.160673187570627, "_start_distance2": 15.77731283502991, "_actor_vel2": 3.4912901243443297, "_brake": 0.6280131295061889, "_trigger_distance": 14.842762791439311, "_traffic_distance": 5.43015115540065, "weather": {"sun_altitude_angle": -3.6157548523279246, "precipitation": 85.66433946824262, "wind_intensity": 85.9565732102365, "sun_azimuth_angle": 170.3105190751561, "fog_distance": "0", "cloudiness": 58.317048215458115, "fog_density": 83.481062222127, "wetness": 13.652698383576723, "precipitation_deposits": 95.98579123050484}}], "scenario_type": "Scenario59"}]}]}