{"available_scenarios": [{"Town05": [{"available_event_configurations": [{"transform": {"pitch": "0", "x": 31.5, "y": 69, "yaw": -90, "z": 0}, "_start_distance": 12.95146589503484, "_actor_vel": 4.639001333563293, "_start_distance2": 16.773537644322356, "_actor_vel2": 3.371214735972944, "_brake": 0.860325626007342, "_trigger_distance": 12.436451205071943, "_traffic_distance": 6.590843839919431, "weather": {"sun_altitude_angle": 18.597324286211958, "precipitation": 27.938277343194706, "wind_intensity": 79.72839400202287, "sun_azimuth_angle": 123.1480511828377, "fog_distance": "0", "cloudiness": 33.20419523939824, "fog_density": 81.78682614051047, "wetness": 8.396610632186752, "precipitation_deposits": 16.492251445049856}}], "scenario_type": "Scenario59"}], "Town03": [{"available_event_configurations": [{"transform": {"pitch": "0", "x": -86, "y": -81.9, "yaw": 90, "z": 0}, "_start_distance": 12.95146589503484, "_actor_vel": 4.639001333563293, "_start_distance2": 16.773537644322356, "_actor_vel2": 3.371214735972944, "_brake": 0.860325626007342, "_trigger_distance": 12.436451205071943, "_traffic_distance": 6.590843839919431, "weather": {"sun_altitude_angle": 18.597324286211958, "precipitation": 27.938277343194706, "wind_intensity": 79.72839400202287, "sun_azimuth_angle": 123.1480511828377, "fog_distance": "0", "cloudiness": 33.20419523939824, "fog_density": 81.78682614051047, "wetness": 8.396610632186752, "precipitation_deposits": 16.492251445049856}}], "scenario_type": "Scenario59"}]}]}