{"available_scenarios": [{"Town05": [{"available_event_configurations": [{"transform": {"pitch": "0", "x": 31.5, "y": 69, "yaw": -90, "z": 0}, "_start_distance": 8.809445102460451, "_actor_vel": 4.562061686796088, "_start_distance2": 16.603140271031435, "_actor_vel2": 3.0209093314957403, "_brake": 0.6403561049586701, "_trigger_distance": 13.488598584074769, "_traffic_distance": 9.301853857498106, "weather": {"sun_altitude_angle": -6.979900265507496, "precipitation": 51.52564487429889, "wind_intensity": 6.06433053990113, "sun_azimuth_angle": 86.89099352814193, "fog_distance": "0", "cloudiness": 26.9739896152127, "fog_density": 69.5732937135464, "wetness": 80.75516946519761, "precipitation_deposits": 23.51965084636759}}], "scenario_type": "Scenario59"}], "Town03": [{"available_event_configurations": [{"transform": {"pitch": "0", "x": -86, "y": -81.9, "yaw": 90, "z": 0}, "_start_distance": 8.809445102460451, "_actor_vel": 4.562061686796088, "_start_distance2": 16.603140271031435, "_actor_vel2": 3.0209093314957403, "_brake": 0.6403561049586701, "_trigger_distance": 13.488598584074769, "_traffic_distance": 9.301853857498106, "weather": {"sun_altitude_angle": -6.979900265507496, "precipitation": 51.52564487429889, "wind_intensity": 6.06433053990113, "sun_azimuth_angle": 86.89099352814193, "fog_distance": "0", "cloudiness": 26.9739896152127, "fog_density": 69.5732937135464, "wetness": 80.75516946519761, "precipitation_deposits": 23.51965084636759}}], "scenario_type": "Scenario59"}]}]}