{"available_scenarios": [{"Town05": [{"available_event_configurations": [{"transform": {"pitch": "0", "x": 31.5, "y": 69, "yaw": -90, "z": 0}, "_start_distance": 8.599117468902659, "_actor_vel": 4.861017643566094, "_start_distance2": 16.416286046746336, "_actor_vel2": 3.4141050694894943, "_brake": 0.8404542503227952, "_trigger_distance": 12.196127805902027, "_traffic_distance": 7.526112199092489, "weather": {"sun_altitude_angle": 89.73856303439189, "precipitation": 66.91492249631632, "wind_intensity": 31.777297505492097, "sun_azimuth_angle": 347.1324658932666, "fog_distance": "0", "cloudiness": 2.212762675247426, "fog_density": 0.47466740221003834, "wetness": 18.967255326259657, "precipitation_deposits": 15.11410827804075}}], "scenario_type": "Scenario59"}], "Town03": [{"available_event_configurations": [{"transform": {"pitch": "0", "x": -86, "y": -81.9, "yaw": 90, "z": 0}, "_start_distance": 8.599117468902659, "_actor_vel": 4.861017643566094, "_start_distance2": 16.416286046746336, "_actor_vel2": 3.4141050694894943, "_brake": 0.8404542503227952, "_trigger_distance": 12.196127805902027, "_traffic_distance": 7.526112199092489, "weather": {"sun_altitude_angle": 89.73856303439189, "precipitation": 66.91492249631632, "wind_intensity": 31.777297505492097, "sun_azimuth_angle": 347.1324658932666, "fog_distance": "0", "cloudiness": 2.212762675247426, "fog_density": 0.47466740221003834, "wetness": 18.967255326259657, "precipitation_deposits": 15.11410827804075}}], "scenario_type": "Scenario59"}]}]}