{"available_scenarios": [{"Town05": [{"available_event_configurations": [{"transform": {"pitch": "0", "x": 31.5, "y": 69, "yaw": -90, "z": 0}, "_start_distance": 8.391681858566145, "_actor_vel": 4.068489958584562, "_start_distance2": 18.61392675674125, "_actor_vel2": 3.018565713901021, "_brake": 0.5596017329819535, "_trigger_distance": 13.787598845991083, "_traffic_distance": 6.176153774671791, "weather": {"sun_altitude_angle": 4.4900659471993265, "precipitation": 61.37135610375817, "wind_intensity": 74.96890986108933, "sun_azimuth_angle": 286.67938092113053, "fog_distance": "0", "cloudiness": 80.94026005139574, "fog_density": 7.4993522889193365, "wetness": 41.970344001980486, "precipitation_deposits": 96.44813575264428}}], "scenario_type": "Scenario59"}], "Town03": [{"available_event_configurations": [{"transform": {"pitch": "0", "x": -86, "y": -81.9, "yaw": 90, "z": 0}, "_start_distance": 8.391681858566145, "_actor_vel": 4.068489958584562, "_start_distance2": 18.61392675674125, "_actor_vel2": 3.018565713901021, "_brake": 0.5596017329819535, "_trigger_distance": 13.787598845991083, "_traffic_distance": 6.176153774671791, "weather": {"sun_altitude_angle": 4.4900659471993265, "precipitation": 61.37135610375817, "wind_intensity": 74.96890986108933, "sun_azimuth_angle": 286.67938092113053, "fog_distance": "0", "cloudiness": 80.94026005139574, "fog_density": 7.4993522889193365, "wetness": 41.970344001980486, "precipitation_deposits": 96.44813575264428}}], "scenario_type": "Scenario59"}]}]}