{"available_scenarios": [{"Town05": [{"available_event_configurations": [{"transform": {"pitch": "0", "x": 31.5, "y": 69, "yaw": -90, "z": 0}, "_start_distance": 14.52297181409905, "_actor_vel": 4.6175531639654634, "_start_distance2": 18.82931822528446, "_actor_vel2": 3.011239712684982, "_brake": 0.527479752341667, "_trigger_distance": 13.790515177661169, "_traffic_distance": 7.131793170638838, "weather": {"sun_altitude_angle": -26.027365188413214, "precipitation": 60.48292076902603, "wind_intensity": 42.71955684294906, "sun_azimuth_angle": 238.51105772528607, "fog_distance": "0", "cloudiness": 11.728966699935983, "fog_density": 9.121177954960602, "wetness": 82.82124295976243, "precipitation_deposits": 11.635961130799755}}], "scenario_type": "Scenario59"}], "Town03": [{"available_event_configurations": [{"transform": {"pitch": "0", "x": -86, "y": -81.9, "yaw": 90, "z": 0}, "_start_distance": 14.52297181409905, "_actor_vel": 4.6175531639654634, "_start_distance2": 18.82931822528446, "_actor_vel2": 3.011239712684982, "_brake": 0.527479752341667, "_trigger_distance": 13.790515177661169, "_traffic_distance": 7.131793170638838, "weather": {"sun_altitude_angle": -26.027365188413214, "precipitation": 60.48292076902603, "wind_intensity": 42.71955684294906, "sun_azimuth_angle": 238.51105772528607, "fog_distance": "0", "cloudiness": 11.728966699935983, "fog_density": 9.121177954960602, "wetness": 82.82124295976243, "precipitation_deposits": 11.635961130799755}}], "scenario_type": "Scenario59"}]}]}