{"available_scenarios": [{"Town05": [{"available_event_configurations": [{"transform": {"pitch": "0", "x": 31.5, "y": 69, "yaw": -90, "z": 0}, "_start_distance": 8.998603155473091, "_actor_vel": 4.80324267244703, "_start_distance2": 18.63053139507701, "_actor_vel2": 3.347243210032956, "_brake": 0.5709829728220264, "_trigger_distance": 14.825356914363894, "_traffic_distance": 5.769166354141332, "weather": {"sun_altitude_angle": 85.08003345999211, "precipitation": 78.11684439834647, "wind_intensity": 99.3801350034314, "sun_azimuth_angle": 226.4343382717441, "fog_distance": "0", "cloudiness": 20.3711188428769, "fog_density": 29.023498167460303, "wetness": 57.047983958506734, "precipitation_deposits": 74.62725643217325}}], "scenario_type": "Scenario59"}], "Town03": [{"available_event_configurations": [{"transform": {"pitch": "0", "x": -86, "y": -81.9, "yaw": 90, "z": 0}, "_start_distance": 8.998603155473091, "_actor_vel": 4.80324267244703, "_start_distance2": 18.63053139507701, "_actor_vel2": 3.347243210032956, "_brake": 0.5709829728220264, "_trigger_distance": 14.825356914363894, "_traffic_distance": 5.769166354141332, "weather": {"sun_altitude_angle": 85.08003345999211, "precipitation": 78.11684439834647, "wind_intensity": 99.3801350034314, "sun_azimuth_angle": 226.4343382717441, "fog_distance": "0", "cloudiness": 20.3711188428769, "fog_density": 29.023498167460303, "wetness": 57.047983958506734, "precipitation_deposits": 74.62725643217325}}], "scenario_type": "Scenario59"}]}]}