{"available_scenarios": [{"Town05": [{"available_event_configurations": [{"transform": {"pitch": "0", "x": 31.5, "y": 69, "yaw": -90, "z": 0}, "_start_distance": 11.56457915941557, "_actor_vel": 4.686605242986783, "_start_distance2": 18.04151453493355, "_actor_vel2": 3.0081661623359843, "_brake": 0.7107673520689616, "_trigger_distance": 12.20709043438809, "_traffic_distance": 5.263588825745641, "weather": {"sun_altitude_angle": -40.414324454529016, "precipitation": 96.35349890826717, "wind_intensity": 72.53223599279323, "sun_azimuth_angle": 80.16641750414043, "fog_distance": "0", "cloudiness": 51.62770090716388, "fog_density": 25.575284117220786, "wetness": 96.75886359720197, "precipitation_deposits": 87.8343929960377}}], "scenario_type": "Scenario59"}], "Town03": [{"available_event_configurations": [{"transform": {"pitch": "0", "x": -86, "y": -81.9, "yaw": 90, "z": 0}, "_start_distance": 11.56457915941557, "_actor_vel": 4.686605242986783, "_start_distance2": 18.04151453493355, "_actor_vel2": 3.0081661623359843, "_brake": 0.7107673520689616, "_trigger_distance": 12.20709043438809, "_traffic_distance": 5.263588825745641, "weather": {"sun_altitude_angle": -40.414324454529016, "precipitation": 96.35349890826717, "wind_intensity": 72.53223599279323, "sun_azimuth_angle": 80.16641750414043, "fog_distance": "0", "cloudiness": 51.62770090716388, "fog_density": 25.575284117220786, "wetness": 96.75886359720197, "precipitation_deposits": 87.8343929960377}}], "scenario_type": "Scenario59"}]}]}