{"available_scenarios": [{"Town05": [{"available_event_configurations": [{"transform": {"pitch": "0", "x": 31.5, "y": 69, "yaw": -90, "z": 0}, "_start_distance": 8.667956581400858, "_actor_vel": 4.1702176800030575, "_start_distance2": 15.908476420937545, "_actor_vel2": 3.2626417009279436, "_brake": 0.5061682971213382, "_trigger_distance": 14.899983827577291, "_traffic_distance": 8.420691869055627, "weather": {"sun_altitude_angle": -46.708277843678104, "precipitation": 0.24979998243058743, "wind_intensity": 9.978319589648422, "sun_azimuth_angle": 304.57767917743115, "fog_distance": "0", "cloudiness": 93.0377226697846, "fog_density": 62.72419537806496, "wetness": 80.60467726692823, "precipitation_deposits": 19.995336360695493}}], "scenario_type": "Scenario59"}], "Town03": [{"available_event_configurations": [{"transform": {"pitch": "0", "x": -86, "y": -81.9, "yaw": 90, "z": 0}, "_start_distance": 8.667956581400858, "_actor_vel": 4.1702176800030575, "_start_distance2": 15.908476420937545, "_actor_vel2": 3.2626417009279436, "_brake": 0.5061682971213382, "_trigger_distance": 14.899983827577291, "_traffic_distance": 8.420691869055627, "weather": {"sun_altitude_angle": -46.708277843678104, "precipitation": 0.24979998243058743, "wind_intensity": 9.978319589648422, "sun_azimuth_angle": 304.57767917743115, "fog_distance": "0", "cloudiness": 93.0377226697846, "fog_density": 62.72419537806496, "wetness": 80.60467726692823, "precipitation_deposits": 19.995336360695493}}], "scenario_type": "Scenario59"}]}]}