{"available_scenarios": [{"Town05": [{"available_event_configurations": [{"transform": {"pitch": "0", "x": 31.5, "y": 69, "yaw": -90, "z": 0}, "_start_distance": 12.072623217551072, "_actor_vel": 4.734693872091702, "_start_distance2": 17.206748304274072, "_actor_vel2": 3.0591215292346967, "_brake": 0.8452068948504705, "_trigger_distance": 12.465418789612926, "_traffic_distance": 7.344398903839841, "weather": {"sun_altitude_angle": 57.26352418400327, "precipitation": 95.4708131886585, "wind_intensity": 50.783952663603316, "sun_azimuth_angle": 248.29072073285982, "fog_distance": "0", "cloudiness": 41.4495634988549, "fog_density": 32.82566490851464, "wetness": 92.47146477773079, "precipitation_deposits": 82.76729862514316}}], "scenario_type": "Scenario59"}], "Town03": [{"available_event_configurations": [{"transform": {"pitch": "0", "x": -86, "y": -81.9, "yaw": 90, "z": 0}, "_start_distance": 12.072623217551072, "_actor_vel": 4.734693872091702, "_start_distance2": 17.206748304274072, "_actor_vel2": 3.0591215292346967, "_brake": 0.8452068948504705, "_trigger_distance": 12.465418789612926, "_traffic_distance": 7.344398903839841, "weather": {"sun_altitude_angle": 57.26352418400327, "precipitation": 95.4708131886585, "wind_intensity": 50.783952663603316, "sun_azimuth_angle": 248.29072073285982, "fog_distance": "0", "cloudiness": 41.4495634988549, "fog_density": 32.82566490851464, "wetness": 92.47146477773079, "precipitation_deposits": 82.76729862514316}}], "scenario_type": "Scenario59"}]}]}