{"available_scenarios": [{"Town05": [{"available_event_configurations": [{"transform": {"pitch": "0", "x": 31.5, "y": 69, "yaw": -90, "z": 0}, "_start_distance": 14.064180747598158, "_actor_vel": 4.903526820526535, "_start_distance2": 17.302874497466842, "_actor_vel2": 3.0401483719835554, "_brake": 0.5352575016827867, "_trigger_distance": 14.220091565943827, "_traffic_distance": 9.231381750497539, "weather": {"sun_altitude_angle": -83.01476518101956, "precipitation": 32.51326274981628, "wind_intensity": 78.5765345639518, "sun_azimuth_angle": 260.7279091514645, "fog_distance": "0", "cloudiness": 22.02395629863767, "fog_density": 37.5114095256208, "wetness": 57.26397279438034, "precipitation_deposits": 39.76990738713084}}], "scenario_type": "Scenario59"}], "Town03": [{"available_event_configurations": [{"transform": {"pitch": "0", "x": -86, "y": -81.9, "yaw": 90, "z": 0}, "_start_distance": 14.064180747598158, "_actor_vel": 4.903526820526535, "_start_distance2": 17.302874497466842, "_actor_vel2": 3.0401483719835554, "_brake": 0.5352575016827867, "_trigger_distance": 14.220091565943827, "_traffic_distance": 9.231381750497539, "weather": {"sun_altitude_angle": -83.01476518101956, "precipitation": 32.51326274981628, "wind_intensity": 78.5765345639518, "sun_azimuth_angle": 260.7279091514645, "fog_distance": "0", "cloudiness": 22.02395629863767, "fog_density": 37.5114095256208, "wetness": 57.26397279438034, "precipitation_deposits": 39.76990738713084}}], "scenario_type": "Scenario59"}]}]}