{"available_scenarios": [{"Town05": [{"available_event_configurations": [{"transform": {"pitch": "0", "x": 31.5, "y": 69, "yaw": -90, "z": 0}, "_start_distance": 9.940282630144281, "_actor_vel": 4.794447487042518, "_start_distance2": 18.700367411045477, "_actor_vel2": 3.3392952679537173, "_brake": 0.8529439630939839, "_trigger_distance": 14.379522764659109, "_traffic_distance": 5.9743771770534355, "weather": {"sun_altitude_angle": -33.47369781020069, "precipitation": 1.3796083342360044, "wind_intensity": 11.852799689490222, "sun_azimuth_angle": 162.13518840743868, "fog_distance": "0", "cloudiness": 83.77907349103721, "fog_density": 57.32302164205907, "wetness": 12.670320535478407, "precipitation_deposits": 13.32557038801757}}], "scenario_type": "Scenario59"}], "Town03": [{"available_event_configurations": [{"transform": {"pitch": "0", "x": -86, "y": -81.9, "yaw": 90, "z": 0}, "_start_distance": 9.940282630144281, "_actor_vel": 4.794447487042518, "_start_distance2": 18.700367411045477, "_actor_vel2": 3.3392952679537173, "_brake": 0.8529439630939839, "_trigger_distance": 14.379522764659109, "_traffic_distance": 5.9743771770534355, "weather": {"sun_altitude_angle": -33.47369781020069, "precipitation": 1.3796083342360044, "wind_intensity": 11.852799689490222, "sun_azimuth_angle": 162.13518840743868, "fog_distance": "0", "cloudiness": 83.77907349103721, "fog_density": 57.32302164205907, "wetness": 12.670320535478407, "precipitation_deposits": 13.32557038801757}}], "scenario_type": "Scenario59"}]}]}