{"available_scenarios": [{"Town05": [{"available_event_configurations": [{"transform": {"pitch": "0", "x": 31.5, "y": 69, "yaw": -90, "z": 0}, "_start_distance": 12.352803691535662, "_actor_vel": 4.539163452146399, "_start_distance2": 18.958413373009066, "_actor_vel2": 3.466469421255471, "_brake": 0.7416244596972021, "_trigger_distance": 12.867385340163768, "_traffic_distance": 6.455798762776219, "weather": {"sun_altitude_angle": 26.066266998196753, "precipitation": 35.03050676966733, "wind_intensity": 13.550373435329742, "sun_azimuth_angle": 346.65410361547976, "fog_distance": "0", "cloudiness": 51.46592786636619, "fog_density": 87.06300902009893, "wetness": 43.82594406579191, "precipitation_deposits": 41.73169519673441}}], "scenario_type": "Scenario59"}], "Town03": [{"available_event_configurations": [{"transform": {"pitch": "0", "x": -86, "y": -81.9, "yaw": 90, "z": 0}, "_start_distance": 12.352803691535662, "_actor_vel": 4.539163452146399, "_start_distance2": 18.958413373009066, "_actor_vel2": 3.466469421255471, "_brake": 0.7416244596972021, "_trigger_distance": 12.867385340163768, "_traffic_distance": 6.455798762776219, "weather": {"sun_altitude_angle": 26.066266998196753, "precipitation": 35.03050676966733, "wind_intensity": 13.550373435329742, "sun_azimuth_angle": 346.65410361547976, "fog_distance": "0", "cloudiness": 51.46592786636619, "fog_density": 87.06300902009893, "wetness": 43.82594406579191, "precipitation_deposits": 41.73169519673441}}], "scenario_type": "Scenario59"}]}]}