{"available_scenarios": [{"Town05": [{"available_event_configurations": [{"transform": {"pitch": "0", "x": 31.5, "y": 69, "yaw": -90, "z": 0}, "_start_distance": 8.530822704108273, "_actor_vel": 4.583923516257142, "_start_distance2": 18.517800531287794, "_actor_vel2": 3.4464416602736097, "_brake": 0.9882459155720423, "_trigger_distance": 14.904124398404633, "_traffic_distance": 5.630361281241873, "weather": {"sun_altitude_angle": -70.5586412018938, "precipitation": 89.40178994767095, "wind_intensity": 76.3411724318339, "sun_azimuth_angle": 277.90708585662895, "fog_distance": "0", "cloudiness": 41.242825533529384, "fog_density": 73.59672474023515, "wetness": 79.2923080955182, "precipitation_deposits": 68.05067953744069}}], "scenario_type": "Scenario59"}], "Town03": [{"available_event_configurations": [{"transform": {"pitch": "0", "x": -86, "y": -81.9, "yaw": 90, "z": 0}, "_start_distance": 8.530822704108273, "_actor_vel": 4.583923516257142, "_start_distance2": 18.517800531287794, "_actor_vel2": 3.4464416602736097, "_brake": 0.9882459155720423, "_trigger_distance": 14.904124398404633, "_traffic_distance": 5.630361281241873, "weather": {"sun_altitude_angle": -70.5586412018938, "precipitation": 89.40178994767095, "wind_intensity": 76.3411724318339, "sun_azimuth_angle": 277.90708585662895, "fog_distance": "0", "cloudiness": 41.242825533529384, "fog_density": 73.59672474023515, "wetness": 79.2923080955182, "precipitation_deposits": 68.05067953744069}}], "scenario_type": "Scenario59"}]}]}