{"available_scenarios": [{"Town05": [{"available_event_configurations": [{"transform": {"pitch": "0", "x": 31.5, "y": 69, "yaw": -90, "z": 0}, "_start_distance": 12.130144626050182, "_actor_vel": 4.069618041203475, "_start_distance2": 18.59848147997035, "_actor_vel2": 3.4777899681308284, "_brake": 0.922292078788848, "_trigger_distance": 12.393172273452178, "_traffic_distance": 7.654815984739237, "weather": {"sun_altitude_angle": 68.02493860074182, "precipitation": 21.73996138384402, "wind_intensity": 73.98429353201998, "sun_azimuth_angle": 129.80852763473075, "fog_distance": "0", "cloudiness": 23.325671420391892, "fog_density": 45.43869324858332, "wetness": 50.48413161509495, "precipitation_deposits": 34.306540665505736}}], "scenario_type": "Scenario59"}], "Town03": [{"available_event_configurations": [{"transform": {"pitch": "0", "x": -86, "y": -81.9, "yaw": 90, "z": 0}, "_start_distance": 12.130144626050182, "_actor_vel": 4.069618041203475, "_start_distance2": 18.59848147997035, "_actor_vel2": 3.4777899681308284, "_brake": 0.922292078788848, "_trigger_distance": 12.393172273452178, "_traffic_distance": 7.654815984739237, "weather": {"sun_altitude_angle": 68.02493860074182, "precipitation": 21.73996138384402, "wind_intensity": 73.98429353201998, "sun_azimuth_angle": 129.80852763473075, "fog_distance": "0", "cloudiness": 23.325671420391892, "fog_density": 45.43869324858332, "wetness": 50.48413161509495, "precipitation_deposits": 34.306540665505736}}], "scenario_type": "Scenario59"}]}]}