{"available_scenarios": [{"Town05": [{"available_event_configurations": [{"transform": {"pitch": "0", "x": 31.5, "y": 69, "yaw": -90, "z": 0}, "_start_distance": 12.056812411962829, "_actor_vel": 4.329292299604669, "_start_distance2": 18.471108260573676, "_actor_vel2": 3.079862196157737, "_brake": 0.5506787231448612, "_trigger_distance": 13.622886267347535, "_traffic_distance": 8.293563116405949, "weather": {"sun_altitude_angle": 87.98143673388364, "precipitation": 33.311711193397265, "wind_intensity": 16.923816552627123, "sun_azimuth_angle": 326.06171616444396, "fog_distance": "0", "cloudiness": 27.659470502165394, "fog_density": 56.84778854914831, "wetness": 73.93949810237302, "precipitation_deposits": 77.12185729746045}}], "scenario_type": "Scenario59"}], "Town03": [{"available_event_configurations": [{"transform": {"pitch": "0", "x": -86, "y": -81.9, "yaw": 90, "z": 0}, "_start_distance": 12.056812411962829, "_actor_vel": 4.329292299604669, "_start_distance2": 18.471108260573676, "_actor_vel2": 3.079862196157737, "_brake": 0.5506787231448612, "_trigger_distance": 13.622886267347535, "_traffic_distance": 8.293563116405949, "weather": {"sun_altitude_angle": 87.98143673388364, "precipitation": 33.311711193397265, "wind_intensity": 16.923816552627123, "sun_azimuth_angle": 326.06171616444396, "fog_distance": "0", "cloudiness": 27.659470502165394, "fog_density": 56.84778854914831, "wetness": 73.93949810237302, "precipitation_deposits": 77.12185729746045}}], "scenario_type": "Scenario59"}]}]}