{"available_scenarios": [{"Town05": [{"available_event_configurations": [{"transform": {"pitch": "0", "x": 31.5, "y": 69, "yaw": -90, "z": 0}, "_start_distance": 10.202124213904096, "_actor_vel": 4.064670986289604, "_start_distance2": 16.09661857187692, "_actor_vel2": 3.423742340568814, "_brake": 0.9340665273329721, "_trigger_distance": 13.79660379911503, "_traffic_distance": 7.648377892367405, "weather": {"sun_altitude_angle": -54.81677382684948, "precipitation": 44.27788414665812, "wind_intensity": 67.99078326507424, "sun_azimuth_angle": 206.15125787574345, "fog_distance": "0", "cloudiness": 43.573267094429134, "fog_density": 55.99807446129083, "wetness": 89.05258612378456, "precipitation_deposits": 11.198630175226898}}], "scenario_type": "Scenario59"}], "Town03": [{"available_event_configurations": [{"transform": {"pitch": "0", "x": -86, "y": -81.9, "yaw": 90, "z": 0}, "_start_distance": 10.202124213904096, "_actor_vel": 4.064670986289604, "_start_distance2": 16.09661857187692, "_actor_vel2": 3.423742340568814, "_brake": 0.9340665273329721, "_trigger_distance": 13.79660379911503, "_traffic_distance": 7.648377892367405, "weather": {"sun_altitude_angle": -54.81677382684948, "precipitation": 44.27788414665812, "wind_intensity": 67.99078326507424, "sun_azimuth_angle": 206.15125787574345, "fog_distance": "0", "cloudiness": 43.573267094429134, "fog_density": 55.99807446129083, "wetness": 89.05258612378456, "precipitation_deposits": 11.198630175226898}}], "scenario_type": "Scenario59"}]}]}