{"available_scenarios": [{"Town05": [{"available_event_configurations": [{"transform": {"pitch": "0", "x": 31.5, "y": 69, "yaw": -90, "z": 0}, "_start_distance": 14.363258738544708, "_actor_vel": 4.235133835893265, "_start_distance2": 18.1374339092481, "_actor_vel2": 3.002297774661596, "_brake": 0.6483913842409841, "_trigger_distance": 13.93029904927576, "_traffic_distance": 6.789648848751552, "weather": {"sun_altitude_angle": 54.45050945453829, "precipitation": 97.91023771360118, "wind_intensity": 14.770276182897312, "sun_azimuth_angle": 177.3703749009601, "fog_distance": "0", "cloudiness": 0.6307730292387403, "fog_density": 19.09553479820143, "wetness": 28.168155292611264, "precipitation_deposits": 32.42208667877422}}], "scenario_type": "Scenario59"}], "Town03": [{"available_event_configurations": [{"transform": {"pitch": "0", "x": -86, "y": -81.9, "yaw": 90, "z": 0}, "_start_distance": 14.363258738544708, "_actor_vel": 4.235133835893265, "_start_distance2": 18.1374339092481, "_actor_vel2": 3.002297774661596, "_brake": 0.6483913842409841, "_trigger_distance": 13.93029904927576, "_traffic_distance": 6.789648848751552, "weather": {"sun_altitude_angle": 54.45050945453829, "precipitation": 97.91023771360118, "wind_intensity": 14.770276182897312, "sun_azimuth_angle": 177.3703749009601, "fog_distance": "0", "cloudiness": 0.6307730292387403, "fog_density": 19.09553479820143, "wetness": 28.168155292611264, "precipitation_deposits": 32.42208667877422}}], "scenario_type": "Scenario59"}]}]}