{"available_scenarios": [{"Town05": [{"available_event_configurations": [{"transform": {"pitch": "0", "x": 31.5, "y": 69, "yaw": -90, "z": 0}, "_start_distance": 9.972764618446263, "_actor_vel": 4.132921526479107, "_start_distance2": 16.48486788674056, "_actor_vel2": 3.290583236410355, "_brake": 0.6403753966901571, "_trigger_distance": 13.88220412832106, "_traffic_distance": 5.973011512752513, "weather": {"sun_altitude_angle": 84.5455206373203, "precipitation": 13.876909167258466, "wind_intensity": 81.67952452586673, "sun_azimuth_angle": 220.83484402154406, "fog_distance": "0", "cloudiness": 60.76120339424468, "fog_density": 28.29437771355332, "wetness": 88.81014372395873, "precipitation_deposits": 39.09547330526225}}], "scenario_type": "Scenario59"}], "Town03": [{"available_event_configurations": [{"transform": {"pitch": "0", "x": -86, "y": -81.9, "yaw": 90, "z": 0}, "_start_distance": 9.972764618446263, "_actor_vel": 4.132921526479107, "_start_distance2": 16.48486788674056, "_actor_vel2": 3.290583236410355, "_brake": 0.6403753966901571, "_trigger_distance": 13.88220412832106, "_traffic_distance": 5.973011512752513, "weather": {"sun_altitude_angle": 84.5455206373203, "precipitation": 13.876909167258466, "wind_intensity": 81.67952452586673, "sun_azimuth_angle": 220.83484402154406, "fog_distance": "0", "cloudiness": 60.76120339424468, "fog_density": 28.29437771355332, "wetness": 88.81014372395873, "precipitation_deposits": 39.09547330526225}}], "scenario_type": "Scenario59"}]}]}