{"available_scenarios": [{"Town05": [{"available_event_configurations": [{"transform": {"pitch": "0", "x": 31.5, "y": 69, "yaw": -90, "z": 0}, "_start_distance": 12.851505334725147, "_actor_vel": 4.763357740088741, "_start_distance2": 17.2194699651245, "_actor_vel2": 3.4064045235377285, "_brake": 0.9931093869562733, "_trigger_distance": 14.426165127741731, "_traffic_distance": 6.779703400941857, "weather": {"sun_altitude_angle": -69.80807643019814, "precipitation": 93.53337697107186, "wind_intensity": 2.285421260059317, "sun_azimuth_angle": 66.39292750930042, "fog_distance": "0", "cloudiness": 11.976531300878424, "fog_density": 78.1706854799511, "wetness": 95.5555140376772, "precipitation_deposits": 44.554795477453446}}], "scenario_type": "Scenario59"}], "Town03": [{"available_event_configurations": [{"transform": {"pitch": "0", "x": -86, "y": -81.9, "yaw": 90, "z": 0}, "_start_distance": 12.851505334725147, "_actor_vel": 4.763357740088741, "_start_distance2": 17.2194699651245, "_actor_vel2": 3.4064045235377285, "_brake": 0.9931093869562733, "_trigger_distance": 14.426165127741731, "_traffic_distance": 6.779703400941857, "weather": {"sun_altitude_angle": -69.80807643019814, "precipitation": 93.53337697107186, "wind_intensity": 2.285421260059317, "sun_azimuth_angle": 66.39292750930042, "fog_distance": "0", "cloudiness": 11.976531300878424, "fog_density": 78.1706854799511, "wetness": 95.5555140376772, "precipitation_deposits": 44.554795477453446}}], "scenario_type": "Scenario59"}]}]}