{"available_scenarios": [{"Town05": [{"available_event_configurations": [{"transform": {"pitch": "0", "x": 31.5, "y": 69, "yaw": -90, "z": 0}, "_start_distance": 14.304033361799263, "_actor_vel": 4.147685228033217, "_start_distance2": 18.552087381781696, "_actor_vel2": 3.123560030504252, "_brake": 0.6538665639449784, "_trigger_distance": 13.84083217692112, "_traffic_distance": 8.633360330820313, "weather": {"sun_altitude_angle": 87.17755740749229, "precipitation": 93.02107157922737, "wind_intensity": 84.30333801777711, "sun_azimuth_angle": 15.67151881169735, "fog_distance": "0", "cloudiness": 3.5033303640093494, "fog_density": 95.36813950578403, "wetness": 49.9937801850744, "precipitation_deposits": 85.5831196212455}}], "scenario_type": "Scenario59"}], "Town03": [{"available_event_configurations": [{"transform": {"pitch": "0", "x": -86, "y": -81.9, "yaw": 90, "z": 0}, "_start_distance": 14.304033361799263, "_actor_vel": 4.147685228033217, "_start_distance2": 18.552087381781696, "_actor_vel2": 3.123560030504252, "_brake": 0.6538665639449784, "_trigger_distance": 13.84083217692112, "_traffic_distance": 8.633360330820313, "weather": {"sun_altitude_angle": 87.17755740749229, "precipitation": 93.02107157922737, "wind_intensity": 84.30333801777711, "sun_azimuth_angle": 15.67151881169735, "fog_distance": "0", "cloudiness": 3.5033303640093494, "fog_density": 95.36813950578403, "wetness": 49.9937801850744, "precipitation_deposits": 85.5831196212455}}], "scenario_type": "Scenario59"}]}]}