{"available_scenarios": [{"Town05": [{"available_event_configurations": [{"transform": {"pitch": "0", "x": 31.5, "y": 69, "yaw": -90, "z": 0}, "_start_distance": 9.334794230643865, "_actor_vel": 4.348396355135817, "_start_distance2": 17.41030710950185, "_actor_vel2": 3.022146454951358, "_brake": 0.9631905860203681, "_trigger_distance": 13.046778715218277, "_traffic_distance": 7.3924745989856095, "weather": {"sun_altitude_angle": 33.2039411499149, "precipitation": 51.07508471320966, "wind_intensity": 7.951274342984293, "sun_azimuth_angle": 3.8033985430896644, "fog_distance": "0", "cloudiness": 15.491507999364341, "fog_density": 62.35042506396328, "wetness": 42.27723364938299, "precipitation_deposits": 17.502914097708057}}], "scenario_type": "Scenario59"}], "Town03": [{"available_event_configurations": [{"transform": {"pitch": "0", "x": -86, "y": -81.9, "yaw": 90, "z": 0}, "_start_distance": 9.334794230643865, "_actor_vel": 4.348396355135817, "_start_distance2": 17.41030710950185, "_actor_vel2": 3.022146454951358, "_brake": 0.9631905860203681, "_trigger_distance": 13.046778715218277, "_traffic_distance": 7.3924745989856095, "weather": {"sun_altitude_angle": 33.2039411499149, "precipitation": 51.07508471320966, "wind_intensity": 7.951274342984293, "sun_azimuth_angle": 3.8033985430896644, "fog_distance": "0", "cloudiness": 15.491507999364341, "fog_density": 62.35042506396328, "wetness": 42.27723364938299, "precipitation_deposits": 17.502914097708057}}], "scenario_type": "Scenario59"}]}]}