{"available_scenarios": [{"Town05": [{"available_event_configurations": [{"transform": {"pitch": "0", "x": 31.5, "y": 69, "yaw": -90, "z": 0}, "_start_distance": 13.509757161032308, "_actor_vel": 4.432499647974993, "_start_distance2": 16.650528798389512, "_actor_vel2": 3.486005162563379, "_brake": 0.9178798133021532, "_trigger_distance": 14.859728690387067, "_traffic_distance": 9.13853251340755, "weather": {"sun_altitude_angle": -55.49478469183897, "precipitation": 63.26494168069944, "wind_intensity": 86.50161648037634, "sun_azimuth_angle": 127.59804330351729, "fog_distance": "0", "cloudiness": 77.99294440489597, "fog_density": 77.10901473522011, "wetness": 2.5480290703870923, "precipitation_deposits": 46.34278963783641}}], "scenario_type": "Scenario59"}], "Town03": [{"available_event_configurations": [{"transform": {"pitch": "0", "x": -86, "y": -81.9, "yaw": 90, "z": 0}, "_start_distance": 13.509757161032308, "_actor_vel": 4.432499647974993, "_start_distance2": 16.650528798389512, "_actor_vel2": 3.486005162563379, "_brake": 0.9178798133021532, "_trigger_distance": 14.859728690387067, "_traffic_distance": 9.13853251340755, "weather": {"sun_altitude_angle": -55.49478469183897, "precipitation": 63.26494168069944, "wind_intensity": 86.50161648037634, "sun_azimuth_angle": 127.59804330351729, "fog_distance": "0", "cloudiness": 77.99294440489597, "fog_density": 77.10901473522011, "wetness": 2.5480290703870923, "precipitation_deposits": 46.34278963783641}}], "scenario_type": "Scenario59"}]}]}