{"available_scenarios": [{"Town05": [{"available_event_configurations": [{"transform": {"pitch": "0", "x": 31.5, "y": 69, "yaw": -90, "z": 0}, "_start_distance": 11.431287786404493, "_actor_vel": 4.515302422173779, "_start_distance2": 15.449636325024645, "_actor_vel2": 3.3389426304065304, "_brake": 0.5721952964448771, "_trigger_distance": 14.291890005395967, "_traffic_distance": 8.852474113700325, "weather": {"sun_altitude_angle": -71.82314470257802, "precipitation": 57.073898229751016, "wind_intensity": 49.27167619700491, "sun_azimuth_angle": 301.17763584926973, "fog_distance": "0", "cloudiness": 41.16368327791344, "fog_density": 75.60412897219028, "wetness": 68.3544766611305, "precipitation_deposits": 53.65075084014145}}], "scenario_type": "Scenario59"}], "Town03": [{"available_event_configurations": [{"transform": {"pitch": "0", "x": -86, "y": -81.9, "yaw": 90, "z": 0}, "_start_distance": 11.431287786404493, "_actor_vel": 4.515302422173779, "_start_distance2": 15.449636325024645, "_actor_vel2": 3.3389426304065304, "_brake": 0.5721952964448771, "_trigger_distance": 14.291890005395967, "_traffic_distance": 8.852474113700325, "weather": {"sun_altitude_angle": -71.82314470257802, "precipitation": 57.073898229751016, "wind_intensity": 49.27167619700491, "sun_azimuth_angle": 301.17763584926973, "fog_distance": "0", "cloudiness": 41.16368327791344, "fog_density": 75.60412897219028, "wetness": 68.3544766611305, "precipitation_deposits": 53.65075084014145}}], "scenario_type": "Scenario59"}]}]}