{"available_scenarios": [{"Town05": [{"available_event_configurations": [{"transform": {"pitch": "0", "x": 31.5, "y": 69, "yaw": -90, "z": 0}, "_start_distance": 14.710261028752317, "_actor_vel": 4.396140702929155, "_start_distance2": 16.486275212774498, "_actor_vel2": 3.1550542292563586, "_brake": 0.7256110273723275, "_trigger_distance": 12.121899368804876, "_traffic_distance": 9.654718988372242, "weather": {"sun_altitude_angle": -84.04573896171308, "precipitation": 49.86621378414144, "wind_intensity": 76.49140698288673, "sun_azimuth_angle": 101.47174761100284, "fog_distance": "0", "cloudiness": 13.61522707253895, "fog_density": 72.09082457124396, "wetness": 1.5713140199053677, "precipitation_deposits": 14.438933171284907}}], "scenario_type": "Scenario59"}], "Town03": [{"available_event_configurations": [{"transform": {"pitch": "0", "x": -86, "y": -81.9, "yaw": 90, "z": 0}, "_start_distance": 14.710261028752317, "_actor_vel": 4.396140702929155, "_start_distance2": 16.486275212774498, "_actor_vel2": 3.1550542292563586, "_brake": 0.7256110273723275, "_trigger_distance": 12.121899368804876, "_traffic_distance": 9.654718988372242, "weather": {"sun_altitude_angle": -84.04573896171308, "precipitation": 49.86621378414144, "wind_intensity": 76.49140698288673, "sun_azimuth_angle": 101.47174761100284, "fog_distance": "0", "cloudiness": 13.61522707253895, "fog_density": 72.09082457124396, "wetness": 1.5713140199053677, "precipitation_deposits": 14.438933171284907}}], "scenario_type": "Scenario59"}]}]}