{"available_scenarios": [{"Town05": [{"available_event_configurations": [{"transform": {"pitch": "0", "x": 31.5, "y": 69, "yaw": -90, "z": 0}, "_start_distance": 14.872181748134157, "_actor_vel": 4.9755059628239415, "_start_distance2": 18.42284223452291, "_actor_vel2": 3.0562573536858206, "_brake": 0.9332210788167539, "_trigger_distance": 14.681453727466204, "_traffic_distance": 8.554641464326664, "weather": {"sun_altitude_angle": 2.634574209746816, "precipitation": 90.4975865757336, "wind_intensity": 92.0819058975182, "sun_azimuth_angle": 78.396761410128, "fog_distance": "0", "cloudiness": 25.775746009185852, "fog_density": 75.450225014156, "wetness": 96.53568151952533, "precipitation_deposits": 17.86038630269222}}], "scenario_type": "Scenario59"}], "Town03": [{"available_event_configurations": [{"transform": {"pitch": "0", "x": -86, "y": -81.9, "yaw": 90, "z": 0}, "_start_distance": 14.872181748134157, "_actor_vel": 4.9755059628239415, "_start_distance2": 18.42284223452291, "_actor_vel2": 3.0562573536858206, "_brake": 0.9332210788167539, "_trigger_distance": 14.681453727466204, "_traffic_distance": 8.554641464326664, "weather": {"sun_altitude_angle": 2.634574209746816, "precipitation": 90.4975865757336, "wind_intensity": 92.0819058975182, "sun_azimuth_angle": 78.396761410128, "fog_distance": "0", "cloudiness": 25.775746009185852, "fog_density": 75.450225014156, "wetness": 96.53568151952533, "precipitation_deposits": 17.86038630269222}}], "scenario_type": "Scenario59"}]}]}