{"available_scenarios": [{"Town05": [{"available_event_configurations": [{"transform": {"pitch": "0", "x": 31.5, "y": 69, "yaw": -90, "z": 0}, "_start_distance": 11.009540609020334, "_actor_vel": 4.043356925704346, "_start_distance2": 17.318529928557844, "_actor_vel2": 3.2036697129717657, "_brake": 0.8164210980666191, "_trigger_distance": 13.60079707321301, "_traffic_distance": 9.31953112470889, "weather": {"sun_altitude_angle": 78.39047081214952, "precipitation": 10.84208419625724, "wind_intensity": 43.35355108577137, "sun_azimuth_angle": 157.53216599661127, "fog_distance": "0", "cloudiness": 74.30634110483126, "fog_density": 21.37448165017364, "wetness": 24.065796715521536, "precipitation_deposits": 73.68821899076411}}], "scenario_type": "Scenario59"}], "Town03": [{"available_event_configurations": [{"transform": {"pitch": "0", "x": -86, "y": -81.9, "yaw": 90, "z": 0}, "_start_distance": 11.009540609020334, "_actor_vel": 4.043356925704346, "_start_distance2": 17.318529928557844, "_actor_vel2": 3.2036697129717657, "_brake": 0.8164210980666191, "_trigger_distance": 13.60079707321301, "_traffic_distance": 9.31953112470889, "weather": {"sun_altitude_angle": 78.39047081214952, "precipitation": 10.84208419625724, "wind_intensity": 43.35355108577137, "sun_azimuth_angle": 157.53216599661127, "fog_distance": "0", "cloudiness": 74.30634110483126, "fog_density": 21.37448165017364, "wetness": 24.065796715521536, "precipitation_deposits": 73.68821899076411}}], "scenario_type": "Scenario59"}]}]}