{"available_scenarios": [{"Town05": [{"available_event_configurations": [{"transform": {"pitch": "0", "x": 31.5, "y": 69, "yaw": -90, "z": 0}, "_start_distance": 13.984919853525277, "_actor_vel": 4.879336435445936, "_start_distance2": 17.988134077460668, "_actor_vel2": 3.237797190832301, "_brake": 0.6441755883909082, "_trigger_distance": 14.9457592355319, "_traffic_distance": 7.748807527833703, "weather": {"sun_altitude_angle": -32.57226013554392, "precipitation": 29.051754284670906, "wind_intensity": 93.92818945883688, "sun_azimuth_angle": 23.556265900532676, "fog_distance": "0", "cloudiness": 75.41793809072333, "fog_density": 91.74154851374122, "wetness": 53.261009633874025, "precipitation_deposits": 73.31294717279462}}], "scenario_type": "Scenario59"}], "Town03": [{"available_event_configurations": [{"transform": {"pitch": "0", "x": -86, "y": -81.9, "yaw": 90, "z": 0}, "_start_distance": 13.984919853525277, "_actor_vel": 4.879336435445936, "_start_distance2": 17.988134077460668, "_actor_vel2": 3.237797190832301, "_brake": 0.6441755883909082, "_trigger_distance": 14.9457592355319, "_traffic_distance": 7.748807527833703, "weather": {"sun_altitude_angle": -32.57226013554392, "precipitation": 29.051754284670906, "wind_intensity": 93.92818945883688, "sun_azimuth_angle": 23.556265900532676, "fog_distance": "0", "cloudiness": 75.41793809072333, "fog_density": 91.74154851374122, "wetness": 53.261009633874025, "precipitation_deposits": 73.31294717279462}}], "scenario_type": "Scenario59"}]}]}