{"available_scenarios": [{"Town05": [{"available_event_configurations": [{"transform": {"pitch": "0", "x": 31.5, "y": 69, "yaw": -90, "z": 0}, "_start_distance": 11.497779521928106, "_actor_vel": 4.97574300011122, "_start_distance2": 15.688728585201655, "_actor_vel2": 3.020217158934396, "_brake": 0.6238656020002783, "_trigger_distance": 14.379809106786444, "_traffic_distance": 7.332034617504464, "weather": {"sun_altitude_angle": 64.33240854350814, "precipitation": 5.393312780986204, "wind_intensity": 2.412332643511639, "sun_azimuth_angle": 7.611671196319865, "fog_distance": "0", "cloudiness": 4.827240853650072, "fog_density": 19.73809721367403, "wetness": 43.90819281276633, "precipitation_deposits": 87.66631707720894}}], "scenario_type": "Scenario59"}], "Town03": [{"available_event_configurations": [{"transform": {"pitch": "0", "x": -86, "y": -81.9, "yaw": 90, "z": 0}, "_start_distance": 11.497779521928106, "_actor_vel": 4.97574300011122, "_start_distance2": 15.688728585201655, "_actor_vel2": 3.020217158934396, "_brake": 0.6238656020002783, "_trigger_distance": 14.379809106786444, "_traffic_distance": 7.332034617504464, "weather": {"sun_altitude_angle": 64.33240854350814, "precipitation": 5.393312780986204, "wind_intensity": 2.412332643511639, "sun_azimuth_angle": 7.611671196319865, "fog_distance": "0", "cloudiness": 4.827240853650072, "fog_density": 19.73809721367403, "wetness": 43.90819281276633, "precipitation_deposits": 87.66631707720894}}], "scenario_type": "Scenario59"}]}]}