{"available_scenarios": [{"Town05": [{"available_event_configurations": [{"transform": {"pitch": "0", "x": 31.5, "y": 69, "yaw": -90, "z": 0}, "_start_distance": 12.554827570751169, "_actor_vel": 4.768911642306668, "_start_distance2": 18.459267660469486, "_actor_vel2": 3.287453068020735, "_brake": 0.5168186711318563, "_trigger_distance": 13.176322870472625, "_traffic_distance": 8.532578575882958, "weather": {"sun_altitude_angle": -75.91650772093105, "precipitation": 33.76207281128546, "wind_intensity": 93.15394443374699, "sun_azimuth_angle": 78.22564123764282, "fog_distance": "0", "cloudiness": 6.776994682872594, "fog_density": 23.881098835642923, "wetness": 36.82123374756971, "precipitation_deposits": 81.73762919298561}}], "scenario_type": "Scenario59"}], "Town03": [{"available_event_configurations": [{"transform": {"pitch": "0", "x": -86, "y": -81.9, "yaw": 90, "z": 0}, "_start_distance": 12.554827570751169, "_actor_vel": 4.768911642306668, "_start_distance2": 18.459267660469486, "_actor_vel2": 3.287453068020735, "_brake": 0.5168186711318563, "_trigger_distance": 13.176322870472625, "_traffic_distance": 8.532578575882958, "weather": {"sun_altitude_angle": -75.91650772093105, "precipitation": 33.76207281128546, "wind_intensity": 93.15394443374699, "sun_azimuth_angle": 78.22564123764282, "fog_distance": "0", "cloudiness": 6.776994682872594, "fog_density": 23.881098835642923, "wetness": 36.82123374756971, "precipitation_deposits": 81.73762919298561}}], "scenario_type": "Scenario59"}]}]}