{"available_scenarios": [{"Town05": [{"available_event_configurations": [{"transform": {"pitch": "0", "x": 31.5, "y": 69, "yaw": -90, "z": 0}, "_start_distance": 10.991005469987805, "_actor_vel": 4.80512970458973, "_start_distance2": 16.33688934232758, "_actor_vel2": 3.3034792338124523, "_brake": 0.9681569619240982, "_trigger_distance": 14.78387333412319, "_traffic_distance": 5.1623658973596385, "weather": {"sun_altitude_angle": 86.71603084270791, "precipitation": 28.19728629429369, "wind_intensity": 2.8710430007410026, "sun_azimuth_angle": 5.635656310448094, "fog_distance": "0", "cloudiness": 8.453779312520648, "fog_density": 75.98762580702095, "wetness": 9.043201826738889, "precipitation_deposits": 13.00248370529541}}], "scenario_type": "Scenario59"}], "Town03": [{"available_event_configurations": [{"transform": {"pitch": "0", "x": -86, "y": -81.9, "yaw": 90, "z": 0}, "_start_distance": 10.991005469987805, "_actor_vel": 4.80512970458973, "_start_distance2": 16.33688934232758, "_actor_vel2": 3.3034792338124523, "_brake": 0.9681569619240982, "_trigger_distance": 14.78387333412319, "_traffic_distance": 5.1623658973596385, "weather": {"sun_altitude_angle": 86.71603084270791, "precipitation": 28.19728629429369, "wind_intensity": 2.8710430007410026, "sun_azimuth_angle": 5.635656310448094, "fog_distance": "0", "cloudiness": 8.453779312520648, "fog_density": 75.98762580702095, "wetness": 9.043201826738889, "precipitation_deposits": 13.00248370529541}}], "scenario_type": "Scenario59"}]}]}