{"available_scenarios": [{"Town05": [{"available_event_configurations": [{"transform": {"pitch": "0", "x": 31.5, "y": 69, "yaw": -90, "z": 0}, "_start_distance": 13.745202999618762, "_actor_vel": 4.787533123427208, "_start_distance2": 17.43735889945236, "_actor_vel2": 3.2862553513630886, "_brake": 0.6148889268635478, "_trigger_distance": 14.615072912654465, "_traffic_distance": 7.340733009687312, "weather": {"sun_altitude_angle": -61.36495711737193, "precipitation": 87.14610717861946, "wind_intensity": 72.5347414715138, "sun_azimuth_angle": 317.16074923012644, "fog_distance": "0", "cloudiness": 74.34834565112813, "fog_density": 94.144249416748, "wetness": 74.43235832848269, "precipitation_deposits": 22.743649059937542}}], "scenario_type": "Scenario59"}], "Town03": [{"available_event_configurations": [{"transform": {"pitch": "0", "x": -86, "y": -81.9, "yaw": 90, "z": 0}, "_start_distance": 13.745202999618762, "_actor_vel": 4.787533123427208, "_start_distance2": 17.43735889945236, "_actor_vel2": 3.2862553513630886, "_brake": 0.6148889268635478, "_trigger_distance": 14.615072912654465, "_traffic_distance": 7.340733009687312, "weather": {"sun_altitude_angle": -61.36495711737193, "precipitation": 87.14610717861946, "wind_intensity": 72.5347414715138, "sun_azimuth_angle": 317.16074923012644, "fog_distance": "0", "cloudiness": 74.34834565112813, "fog_density": 94.144249416748, "wetness": 74.43235832848269, "precipitation_deposits": 22.743649059937542}}], "scenario_type": "Scenario59"}]}]}