{"available_scenarios": [{"Town05": [{"available_event_configurations": [{"transform": {"pitch": "0", "x": 31.5, "y": 69, "yaw": -90, "z": 0}, "_start_distance": 8.223465292696677, "_actor_vel": 4.479793578766628, "_start_distance2": 15.36603956350626, "_actor_vel2": 3.399563810445474, "_brake": 0.7303616218519082, "_trigger_distance": 12.043120945762658, "_traffic_distance": 8.127617648778909, "weather": {"sun_altitude_angle": -81.84515618348215, "precipitation": 58.40494595155161, "wind_intensity": 60.52182619699472, "sun_azimuth_angle": 33.44656695974932, "fog_distance": "0", "cloudiness": 26.493948868017767, "fog_density": 62.3082171398536, "wetness": 40.04226115279364, "precipitation_deposits": 29.503202261438098}}], "scenario_type": "Scenario59"}], "Town03": [{"available_event_configurations": [{"transform": {"pitch": "0", "x": -86, "y": -81.9, "yaw": 90, "z": 0}, "_start_distance": 8.223465292696677, "_actor_vel": 4.479793578766628, "_start_distance2": 15.36603956350626, "_actor_vel2": 3.399563810445474, "_brake": 0.7303616218519082, "_trigger_distance": 12.043120945762658, "_traffic_distance": 8.127617648778909, "weather": {"sun_altitude_angle": -81.84515618348215, "precipitation": 58.40494595155161, "wind_intensity": 60.52182619699472, "sun_azimuth_angle": 33.44656695974932, "fog_distance": "0", "cloudiness": 26.493948868017767, "fog_density": 62.3082171398536, "wetness": 40.04226115279364, "precipitation_deposits": 29.503202261438098}}], "scenario_type": "Scenario59"}]}]}