{"available_scenarios": [{"Town05": [{"available_event_configurations": [{"transform": {"pitch": "0", "x": 31.5, "y": 69, "yaw": -90, "z": 0}, "_start_distance": 8.476768851594402, "_actor_vel": 4.45665615453324, "_start_distance2": 15.726213117685337, "_actor_vel2": 3.155061217593024, "_brake": 0.9746360133917699, "_trigger_distance": 12.322106479799013, "_traffic_distance": 6.755951950734012, "weather": {"sun_altitude_angle": -11.731625676616176, "precipitation": 26.745316405418272, "wind_intensity": 54.443697725195015, "sun_azimuth_angle": 74.19337250568718, "fog_distance": "0", "cloudiness": 48.77920370898152, "fog_density": 35.66620513977298, "wetness": 15.262738252741281, "precipitation_deposits": 54.29561188131547}}], "scenario_type": "Scenario59"}], "Town03": [{"available_event_configurations": [{"transform": {"pitch": "0", "x": -86, "y": -81.9, "yaw": 90, "z": 0}, "_start_distance": 8.476768851594402, "_actor_vel": 4.45665615453324, "_start_distance2": 15.726213117685337, "_actor_vel2": 3.155061217593024, "_brake": 0.9746360133917699, "_trigger_distance": 12.322106479799013, "_traffic_distance": 6.755951950734012, "weather": {"sun_altitude_angle": -11.731625676616176, "precipitation": 26.745316405418272, "wind_intensity": 54.443697725195015, "sun_azimuth_angle": 74.19337250568718, "fog_distance": "0", "cloudiness": 48.77920370898152, "fog_density": 35.66620513977298, "wetness": 15.262738252741281, "precipitation_deposits": 54.29561188131547}}], "scenario_type": "Scenario59"}]}]}