{"available_scenarios": [{"Town05": [{"available_event_configurations": [{"transform": {"pitch": "0", "x": 31.5, "y": 69, "yaw": -90, "z": 0}, "_start_distance": 14.330665726829844, "_actor_vel": 4.073771462128358, "_start_distance2": 16.660015616720155, "_actor_vel2": 3.2350142461671165, "_brake": 0.8671260919296648, "_trigger_distance": 12.66958228875698, "_traffic_distance": 8.50957921909881, "weather": {"sun_altitude_angle": 78.41871165091345, "precipitation": 20.773567202398457, "wind_intensity": 3.567775816124019, "sun_azimuth_angle": 338.5621565716643, "fog_distance": "0", "cloudiness": 65.0456073143588, "fog_density": 70.65800665600655, "wetness": 71.66930262737276, "precipitation_deposits": 70.71262946992915}}], "scenario_type": "Scenario59"}], "Town03": [{"available_event_configurations": [{"transform": {"pitch": "0", "x": -86, "y": -81.9, "yaw": 90, "z": 0}, "_start_distance": 14.330665726829844, "_actor_vel": 4.073771462128358, "_start_distance2": 16.660015616720155, "_actor_vel2": 3.2350142461671165, "_brake": 0.8671260919296648, "_trigger_distance": 12.66958228875698, "_traffic_distance": 8.50957921909881, "weather": {"sun_altitude_angle": 78.41871165091345, "precipitation": 20.773567202398457, "wind_intensity": 3.567775816124019, "sun_azimuth_angle": 338.5621565716643, "fog_distance": "0", "cloudiness": 65.0456073143588, "fog_density": 70.65800665600655, "wetness": 71.66930262737276, "precipitation_deposits": 70.71262946992915}}], "scenario_type": "Scenario59"}]}]}