{"available_scenarios": [{"Town05": [{"available_event_configurations": [{"transform": {"pitch": "0", "x": 31.5, "y": 69, "yaw": -90, "z": 0}, "_start_distance": 8.66760764132071, "_actor_vel": 4.432517761604427, "_start_distance2": 16.84196477838499, "_actor_vel2": 3.0658756014000916, "_brake": 0.7473437970547365, "_trigger_distance": 13.563858899768586, "_traffic_distance": 9.599214544583562, "weather": {"sun_altitude_angle": -49.952458335507075, "precipitation": 11.09304562729221, "wind_intensity": 86.19517989397629, "sun_azimuth_angle": 292.2774336267195, "fog_distance": "0", "cloudiness": 44.646022024288115, "fog_density": 53.18493698508128, "wetness": 8.731168759886998, "precipitation_deposits": 81.8307400508498}}], "scenario_type": "Scenario59"}], "Town03": [{"available_event_configurations": [{"transform": {"pitch": "0", "x": -86, "y": -81.9, "yaw": 90, "z": 0}, "_start_distance": 8.66760764132071, "_actor_vel": 4.432517761604427, "_start_distance2": 16.84196477838499, "_actor_vel2": 3.0658756014000916, "_brake": 0.7473437970547365, "_trigger_distance": 13.563858899768586, "_traffic_distance": 9.599214544583562, "weather": {"sun_altitude_angle": -49.952458335507075, "precipitation": 11.09304562729221, "wind_intensity": 86.19517989397629, "sun_azimuth_angle": 292.2774336267195, "fog_distance": "0", "cloudiness": 44.646022024288115, "fog_density": 53.18493698508128, "wetness": 8.731168759886998, "precipitation_deposits": 81.8307400508498}}], "scenario_type": "Scenario59"}]}]}