{"available_scenarios": [{"Town05": [{"available_event_configurations": [{"transform": {"pitch": "0", "x": 31.5, "y": 69, "yaw": -90, "z": 0}, "_start_distance": 8.041668594423445, "_actor_vel": 4.251985932168735, "_start_distance2": 17.518522313059826, "_actor_vel2": 3.167597082642116, "_brake": 0.6220672465093304, "_trigger_distance": 14.151780570777, "_traffic_distance": 7.988787277730719, "weather": {"sun_altitude_angle": 25.469034846545256, "precipitation": 54.929977816147854, "wind_intensity": 82.82493551798163, "sun_azimuth_angle": 150.00088792462014, "fog_distance": "0", "cloudiness": 63.31367410915279, "fog_density": 20.169289193119667, "wetness": 13.97542603954639, "precipitation_deposits": 50.44960427307416}}], "scenario_type": "Scenario59"}], "Town03": [{"available_event_configurations": [{"transform": {"pitch": "0", "x": -86, "y": -81.9, "yaw": 90, "z": 0}, "_start_distance": 8.041668594423445, "_actor_vel": 4.251985932168735, "_start_distance2": 17.518522313059826, "_actor_vel2": 3.167597082642116, "_brake": 0.6220672465093304, "_trigger_distance": 14.151780570777, "_traffic_distance": 7.988787277730719, "weather": {"sun_altitude_angle": 25.469034846545256, "precipitation": 54.929977816147854, "wind_intensity": 82.82493551798163, "sun_azimuth_angle": 150.00088792462014, "fog_distance": "0", "cloudiness": 63.31367410915279, "fog_density": 20.169289193119667, "wetness": 13.97542603954639, "precipitation_deposits": 50.44960427307416}}], "scenario_type": "Scenario59"}]}]}