{"available_scenarios": [{"Town05": [{"available_event_configurations": [{"transform": {"pitch": "0", "x": 31.5, "y": 69, "yaw": -90, "z": 0}, "_start_distance": 10.106949894780865, "_actor_vel": 4.924622627483143, "_start_distance2": 16.432839888288814, "_actor_vel2": 3.4468443466203578, "_brake": 0.96833036982565, "_trigger_distance": 13.672420950369547, "_traffic_distance": 9.120662985405321, "weather": {"sun_altitude_angle": 89.45961399697435, "precipitation": 72.31827532967948, "wind_intensity": 2.3740726340301666, "sun_azimuth_angle": 153.4333418135767, "fog_distance": "0", "cloudiness": 9.741614438638436, "fog_density": 84.25052803910027, "wetness": 66.87728492497838, "precipitation_deposits": 86.76964570780784}}], "scenario_type": "Scenario59"}], "Town03": [{"available_event_configurations": [{"transform": {"pitch": "0", "x": -86, "y": -81.9, "yaw": 90, "z": 0}, "_start_distance": 10.106949894780865, "_actor_vel": 4.924622627483143, "_start_distance2": 16.432839888288814, "_actor_vel2": 3.4468443466203578, "_brake": 0.96833036982565, "_trigger_distance": 13.672420950369547, "_traffic_distance": 9.120662985405321, "weather": {"sun_altitude_angle": 89.45961399697435, "precipitation": 72.31827532967948, "wind_intensity": 2.3740726340301666, "sun_azimuth_angle": 153.4333418135767, "fog_distance": "0", "cloudiness": 9.741614438638436, "fog_density": 84.25052803910027, "wetness": 66.87728492497838, "precipitation_deposits": 86.76964570780784}}], "scenario_type": "Scenario59"}]}]}