{"available_scenarios": [{"Town05": [{"available_event_configurations": [{"transform": {"pitch": "0", "x": 31.5, "y": 69, "yaw": -90, "z": 0}, "_start_distance": 9.37340004435552, "_actor_vel": 4.968352936047714, "_start_distance2": 17.532927377477236, "_actor_vel2": 3.1056619160910084, "_brake": 0.9985075115812656, "_trigger_distance": 14.83309598338079, "_traffic_distance": 5.967508925746853, "weather": {"sun_altitude_angle": -67.5419380341624, "precipitation": 14.506072280479588, "wind_intensity": 41.182930501712455, "sun_azimuth_angle": 110.19237581924432, "fog_distance": "0", "cloudiness": 88.13115333022789, "fog_density": 41.69323227561173, "wetness": 37.94307690228798, "precipitation_deposits": 33.37073455845082}}], "scenario_type": "Scenario59"}], "Town03": [{"available_event_configurations": [{"transform": {"pitch": "0", "x": -86, "y": -81.9, "yaw": 90, "z": 0}, "_start_distance": 9.37340004435552, "_actor_vel": 4.968352936047714, "_start_distance2": 17.532927377477236, "_actor_vel2": 3.1056619160910084, "_brake": 0.9985075115812656, "_trigger_distance": 14.83309598338079, "_traffic_distance": 5.967508925746853, "weather": {"sun_altitude_angle": -67.5419380341624, "precipitation": 14.506072280479588, "wind_intensity": 41.182930501712455, "sun_azimuth_angle": 110.19237581924432, "fog_distance": "0", "cloudiness": 88.13115333022789, "fog_density": 41.69323227561173, "wetness": 37.94307690228798, "precipitation_deposits": 33.37073455845082}}], "scenario_type": "Scenario59"}]}]}