{"available_scenarios": [{"Town05": [{"available_event_configurations": [{"transform": {"pitch": "0", "x": 31.5, "y": 69, "yaw": -90, "z": 0}, "_start_distance": 10.216253420041117, "_actor_vel": 4.647155655653366, "_start_distance2": 18.659089730725288, "_actor_vel2": 3.0506628907530375, "_brake": 0.9473047297178521, "_trigger_distance": 14.044473358217077, "_traffic_distance": 8.530179585291997, "weather": {"sun_altitude_angle": 29.823820162288996, "precipitation": 21.65324475079673, "wind_intensity": 28.168790515744433, "sun_azimuth_angle": 326.0982605343369, "fog_distance": "0", "cloudiness": 14.12429636839022, "fog_density": 78.74895625509791, "wetness": 73.43439175938703, "precipitation_deposits": 70.44299326717149}}], "scenario_type": "Scenario59"}], "Town03": [{"available_event_configurations": [{"transform": {"pitch": "0", "x": -86, "y": -81.9, "yaw": 90, "z": 0}, "_start_distance": 10.216253420041117, "_actor_vel": 4.647155655653366, "_start_distance2": 18.659089730725288, "_actor_vel2": 3.0506628907530375, "_brake": 0.9473047297178521, "_trigger_distance": 14.044473358217077, "_traffic_distance": 8.530179585291997, "weather": {"sun_altitude_angle": 29.823820162288996, "precipitation": 21.65324475079673, "wind_intensity": 28.168790515744433, "sun_azimuth_angle": 326.0982605343369, "fog_distance": "0", "cloudiness": 14.12429636839022, "fog_density": 78.74895625509791, "wetness": 73.43439175938703, "precipitation_deposits": 70.44299326717149}}], "scenario_type": "Scenario59"}]}]}