{"available_scenarios": [{"Town05": [{"available_event_configurations": [{"transform": {"pitch": "0", "x": 31.5, "y": 69, "yaw": -90, "z": 0}, "_start_distance": 11.798334750073503, "_actor_vel": 4.443057531740022, "_start_distance2": 18.340242485981573, "_actor_vel2": 3.0095131014451475, "_brake": 0.6569657292995018, "_trigger_distance": 12.078045331718286, "_traffic_distance": 7.949504237056079, "weather": {"sun_altitude_angle": -22.878273842952993, "precipitation": 84.55589971012378, "wind_intensity": 21.55323420420524, "sun_azimuth_angle": 100.74642299134925, "fog_distance": "0", "cloudiness": 88.20947563356792, "fog_density": 42.61297189234462, "wetness": 0.559663093538465, "precipitation_deposits": 22.822770466517294}}], "scenario_type": "Scenario59"}], "Town03": [{"available_event_configurations": [{"transform": {"pitch": "0", "x": -86, "y": -81.9, "yaw": 90, "z": 0}, "_start_distance": 11.798334750073503, "_actor_vel": 4.443057531740022, "_start_distance2": 18.340242485981573, "_actor_vel2": 3.0095131014451475, "_brake": 0.6569657292995018, "_trigger_distance": 12.078045331718286, "_traffic_distance": 7.949504237056079, "weather": {"sun_altitude_angle": -22.878273842952993, "precipitation": 84.55589971012378, "wind_intensity": 21.55323420420524, "sun_azimuth_angle": 100.74642299134925, "fog_distance": "0", "cloudiness": 88.20947563356792, "fog_density": 42.61297189234462, "wetness": 0.559663093538465, "precipitation_deposits": 22.822770466517294}}], "scenario_type": "Scenario59"}]}]}