{"available_scenarios": [{"Town05": [{"available_event_configurations": [{"transform": {"pitch": "0", "x": 31.5, "y": 69, "yaw": -90, "z": 0}, "_start_distance": 9.720049551784774, "_actor_vel": 4.407839418065567, "_start_distance2": 15.933109301316893, "_actor_vel2": 3.1388330670174853, "_brake": 0.6595117114667384, "_trigger_distance": 12.100454472898676, "_traffic_distance": 8.684617982468039, "weather": {"sun_altitude_angle": 5.176048804866568, "precipitation": 47.256579147613756, "wind_intensity": 7.005668430862288, "sun_azimuth_angle": 91.15382729540251, "fog_distance": "0", "cloudiness": 62.57336578700722, "fog_density": 3.41900541712864, "wetness": 96.68834557282999, "precipitation_deposits": 9.755514293077216}}], "scenario_type": "Scenario59"}], "Town03": [{"available_event_configurations": [{"transform": {"pitch": "0", "x": -86, "y": -81.9, "yaw": 90, "z": 0}, "_start_distance": 9.720049551784774, "_actor_vel": 4.407839418065567, "_start_distance2": 15.933109301316893, "_actor_vel2": 3.1388330670174853, "_brake": 0.6595117114667384, "_trigger_distance": 12.100454472898676, "_traffic_distance": 8.684617982468039, "weather": {"sun_altitude_angle": 5.176048804866568, "precipitation": 47.256579147613756, "wind_intensity": 7.005668430862288, "sun_azimuth_angle": 91.15382729540251, "fog_distance": "0", "cloudiness": 62.57336578700722, "fog_density": 3.41900541712864, "wetness": 96.68834557282999, "precipitation_deposits": 9.755514293077216}}], "scenario_type": "Scenario59"}]}]}