{"available_scenarios": [{"Town05": [{"available_event_configurations": [{"transform": {"pitch": "0", "x": 31.5, "y": 69, "yaw": -90, "z": 0}, "_start_distance": 9.663044870575382, "_actor_vel": 4.306269641139996, "_start_distance2": 15.935981603896611, "_actor_vel2": 3.3373000844604337, "_brake": 0.6835863631096208, "_trigger_distance": 14.842513899823052, "_traffic_distance": 9.056591612700196, "weather": {"sun_altitude_angle": -89.01927080051028, "precipitation": 52.549455678751535, "wind_intensity": 50.75382520596988, "sun_azimuth_angle": 247.5785180257575, "fog_distance": "0", "cloudiness": 18.128616952608702, "fog_density": 77.74481214867203, "wetness": 36.75386274838187, "precipitation_deposits": 96.9715628586591}}], "scenario_type": "Scenario59"}], "Town03": [{"available_event_configurations": [{"transform": {"pitch": "0", "x": -86, "y": -81.9, "yaw": 90, "z": 0}, "_start_distance": 9.663044870575382, "_actor_vel": 4.306269641139996, "_start_distance2": 15.935981603896611, "_actor_vel2": 3.3373000844604337, "_brake": 0.6835863631096208, "_trigger_distance": 14.842513899823052, "_traffic_distance": 9.056591612700196, "weather": {"sun_altitude_angle": -89.01927080051028, "precipitation": 52.549455678751535, "wind_intensity": 50.75382520596988, "sun_azimuth_angle": 247.5785180257575, "fog_distance": "0", "cloudiness": 18.128616952608702, "fog_density": 77.74481214867203, "wetness": 36.75386274838187, "precipitation_deposits": 96.9715628586591}}], "scenario_type": "Scenario59"}]}]}