{"available_scenarios": [{"Town05": [{"available_event_configurations": [{"transform": {"pitch": "0", "x": 31.5, "y": 69, "yaw": -90, "z": 0}, "_start_distance": 9.769835692281504, "_actor_vel": 4.3025062420903195, "_start_distance2": 16.696390881457603, "_actor_vel2": 3.0304327074846746, "_brake": 0.8421993088390892, "_trigger_distance": 13.939596570283312, "_traffic_distance": 5.559320189699407, "weather": {"sun_altitude_angle": 74.84054412434384, "precipitation": 58.22963818594774, "wind_intensity": 7.4612492984349466, "sun_azimuth_angle": 196.05558638630094, "fog_distance": "0", "cloudiness": 72.23500521085474, "fog_density": 93.92188201730465, "wetness": 53.290223148835366, "precipitation_deposits": 62.25348573626559}}], "scenario_type": "Scenario59"}], "Town03": [{"available_event_configurations": [{"transform": {"pitch": "0", "x": -86, "y": -81.9, "yaw": 90, "z": 0}, "_start_distance": 9.769835692281504, "_actor_vel": 4.3025062420903195, "_start_distance2": 16.696390881457603, "_actor_vel2": 3.0304327074846746, "_brake": 0.8421993088390892, "_trigger_distance": 13.939596570283312, "_traffic_distance": 5.559320189699407, "weather": {"sun_altitude_angle": 74.84054412434384, "precipitation": 58.22963818594774, "wind_intensity": 7.4612492984349466, "sun_azimuth_angle": 196.05558638630094, "fog_distance": "0", "cloudiness": 72.23500521085474, "fog_density": 93.92188201730465, "wetness": 53.290223148835366, "precipitation_deposits": 62.25348573626559}}], "scenario_type": "Scenario59"}]}]}