{"available_scenarios": [{"Town05": [{"available_event_configurations": [{"transform": {"pitch": "0", "x": 31.5, "y": 69, "yaw": -90, "z": 0}, "_start_distance": 14.993113766937977, "_actor_vel": 4.586034991012009, "_start_distance2": 17.80430597132132, "_actor_vel2": 3.163297181019898, "_brake": 0.8199976665815985, "_trigger_distance": 14.114485513253445, "_traffic_distance": 6.452036736055275, "weather": {"sun_altitude_angle": -50.47377809418771, "precipitation": 49.53023345167472, "wind_intensity": 3.0107351780954694, "sun_azimuth_angle": 110.71728955635513, "fog_distance": "0", "cloudiness": 53.0671859553638, "fog_density": 71.15939411804928, "wetness": 84.40308712548708, "precipitation_deposits": 66.44748377699644}}], "scenario_type": "Scenario59"}], "Town03": [{"available_event_configurations": [{"transform": {"pitch": "0", "x": -86, "y": -81.9, "yaw": 90, "z": 0}, "_start_distance": 14.993113766937977, "_actor_vel": 4.586034991012009, "_start_distance2": 17.80430597132132, "_actor_vel2": 3.163297181019898, "_brake": 0.8199976665815985, "_trigger_distance": 14.114485513253445, "_traffic_distance": 6.452036736055275, "weather": {"sun_altitude_angle": -50.47377809418771, "precipitation": 49.53023345167472, "wind_intensity": 3.0107351780954694, "sun_azimuth_angle": 110.71728955635513, "fog_distance": "0", "cloudiness": 53.0671859553638, "fog_density": 71.15939411804928, "wetness": 84.40308712548708, "precipitation_deposits": 66.44748377699644}}], "scenario_type": "Scenario59"}]}]}