{"available_scenarios": [{"Town05": [{"available_event_configurations": [{"transform": {"pitch": "0", "x": 31.5, "y": 69, "yaw": -90, "z": 0}, "_start_distance": 14.274684032866872, "_actor_vel": 4.287042342169401, "_start_distance2": 16.541719908217907, "_actor_vel2": 3.1037875569909703, "_brake": 0.9020857015761949, "_trigger_distance": 14.487869072679011, "_traffic_distance": 9.638258717351224, "weather": {"sun_altitude_angle": 52.67062026009671, "precipitation": 63.555379210040165, "wind_intensity": 76.2149816435946, "sun_azimuth_angle": 55.269746495232994, "fog_distance": "0", "cloudiness": 19.164758290045757, "fog_density": 17.585924354327563, "wetness": 70.7664953965596, "precipitation_deposits": 61.35794546027792}}], "scenario_type": "Scenario59"}], "Town03": [{"available_event_configurations": [{"transform": {"pitch": "0", "x": -86, "y": -81.9, "yaw": 90, "z": 0}, "_start_distance": 14.274684032866872, "_actor_vel": 4.287042342169401, "_start_distance2": 16.541719908217907, "_actor_vel2": 3.1037875569909703, "_brake": 0.9020857015761949, "_trigger_distance": 14.487869072679011, "_traffic_distance": 9.638258717351224, "weather": {"sun_altitude_angle": 52.67062026009671, "precipitation": 63.555379210040165, "wind_intensity": 76.2149816435946, "sun_azimuth_angle": 55.269746495232994, "fog_distance": "0", "cloudiness": 19.164758290045757, "fog_density": 17.585924354327563, "wetness": 70.7664953965596, "precipitation_deposits": 61.35794546027792}}], "scenario_type": "Scenario59"}]}]}