{"available_scenarios": [{"Town05": [{"available_event_configurations": [{"transform": {"pitch": "0", "x": 31.5, "y": 69, "yaw": -90, "z": 0}, "_start_distance": 11.098009843816136, "_actor_vel": 4.124358464021865, "_start_distance2": 17.506374777167558, "_actor_vel2": 3.130906074954801, "_brake": 0.9206941210852029, "_trigger_distance": 14.381348516861614, "_traffic_distance": 6.457585055871204, "weather": {"sun_altitude_angle": -41.758445077444904, "precipitation": 42.123875623173, "wind_intensity": 73.07116956111437, "sun_azimuth_angle": 20.780410638303522, "fog_distance": "0", "cloudiness": 73.19064344537057, "fog_density": 19.014776683027122, "wetness": 71.84074995301377, "precipitation_deposits": 58.889494557646806}}], "scenario_type": "Scenario59"}], "Town03": [{"available_event_configurations": [{"transform": {"pitch": "0", "x": -86, "y": -81.9, "yaw": 90, "z": 0}, "_start_distance": 11.098009843816136, "_actor_vel": 4.124358464021865, "_start_distance2": 17.506374777167558, "_actor_vel2": 3.130906074954801, "_brake": 0.9206941210852029, "_trigger_distance": 14.381348516861614, "_traffic_distance": 6.457585055871204, "weather": {"sun_altitude_angle": -41.758445077444904, "precipitation": 42.123875623173, "wind_intensity": 73.07116956111437, "sun_azimuth_angle": 20.780410638303522, "fog_distance": "0", "cloudiness": 73.19064344537057, "fog_density": 19.014776683027122, "wetness": 71.84074995301377, "precipitation_deposits": 58.889494557646806}}], "scenario_type": "Scenario59"}]}]}