{"available_scenarios": [{"Town05": [{"available_event_configurations": [{"transform": {"pitch": "0", "x": 31.5, "y": 69, "yaw": -90, "z": 0}, "_start_distance": 10.953280884925721, "_actor_vel": 4.7285341147813655, "_start_distance2": 18.193214378892975, "_actor_vel2": 3.2212666227001963, "_brake": 0.7015954293180628, "_trigger_distance": 12.597005975266045, "_traffic_distance": 7.888773786448425, "weather": {"sun_altitude_angle": -80.33230769335371, "precipitation": 92.36096099372743, "wind_intensity": 14.176781525581294, "sun_azimuth_angle": 350.78868277522344, "fog_distance": "0", "cloudiness": 29.02339646414972, "fog_density": 71.66029170115212, "wetness": 30.339199989961607, "precipitation_deposits": 89.0947978353388}}], "scenario_type": "Scenario59"}], "Town03": [{"available_event_configurations": [{"transform": {"pitch": "0", "x": -86, "y": -81.9, "yaw": 90, "z": 0}, "_start_distance": 10.953280884925721, "_actor_vel": 4.7285341147813655, "_start_distance2": 18.193214378892975, "_actor_vel2": 3.2212666227001963, "_brake": 0.7015954293180628, "_trigger_distance": 12.597005975266045, "_traffic_distance": 7.888773786448425, "weather": {"sun_altitude_angle": -80.33230769335371, "precipitation": 92.36096099372743, "wind_intensity": 14.176781525581294, "sun_azimuth_angle": 350.78868277522344, "fog_distance": "0", "cloudiness": 29.02339646414972, "fog_density": 71.66029170115212, "wetness": 30.339199989961607, "precipitation_deposits": 89.0947978353388}}], "scenario_type": "Scenario59"}]}]}