{"available_scenarios": [{"Town05": [{"available_event_configurations": [{"transform": {"pitch": "0", "x": 31.5, "y": 69, "yaw": -90, "z": 0}, "_start_distance": 12.062077145691351, "_actor_vel": 4.4463736403926, "_start_distance2": 18.372948871391852, "_actor_vel2": 3.0055550215083553, "_brake": 0.9371092704875246, "_trigger_distance": 12.040909709592453, "_traffic_distance": 5.032044398560682, "weather": {"sun_altitude_angle": -38.83892195051235, "precipitation": 35.097736990372795, "wind_intensity": 62.82562949688491, "sun_azimuth_angle": 202.3663677840657, "fog_distance": "0", "cloudiness": 8.618692623102032, "fog_density": 62.12837496712663, "wetness": 96.26846824060074, "precipitation_deposits": 28.41317073934093}}], "scenario_type": "Scenario59"}], "Town03": [{"available_event_configurations": [{"transform": {"pitch": "0", "x": -86, "y": -81.9, "yaw": 90, "z": 0}, "_start_distance": 12.062077145691351, "_actor_vel": 4.4463736403926, "_start_distance2": 18.372948871391852, "_actor_vel2": 3.0055550215083553, "_brake": 0.9371092704875246, "_trigger_distance": 12.040909709592453, "_traffic_distance": 5.032044398560682, "weather": {"sun_altitude_angle": -38.83892195051235, "precipitation": 35.097736990372795, "wind_intensity": 62.82562949688491, "sun_azimuth_angle": 202.3663677840657, "fog_distance": "0", "cloudiness": 8.618692623102032, "fog_density": 62.12837496712663, "wetness": 96.26846824060074, "precipitation_deposits": 28.41317073934093}}], "scenario_type": "Scenario59"}]}]}