{"available_scenarios": [{"Town05": [{"available_event_configurations": [{"transform": {"pitch": "0", "x": 31.5, "y": 69, "yaw": -90, "z": 0}, "_start_distance": 13.54153618310582, "_actor_vel": 4.275465673992159, "_start_distance2": 16.761221056388813, "_actor_vel2": 3.012284534357815, "_brake": 0.6191827344280812, "_trigger_distance": 13.210036839407106, "_traffic_distance": 9.871372930771985, "weather": {"sun_altitude_angle": -58.62666886584533, "precipitation": 90.76228298841151, "wind_intensity": 25.272085050305925, "sun_azimuth_angle": 33.87134698155084, "fog_distance": "0", "cloudiness": 75.5848709321357, "fog_density": 15.606807687662483, "wetness": 98.41175756155323, "precipitation_deposits": 46.28921851857015}}], "scenario_type": "Scenario59"}], "Town03": [{"available_event_configurations": [{"transform": {"pitch": "0", "x": -86, "y": -81.9, "yaw": 90, "z": 0}, "_start_distance": 13.54153618310582, "_actor_vel": 4.275465673992159, "_start_distance2": 16.761221056388813, "_actor_vel2": 3.012284534357815, "_brake": 0.6191827344280812, "_trigger_distance": 13.210036839407106, "_traffic_distance": 9.871372930771985, "weather": {"sun_altitude_angle": -58.62666886584533, "precipitation": 90.76228298841151, "wind_intensity": 25.272085050305925, "sun_azimuth_angle": 33.87134698155084, "fog_distance": "0", "cloudiness": 75.5848709321357, "fog_density": 15.606807687662483, "wetness": 98.41175756155323, "precipitation_deposits": 46.28921851857015}}], "scenario_type": "Scenario59"}]}]}