{"available_scenarios": [{"Town05": [{"available_event_configurations": [{"transform": {"pitch": "0", "x": 31.5, "y": 69, "yaw": -90, "z": 0}, "_start_distance": 12.006883749947118, "_actor_vel": 4.164071662579245, "_start_distance2": 18.839229327414515, "_actor_vel2": 3.1132860988502142, "_brake": 0.7946614433157446, "_trigger_distance": 14.458734441377699, "_traffic_distance": 8.97081427986598, "weather": {"sun_altitude_angle": 39.22215117452279, "precipitation": 27.93988954651351, "wind_intensity": 89.61786449499759, "sun_azimuth_angle": 59.965649341387895, "fog_distance": "0", "cloudiness": 78.67741071747733, "fog_density": 80.93524427839675, "wetness": 66.97707472240656, "precipitation_deposits": 16.553597861177938}}], "scenario_type": "Scenario59"}], "Town03": [{"available_event_configurations": [{"transform": {"pitch": "0", "x": -86, "y": -81.9, "yaw": 90, "z": 0}, "_start_distance": 12.006883749947118, "_actor_vel": 4.164071662579245, "_start_distance2": 18.839229327414515, "_actor_vel2": 3.1132860988502142, "_brake": 0.7946614433157446, "_trigger_distance": 14.458734441377699, "_traffic_distance": 8.97081427986598, "weather": {"sun_altitude_angle": 39.22215117452279, "precipitation": 27.93988954651351, "wind_intensity": 89.61786449499759, "sun_azimuth_angle": 59.965649341387895, "fog_distance": "0", "cloudiness": 78.67741071747733, "fog_density": 80.93524427839675, "wetness": 66.97707472240656, "precipitation_deposits": 16.553597861177938}}], "scenario_type": "Scenario59"}]}]}