{"available_scenarios": [{"Town05": [{"available_event_configurations": [{"transform": {"pitch": "0", "x": 31.5, "y": 69, "yaw": -90, "z": 0}, "_start_distance": 13.491648792642778, "_actor_vel": 4.1432390963707855, "_start_distance2": 17.149200071353054, "_actor_vel2": 3.106837020990379, "_brake": 0.707874454894553, "_trigger_distance": 12.47182631127537, "_traffic_distance": 5.519715707869929, "weather": {"sun_altitude_angle": -32.074941526999034, "precipitation": 8.222458351048767, "wind_intensity": 8.79737838144602, "sun_azimuth_angle": 48.205809743548066, "fog_distance": "0", "cloudiness": 75.35000396488347, "fog_density": 18.461107322719737, "wetness": 82.13985036138698, "precipitation_deposits": 44.51815871340048}}], "scenario_type": "Scenario59"}], "Town03": [{"available_event_configurations": [{"transform": {"pitch": "0", "x": -86, "y": -81.9, "yaw": 90, "z": 0}, "_start_distance": 13.491648792642778, "_actor_vel": 4.1432390963707855, "_start_distance2": 17.149200071353054, "_actor_vel2": 3.106837020990379, "_brake": 0.707874454894553, "_trigger_distance": 12.47182631127537, "_traffic_distance": 5.519715707869929, "weather": {"sun_altitude_angle": -32.074941526999034, "precipitation": 8.222458351048767, "wind_intensity": 8.79737838144602, "sun_azimuth_angle": 48.205809743548066, "fog_distance": "0", "cloudiness": 75.35000396488347, "fog_density": 18.461107322719737, "wetness": 82.13985036138698, "precipitation_deposits": 44.51815871340048}}], "scenario_type": "Scenario59"}]}]}