{"available_scenarios": [{"Town05": [{"available_event_configurations": [{"transform": {"pitch": "0", "x": 31.5, "y": 69, "yaw": -90, "z": 0}, "_start_distance": 10.051461297357548, "_actor_vel": 4.714814642717277, "_start_distance2": 17.857976512693458, "_actor_vel2": 3.2051643620433548, "_brake": 0.9445724823390609, "_trigger_distance": 13.903212940440289, "_traffic_distance": 6.029153509889701, "weather": {"sun_altitude_angle": 13.467222818181895, "precipitation": 34.2753394294468, "wind_intensity": 67.4740827444628, "sun_azimuth_angle": 215.9391075474806, "fog_distance": "0", "cloudiness": 90.3464092581812, "fog_density": 39.1132440489502, "wetness": 59.05395999320346, "precipitation_deposits": 68.64826057659108}}], "scenario_type": "Scenario59"}], "Town03": [{"available_event_configurations": [{"transform": {"pitch": "0", "x": -86, "y": -81.9, "yaw": 90, "z": 0}, "_start_distance": 10.051461297357548, "_actor_vel": 4.714814642717277, "_start_distance2": 17.857976512693458, "_actor_vel2": 3.2051643620433548, "_brake": 0.9445724823390609, "_trigger_distance": 13.903212940440289, "_traffic_distance": 6.029153509889701, "weather": {"sun_altitude_angle": 13.467222818181895, "precipitation": 34.2753394294468, "wind_intensity": 67.4740827444628, "sun_azimuth_angle": 215.9391075474806, "fog_distance": "0", "cloudiness": 90.3464092581812, "fog_density": 39.1132440489502, "wetness": 59.05395999320346, "precipitation_deposits": 68.64826057659108}}], "scenario_type": "Scenario59"}]}]}