{"available_scenarios": [{"Town05": [{"available_event_configurations": [{"transform": {"pitch": "0", "x": 31.5, "y": 69, "yaw": -90, "z": 0}, "_start_distance": 12.457950922556693, "_actor_vel": 4.201860686928506, "_start_distance2": 16.737341124685027, "_actor_vel2": 3.3290911747316825, "_brake": 0.7666539957921762, "_trigger_distance": 13.678318456283137, "_traffic_distance": 5.400468054919363, "weather": {"sun_altitude_angle": 10.86227908177537, "precipitation": 58.14676010438558, "wind_intensity": 34.8456712302016, "sun_azimuth_angle": 137.13080379888035, "fog_distance": "0", "cloudiness": 80.29418122824646, "fog_density": 14.524308135952857, "wetness": 91.05115028223322, "precipitation_deposits": 11.866794442409612}}], "scenario_type": "Scenario59"}], "Town03": [{"available_event_configurations": [{"transform": {"pitch": "0", "x": -86, "y": -81.9, "yaw": 90, "z": 0}, "_start_distance": 12.457950922556693, "_actor_vel": 4.201860686928506, "_start_distance2": 16.737341124685027, "_actor_vel2": 3.3290911747316825, "_brake": 0.7666539957921762, "_trigger_distance": 13.678318456283137, "_traffic_distance": 5.400468054919363, "weather": {"sun_altitude_angle": 10.86227908177537, "precipitation": 58.14676010438558, "wind_intensity": 34.8456712302016, "sun_azimuth_angle": 137.13080379888035, "fog_distance": "0", "cloudiness": 80.29418122824646, "fog_density": 14.524308135952857, "wetness": 91.05115028223322, "precipitation_deposits": 11.866794442409612}}], "scenario_type": "Scenario59"}]}]}