{"available_scenarios": [{"Town05": [{"available_event_configurations": [{"transform": {"pitch": "0", "x": 31.5, "y": 69, "yaw": -90, "z": 0}, "_start_distance": 8.131352786658997, "_actor_vel": 4.130471553880645, "_start_distance2": 16.28452214450138, "_actor_vel2": 3.0463801656421055, "_brake": 0.778120196772879, "_trigger_distance": 13.780346621667324, "_traffic_distance": 8.965327779333474, "weather": {"sun_altitude_angle": -28.055704601203267, "precipitation": 68.36065218008322, "wind_intensity": 4.8136725472692765, "sun_azimuth_angle": 330.3035999524945, "fog_distance": "0", "cloudiness": 1.2535668729109828, "fog_density": 73.511549820586, "wetness": 36.31080462938867, "precipitation_deposits": 42.651462700031395}}], "scenario_type": "Scenario59"}], "Town03": [{"available_event_configurations": [{"transform": {"pitch": "0", "x": -86, "y": -81.9, "yaw": 90, "z": 0}, "_start_distance": 8.131352786658997, "_actor_vel": 4.130471553880645, "_start_distance2": 16.28452214450138, "_actor_vel2": 3.0463801656421055, "_brake": 0.778120196772879, "_trigger_distance": 13.780346621667324, "_traffic_distance": 8.965327779333474, "weather": {"sun_altitude_angle": -28.055704601203267, "precipitation": 68.36065218008322, "wind_intensity": 4.8136725472692765, "sun_azimuth_angle": 330.3035999524945, "fog_distance": "0", "cloudiness": 1.2535668729109828, "fog_density": 73.511549820586, "wetness": 36.31080462938867, "precipitation_deposits": 42.651462700031395}}], "scenario_type": "Scenario59"}]}]}