{"available_scenarios": [{"Town05": [{"available_event_configurations": [{"transform": {"pitch": "0", "x": 31.5, "y": 69, "yaw": -90, "z": 0}, "_start_distance": 10.485443007867065, "_actor_vel": 4.687652484477077, "_start_distance2": 15.454815425645082, "_actor_vel2": 3.1425903564804214, "_brake": 0.9195895523262143, "_trigger_distance": 14.862125374092718, "_traffic_distance": 8.644146085418678, "weather": {"sun_altitude_angle": 74.865921980932, "precipitation": 51.623906898765334, "wind_intensity": 17.710743141502107, "sun_azimuth_angle": 306.4678798232359, "fog_distance": "0", "cloudiness": 92.5519164990552, "fog_density": 21.682834637667302, "wetness": 59.41070822103581, "precipitation_deposits": 35.871930772182836}}], "scenario_type": "Scenario59"}], "Town03": [{"available_event_configurations": [{"transform": {"pitch": "0", "x": -86, "y": -81.9, "yaw": 90, "z": 0}, "_start_distance": 10.485443007867065, "_actor_vel": 4.687652484477077, "_start_distance2": 15.454815425645082, "_actor_vel2": 3.1425903564804214, "_brake": 0.9195895523262143, "_trigger_distance": 14.862125374092718, "_traffic_distance": 8.644146085418678, "weather": {"sun_altitude_angle": 74.865921980932, "precipitation": 51.623906898765334, "wind_intensity": 17.710743141502107, "sun_azimuth_angle": 306.4678798232359, "fog_distance": "0", "cloudiness": 92.5519164990552, "fog_density": 21.682834637667302, "wetness": 59.41070822103581, "precipitation_deposits": 35.871930772182836}}], "scenario_type": "Scenario59"}]}]}