{"available_scenarios": [{"Town05": [{"available_event_configurations": [{"transform": {"pitch": "0", "x": 31.5, "y": 69, "yaw": -90, "z": 0}, "_start_distance": 12.12482599080612, "_actor_vel": 4.557471953344343, "_start_distance2": 16.604336603115335, "_actor_vel2": 3.455986664162011, "_brake": 0.6181097788609191, "_trigger_distance": 14.957140385846053, "_traffic_distance": 5.368103706314519, "weather": {"sun_altitude_angle": -22.65141917717328, "precipitation": 56.476399300198686, "wind_intensity": 91.72456297582997, "sun_azimuth_angle": 318.5258688647403, "fog_distance": "0", "cloudiness": 79.58105873642455, "fog_density": 52.369609835806166, "wetness": 12.77031162072616, "precipitation_deposits": 80.01920503046333}}], "scenario_type": "Scenario59"}], "Town03": [{"available_event_configurations": [{"transform": {"pitch": "0", "x": -86, "y": -81.9, "yaw": 90, "z": 0}, "_start_distance": 12.12482599080612, "_actor_vel": 4.557471953344343, "_start_distance2": 16.604336603115335, "_actor_vel2": 3.455986664162011, "_brake": 0.6181097788609191, "_trigger_distance": 14.957140385846053, "_traffic_distance": 5.368103706314519, "weather": {"sun_altitude_angle": -22.65141917717328, "precipitation": 56.476399300198686, "wind_intensity": 91.72456297582997, "sun_azimuth_angle": 318.5258688647403, "fog_distance": "0", "cloudiness": 79.58105873642455, "fog_density": 52.369609835806166, "wetness": 12.77031162072616, "precipitation_deposits": 80.01920503046333}}], "scenario_type": "Scenario59"}]}]}