{"available_scenarios": [{"Town05": [{"available_event_configurations": [{"transform": {"pitch": "0", "x": 31.5, "y": 69, "yaw": -90, "z": 0}, "_start_distance": 11.976588349818275, "_actor_vel": 4.123067118446376, "_start_distance2": 16.466967976794617, "_actor_vel2": 3.388414339112343, "_brake": 0.6206368691442892, "_trigger_distance": 13.79739054452591, "_traffic_distance": 7.53423526294956, "weather": {"sun_altitude_angle": 76.40135949609393, "precipitation": 36.276564199293084, "wind_intensity": 42.203162992408274, "sun_azimuth_angle": 263.65933705010184, "fog_distance": "0", "cloudiness": 31.383027517140118, "fog_density": 28.371823969373345, "wetness": 12.623494243840472, "precipitation_deposits": 52.97866716480115}}], "scenario_type": "Scenario59"}], "Town03": [{"available_event_configurations": [{"transform": {"pitch": "0", "x": -86, "y": -81.9, "yaw": 90, "z": 0}, "_start_distance": 11.976588349818275, "_actor_vel": 4.123067118446376, "_start_distance2": 16.466967976794617, "_actor_vel2": 3.388414339112343, "_brake": 0.6206368691442892, "_trigger_distance": 13.79739054452591, "_traffic_distance": 7.53423526294956, "weather": {"sun_altitude_angle": 76.40135949609393, "precipitation": 36.276564199293084, "wind_intensity": 42.203162992408274, "sun_azimuth_angle": 263.65933705010184, "fog_distance": "0", "cloudiness": 31.383027517140118, "fog_density": 28.371823969373345, "wetness": 12.623494243840472, "precipitation_deposits": 52.97866716480115}}], "scenario_type": "Scenario59"}]}]}