{"available_scenarios": [{"Town05": [{"available_event_configurations": [{"transform": {"pitch": "0", "x": 31.5, "y": 69, "yaw": -90, "z": 0}, "_start_distance": 10.459519001673462, "_actor_vel": 4.471516712998156, "_start_distance2": 15.787444445889818, "_actor_vel2": 3.392927624440563, "_brake": 0.587071961148068, "_trigger_distance": 12.71172903905807, "_traffic_distance": 5.9602446723224185, "weather": {"sun_altitude_angle": -35.43368205496063, "precipitation": 1.2817679410696559, "wind_intensity": 19.69707126615158, "sun_azimuth_angle": 225.82326282648384, "fog_distance": "0", "cloudiness": 48.58680632291982, "fog_density": 89.05624716286178, "wetness": 74.91662881795534, "precipitation_deposits": 49.357808084761245}}], "scenario_type": "Scenario59"}], "Town03": [{"available_event_configurations": [{"transform": {"pitch": "0", "x": -86, "y": -81.9, "yaw": 90, "z": 0}, "_start_distance": 10.459519001673462, "_actor_vel": 4.471516712998156, "_start_distance2": 15.787444445889818, "_actor_vel2": 3.392927624440563, "_brake": 0.587071961148068, "_trigger_distance": 12.71172903905807, "_traffic_distance": 5.9602446723224185, "weather": {"sun_altitude_angle": -35.43368205496063, "precipitation": 1.2817679410696559, "wind_intensity": 19.69707126615158, "sun_azimuth_angle": 225.82326282648384, "fog_distance": "0", "cloudiness": 48.58680632291982, "fog_density": 89.05624716286178, "wetness": 74.91662881795534, "precipitation_deposits": 49.357808084761245}}], "scenario_type": "Scenario59"}]}]}