{"available_scenarios": [{"Town05": [{"available_event_configurations": [{"transform": {"pitch": "0", "x": 31.5, "y": 69, "yaw": -90, "z": 0}, "_start_distance": 9.20623318268213, "_actor_vel": 4.232271594264598, "_start_distance2": 16.772630862246515, "_actor_vel2": 3.0021233945490398, "_brake": 0.6471264237871298, "_trigger_distance": 14.648760341961413, "_traffic_distance": 5.870233821550359, "weather": {"sun_altitude_angle": -5.623067467791046, "precipitation": 75.58927637936847, "wind_intensity": 29.757722264664622, "sun_azimuth_angle": 351.42725630500365, "fog_distance": "0", "cloudiness": 46.84648694756698, "fog_density": 52.203294173992866, "wetness": 35.89928133491818, "precipitation_deposits": 61.07001120427843}}], "scenario_type": "Scenario59"}], "Town03": [{"available_event_configurations": [{"transform": {"pitch": "0", "x": -86, "y": -81.9, "yaw": 90, "z": 0}, "_start_distance": 9.20623318268213, "_actor_vel": 4.232271594264598, "_start_distance2": 16.772630862246515, "_actor_vel2": 3.0021233945490398, "_brake": 0.6471264237871298, "_trigger_distance": 14.648760341961413, "_traffic_distance": 5.870233821550359, "weather": {"sun_altitude_angle": -5.623067467791046, "precipitation": 75.58927637936847, "wind_intensity": 29.757722264664622, "sun_azimuth_angle": 351.42725630500365, "fog_distance": "0", "cloudiness": 46.84648694756698, "fog_density": 52.203294173992866, "wetness": 35.89928133491818, "precipitation_deposits": 61.07001120427843}}], "scenario_type": "Scenario59"}]}]}