{"available_scenarios": [{"Town05": [{"available_event_configurations": [{"transform": {"pitch": "0", "x": 31.5, "y": 69, "yaw": -90, "z": 0}, "_start_distance": 14.094508051702167, "_actor_vel": 4.958826130730929, "_start_distance2": 15.29417725777369, "_actor_vel2": 3.169250168273591, "_brake": 0.7064650541504149, "_trigger_distance": 12.006640512003735, "_traffic_distance": 7.6212727359344115, "weather": {"sun_altitude_angle": 88.08177748240814, "precipitation": 14.975142630874105, "wind_intensity": 38.00040707903929, "sun_azimuth_angle": 295.5522203781214, "fog_distance": "0", "cloudiness": 44.884244462625, "fog_density": 87.31937430104392, "wetness": 25.97880931880494, "precipitation_deposits": 57.0864852782353}}], "scenario_type": "Scenario59"}], "Town03": [{"available_event_configurations": [{"transform": {"pitch": "0", "x": -86, "y": -81.9, "yaw": 90, "z": 0}, "_start_distance": 14.094508051702167, "_actor_vel": 4.958826130730929, "_start_distance2": 15.29417725777369, "_actor_vel2": 3.169250168273591, "_brake": 0.7064650541504149, "_trigger_distance": 12.006640512003735, "_traffic_distance": 7.6212727359344115, "weather": {"sun_altitude_angle": 88.08177748240814, "precipitation": 14.975142630874105, "wind_intensity": 38.00040707903929, "sun_azimuth_angle": 295.5522203781214, "fog_distance": "0", "cloudiness": 44.884244462625, "fog_density": 87.31937430104392, "wetness": 25.97880931880494, "precipitation_deposits": 57.0864852782353}}], "scenario_type": "Scenario59"}]}]}