{"available_scenarios": [{"Town05": [{"available_event_configurations": [{"transform": {"pitch": "0", "x": 31.5, "y": 69, "yaw": -90, "z": 0}, "_start_distance": 14.198992113657464, "_actor_vel": 4.875790644536877, "_start_distance2": 18.87867234327557, "_actor_vel2": 3.415114320803829, "_brake": 0.5937298882729857, "_trigger_distance": 14.417541112226811, "_traffic_distance": 9.545986931440552, "weather": {"sun_altitude_angle": -30.55696846817885, "precipitation": 56.72137531504264, "wind_intensity": 64.9069549317841, "sun_azimuth_angle": 296.4237111095333, "fog_distance": "0", "cloudiness": 81.47259212217517, "fog_density": 62.01773499061568, "wetness": 48.559274755085504, "precipitation_deposits": 59.67778426611208}}], "scenario_type": "Scenario59"}], "Town03": [{"available_event_configurations": [{"transform": {"pitch": "0", "x": -86, "y": -81.9, "yaw": 90, "z": 0}, "_start_distance": 14.198992113657464, "_actor_vel": 4.875790644536877, "_start_distance2": 18.87867234327557, "_actor_vel2": 3.415114320803829, "_brake": 0.5937298882729857, "_trigger_distance": 14.417541112226811, "_traffic_distance": 9.545986931440552, "weather": {"sun_altitude_angle": -30.55696846817885, "precipitation": 56.72137531504264, "wind_intensity": 64.9069549317841, "sun_azimuth_angle": 296.4237111095333, "fog_distance": "0", "cloudiness": 81.47259212217517, "fog_density": 62.01773499061568, "wetness": 48.559274755085504, "precipitation_deposits": 59.67778426611208}}], "scenario_type": "Scenario59"}]}]}