{"available_scenarios": [{"Town05": [{"available_event_configurations": [{"transform": {"pitch": "0", "x": 31.5, "y": 69, "yaw": -90, "z": 0}, "_start_distance": 13.513656776126128, "_actor_vel": 4.975251167714275, "_start_distance2": 17.21869500201275, "_actor_vel2": 3.284452816128558, "_brake": 0.9973634052942035, "_trigger_distance": 13.469968027175682, "_traffic_distance": 8.789828225191812, "weather": {"sun_altitude_angle": 38.42859364393388, "precipitation": 22.131883895774983, "wind_intensity": 6.331676776338091, "sun_azimuth_angle": 181.0313553314778, "fog_distance": "0", "cloudiness": 5.27103341970292, "fog_density": 1.0534335975408649, "wetness": 6.818638565509405, "precipitation_deposits": 75.05859120791995}}], "scenario_type": "Scenario59"}], "Town03": [{"available_event_configurations": [{"transform": {"pitch": "0", "x": -86, "y": -81.9, "yaw": 90, "z": 0}, "_start_distance": 13.513656776126128, "_actor_vel": 4.975251167714275, "_start_distance2": 17.21869500201275, "_actor_vel2": 3.284452816128558, "_brake": 0.9973634052942035, "_trigger_distance": 13.469968027175682, "_traffic_distance": 8.789828225191812, "weather": {"sun_altitude_angle": 38.42859364393388, "precipitation": 22.131883895774983, "wind_intensity": 6.331676776338091, "sun_azimuth_angle": 181.0313553314778, "fog_distance": "0", "cloudiness": 5.27103341970292, "fog_density": 1.0534335975408649, "wetness": 6.818638565509405, "precipitation_deposits": 75.05859120791995}}], "scenario_type": "Scenario59"}]}]}