{"available_scenarios": [{"Town05": [{"available_event_configurations": [{"transform": {"pitch": "0", "x": 31.5, "y": 69, "yaw": -90, "z": 0}, "_start_distance": 12.250216195214477, "_actor_vel": 4.482904591520613, "_start_distance2": 15.976390298195174, "_actor_vel2": 3.1078572437621514, "_brake": 0.5002772591756672, "_trigger_distance": 12.406299657816847, "_traffic_distance": 5.143795920776564, "weather": {"sun_altitude_angle": 75.23393234311038, "precipitation": 83.94728746678544, "wind_intensity": 86.42272579202142, "sun_azimuth_angle": 291.53906790145703, "fog_distance": "0", "cloudiness": 39.52044948399831, "fog_density": 2.5909266384792073, "wetness": 10.052128520080906, "precipitation_deposits": 12.450569733674898}}], "scenario_type": "Scenario59"}], "Town03": [{"available_event_configurations": [{"transform": {"pitch": "0", "x": -86, "y": -81.9, "yaw": 90, "z": 0}, "_start_distance": 12.250216195214477, "_actor_vel": 4.482904591520613, "_start_distance2": 15.976390298195174, "_actor_vel2": 3.1078572437621514, "_brake": 0.5002772591756672, "_trigger_distance": 12.406299657816847, "_traffic_distance": 5.143795920776564, "weather": {"sun_altitude_angle": 75.23393234311038, "precipitation": 83.94728746678544, "wind_intensity": 86.42272579202142, "sun_azimuth_angle": 291.53906790145703, "fog_distance": "0", "cloudiness": 39.52044948399831, "fog_density": 2.5909266384792073, "wetness": 10.052128520080906, "precipitation_deposits": 12.450569733674898}}], "scenario_type": "Scenario59"}]}]}