{"available_scenarios": [{"Town05": [{"available_event_configurations": [{"transform": {"pitch": "0", "x": 31.5, "y": 69, "yaw": -90, "z": 0}, "_start_distance": 13.524640300705084, "_actor_vel": 4.576858109896145, "_start_distance2": 15.349154229694056, "_actor_vel2": 3.071304493798722, "_brake": 0.6000810379149883, "_trigger_distance": 13.474144282785232, "_traffic_distance": 5.573945791514131, "weather": {"sun_altitude_angle": 80.93570230410666, "precipitation": 23.133974154392646, "wind_intensity": 82.67932969289103, "sun_azimuth_angle": 281.4107678084833, "fog_distance": "0", "cloudiness": 5.485596225851452, "fog_density": 14.135804078212743, "wetness": 52.44707839147544, "precipitation_deposits": 91.72150016317613}}], "scenario_type": "Scenario59"}], "Town03": [{"available_event_configurations": [{"transform": {"pitch": "0", "x": -86, "y": -81.9, "yaw": 90, "z": 0}, "_start_distance": 13.524640300705084, "_actor_vel": 4.576858109896145, "_start_distance2": 15.349154229694056, "_actor_vel2": 3.071304493798722, "_brake": 0.6000810379149883, "_trigger_distance": 13.474144282785232, "_traffic_distance": 5.573945791514131, "weather": {"sun_altitude_angle": 80.93570230410666, "precipitation": 23.133974154392646, "wind_intensity": 82.67932969289103, "sun_azimuth_angle": 281.4107678084833, "fog_distance": "0", "cloudiness": 5.485596225851452, "fog_density": 14.135804078212743, "wetness": 52.44707839147544, "precipitation_deposits": 91.72150016317613}}], "scenario_type": "Scenario59"}]}]}