{"available_scenarios": [{"Town05": [{"available_event_configurations": [{"transform": {"pitch": "0", "x": 31.5, "y": 69, "yaw": -90, "z": 0}, "_start_distance": 12.24768000414388, "_actor_vel": 4.746096382206368, "_start_distance2": 15.037116887967866, "_actor_vel2": 3.2157625718868723, "_brake": 0.7370247714224261, "_trigger_distance": 14.473909370748688, "_traffic_distance": 6.510673707488293, "weather": {"sun_altitude_angle": 20.348996983737734, "precipitation": 0.7506721999132715, "wind_intensity": 94.14498654038212, "sun_azimuth_angle": 144.84683752775157, "fog_distance": "0", "cloudiness": 0.16738414916448452, "fog_density": 74.05889291078957, "wetness": 79.00968591063688, "precipitation_deposits": 97.15000735356566}}], "scenario_type": "Scenario59"}], "Town03": [{"available_event_configurations": [{"transform": {"pitch": "0", "x": -86, "y": -81.9, "yaw": 90, "z": 0}, "_start_distance": 12.24768000414388, "_actor_vel": 4.746096382206368, "_start_distance2": 15.037116887967866, "_actor_vel2": 3.2157625718868723, "_brake": 0.7370247714224261, "_trigger_distance": 14.473909370748688, "_traffic_distance": 6.510673707488293, "weather": {"sun_altitude_angle": 20.348996983737734, "precipitation": 0.7506721999132715, "wind_intensity": 94.14498654038212, "sun_azimuth_angle": 144.84683752775157, "fog_distance": "0", "cloudiness": 0.16738414916448452, "fog_density": 74.05889291078957, "wetness": 79.00968591063688, "precipitation_deposits": 97.15000735356566}}], "scenario_type": "Scenario59"}]}]}