{"available_scenarios": [{"Town05": [{"available_event_configurations": [{"transform": {"pitch": "0", "x": 31.5, "y": 69, "yaw": -90, "z": 0}, "_start_distance": 10.310123392903392, "_actor_vel": 4.423798167121665, "_start_distance2": 18.469439534620165, "_actor_vel2": 3.4878207547782205, "_brake": 0.6629587749136683, "_trigger_distance": 12.181983511893106, "_traffic_distance": 8.109924902445762, "weather": {"sun_altitude_angle": -88.70390108844386, "precipitation": 62.24901927236141, "wind_intensity": 34.578974142256115, "sun_azimuth_angle": 64.50377945214306, "fog_distance": "0", "cloudiness": 83.15649553238289, "fog_density": 88.27863491866488, "wetness": 6.003234111714462, "precipitation_deposits": 71.20818111820148}}], "scenario_type": "Scenario59"}], "Town03": [{"available_event_configurations": [{"transform": {"pitch": "0", "x": -86, "y": -81.9, "yaw": 90, "z": 0}, "_start_distance": 10.310123392903392, "_actor_vel": 4.423798167121665, "_start_distance2": 18.469439534620165, "_actor_vel2": 3.4878207547782205, "_brake": 0.6629587749136683, "_trigger_distance": 12.181983511893106, "_traffic_distance": 8.109924902445762, "weather": {"sun_altitude_angle": -88.70390108844386, "precipitation": 62.24901927236141, "wind_intensity": 34.578974142256115, "sun_azimuth_angle": 64.50377945214306, "fog_distance": "0", "cloudiness": 83.15649553238289, "fog_density": 88.27863491866488, "wetness": 6.003234111714462, "precipitation_deposits": 71.20818111820148}}], "scenario_type": "Scenario59"}]}]}