{"available_scenarios": [{"Town05": [{"available_event_configurations": [{"transform": {"pitch": "0", "x": 31.5, "y": 69, "yaw": -90, "z": 0}, "_start_distance": 10.852097257765996, "_actor_vel": 4.490831030985232, "_start_distance2": 15.020046292351303, "_actor_vel2": 3.188383516378402, "_brake": 0.7094371675529364, "_trigger_distance": 14.149792054382692, "_traffic_distance": 8.858930372515937, "weather": {"sun_altitude_angle": 16.613886562724232, "precipitation": 70.78217499281372, "wind_intensity": 23.929713369729356, "sun_azimuth_angle": 231.07211796273094, "fog_distance": "0", "cloudiness": 74.99130491470642, "fog_density": 88.41045491881164, "wetness": 29.08014982694045, "precipitation_deposits": 72.38462993374958}}], "scenario_type": "Scenario59"}], "Town03": [{"available_event_configurations": [{"transform": {"pitch": "0", "x": -86, "y": -81.9, "yaw": 90, "z": 0}, "_start_distance": 10.852097257765996, "_actor_vel": 4.490831030985232, "_start_distance2": 15.020046292351303, "_actor_vel2": 3.188383516378402, "_brake": 0.7094371675529364, "_trigger_distance": 14.149792054382692, "_traffic_distance": 8.858930372515937, "weather": {"sun_altitude_angle": 16.613886562724232, "precipitation": 70.78217499281372, "wind_intensity": 23.929713369729356, "sun_azimuth_angle": 231.07211796273094, "fog_distance": "0", "cloudiness": 74.99130491470642, "fog_density": 88.41045491881164, "wetness": 29.08014982694045, "precipitation_deposits": 72.38462993374958}}], "scenario_type": "Scenario59"}]}]}