{"available_scenarios": [{"Town05": [{"available_event_configurations": [{"transform": {"pitch": "0", "x": 31.5, "y": 69, "yaw": -90, "z": 0}, "_start_distance": 14.062902656008466, "_actor_vel": 4.106047059924125, "_start_distance2": 16.488080820430117, "_actor_vel2": 3.3425364021656367, "_brake": 0.7397416871217526, "_trigger_distance": 14.552192993858082, "_traffic_distance": 9.212317291842464, "weather": {"sun_altitude_angle": -34.731633121778316, "precipitation": 69.75121456975104, "wind_intensity": 33.432764518994304, "sun_azimuth_angle": 109.73562516072974, "fog_distance": "0", "cloudiness": 88.78881452353566, "fog_density": 76.06284166628706, "wetness": 39.21685298369732, "precipitation_deposits": 27.76702694707397}}], "scenario_type": "Scenario59"}], "Town03": [{"available_event_configurations": [{"transform": {"pitch": "0", "x": -86, "y": -81.9, "yaw": 90, "z": 0}, "_start_distance": 14.062902656008466, "_actor_vel": 4.106047059924125, "_start_distance2": 16.488080820430117, "_actor_vel2": 3.3425364021656367, "_brake": 0.7397416871217526, "_trigger_distance": 14.552192993858082, "_traffic_distance": 9.212317291842464, "weather": {"sun_altitude_angle": -34.731633121778316, "precipitation": 69.75121456975104, "wind_intensity": 33.432764518994304, "sun_azimuth_angle": 109.73562516072974, "fog_distance": "0", "cloudiness": 88.78881452353566, "fog_density": 76.06284166628706, "wetness": 39.21685298369732, "precipitation_deposits": 27.76702694707397}}], "scenario_type": "Scenario59"}]}]}