{"available_scenarios": [{"Town05": [{"available_event_configurations": [{"transform": {"pitch": "0", "x": 31.5, "y": 69, "yaw": -90, "z": 0}, "_start_distance": 8.68133002757664, "_actor_vel": 4.237503524973832, "_start_distance2": 16.762641218124692, "_actor_vel2": 3.1792706705573712, "_brake": 0.55453522291356, "_trigger_distance": 14.498125618008661, "_traffic_distance": 8.828096629543841, "weather": {"sun_altitude_angle": -55.37664523427226, "precipitation": 77.78114889954585, "wind_intensity": 77.57101607608868, "sun_azimuth_angle": 15.709007959048375, "fog_distance": "0", "cloudiness": 56.6628316742407, "fog_density": 18.810796627142857, "wetness": 39.363569738337766, "precipitation_deposits": 75.5957793890975}}], "scenario_type": "Scenario59"}], "Town03": [{"available_event_configurations": [{"transform": {"pitch": "0", "x": -86, "y": -81.9, "yaw": 90, "z": 0}, "_start_distance": 8.68133002757664, "_actor_vel": 4.237503524973832, "_start_distance2": 16.762641218124692, "_actor_vel2": 3.1792706705573712, "_brake": 0.55453522291356, "_trigger_distance": 14.498125618008661, "_traffic_distance": 8.828096629543841, "weather": {"sun_altitude_angle": -55.37664523427226, "precipitation": 77.78114889954585, "wind_intensity": 77.57101607608868, "sun_azimuth_angle": 15.709007959048375, "fog_distance": "0", "cloudiness": 56.6628316742407, "fog_density": 18.810796627142857, "wetness": 39.363569738337766, "precipitation_deposits": 75.5957793890975}}], "scenario_type": "Scenario59"}]}]}