{"available_scenarios": [{"Town05": [{"available_event_configurations": [{"transform": {"pitch": "0", "x": 31.5, "y": 69, "yaw": -90, "z": 0}, "_start_distance": 8.255836585984609, "_actor_vel": 4.7964589900424555, "_start_distance2": 17.624721012097314, "_actor_vel2": 3.3495287119615864, "_brake": 0.5619762705453518, "_trigger_distance": 14.681505261471402, "_traffic_distance": 5.870099793822822, "weather": {"sun_altitude_angle": -45.47643193157581, "precipitation": 12.920265091060635, "wind_intensity": 41.15778389039445, "sun_azimuth_angle": 305.7388298506489, "fog_distance": "0", "cloudiness": 45.90512027773016, "fog_density": 54.20289132360247, "wetness": 67.39105790560991, "precipitation_deposits": 83.12899787061473}}], "scenario_type": "Scenario59"}], "Town03": [{"available_event_configurations": [{"transform": {"pitch": "0", "x": -86, "y": -81.9, "yaw": 90, "z": 0}, "_start_distance": 8.255836585984609, "_actor_vel": 4.7964589900424555, "_start_distance2": 17.624721012097314, "_actor_vel2": 3.3495287119615864, "_brake": 0.5619762705453518, "_trigger_distance": 14.681505261471402, "_traffic_distance": 5.870099793822822, "weather": {"sun_altitude_angle": -45.47643193157581, "precipitation": 12.920265091060635, "wind_intensity": 41.15778389039445, "sun_azimuth_angle": 305.7388298506489, "fog_distance": "0", "cloudiness": 45.90512027773016, "fog_density": 54.20289132360247, "wetness": 67.39105790560991, "precipitation_deposits": 83.12899787061473}}], "scenario_type": "Scenario59"}]}]}