{"available_scenarios": [{"Town05": [{"available_event_configurations": [{"transform": {"pitch": "0", "x": 31.5, "y": 69, "yaw": -90, "z": 0}, "_start_distance": 12.826646529179776, "_actor_vel": 4.585069561747338, "_start_distance2": 15.954104612263587, "_actor_vel2": 3.101067015480079, "_brake": 0.6668567470253723, "_trigger_distance": 14.300623413194831, "_traffic_distance": 6.431822358038291, "weather": {"sun_altitude_angle": 50.28734774214931, "precipitation": 78.93886043129885, "wind_intensity": 91.42194045698501, "sun_azimuth_angle": 222.86511125393417, "fog_distance": "0", "cloudiness": 29.175326980979943, "fog_density": 22.456566331996797, "wetness": 18.767825398940285, "precipitation_deposits": 72.83256456065968}}], "scenario_type": "Scenario59"}], "Town03": [{"available_event_configurations": [{"transform": {"pitch": "0", "x": -86, "y": -81.9, "yaw": 90, "z": 0}, "_start_distance": 12.826646529179776, "_actor_vel": 4.585069561747338, "_start_distance2": 15.954104612263587, "_actor_vel2": 3.101067015480079, "_brake": 0.6668567470253723, "_trigger_distance": 14.300623413194831, "_traffic_distance": 6.431822358038291, "weather": {"sun_altitude_angle": 50.28734774214931, "precipitation": 78.93886043129885, "wind_intensity": 91.42194045698501, "sun_azimuth_angle": 222.86511125393417, "fog_distance": "0", "cloudiness": 29.175326980979943, "fog_density": 22.456566331996797, "wetness": 18.767825398940285, "precipitation_deposits": 72.83256456065968}}], "scenario_type": "Scenario59"}]}]}