{"available_scenarios": [{"Town05": [{"available_event_configurations": [{"transform": {"pitch": "0", "x": 31.5, "y": 69, "yaw": -90, "z": 0}, "_start_distance": 8.454600509598194, "_actor_vel": 4.192197420422968, "_start_distance2": 15.545999710663569, "_actor_vel2": 3.2658071002170423, "_brake": 0.8993899517642905, "_trigger_distance": 14.709219907777399, "_traffic_distance": 6.246542380289002, "weather": {"sun_altitude_angle": -18.796812177912244, "precipitation": 92.07825044134213, "wind_intensity": 96.34873405999805, "sun_azimuth_angle": 172.39036500703006, "fog_distance": "0", "cloudiness": 81.91712432377453, "fog_density": 11.069241726882527, "wetness": 99.2579060673618, "precipitation_deposits": 5.696715819813081}}], "scenario_type": "Scenario59"}], "Town03": [{"available_event_configurations": [{"transform": {"pitch": "0", "x": -86, "y": -81.9, "yaw": 90, "z": 0}, "_start_distance": 8.454600509598194, "_actor_vel": 4.192197420422968, "_start_distance2": 15.545999710663569, "_actor_vel2": 3.2658071002170423, "_brake": 0.8993899517642905, "_trigger_distance": 14.709219907777399, "_traffic_distance": 6.246542380289002, "weather": {"sun_altitude_angle": -18.796812177912244, "precipitation": 92.07825044134213, "wind_intensity": 96.34873405999805, "sun_azimuth_angle": 172.39036500703006, "fog_distance": "0", "cloudiness": 81.91712432377453, "fog_density": 11.069241726882527, "wetness": 99.2579060673618, "precipitation_deposits": 5.696715819813081}}], "scenario_type": "Scenario59"}]}]}