{"available_scenarios": [{"Town05": [{"available_event_configurations": [{"transform": {"pitch": "0", "x": 31.5, "y": 69, "yaw": -90, "z": 0}, "_start_distance": 10.98371050374282, "_actor_vel": 4.830261797342955, "_start_distance2": 17.816310853698006, "_actor_vel2": 3.0610748546096893, "_brake": 0.7095239172212593, "_trigger_distance": 13.664541072410849, "_traffic_distance": 7.451473081454374, "weather": {"sun_altitude_angle": 69.56635871602182, "precipitation": 16.762393420568277, "wind_intensity": 74.13369800019971, "sun_azimuth_angle": 333.4842447690209, "fog_distance": "0", "cloudiness": 83.47879593454148, "fog_density": 37.01132973984726, "wetness": 19.689613494499913, "precipitation_deposits": 92.61882139502892}}], "scenario_type": "Scenario59"}], "Town03": [{"available_event_configurations": [{"transform": {"pitch": "0", "x": -86, "y": -81.9, "yaw": 90, "z": 0}, "_start_distance": 10.98371050374282, "_actor_vel": 4.830261797342955, "_start_distance2": 17.816310853698006, "_actor_vel2": 3.0610748546096893, "_brake": 0.7095239172212593, "_trigger_distance": 13.664541072410849, "_traffic_distance": 7.451473081454374, "weather": {"sun_altitude_angle": 69.56635871602182, "precipitation": 16.762393420568277, "wind_intensity": 74.13369800019971, "sun_azimuth_angle": 333.4842447690209, "fog_distance": "0", "cloudiness": 83.47879593454148, "fog_density": 37.01132973984726, "wetness": 19.689613494499913, "precipitation_deposits": 92.61882139502892}}], "scenario_type": "Scenario59"}]}]}