{"available_scenarios": [{"Town05": [{"available_event_configurations": [{"transform": {"pitch": "0", "x": 31.5, "y": 69, "yaw": -90, "z": 0}, "_start_distance": 9.408935731611153, "_actor_vel": 4.87671893312444, "_start_distance2": 18.233055186478186, "_actor_vel2": 3.47822144421038, "_brake": 0.6764823356621239, "_trigger_distance": 14.733287853217774, "_traffic_distance": 5.215447062899113, "weather": {"sun_altitude_angle": 63.603370952902, "precipitation": 48.14997083614748, "wind_intensity": 98.06855808224228, "sun_azimuth_angle": 86.69276817671918, "fog_distance": "0", "cloudiness": 4.180216624603905, "fog_density": 21.784963827722326, "wetness": 15.903784668473165, "precipitation_deposits": 96.30384092746658}}], "scenario_type": "Scenario59"}], "Town03": [{"available_event_configurations": [{"transform": {"pitch": "0", "x": -86, "y": -81.9, "yaw": 90, "z": 0}, "_start_distance": 9.408935731611153, "_actor_vel": 4.87671893312444, "_start_distance2": 18.233055186478186, "_actor_vel2": 3.47822144421038, "_brake": 0.6764823356621239, "_trigger_distance": 14.733287853217774, "_traffic_distance": 5.215447062899113, "weather": {"sun_altitude_angle": 63.603370952902, "precipitation": 48.14997083614748, "wind_intensity": 98.06855808224228, "sun_azimuth_angle": 86.69276817671918, "fog_distance": "0", "cloudiness": 4.180216624603905, "fog_density": 21.784963827722326, "wetness": 15.903784668473165, "precipitation_deposits": 96.30384092746658}}], "scenario_type": "Scenario59"}]}]}