{"available_scenarios": [{"Town05": [{"available_event_configurations": [{"transform": {"pitch": "0", "x": 31.5, "y": 69, "yaw": -90, "z": 0}, "_start_distance": 10.503405291689203, "_actor_vel": 4.247475598448868, "_start_distance2": 17.10260044388085, "_actor_vel2": 3.0273556141840823, "_brake": 0.6220414895129351, "_trigger_distance": 14.239199006196515, "_traffic_distance": 9.628515033920227, "weather": {"sun_altitude_angle": 45.644828920250035, "precipitation": 21.83952648211359, "wind_intensity": 3.2703022453272057, "sun_azimuth_angle": 252.667342677362, "fog_distance": "0", "cloudiness": 94.60445923541647, "fog_density": 34.29515947183243, "wetness": 36.995033959337974, "precipitation_deposits": 26.110858810596703}}], "scenario_type": "Scenario59"}], "Town03": [{"available_event_configurations": [{"transform": {"pitch": "0", "x": -86, "y": -81.9, "yaw": 90, "z": 0}, "_start_distance": 10.503405291689203, "_actor_vel": 4.247475598448868, "_start_distance2": 17.10260044388085, "_actor_vel2": 3.0273556141840823, "_brake": 0.6220414895129351, "_trigger_distance": 14.239199006196515, "_traffic_distance": 9.628515033920227, "weather": {"sun_altitude_angle": 45.644828920250035, "precipitation": 21.83952648211359, "wind_intensity": 3.2703022453272057, "sun_azimuth_angle": 252.667342677362, "fog_distance": "0", "cloudiness": 94.60445923541647, "fog_density": 34.29515947183243, "wetness": 36.995033959337974, "precipitation_deposits": 26.110858810596703}}], "scenario_type": "Scenario59"}]}]}