{"available_scenarios": [{"Town05": [{"available_event_configurations": [{"transform": {"pitch": "0", "x": 31.5, "y": 69, "yaw": -90, "z": 0}, "_start_distance": 14.530083364102532, "_actor_vel": 4.562393378396816, "_start_distance2": 16.795629567890227, "_actor_vel2": 3.466716865614379, "_brake": 0.9365363006788014, "_trigger_distance": 14.903976646977421, "_traffic_distance": 8.355607373360009, "weather": {"sun_altitude_angle": 65.00496750295241, "precipitation": 98.75527589964852, "wind_intensity": 41.51689485452038, "sun_azimuth_angle": 96.28266986255554, "fog_distance": "0", "cloudiness": 49.91261731892065, "fog_density": 21.729626238508626, "wetness": 51.717058093485456, "precipitation_deposits": 34.546442149594746}}], "scenario_type": "Scenario59"}], "Town03": [{"available_event_configurations": [{"transform": {"pitch": "0", "x": -86, "y": -81.9, "yaw": 90, "z": 0}, "_start_distance": 14.530083364102532, "_actor_vel": 4.562393378396816, "_start_distance2": 16.795629567890227, "_actor_vel2": 3.466716865614379, "_brake": 0.9365363006788014, "_trigger_distance": 14.903976646977421, "_traffic_distance": 8.355607373360009, "weather": {"sun_altitude_angle": 65.00496750295241, "precipitation": 98.75527589964852, "wind_intensity": 41.51689485452038, "sun_azimuth_angle": 96.28266986255554, "fog_distance": "0", "cloudiness": 49.91261731892065, "fog_density": 21.729626238508626, "wetness": 51.717058093485456, "precipitation_deposits": 34.546442149594746}}], "scenario_type": "Scenario59"}]}]}