{"available_scenarios": [{"Town05": [{"available_event_configurations": [{"transform": {"pitch": "0", "x": 31.5, "y": 69, "yaw": -90, "z": 0}, "_start_distance": 8.842540146804458, "_actor_vel": 4.391459056349696, "_start_distance2": 17.141754737190713, "_actor_vel2": 3.1144623533260956, "_brake": 0.5031811217842224, "_trigger_distance": 12.983870742662189, "_traffic_distance": 6.440587642281867, "weather": {"sun_altitude_angle": 88.193005359708, "precipitation": 26.122859918283424, "wind_intensity": 34.532312341617754, "sun_azimuth_angle": 349.87242313313055, "fog_distance": "0", "cloudiness": 11.865370354671324, "fog_density": 26.25185606454037, "wetness": 6.557124124354486, "precipitation_deposits": 26.97462218374247}}], "scenario_type": "Scenario59"}], "Town03": [{"available_event_configurations": [{"transform": {"pitch": "0", "x": -86, "y": -81.9, "yaw": 90, "z": 0}, "_start_distance": 8.842540146804458, "_actor_vel": 4.391459056349696, "_start_distance2": 17.141754737190713, "_actor_vel2": 3.1144623533260956, "_brake": 0.5031811217842224, "_trigger_distance": 12.983870742662189, "_traffic_distance": 6.440587642281867, "weather": {"sun_altitude_angle": 88.193005359708, "precipitation": 26.122859918283424, "wind_intensity": 34.532312341617754, "sun_azimuth_angle": 349.87242313313055, "fog_distance": "0", "cloudiness": 11.865370354671324, "fog_density": 26.25185606454037, "wetness": 6.557124124354486, "precipitation_deposits": 26.97462218374247}}], "scenario_type": "Scenario59"}]}]}