{"available_scenarios": [{"Town05": [{"available_event_configurations": [{"transform": {"pitch": "0", "x": 31.5, "y": 69, "yaw": -90, "z": 0}, "_start_distance": 8.415672177183533, "_actor_vel": 4.684955042613253, "_start_distance2": 15.835706904687154, "_actor_vel2": 3.0914201621789767, "_brake": 0.5708028960418503, "_trigger_distance": 14.56464723145627, "_traffic_distance": 6.908017641355629, "weather": {"sun_altitude_angle": -32.32122981903339, "precipitation": 49.787837740655874, "wind_intensity": 28.389005607862515, "sun_azimuth_angle": 230.49258639253247, "fog_distance": "0", "cloudiness": 95.26108768636621, "fog_density": 96.78762908052384, "wetness": 25.12561704045867, "precipitation_deposits": 11.631314388043313}}], "scenario_type": "Scenario59"}], "Town03": [{"available_event_configurations": [{"transform": {"pitch": "0", "x": -86, "y": -81.9, "yaw": 90, "z": 0}, "_start_distance": 8.415672177183533, "_actor_vel": 4.684955042613253, "_start_distance2": 15.835706904687154, "_actor_vel2": 3.0914201621789767, "_brake": 0.5708028960418503, "_trigger_distance": 14.56464723145627, "_traffic_distance": 6.908017641355629, "weather": {"sun_altitude_angle": -32.32122981903339, "precipitation": 49.787837740655874, "wind_intensity": 28.389005607862515, "sun_azimuth_angle": 230.49258639253247, "fog_distance": "0", "cloudiness": 95.26108768636621, "fog_density": 96.78762908052384, "wetness": 25.12561704045867, "precipitation_deposits": 11.631314388043313}}], "scenario_type": "Scenario59"}]}]}