{"available_scenarios": [{"Town05": [{"available_event_configurations": [{"transform": {"pitch": "0", "x": 31.5, "y": 69, "yaw": -90, "z": 0}, "_start_distance": 12.852852687243043, "_actor_vel": 4.94965818210625, "_start_distance2": 16.18555066312949, "_actor_vel2": 3.115844389172769, "_brake": 0.7459611604702425, "_trigger_distance": 14.099669312538822, "_traffic_distance": 8.13518577118936, "weather": {"sun_altitude_angle": -10.961358631693429, "precipitation": 42.516694781897904, "wind_intensity": 81.82922038325238, "sun_azimuth_angle": 318.0368828670442, "fog_distance": "0", "cloudiness": 34.29638340604132, "fog_density": 25.80422425138873, "wetness": 33.12782627044554, "precipitation_deposits": 90.34833785463476}}], "scenario_type": "Scenario59"}], "Town03": [{"available_event_configurations": [{"transform": {"pitch": "0", "x": -86, "y": -81.9, "yaw": 90, "z": 0}, "_start_distance": 12.852852687243043, "_actor_vel": 4.94965818210625, "_start_distance2": 16.18555066312949, "_actor_vel2": 3.115844389172769, "_brake": 0.7459611604702425, "_trigger_distance": 14.099669312538822, "_traffic_distance": 8.13518577118936, "weather": {"sun_altitude_angle": -10.961358631693429, "precipitation": 42.516694781897904, "wind_intensity": 81.82922038325238, "sun_azimuth_angle": 318.0368828670442, "fog_distance": "0", "cloudiness": 34.29638340604132, "fog_density": 25.80422425138873, "wetness": 33.12782627044554, "precipitation_deposits": 90.34833785463476}}], "scenario_type": "Scenario59"}]}]}