{"available_scenarios": [{"Town05": [{"available_event_configurations": [{"transform": {"pitch": "0", "x": 31.5, "y": 69, "yaw": -90, "z": 0}, "_start_distance": 11.524218954790214, "_actor_vel": 4.3997081346395825, "_start_distance2": 16.494439265500592, "_actor_vel2": 3.4788910574447796, "_brake": 0.9151789496432416, "_trigger_distance": 14.410986811758292, "_traffic_distance": 5.593447150490775, "weather": {"sun_altitude_angle": 66.17277715288634, "precipitation": 6.73601363089521, "wind_intensity": 1.1620131355103314, "sun_azimuth_angle": 354.0418929007953, "fog_distance": "0", "cloudiness": 96.77618059492502, "fog_density": 15.528036998764183, "wetness": 97.00945709948631, "precipitation_deposits": 26.671545612094217}}], "scenario_type": "Scenario59"}], "Town03": [{"available_event_configurations": [{"transform": {"pitch": "0", "x": -86, "y": -81.9, "yaw": 90, "z": 0}, "_start_distance": 11.524218954790214, "_actor_vel": 4.3997081346395825, "_start_distance2": 16.494439265500592, "_actor_vel2": 3.4788910574447796, "_brake": 0.9151789496432416, "_trigger_distance": 14.410986811758292, "_traffic_distance": 5.593447150490775, "weather": {"sun_altitude_angle": 66.17277715288634, "precipitation": 6.73601363089521, "wind_intensity": 1.1620131355103314, "sun_azimuth_angle": 354.0418929007953, "fog_distance": "0", "cloudiness": 96.77618059492502, "fog_density": 15.528036998764183, "wetness": 97.00945709948631, "precipitation_deposits": 26.671545612094217}}], "scenario_type": "Scenario59"}]}]}