{"available_scenarios": [{"Town05": [{"available_event_configurations": [{"transform": {"pitch": "0", "x": 31.5, "y": 69, "yaw": -90, "z": 0}, "_start_distance": 14.467131628259585, "_actor_vel": 4.391666953189407, "_start_distance2": 17.75966208220244, "_actor_vel2": 3.176374665772175, "_brake": 0.8892448085887541, "_trigger_distance": 14.266626530983409, "_traffic_distance": 9.905917700340526, "weather": {"sun_altitude_angle": 2.2822773100879346, "precipitation": 21.087689707109234, "wind_intensity": 28.27987392596788, "sun_azimuth_angle": 357.0249878661098, "fog_distance": "0", "cloudiness": 32.83722808844109, "fog_density": 42.46113893270164, "wetness": 74.20320908940447, "precipitation_deposits": 70.95364302287564}}], "scenario_type": "Scenario59"}], "Town03": [{"available_event_configurations": [{"transform": {"pitch": "0", "x": -86, "y": -81.9, "yaw": 90, "z": 0}, "_start_distance": 14.467131628259585, "_actor_vel": 4.391666953189407, "_start_distance2": 17.75966208220244, "_actor_vel2": 3.176374665772175, "_brake": 0.8892448085887541, "_trigger_distance": 14.266626530983409, "_traffic_distance": 9.905917700340526, "weather": {"sun_altitude_angle": 2.2822773100879346, "precipitation": 21.087689707109234, "wind_intensity": 28.27987392596788, "sun_azimuth_angle": 357.0249878661098, "fog_distance": "0", "cloudiness": 32.83722808844109, "fog_density": 42.46113893270164, "wetness": 74.20320908940447, "precipitation_deposits": 70.95364302287564}}], "scenario_type": "Scenario59"}]}]}