{"available_scenarios": [{"Town05": [{"available_event_configurations": [{"transform": {"pitch": "0", "x": 31.5, "y": 69, "yaw": -90, "z": 0}, "_start_distance": 11.80524832306833, "_actor_vel": 4.0048293820549254, "_start_distance2": 18.61578666290648, "_actor_vel2": 3.058835381400067, "_brake": 0.9267424869655784, "_trigger_distance": 12.730801090136488, "_traffic_distance": 7.927785646302393, "weather": {"sun_altitude_angle": 55.579800044322496, "precipitation": 28.036070559362592, "wind_intensity": 53.32113614940512, "sun_azimuth_angle": 31.31424026330416, "fog_distance": "0", "cloudiness": 75.6332667425477, "fog_density": 54.99798341114294, "wetness": 62.92099815287625, "precipitation_deposits": 9.8337048289459}}], "scenario_type": "Scenario59"}], "Town03": [{"available_event_configurations": [{"transform": {"pitch": "0", "x": -86, "y": -81.9, "yaw": 90, "z": 0}, "_start_distance": 11.80524832306833, "_actor_vel": 4.0048293820549254, "_start_distance2": 18.61578666290648, "_actor_vel2": 3.058835381400067, "_brake": 0.9267424869655784, "_trigger_distance": 12.730801090136488, "_traffic_distance": 7.927785646302393, "weather": {"sun_altitude_angle": 55.579800044322496, "precipitation": 28.036070559362592, "wind_intensity": 53.32113614940512, "sun_azimuth_angle": 31.31424026330416, "fog_distance": "0", "cloudiness": 75.6332667425477, "fog_density": 54.99798341114294, "wetness": 62.92099815287625, "precipitation_deposits": 9.8337048289459}}], "scenario_type": "Scenario59"}]}]}