{"available_scenarios": [{"Town05": [{"available_event_configurations": [{"transform": {"pitch": "0", "x": 31.5, "y": 69, "yaw": -90, "z": 0}, "_start_distance": 9.774173053618998, "_actor_vel": 4.03507179345103, "_start_distance2": 15.183857639646886, "_actor_vel2": 3.22948873974218, "_brake": 0.7396706747060142, "_trigger_distance": 12.76074466989224, "_traffic_distance": 5.211704164595051, "weather": {"sun_altitude_angle": -71.84284593800811, "precipitation": 4.642234037057347, "wind_intensity": 32.884491679967475, "sun_azimuth_angle": 177.75351791251643, "fog_distance": "0", "cloudiness": 62.04934776284525, "fog_density": 71.70491584370275, "wetness": 21.738858094028203, "precipitation_deposits": 36.420728215875386}}], "scenario_type": "Scenario59"}], "Town03": [{"available_event_configurations": [{"transform": {"pitch": "0", "x": -86, "y": -81.9, "yaw": 90, "z": 0}, "_start_distance": 9.774173053618998, "_actor_vel": 4.03507179345103, "_start_distance2": 15.183857639646886, "_actor_vel2": 3.22948873974218, "_brake": 0.7396706747060142, "_trigger_distance": 12.76074466989224, "_traffic_distance": 5.211704164595051, "weather": {"sun_altitude_angle": -71.84284593800811, "precipitation": 4.642234037057347, "wind_intensity": 32.884491679967475, "sun_azimuth_angle": 177.75351791251643, "fog_distance": "0", "cloudiness": 62.04934776284525, "fog_density": 71.70491584370275, "wetness": 21.738858094028203, "precipitation_deposits": 36.420728215875386}}], "scenario_type": "Scenario59"}]}]}