{"available_scenarios": [{"Town05": [{"available_event_configurations": [{"transform": {"pitch": "0", "x": 31.5, "y": 69, "yaw": -90, "z": 0}, "_start_distance": 8.054313378129939, "_actor_vel": 4.58744093667044, "_start_distance2": 16.661930211757756, "_actor_vel2": 3.4097845759588012, "_brake": 0.6825146539856122, "_trigger_distance": 12.292636512882646, "_traffic_distance": 8.440225777650094, "weather": {"sun_altitude_angle": -82.43556706166629, "precipitation": 53.06915747027116, "wind_intensity": 18.615752038896105, "sun_azimuth_angle": 85.09790636856533, "fog_distance": "0", "cloudiness": 8.823909318044299, "fog_density": 61.831213768261826, "wetness": 84.3241148399335, "precipitation_deposits": 51.99546988691372}}], "scenario_type": "Scenario59"}], "Town03": [{"available_event_configurations": [{"transform": {"pitch": "0", "x": -86, "y": -81.9, "yaw": 90, "z": 0}, "_start_distance": 8.054313378129939, "_actor_vel": 4.58744093667044, "_start_distance2": 16.661930211757756, "_actor_vel2": 3.4097845759588012, "_brake": 0.6825146539856122, "_trigger_distance": 12.292636512882646, "_traffic_distance": 8.440225777650094, "weather": {"sun_altitude_angle": -82.43556706166629, "precipitation": 53.06915747027116, "wind_intensity": 18.615752038896105, "sun_azimuth_angle": 85.09790636856533, "fog_distance": "0", "cloudiness": 8.823909318044299, "fog_density": 61.831213768261826, "wetness": 84.3241148399335, "precipitation_deposits": 51.99546988691372}}], "scenario_type": "Scenario59"}]}]}