{"available_scenarios": [{"Town05": [{"available_event_configurations": [{"transform": {"pitch": "0", "x": 31.5, "y": 69, "yaw": -90, "z": 0}, "_start_distance": 11.004397906930585, "_actor_vel": 4.839013839137467, "_start_distance2": 17.054235044518844, "_actor_vel2": 3.4864013090129258, "_brake": 0.7321915563084678, "_trigger_distance": 13.182594045201384, "_traffic_distance": 9.32141313241127, "weather": {"sun_altitude_angle": -8.01347780103741, "precipitation": 12.155423980893353, "wind_intensity": 54.631566481547445, "sun_azimuth_angle": 222.46737958482504, "fog_distance": "0", "cloudiness": 6.62222607091697, "fog_density": 29.18273826788491, "wetness": 37.95874486944479, "precipitation_deposits": 24.788775698447164}}], "scenario_type": "Scenario59"}], "Town03": [{"available_event_configurations": [{"transform": {"pitch": "0", "x": -86, "y": -81.9, "yaw": 90, "z": 0}, "_start_distance": 11.004397906930585, "_actor_vel": 4.839013839137467, "_start_distance2": 17.054235044518844, "_actor_vel2": 3.4864013090129258, "_brake": 0.7321915563084678, "_trigger_distance": 13.182594045201384, "_traffic_distance": 9.32141313241127, "weather": {"sun_altitude_angle": -8.01347780103741, "precipitation": 12.155423980893353, "wind_intensity": 54.631566481547445, "sun_azimuth_angle": 222.46737958482504, "fog_distance": "0", "cloudiness": 6.62222607091697, "fog_density": 29.18273826788491, "wetness": 37.95874486944479, "precipitation_deposits": 24.788775698447164}}], "scenario_type": "Scenario59"}]}]}