{"available_scenarios": [{"Town05": [{"available_event_configurations": [{"transform": {"pitch": "0", "x": 31.5, "y": 69, "yaw": -90, "z": 0}, "_start_distance": 12.645583029397383, "_actor_vel": 4.842598201395565, "_start_distance2": 16.69467060219968, "_actor_vel2": 3.0879705535104947, "_brake": 0.982801318240601, "_trigger_distance": 12.635100951624066, "_traffic_distance": 6.195325805732377, "weather": {"sun_altitude_angle": 8.936758127404786, "precipitation": 27.727268934774308, "wind_intensity": 60.75317009004786, "sun_azimuth_angle": 146.57603203535695, "fog_distance": "0", "cloudiness": 93.55156249481743, "fog_density": 22.902426360171958, "wetness": 87.82706863551674, "precipitation_deposits": 98.44484852789546}}], "scenario_type": "Scenario59"}], "Town03": [{"available_event_configurations": [{"transform": {"pitch": "0", "x": -86, "y": -81.9, "yaw": 90, "z": 0}, "_start_distance": 12.645583029397383, "_actor_vel": 4.842598201395565, "_start_distance2": 16.69467060219968, "_actor_vel2": 3.0879705535104947, "_brake": 0.982801318240601, "_trigger_distance": 12.635100951624066, "_traffic_distance": 6.195325805732377, "weather": {"sun_altitude_angle": 8.936758127404786, "precipitation": 27.727268934774308, "wind_intensity": 60.75317009004786, "sun_azimuth_angle": 146.57603203535695, "fog_distance": "0", "cloudiness": 93.55156249481743, "fog_density": 22.902426360171958, "wetness": 87.82706863551674, "precipitation_deposits": 98.44484852789546}}], "scenario_type": "Scenario59"}]}]}