{"available_scenarios": [{"Town05": [{"available_event_configurations": [{"transform": {"pitch": "0", "x": 31.5, "y": 69, "yaw": -90, "z": 0}, "_start_distance": 9.99797661641403, "_actor_vel": 4.997855308149917, "_start_distance2": 17.51082024572146, "_actor_vel2": 3.0219953290171087, "_brake": 0.8798696821457892, "_trigger_distance": 12.367971263927581, "_traffic_distance": 5.251978810480426, "weather": {"sun_altitude_angle": 55.797684933618854, "precipitation": 75.46516144162658, "wind_intensity": 10.613780177664378, "sun_azimuth_angle": 355.5295446287809, "fog_distance": "0", "cloudiness": 91.76373166498001, "fog_density": 87.73686188231116, "wetness": 39.860434743032314, "precipitation_deposits": 57.60619740630835}}], "scenario_type": "Scenario59"}], "Town03": [{"available_event_configurations": [{"transform": {"pitch": "0", "x": -86, "y": -81.9, "yaw": 90, "z": 0}, "_start_distance": 9.99797661641403, "_actor_vel": 4.997855308149917, "_start_distance2": 17.51082024572146, "_actor_vel2": 3.0219953290171087, "_brake": 0.8798696821457892, "_trigger_distance": 12.367971263927581, "_traffic_distance": 5.251978810480426, "weather": {"sun_altitude_angle": 55.797684933618854, "precipitation": 75.46516144162658, "wind_intensity": 10.613780177664378, "sun_azimuth_angle": 355.5295446287809, "fog_distance": "0", "cloudiness": 91.76373166498001, "fog_density": 87.73686188231116, "wetness": 39.860434743032314, "precipitation_deposits": 57.60619740630835}}], "scenario_type": "Scenario59"}]}]}