{"available_scenarios": [{"Town05": [{"available_event_configurations": [{"transform": {"pitch": "0", "x": 31.5, "y": 69, "yaw": -90, "z": 0}, "_start_distance": 13.459977486986812, "_actor_vel": 4.948573349219931, "_start_distance2": 16.360969904886915, "_actor_vel2": 3.2473369602359434, "_brake": 0.6722883190845776, "_trigger_distance": 12.310973781110512, "_traffic_distance": 6.282821604477463, "weather": {"sun_altitude_angle": 62.35397758411108, "precipitation": 39.37890079223423, "wind_intensity": 38.8396361785375, "sun_azimuth_angle": 192.19557651116045, "fog_distance": "0", "cloudiness": 23.22575012740442, "fog_density": 86.07072279569375, "wetness": 45.53242246469532, "precipitation_deposits": 3.5174525598277273}}], "scenario_type": "Scenario59"}], "Town03": [{"available_event_configurations": [{"transform": {"pitch": "0", "x": -86, "y": -81.9, "yaw": 90, "z": 0}, "_start_distance": 13.459977486986812, "_actor_vel": 4.948573349219931, "_start_distance2": 16.360969904886915, "_actor_vel2": 3.2473369602359434, "_brake": 0.6722883190845776, "_trigger_distance": 12.310973781110512, "_traffic_distance": 6.282821604477463, "weather": {"sun_altitude_angle": 62.35397758411108, "precipitation": 39.37890079223423, "wind_intensity": 38.8396361785375, "sun_azimuth_angle": 192.19557651116045, "fog_distance": "0", "cloudiness": 23.22575012740442, "fog_density": 86.07072279569375, "wetness": 45.53242246469532, "precipitation_deposits": 3.5174525598277273}}], "scenario_type": "Scenario59"}]}]}