{"available_scenarios": [{"Town05": [{"available_event_configurations": [{"transform": {"pitch": "0", "x": 31.5, "y": 69, "yaw": -90, "z": 0}, "_start_distance": 12.867650398078261, "_actor_vel": 4.211010734087288, "_start_distance2": 18.64217477836497, "_actor_vel2": 3.0126841232493504, "_brake": 0.9960744298069777, "_trigger_distance": 14.846985930062303, "_traffic_distance": 8.49119465456915, "weather": {"sun_altitude_angle": -39.46367612124739, "precipitation": 27.733369910208783, "wind_intensity": 82.37616131649241, "sun_azimuth_angle": 204.36160211524415, "fog_distance": "0", "cloudiness": 33.35340838921771, "fog_density": 54.86288706380683, "wetness": 72.18911048265892, "precipitation_deposits": 7.143427826773275}}], "scenario_type": "Scenario59"}], "Town03": [{"available_event_configurations": [{"transform": {"pitch": "0", "x": -86, "y": -81.9, "yaw": 90, "z": 0}, "_start_distance": 12.867650398078261, "_actor_vel": 4.211010734087288, "_start_distance2": 18.64217477836497, "_actor_vel2": 3.0126841232493504, "_brake": 0.9960744298069777, "_trigger_distance": 14.846985930062303, "_traffic_distance": 8.49119465456915, "weather": {"sun_altitude_angle": -39.46367612124739, "precipitation": 27.733369910208783, "wind_intensity": 82.37616131649241, "sun_azimuth_angle": 204.36160211524415, "fog_distance": "0", "cloudiness": 33.35340838921771, "fog_density": 54.86288706380683, "wetness": 72.18911048265892, "precipitation_deposits": 7.143427826773275}}], "scenario_type": "Scenario59"}]}]}