{"available_scenarios": [{"Town05": [{"available_event_configurations": [{"transform": {"pitch": "0", "x": 31.5, "y": 69, "yaw": -90, "z": 0}, "_start_distance": 9.551897975243985, "_actor_vel": 4.396581715654023, "_start_distance2": 15.99898825941686, "_actor_vel2": 3.4371845432880526, "_brake": 0.8673530011052026, "_trigger_distance": 13.183781363044524, "_traffic_distance": 5.779627043050249, "weather": {"sun_altitude_angle": -77.80276818186584, "precipitation": 2.2396321187146073, "wind_intensity": 61.981771351315786, "sun_azimuth_angle": 141.2241800527875, "fog_distance": "0", "cloudiness": 2.1355826235894937, "fog_density": 48.39423080453662, "wetness": 95.51076835435578, "precipitation_deposits": 19.816224740403264}}], "scenario_type": "Scenario59"}], "Town03": [{"available_event_configurations": [{"transform": {"pitch": "0", "x": -86, "y": -81.9, "yaw": 90, "z": 0}, "_start_distance": 9.551897975243985, "_actor_vel": 4.396581715654023, "_start_distance2": 15.99898825941686, "_actor_vel2": 3.4371845432880526, "_brake": 0.8673530011052026, "_trigger_distance": 13.183781363044524, "_traffic_distance": 5.779627043050249, "weather": {"sun_altitude_angle": -77.80276818186584, "precipitation": 2.2396321187146073, "wind_intensity": 61.981771351315786, "sun_azimuth_angle": 141.2241800527875, "fog_distance": "0", "cloudiness": 2.1355826235894937, "fog_density": 48.39423080453662, "wetness": 95.51076835435578, "precipitation_deposits": 19.816224740403264}}], "scenario_type": "Scenario59"}]}]}