{"available_scenarios": [{"Town05": [{"available_event_configurations": [{"transform": {"pitch": "0", "x": 31.5, "y": 69, "yaw": -90, "z": 0}, "_start_distance": 12.488177791062224, "_actor_vel": 4.162351144017766, "_start_distance2": 15.370104669573422, "_actor_vel2": 3.387308205157081, "_brake": 0.6334866349981532, "_trigger_distance": 13.670926309171783, "_traffic_distance": 6.271098332507586, "weather": {"sun_altitude_angle": -66.70692458566904, "precipitation": 59.46632747605326, "wind_intensity": 63.90408548503029, "sun_azimuth_angle": 96.47829664078692, "fog_distance": "0", "cloudiness": 22.95738059568072, "fog_density": 69.12230708332422, "wetness": 24.350096196593196, "precipitation_deposits": 17.879937656378353}}], "scenario_type": "Scenario59"}], "Town03": [{"available_event_configurations": [{"transform": {"pitch": "0", "x": -86, "y": -81.9, "yaw": 90, "z": 0}, "_start_distance": 12.488177791062224, "_actor_vel": 4.162351144017766, "_start_distance2": 15.370104669573422, "_actor_vel2": 3.387308205157081, "_brake": 0.6334866349981532, "_trigger_distance": 13.670926309171783, "_traffic_distance": 6.271098332507586, "weather": {"sun_altitude_angle": -66.70692458566904, "precipitation": 59.46632747605326, "wind_intensity": 63.90408548503029, "sun_azimuth_angle": 96.47829664078692, "fog_distance": "0", "cloudiness": 22.95738059568072, "fog_density": 69.12230708332422, "wetness": 24.350096196593196, "precipitation_deposits": 17.879937656378353}}], "scenario_type": "Scenario59"}]}]}