{"available_scenarios": [{"Town05": [{"available_event_configurations": [{"transform": {"pitch": "0", "x": 31.5, "y": 69, "yaw": -90, "z": 0}, "_start_distance": 10.495037827817837, "_actor_vel": 4.834832310242696, "_start_distance2": 15.789639589696936, "_actor_vel2": 3.185751594632678, "_brake": 0.854958999561544, "_trigger_distance": 14.876496464268582, "_traffic_distance": 7.2924794100961154, "weather": {"sun_altitude_angle": 13.873817016985882, "precipitation": 47.55941753821828, "wind_intensity": 10.752849334806914, "sun_azimuth_angle": 110.50710039859753, "fog_distance": "0", "cloudiness": 70.5781765794373, "fog_density": 40.74179672875433, "wetness": 0.5906262336864865, "precipitation_deposits": 26.65409548552484}}], "scenario_type": "Scenario59"}], "Town03": [{"available_event_configurations": [{"transform": {"pitch": "0", "x": -86, "y": -81.9, "yaw": 90, "z": 0}, "_start_distance": 10.495037827817837, "_actor_vel": 4.834832310242696, "_start_distance2": 15.789639589696936, "_actor_vel2": 3.185751594632678, "_brake": 0.854958999561544, "_trigger_distance": 14.876496464268582, "_traffic_distance": 7.2924794100961154, "weather": {"sun_altitude_angle": 13.873817016985882, "precipitation": 47.55941753821828, "wind_intensity": 10.752849334806914, "sun_azimuth_angle": 110.50710039859753, "fog_distance": "0", "cloudiness": 70.5781765794373, "fog_density": 40.74179672875433, "wetness": 0.5906262336864865, "precipitation_deposits": 26.65409548552484}}], "scenario_type": "Scenario59"}]}]}