{"available_scenarios": [{"Town05": [{"available_event_configurations": [{"transform": {"pitch": "0", "x": 31.5, "y": 69, "yaw": -90, "z": 0}, "_start_distance": 8.620130592369673, "_actor_vel": 4.843751520859676, "_start_distance2": 17.626974333532274, "_actor_vel2": 3.4848699363252527, "_brake": 0.7332705097999969, "_trigger_distance": 12.317376754422003, "_traffic_distance": 9.326245193520256, "weather": {"sun_altitude_angle": 79.08322209966366, "precipitation": 98.42554958327415, "wind_intensity": 99.31245170867275, "sun_azimuth_angle": 155.77250817238394, "fog_distance": "0", "cloudiness": 76.50770351075722, "fog_density": 33.7533712230212, "wetness": 58.25785183421822, "precipitation_deposits": 25.962480358375462}}], "scenario_type": "Scenario59"}], "Town03": [{"available_event_configurations": [{"transform": {"pitch": "0", "x": -86, "y": -81.9, "yaw": 90, "z": 0}, "_start_distance": 8.620130592369673, "_actor_vel": 4.843751520859676, "_start_distance2": 17.626974333532274, "_actor_vel2": 3.4848699363252527, "_brake": 0.7332705097999969, "_trigger_distance": 12.317376754422003, "_traffic_distance": 9.326245193520256, "weather": {"sun_altitude_angle": 79.08322209966366, "precipitation": 98.42554958327415, "wind_intensity": 99.31245170867275, "sun_azimuth_angle": 155.77250817238394, "fog_distance": "0", "cloudiness": 76.50770351075722, "fog_density": 33.7533712230212, "wetness": 58.25785183421822, "precipitation_deposits": 25.962480358375462}}], "scenario_type": "Scenario59"}]}]}