{"available_scenarios": [{"Town05": [{"available_event_configurations": [{"transform": {"pitch": "0", "x": 31.5, "y": 69, "yaw": -90, "z": 0}, "_start_distance": 14.978402227615314, "_actor_vel": 4.573574432543148, "_start_distance2": 17.521578463919063, "_actor_vel2": 3.186518673140812, "_brake": 0.5116297495518123, "_trigger_distance": 14.349696235380964, "_traffic_distance": 5.995621890692824, "weather": {"sun_altitude_angle": -17.408962144153264, "precipitation": 57.04309558484434, "wind_intensity": 51.94528564169967, "sun_azimuth_angle": 343.65548159413123, "fog_distance": "0", "cloudiness": 64.63261946860757, "fog_density": 89.11722074790553, "wetness": 70.93238899581978, "precipitation_deposits": 87.7148901667633}}], "scenario_type": "Scenario59"}], "Town03": [{"available_event_configurations": [{"transform": {"pitch": "0", "x": -86, "y": -81.9, "yaw": 90, "z": 0}, "_start_distance": 14.978402227615314, "_actor_vel": 4.573574432543148, "_start_distance2": 17.521578463919063, "_actor_vel2": 3.186518673140812, "_brake": 0.5116297495518123, "_trigger_distance": 14.349696235380964, "_traffic_distance": 5.995621890692824, "weather": {"sun_altitude_angle": -17.408962144153264, "precipitation": 57.04309558484434, "wind_intensity": 51.94528564169967, "sun_azimuth_angle": 343.65548159413123, "fog_distance": "0", "cloudiness": 64.63261946860757, "fog_density": 89.11722074790553, "wetness": 70.93238899581978, "precipitation_deposits": 87.7148901667633}}], "scenario_type": "Scenario59"}]}]}