{"available_scenarios": [{"Town05": [{"available_event_configurations": [{"transform": {"pitch": "0", "x": 31.5, "y": 69, "yaw": -90, "z": 0}, "_start_distance": 13.723232722009183, "_actor_vel": 4.239798328188359, "_start_distance2": 18.365426052833296, "_actor_vel2": 3.4551809818375085, "_brake": 0.6556929359282584, "_trigger_distance": 13.373534948679284, "_traffic_distance": 9.790489132214844, "weather": {"sun_altitude_angle": 67.72212134955643, "precipitation": 13.263524169265805, "wind_intensity": 49.495389578277006, "sun_azimuth_angle": 316.40132472851997, "fog_distance": "0", "cloudiness": 68.84568151192654, "fog_density": 79.04630107673226, "wetness": 58.02972193252831, "precipitation_deposits": 85.2208497436954}}], "scenario_type": "Scenario59"}], "Town03": [{"available_event_configurations": [{"transform": {"pitch": "0", "x": -86, "y": -81.9, "yaw": 90, "z": 0}, "_start_distance": 13.723232722009183, "_actor_vel": 4.239798328188359, "_start_distance2": 18.365426052833296, "_actor_vel2": 3.4551809818375085, "_brake": 0.6556929359282584, "_trigger_distance": 13.373534948679284, "_traffic_distance": 9.790489132214844, "weather": {"sun_altitude_angle": 67.72212134955643, "precipitation": 13.263524169265805, "wind_intensity": 49.495389578277006, "sun_azimuth_angle": 316.40132472851997, "fog_distance": "0", "cloudiness": 68.84568151192654, "fog_density": 79.04630107673226, "wetness": 58.02972193252831, "precipitation_deposits": 85.2208497436954}}], "scenario_type": "Scenario59"}]}]}