{"available_scenarios": [{"Town05": [{"available_event_configurations": [{"transform": {"pitch": "0", "x": 31.5, "y": 69, "yaw": -90, "z": 0}, "_start_distance": 8.730096616994963, "_actor_vel": 4.742892337006838, "_start_distance2": 17.317324674583613, "_actor_vel2": 3.0469320375775117, "_brake": 0.767670459335814, "_trigger_distance": 13.965126805470874, "_traffic_distance": 8.40053061221715, "weather": {"sun_altitude_angle": 63.7485644161585, "precipitation": 3.261982057856716, "wind_intensity": 51.269038345327054, "sun_azimuth_angle": 145.53200087226512, "fog_distance": "0", "cloudiness": 92.1481254933135, "fog_density": 80.03518734540336, "wetness": 37.47904693391827, "precipitation_deposits": 88.8501099946707}}], "scenario_type": "Scenario59"}], "Town03": [{"available_event_configurations": [{"transform": {"pitch": "0", "x": -86, "y": -81.9, "yaw": 90, "z": 0}, "_start_distance": 8.730096616994963, "_actor_vel": 4.742892337006838, "_start_distance2": 17.317324674583613, "_actor_vel2": 3.0469320375775117, "_brake": 0.767670459335814, "_trigger_distance": 13.965126805470874, "_traffic_distance": 8.40053061221715, "weather": {"sun_altitude_angle": 63.7485644161585, "precipitation": 3.261982057856716, "wind_intensity": 51.269038345327054, "sun_azimuth_angle": 145.53200087226512, "fog_distance": "0", "cloudiness": 92.1481254933135, "fog_density": 80.03518734540336, "wetness": 37.47904693391827, "precipitation_deposits": 88.8501099946707}}], "scenario_type": "Scenario59"}]}]}