{"available_scenarios": [{"Town05": [{"available_event_configurations": [{"transform": {"pitch": "0", "x": 31.5, "y": 69, "yaw": -90, "z": 0}, "_start_distance": 13.684246962800952, "_actor_vel": 4.592567754597081, "_start_distance2": 16.440339938034146, "_actor_vel2": 3.251225144048222, "_brake": 0.9406714112879963, "_trigger_distance": 12.32534244003829, "_traffic_distance": 9.541064790189294, "weather": {"sun_altitude_angle": 84.6230800437987, "precipitation": 57.812038962689435, "wind_intensity": 67.54157966995325, "sun_azimuth_angle": 119.67098101361071, "fog_distance": "0", "cloudiness": 81.26601736504362, "fog_density": 63.57838813651859, "wetness": 43.61792220256244, "precipitation_deposits": 85.21982068396387}}], "scenario_type": "Scenario59"}], "Town03": [{"available_event_configurations": [{"transform": {"pitch": "0", "x": -86, "y": -81.9, "yaw": 90, "z": 0}, "_start_distance": 13.684246962800952, "_actor_vel": 4.592567754597081, "_start_distance2": 16.440339938034146, "_actor_vel2": 3.251225144048222, "_brake": 0.9406714112879963, "_trigger_distance": 12.32534244003829, "_traffic_distance": 9.541064790189294, "weather": {"sun_altitude_angle": 84.6230800437987, "precipitation": 57.812038962689435, "wind_intensity": 67.54157966995325, "sun_azimuth_angle": 119.67098101361071, "fog_distance": "0", "cloudiness": 81.26601736504362, "fog_density": 63.57838813651859, "wetness": 43.61792220256244, "precipitation_deposits": 85.21982068396387}}], "scenario_type": "Scenario59"}]}]}