{"available_scenarios": [{"Town05": [{"available_event_configurations": [{"transform": {"pitch": "0", "x": 31.5, "y": 69, "yaw": -90, "z": 0}, "_start_distance": 8.206855497889027, "_actor_vel": 4.8785913632165325, "_start_distance2": 15.668200996581369, "_actor_vel2": 3.110723552068017, "_brake": 0.8581244629941904, "_trigger_distance": 14.313114141210644, "_traffic_distance": 8.682635572719647, "weather": {"sun_altitude_angle": 40.56847771701254, "precipitation": 30.88329842598262, "wind_intensity": 81.620366111362, "sun_azimuth_angle": 50.202248388229414, "fog_distance": "0", "cloudiness": 6.607752344440154, "fog_density": 57.37246271388998, "wetness": 81.64162760625221, "precipitation_deposits": 90.92802634176876}}], "scenario_type": "Scenario59"}], "Town03": [{"available_event_configurations": [{"transform": {"pitch": "0", "x": -86, "y": -81.9, "yaw": 90, "z": 0}, "_start_distance": 8.206855497889027, "_actor_vel": 4.8785913632165325, "_start_distance2": 15.668200996581369, "_actor_vel2": 3.110723552068017, "_brake": 0.8581244629941904, "_trigger_distance": 14.313114141210644, "_traffic_distance": 8.682635572719647, "weather": {"sun_altitude_angle": 40.56847771701254, "precipitation": 30.88329842598262, "wind_intensity": 81.620366111362, "sun_azimuth_angle": 50.202248388229414, "fog_distance": "0", "cloudiness": 6.607752344440154, "fog_density": 57.37246271388998, "wetness": 81.64162760625221, "precipitation_deposits": 90.92802634176876}}], "scenario_type": "Scenario59"}]}]}