{"available_scenarios": [{"Town05": [{"available_event_configurations": [{"transform": {"pitch": "0", "x": 31.5, "y": 69, "yaw": -90, "z": 0}, "_start_distance": 8.101724819084115, "_actor_vel": 4.924444488533246, "_start_distance2": 17.56488361761251, "_actor_vel2": 3.3115259735813147, "_brake": 0.5918910591271559, "_trigger_distance": 12.19720548695812, "_traffic_distance": 5.600129138516828, "weather": {"sun_altitude_angle": -80.00123404693772, "precipitation": 25.367962061983963, "wind_intensity": 18.47407301259205, "sun_azimuth_angle": 331.06350545566954, "fog_distance": "0", "cloudiness": 14.145690132001521, "fog_density": 54.94966683324235, "wetness": 67.26192744623731, "precipitation_deposits": 70.28888824322837}}], "scenario_type": "Scenario59"}], "Town03": [{"available_event_configurations": [{"transform": {"pitch": "0", "x": -86, "y": -81.9, "yaw": 90, "z": 0}, "_start_distance": 8.101724819084115, "_actor_vel": 4.924444488533246, "_start_distance2": 17.56488361761251, "_actor_vel2": 3.3115259735813147, "_brake": 0.5918910591271559, "_trigger_distance": 12.19720548695812, "_traffic_distance": 5.600129138516828, "weather": {"sun_altitude_angle": -80.00123404693772, "precipitation": 25.367962061983963, "wind_intensity": 18.47407301259205, "sun_azimuth_angle": 331.06350545566954, "fog_distance": "0", "cloudiness": 14.145690132001521, "fog_density": 54.94966683324235, "wetness": 67.26192744623731, "precipitation_deposits": 70.28888824322837}}], "scenario_type": "Scenario59"}]}]}