{"available_scenarios": [{"Town05": [{"available_event_configurations": [{"transform": {"pitch": "0", "x": 31.5, "y": 69, "yaw": -90, "z": 0}, "_start_distance": 12.352656108371235, "_actor_vel": 4.979858324404422, "_start_distance2": 16.5293037015874, "_actor_vel2": 3.126391938675157, "_brake": 0.9705412035941986, "_trigger_distance": 14.773372261318494, "_traffic_distance": 7.575119977536604, "weather": {"sun_altitude_angle": 68.89645113456896, "precipitation": 86.04675004387667, "wind_intensity": 48.28947408620249, "sun_azimuth_angle": 359.10943451572354, "fog_distance": "0", "cloudiness": 61.20841033363721, "fog_density": 48.19649215660425, "wetness": 74.54138041194489, "precipitation_deposits": 92.9446244663662}}], "scenario_type": "Scenario59"}], "Town03": [{"available_event_configurations": [{"transform": {"pitch": "0", "x": -86, "y": -81.9, "yaw": 90, "z": 0}, "_start_distance": 12.352656108371235, "_actor_vel": 4.979858324404422, "_start_distance2": 16.5293037015874, "_actor_vel2": 3.126391938675157, "_brake": 0.9705412035941986, "_trigger_distance": 14.773372261318494, "_traffic_distance": 7.575119977536604, "weather": {"sun_altitude_angle": 68.89645113456896, "precipitation": 86.04675004387667, "wind_intensity": 48.28947408620249, "sun_azimuth_angle": 359.10943451572354, "fog_distance": "0", "cloudiness": 61.20841033363721, "fog_density": 48.19649215660425, "wetness": 74.54138041194489, "precipitation_deposits": 92.9446244663662}}], "scenario_type": "Scenario59"}]}]}