{"available_scenarios": [{"Town05": [{"available_event_configurations": [{"transform": {"pitch": "0", "x": 31.5, "y": 69, "yaw": -90, "z": 0}, "_start_distance": 12.122963943180881, "_actor_vel": 4.826601832084865, "_start_distance2": 18.72905332620542, "_actor_vel2": 3.1990909520820194, "_brake": 0.6637145320058868, "_trigger_distance": 12.176721811780961, "_traffic_distance": 8.955685997567368, "weather": {"sun_altitude_angle": -51.153016571686905, "precipitation": 83.75881670546018, "wind_intensity": 78.73710607844129, "sun_azimuth_angle": 212.7289490290605, "fog_distance": "0", "cloudiness": 87.6577806426511, "fog_density": 14.778523765992945, "wetness": 85.79280324547295, "precipitation_deposits": 50.72267071338222}}], "scenario_type": "Scenario59"}], "Town03": [{"available_event_configurations": [{"transform": {"pitch": "0", "x": -86, "y": -81.9, "yaw": 90, "z": 0}, "_start_distance": 12.122963943180881, "_actor_vel": 4.826601832084865, "_start_distance2": 18.72905332620542, "_actor_vel2": 3.1990909520820194, "_brake": 0.6637145320058868, "_trigger_distance": 12.176721811780961, "_traffic_distance": 8.955685997567368, "weather": {"sun_altitude_angle": -51.153016571686905, "precipitation": 83.75881670546018, "wind_intensity": 78.73710607844129, "sun_azimuth_angle": 212.7289490290605, "fog_distance": "0", "cloudiness": 87.6577806426511, "fog_density": 14.778523765992945, "wetness": 85.79280324547295, "precipitation_deposits": 50.72267071338222}}], "scenario_type": "Scenario59"}]}]}