{"available_scenarios": [{"Town05": [{"available_event_configurations": [{"transform": {"pitch": "0", "x": 31.5, "y": 69, "yaw": -90, "z": 0}, "_start_distance": 8.204651964805386, "_actor_vel": 4.574152295982496, "_start_distance2": 15.418014777099351, "_actor_vel2": 3.2129784642687147, "_brake": 0.5212110487480494, "_trigger_distance": 13.656231880079538, "_traffic_distance": 7.009900430256265, "weather": {"sun_altitude_angle": 84.173332836513, "precipitation": 80.59660395077012, "wind_intensity": 27.33729215455707, "sun_azimuth_angle": 97.5723879718857, "fog_distance": "0", "cloudiness": 90.87785221268499, "fog_density": 27.520289208300763, "wetness": 57.05471809125229, "precipitation_deposits": 24.58282417255756}}], "scenario_type": "Scenario59"}], "Town03": [{"available_event_configurations": [{"transform": {"pitch": "0", "x": -86, "y": -81.9, "yaw": 90, "z": 0}, "_start_distance": 8.204651964805386, "_actor_vel": 4.574152295982496, "_start_distance2": 15.418014777099351, "_actor_vel2": 3.2129784642687147, "_brake": 0.5212110487480494, "_trigger_distance": 13.656231880079538, "_traffic_distance": 7.009900430256265, "weather": {"sun_altitude_angle": 84.173332836513, "precipitation": 80.59660395077012, "wind_intensity": 27.33729215455707, "sun_azimuth_angle": 97.5723879718857, "fog_distance": "0", "cloudiness": 90.87785221268499, "fog_density": 27.520289208300763, "wetness": 57.05471809125229, "precipitation_deposits": 24.58282417255756}}], "scenario_type": "Scenario59"}]}]}