{"available_scenarios": [{"Town05": [{"available_event_configurations": [{"transform": {"pitch": "0", "x": 35, "y": 130, "yaw": -90, "z": 0}, "_start_distance": 15.149159243007643, "_actor_vel": 2.0835910853514426, "_trigger_distance": 16.828932791570125, "_brake": 0.6180469063569851}, {"transform": {"pitch": "0", "x": 35, "y": 70, "yaw": -90, "z": 0}, "_start_distance": 15.149159243007643, "_actor_vel": 2.0835910853514426, "_trigger_distance": 16.828932791570125, "_brake": 0.6180469063569851, "weather": {"sun_altitude_angle": 24.305085587869705, "precipitation": 56.698451368393656, "wind_intensity": 12.679588781346219, "sun_azimuth_angle": 274.4180791736513, "fog_distance": "0", "cloudiness": 44.64742492933438, "fog_density": 5.622021264311771, "wetness": 86.08501062782503, "precipitation_deposits": 12.020214638609584}}], "scenario_type": "Scenario39"}], "Town01": [{"available_event_configurations": [{"transform": {"pitch": "0", "x": 300, "y": 129, "yaw": 180, "z": 0}, "_start_distance": 15.149159243007643, "_actor_vel": 2.0835910853514426, "_trigger_distance": 16.828932791570125, "_brake": 0.6180469063569851, "weather": {"sun_altitude_angle": 24.305085587869705, "precipitation": 56.698451368393656, "wind_intensity": 12.679588781346219, "sun_azimuth_angle": 274.4180791736513, "fog_distance": "0", "cloudiness": 44.64742492933438, "fog_density": 5.622021264311771, "wetness": 86.08501062782503, "precipitation_deposits": 12.020214638609584}}], "scenario_type": "Scenario39"}], "Town04": [{"available_event_configurations": [{"transform": {"pitch": "0", "x": 254.9, "y": -230.9, "yaw": 90, "z": 0}, "_start_distance": 15.149159243007643, "_actor_vel": 2.0835910853514426, "_trigger_distance": 16.828932791570125, "_brake": 0.6180469063569851, "weather": {"sun_altitude_angle": 24.305085587869705, "precipitation": 56.698451368393656, "wind_intensity": 12.679588781346219, "sun_azimuth_angle": 274.4180791736513, "fog_distance": "0", "cloudiness": 44.64742492933438, "fog_density": 5.622021264311771, "wetness": 86.08501062782503, "precipitation_deposits": 12.020214638609584}}], "scenario_type": "Scenario39"}], "Town03": [{"available_event_configurations": [{"transform": {"pitch": "0", "x": -88.5, "y": -90, "yaw": 90, "z": 0}, "_start_distance": 15.149159243007643, "_actor_vel": 2.0835910853514426, "_trigger_distance": 16.828932791570125, "_brake": 0.6180469063569851, "weather": {"sun_altitude_angle": 24.305085587869705, "precipitation": 56.698451368393656, "wind_intensity": 12.679588781346219, "sun_azimuth_angle": 274.4180791736513, "fog_distance": "0", "cloudiness": 44.64742492933438, "fog_density": 5.622021264311771, "wetness": 86.08501062782503, "precipitation_deposits": 12.020214638609584}}], "scenario_type": "Scenario39"}]}]}