{"available_scenarios": [{"Town05": [{"available_event_configurations": [{"transform": {"pitch": "0", "x": 35, "y": 130, "yaw": -90, "z": 0}, "_start_distance": 18.34876165848455, "_actor_vel": 2.408175902598256, "_trigger_distance": 15.203430526576836, "_brake": 0.6438941616896239}, {"transform": {"pitch": "0", "x": 35, "y": 70, "yaw": -90, "z": 0}, "_start_distance": 18.34876165848455, "_actor_vel": 2.408175902598256, "_trigger_distance": 15.203430526576836, "_brake": 0.6438941616896239, "weather": {"sun_altitude_angle": 59.6691306692649, "precipitation": 55.81100121088859, "wind_intensity": 68.97451241246958, "sun_azimuth_angle": 186.4836142278783, "fog_distance": "0", "cloudiness": 58.86625627652481, "fog_density": 1.7031758097897354, "wetness": 32.69576692889753, "precipitation_deposits": 34.47159252948985}}], "scenario_type": "Scenario39"}], "Town01": [{"available_event_configurations": [{"transform": {"pitch": "0", "x": 300, "y": 129, "yaw": 180, "z": 0}, "_start_distance": 18.34876165848455, "_actor_vel": 2.408175902598256, "_trigger_distance": 15.203430526576836, "_brake": 0.6438941616896239, "weather": {"sun_altitude_angle": 59.6691306692649, "precipitation": 55.81100121088859, "wind_intensity": 68.97451241246958, "sun_azimuth_angle": 186.4836142278783, "fog_distance": "0", "cloudiness": 58.86625627652481, "fog_density": 1.7031758097897354, "wetness": 32.69576692889753, "precipitation_deposits": 34.47159252948985}}], "scenario_type": "Scenario39"}], "Town04": [{"available_event_configurations": [{"transform": {"pitch": "0", "x": 254.9, "y": -230.9, "yaw": 90, "z": 0}, "_start_distance": 18.34876165848455, "_actor_vel": 2.408175902598256, "_trigger_distance": 15.203430526576836, "_brake": 0.6438941616896239, "weather": {"sun_altitude_angle": 59.6691306692649, "precipitation": 55.81100121088859, "wind_intensity": 68.97451241246958, "sun_azimuth_angle": 186.4836142278783, "fog_distance": "0", "cloudiness": 58.86625627652481, "fog_density": 1.7031758097897354, "wetness": 32.69576692889753, "precipitation_deposits": 34.47159252948985}}], "scenario_type": "Scenario39"}], "Town03": [{"available_event_configurations": [{"transform": {"pitch": "0", "x": -88.5, "y": -90, "yaw": 90, "z": 0}, "_start_distance": 18.34876165848455, "_actor_vel": 2.408175902598256, "_trigger_distance": 15.203430526576836, "_brake": 0.6438941616896239, "weather": {"sun_altitude_angle": 59.6691306692649, "precipitation": 55.81100121088859, "wind_intensity": 68.97451241246958, "sun_azimuth_angle": 186.4836142278783, "fog_distance": "0", "cloudiness": 58.86625627652481, "fog_density": 1.7031758097897354, "wetness": 32.69576692889753, "precipitation_deposits": 34.47159252948985}}], "scenario_type": "Scenario39"}]}]}