{"available_scenarios": [{"Town05": [{"available_event_configurations": [{"transform": {"pitch": "0", "x": 35, "y": 130, "yaw": -90, "z": 0}, "_start_distance": 17.145321973400392, "_actor_vel": 2.065857268626398, "_trigger_distance": 19.63276695226989, "_brake": 0.5930468713458992}, {"transform": {"pitch": "0", "x": 35, "y": 70, "yaw": -90, "z": 0}, "_start_distance": 17.145321973400392, "_actor_vel": 2.065857268626398, "_trigger_distance": 19.63276695226989, "_brake": 0.5930468713458992, "weather": {"sun_altitude_angle": 52.23248589112717, "precipitation": 29.97706614990564, "wind_intensity": 86.40994426929845, "sun_azimuth_angle": 263.2009009557051, "fog_distance": "0", "cloudiness": 95.38503803588515, "fog_density": 5.183470181588884, "wetness": 56.462744741512, "precipitation_deposits": 88.80656501996769}}], "scenario_type": "Scenario39"}], "Town01": [{"available_event_configurations": [{"transform": {"pitch": "0", "x": 300, "y": 129, "yaw": 180, "z": 0}, "_start_distance": 17.145321973400392, "_actor_vel": 2.065857268626398, "_trigger_distance": 19.63276695226989, "_brake": 0.5930468713458992, "weather": {"sun_altitude_angle": 52.23248589112717, "precipitation": 29.97706614990564, "wind_intensity": 86.40994426929845, "sun_azimuth_angle": 263.2009009557051, "fog_distance": "0", "cloudiness": 95.38503803588515, "fog_density": 5.183470181588884, "wetness": 56.462744741512, "precipitation_deposits": 88.80656501996769}}], "scenario_type": "Scenario39"}], "Town04": [{"available_event_configurations": [{"transform": {"pitch": "0", "x": 254.9, "y": -230.9, "yaw": 90, "z": 0}, "_start_distance": 17.145321973400392, "_actor_vel": 2.065857268626398, "_trigger_distance": 19.63276695226989, "_brake": 0.5930468713458992, "weather": {"sun_altitude_angle": 52.23248589112717, "precipitation": 29.97706614990564, "wind_intensity": 86.40994426929845, "sun_azimuth_angle": 263.2009009557051, "fog_distance": "0", "cloudiness": 95.38503803588515, "fog_density": 5.183470181588884, "wetness": 56.462744741512, "precipitation_deposits": 88.80656501996769}}], "scenario_type": "Scenario39"}], "Town03": [{"available_event_configurations": [{"transform": {"pitch": "0", "x": -88.5, "y": -90, "yaw": 90, "z": 0}, "_start_distance": 17.145321973400392, "_actor_vel": 2.065857268626398, "_trigger_distance": 19.63276695226989, "_brake": 0.5930468713458992, "weather": {"sun_altitude_angle": 52.23248589112717, "precipitation": 29.97706614990564, "wind_intensity": 86.40994426929845, "sun_azimuth_angle": 263.2009009557051, "fog_distance": "0", "cloudiness": 95.38503803588515, "fog_density": 5.183470181588884, "wetness": 56.462744741512, "precipitation_deposits": 88.80656501996769}}], "scenario_type": "Scenario39"}]}]}