{"available_scenarios": [{"Town05": [{"available_event_configurations": [{"transform": {"pitch": "0", "x": 35, "y": 130, "yaw": -90, "z": 0}, "_start_distance": 18.5847258220642, "_actor_vel": 2.4840247941282096, "_trigger_distance": 17.070547258900117, "_brake": 0.5264540467688055}, {"transform": {"pitch": "0", "x": 35, "y": 70, "yaw": -90, "z": 0}, "_start_distance": 18.5847258220642, "_actor_vel": 2.4840247941282096, "_trigger_distance": 17.070547258900117, "_brake": 0.5264540467688055, "weather": {"sun_altitude_angle": 36.03813989719407, "precipitation": 44.5056290827141, "wind_intensity": 94.7748062282524, "sun_azimuth_angle": 81.60305122882569, "fog_distance": "0", "cloudiness": 39.54943577196575, "fog_density": 7.545727650052677, "wetness": 57.01822213337788, "precipitation_deposits": 81.0881631075138}}], "scenario_type": "Scenario39"}], "Town01": [{"available_event_configurations": [{"transform": {"pitch": "0", "x": 300, "y": 129, "yaw": 180, "z": 0}, "_start_distance": 18.5847258220642, "_actor_vel": 2.4840247941282096, "_trigger_distance": 17.070547258900117, "_brake": 0.5264540467688055, "weather": {"sun_altitude_angle": 36.03813989719407, "precipitation": 44.5056290827141, "wind_intensity": 94.7748062282524, "sun_azimuth_angle": 81.60305122882569, "fog_distance": "0", "cloudiness": 39.54943577196575, "fog_density": 7.545727650052677, "wetness": 57.01822213337788, "precipitation_deposits": 81.0881631075138}}], "scenario_type": "Scenario39"}], "Town04": [{"available_event_configurations": [{"transform": {"pitch": "0", "x": 254.9, "y": -230.9, "yaw": 90, "z": 0}, "_start_distance": 18.5847258220642, "_actor_vel": 2.4840247941282096, "_trigger_distance": 17.070547258900117, "_brake": 0.5264540467688055, "weather": {"sun_altitude_angle": 36.03813989719407, "precipitation": 44.5056290827141, "wind_intensity": 94.7748062282524, "sun_azimuth_angle": 81.60305122882569, "fog_distance": "0", "cloudiness": 39.54943577196575, "fog_density": 7.545727650052677, "wetness": 57.01822213337788, "precipitation_deposits": 81.0881631075138}}], "scenario_type": "Scenario39"}], "Town03": [{"available_event_configurations": [{"transform": {"pitch": "0", "x": -88.5, "y": -90, "yaw": 90, "z": 0}, "_start_distance": 18.5847258220642, "_actor_vel": 2.4840247941282096, "_trigger_distance": 17.070547258900117, "_brake": 0.5264540467688055, "weather": {"sun_altitude_angle": 36.03813989719407, "precipitation": 44.5056290827141, "wind_intensity": 94.7748062282524, "sun_azimuth_angle": 81.60305122882569, "fog_distance": "0", "cloudiness": 39.54943577196575, "fog_density": 7.545727650052677, "wetness": 57.01822213337788, "precipitation_deposits": 81.0881631075138}}], "scenario_type": "Scenario39"}]}]}