{"available_scenarios": [{"Town05": [{"available_event_configurations": [{"transform": {"pitch": "0", "x": 35, "y": 130, "yaw": -90, "z": 0}, "_start_distance": 16.197384879903026, "_actor_vel": 2.4714622361694722, "_trigger_distance": 18.749722024855735, "_brake": 0.9220381537584321}, {"transform": {"pitch": "0", "x": 35, "y": 70, "yaw": -90, "z": 0}, "_start_distance": 16.197384879903026, "_actor_vel": 2.4714622361694722, "_trigger_distance": 18.749722024855735, "_brake": 0.9220381537584321, "weather": {"sun_altitude_angle": 66.74126675670881, "precipitation": 52.70425673776384, "wind_intensity": 82.83315069139752, "sun_azimuth_angle": 118.17276834116616, "fog_distance": "0", "cloudiness": 6.464525089639606, "fog_density": 7.4789461011994085, "wetness": 32.21288752867129, "precipitation_deposits": 37.737721605443156}}], "scenario_type": "Scenario39"}], "Town01": [{"available_event_configurations": [{"transform": {"pitch": "0", "x": 300, "y": 129, "yaw": 180, "z": 0}, "_start_distance": 16.197384879903026, "_actor_vel": 2.4714622361694722, "_trigger_distance": 18.749722024855735, "_brake": 0.9220381537584321, "weather": {"sun_altitude_angle": 66.74126675670881, "precipitation": 52.70425673776384, "wind_intensity": 82.83315069139752, "sun_azimuth_angle": 118.17276834116616, "fog_distance": "0", "cloudiness": 6.464525089639606, "fog_density": 7.4789461011994085, "wetness": 32.21288752867129, "precipitation_deposits": 37.737721605443156}}], "scenario_type": "Scenario39"}], "Town04": [{"available_event_configurations": [{"transform": {"pitch": "0", "x": 254.9, "y": -230.9, "yaw": 90, "z": 0}, "_start_distance": 16.197384879903026, "_actor_vel": 2.4714622361694722, "_trigger_distance": 18.749722024855735, "_brake": 0.9220381537584321, "weather": {"sun_altitude_angle": 66.74126675670881, "precipitation": 52.70425673776384, "wind_intensity": 82.83315069139752, "sun_azimuth_angle": 118.17276834116616, "fog_distance": "0", "cloudiness": 6.464525089639606, "fog_density": 7.4789461011994085, "wetness": 32.21288752867129, "precipitation_deposits": 37.737721605443156}}], "scenario_type": "Scenario39"}], "Town03": [{"available_event_configurations": [{"transform": {"pitch": "0", "x": -88.5, "y": -90, "yaw": 90, "z": 0}, "_start_distance": 16.197384879903026, "_actor_vel": 2.4714622361694722, "_trigger_distance": 18.749722024855735, "_brake": 0.9220381537584321, "weather": {"sun_altitude_angle": 66.74126675670881, "precipitation": 52.70425673776384, "wind_intensity": 82.83315069139752, "sun_azimuth_angle": 118.17276834116616, "fog_distance": "0", "cloudiness": 6.464525089639606, "fog_density": 7.4789461011994085, "wetness": 32.21288752867129, "precipitation_deposits": 37.737721605443156}}], "scenario_type": "Scenario39"}]}]}