{"available_scenarios": [{"Town05": [{"available_event_configurations": [{"transform": {"pitch": "0", "x": 35, "y": 130, "yaw": -90, "z": 0}, "_start_distance": 19.72969495804125, "_actor_vel": 2.3801310775274103, "_trigger_distance": 15.775524897725397, "_brake": 0.8112250696239058}, {"transform": {"pitch": "0", "x": 35, "y": 70, "yaw": -90, "z": 0}, "_start_distance": 19.72969495804125, "_actor_vel": 2.3801310775274103, "_trigger_distance": 15.775524897725397, "_brake": 0.8112250696239058, "weather": {"sun_altitude_angle": 34.964415808544224, "precipitation": 81.80548002961781, "wind_intensity": 83.88592407731039, "sun_azimuth_angle": 169.43445967655106, "fog_distance": "0", "cloudiness": 44.52823262533592, "fog_density": 4.295986619805142, "wetness": 83.27332238461668, "precipitation_deposits": 39.54923936175278}}], "scenario_type": "Scenario39"}], "Town01": [{"available_event_configurations": [{"transform": {"pitch": "0", "x": 300, "y": 129, "yaw": 180, "z": 0}, "_start_distance": 19.72969495804125, "_actor_vel": 2.3801310775274103, "_trigger_distance": 15.775524897725397, "_brake": 0.8112250696239058, "weather": {"sun_altitude_angle": 34.964415808544224, "precipitation": 81.80548002961781, "wind_intensity": 83.88592407731039, "sun_azimuth_angle": 169.43445967655106, "fog_distance": "0", "cloudiness": 44.52823262533592, "fog_density": 4.295986619805142, "wetness": 83.27332238461668, "precipitation_deposits": 39.54923936175278}}], "scenario_type": "Scenario39"}], "Town04": [{"available_event_configurations": [{"transform": {"pitch": "0", "x": 254.9, "y": -230.9, "yaw": 90, "z": 0}, "_start_distance": 19.72969495804125, "_actor_vel": 2.3801310775274103, "_trigger_distance": 15.775524897725397, "_brake": 0.8112250696239058, "weather": {"sun_altitude_angle": 34.964415808544224, "precipitation": 81.80548002961781, "wind_intensity": 83.88592407731039, "sun_azimuth_angle": 169.43445967655106, "fog_distance": "0", "cloudiness": 44.52823262533592, "fog_density": 4.295986619805142, "wetness": 83.27332238461668, "precipitation_deposits": 39.54923936175278}}], "scenario_type": "Scenario39"}], "Town03": [{"available_event_configurations": [{"transform": {"pitch": "0", "x": -88.5, "y": -90, "yaw": 90, "z": 0}, "_start_distance": 19.72969495804125, "_actor_vel": 2.3801310775274103, "_trigger_distance": 15.775524897725397, "_brake": 0.8112250696239058, "weather": {"sun_altitude_angle": 34.964415808544224, "precipitation": 81.80548002961781, "wind_intensity": 83.88592407731039, "sun_azimuth_angle": 169.43445967655106, "fog_distance": "0", "cloudiness": 44.52823262533592, "fog_density": 4.295986619805142, "wetness": 83.27332238461668, "precipitation_deposits": 39.54923936175278}}], "scenario_type": "Scenario39"}]}]}