{"available_scenarios": [{"Town05": [{"available_event_configurations": [{"transform": {"pitch": "0", "x": 35, "y": 130, "yaw": -90, "z": 0}, "_start_distance": 15.842265118649523, "_actor_vel": 2.468567324303296, "_trigger_distance": 18.33086439283352, "_brake": 0.7370643388731617}, {"transform": {"pitch": "0", "x": 35, "y": 70, "yaw": -90, "z": 0}, "_start_distance": 15.842265118649523, "_actor_vel": 2.468567324303296, "_trigger_distance": 18.33086439283352, "_brake": 0.7370643388731617, "weather": {"sun_altitude_angle": 8.27434114362093, "precipitation": 86.63869275020298, "wind_intensity": 84.34814651833278, "sun_azimuth_angle": 183.82546318297523, "fog_distance": "0", "cloudiness": 85.10642297014621, "fog_density": 3.7634929205962706, "wetness": 94.35814556956745, "precipitation_deposits": 13.451997982848262}}], "scenario_type": "Scenario39"}], "Town01": [{"available_event_configurations": [{"transform": {"pitch": "0", "x": 300, "y": 129, "yaw": 180, "z": 0}, "_start_distance": 15.842265118649523, "_actor_vel": 2.468567324303296, "_trigger_distance": 18.33086439283352, "_brake": 0.7370643388731617, "weather": {"sun_altitude_angle": 8.27434114362093, "precipitation": 86.63869275020298, "wind_intensity": 84.34814651833278, "sun_azimuth_angle": 183.82546318297523, "fog_distance": "0", "cloudiness": 85.10642297014621, "fog_density": 3.7634929205962706, "wetness": 94.35814556956745, "precipitation_deposits": 13.451997982848262}}], "scenario_type": "Scenario39"}], "Town04": [{"available_event_configurations": [{"transform": {"pitch": "0", "x": 254.9, "y": -230.9, "yaw": 90, "z": 0}, "_start_distance": 15.842265118649523, "_actor_vel": 2.468567324303296, "_trigger_distance": 18.33086439283352, "_brake": 0.7370643388731617, "weather": {"sun_altitude_angle": 8.27434114362093, "precipitation": 86.63869275020298, "wind_intensity": 84.34814651833278, "sun_azimuth_angle": 183.82546318297523, "fog_distance": "0", "cloudiness": 85.10642297014621, "fog_density": 3.7634929205962706, "wetness": 94.35814556956745, "precipitation_deposits": 13.451997982848262}}], "scenario_type": "Scenario39"}], "Town03": [{"available_event_configurations": [{"transform": {"pitch": "0", "x": -88.5, "y": -90, "yaw": 90, "z": 0}, "_start_distance": 15.842265118649523, "_actor_vel": 2.468567324303296, "_trigger_distance": 18.33086439283352, "_brake": 0.7370643388731617, "weather": {"sun_altitude_angle": 8.27434114362093, "precipitation": 86.63869275020298, "wind_intensity": 84.34814651833278, "sun_azimuth_angle": 183.82546318297523, "fog_distance": "0", "cloudiness": 85.10642297014621, "fog_density": 3.7634929205962706, "wetness": 94.35814556956745, "precipitation_deposits": 13.451997982848262}}], "scenario_type": "Scenario39"}]}]}