{"available_scenarios": [{"Town05": [{"available_event_configurations": [{"transform": {"pitch": "0", "x": 35, "y": 130, "yaw": -90, "z": 0}, "_start_distance": 16.093565111788177, "_actor_vel": 2.0533481102729487, "_trigger_distance": 19.292887792276396, "_brake": 0.5626142562947603}, {"transform": {"pitch": "0", "x": 35, "y": 70, "yaw": -90, "z": 0}, "_start_distance": 16.093565111788177, "_actor_vel": 2.0533481102729487, "_trigger_distance": 19.292887792276396, "_brake": 0.5626142562947603, "weather": {"sun_altitude_angle": 38.191296039280765, "precipitation": 89.66380385483097, "wind_intensity": 90.35410050252045, "sun_azimuth_angle": 159.85248071959424, "fog_distance": "0", "cloudiness": 17.729117166305475, "fog_density": 1.9678320861575394, "wetness": 65.9957070120233, "precipitation_deposits": 25.60109898094005}}], "scenario_type": "Scenario39"}], "Town01": [{"available_event_configurations": [{"transform": {"pitch": "0", "x": 300, "y": 129, "yaw": 180, "z": 0}, "_start_distance": 16.093565111788177, "_actor_vel": 2.0533481102729487, "_trigger_distance": 19.292887792276396, "_brake": 0.5626142562947603, "weather": {"sun_altitude_angle": 38.191296039280765, "precipitation": 89.66380385483097, "wind_intensity": 90.35410050252045, "sun_azimuth_angle": 159.85248071959424, "fog_distance": "0", "cloudiness": 17.729117166305475, "fog_density": 1.9678320861575394, "wetness": 65.9957070120233, "precipitation_deposits": 25.60109898094005}}], "scenario_type": "Scenario39"}], "Town04": [{"available_event_configurations": [{"transform": {"pitch": "0", "x": 254.9, "y": -230.9, "yaw": 90, "z": 0}, "_start_distance": 16.093565111788177, "_actor_vel": 2.0533481102729487, "_trigger_distance": 19.292887792276396, "_brake": 0.5626142562947603, "weather": {"sun_altitude_angle": 38.191296039280765, "precipitation": 89.66380385483097, "wind_intensity": 90.35410050252045, "sun_azimuth_angle": 159.85248071959424, "fog_distance": "0", "cloudiness": 17.729117166305475, "fog_density": 1.9678320861575394, "wetness": 65.9957070120233, "precipitation_deposits": 25.60109898094005}}], "scenario_type": "Scenario39"}], "Town03": [{"available_event_configurations": [{"transform": {"pitch": "0", "x": -88.5, "y": -90, "yaw": 90, "z": 0}, "_start_distance": 16.093565111788177, "_actor_vel": 2.0533481102729487, "_trigger_distance": 19.292887792276396, "_brake": 0.5626142562947603, "weather": {"sun_altitude_angle": 38.191296039280765, "precipitation": 89.66380385483097, "wind_intensity": 90.35410050252045, "sun_azimuth_angle": 159.85248071959424, "fog_distance": "0", "cloudiness": 17.729117166305475, "fog_density": 1.9678320861575394, "wetness": 65.9957070120233, "precipitation_deposits": 25.60109898094005}}], "scenario_type": "Scenario39"}]}]}