{"available_scenarios": [{"Town05": [{"available_event_configurations": [{"transform": {"pitch": "0", "x": 35, "y": 130, "yaw": -90, "z": 0}, "_start_distance": 16.573469686973368, "_actor_vel": 2.0043452170577454, "_trigger_distance": 18.999999331858113, "_brake": 0.9675116420426404}, {"transform": {"pitch": "0", "x": 35, "y": 70, "yaw": -90, "z": 0}, "_start_distance": 16.573469686973368, "_actor_vel": 2.0043452170577454, "_trigger_distance": 18.999999331858113, "_brake": 0.9675116420426404, "weather": {"sun_altitude_angle": 46.789663801455745, "precipitation": 37.58487449350891, "wind_intensity": 47.44954810888243, "sun_azimuth_angle": 289.3858050978077, "fog_distance": "0", "cloudiness": 80.81711092631646, "fog_density": 3.3572849975873686, "wetness": 20.54729619814588, "precipitation_deposits": 5.729200069879237}}], "scenario_type": "Scenario39"}], "Town01": [{"available_event_configurations": [{"transform": {"pitch": "0", "x": 300, "y": 129, "yaw": 180, "z": 0}, "_start_distance": 16.573469686973368, "_actor_vel": 2.0043452170577454, "_trigger_distance": 18.999999331858113, "_brake": 0.9675116420426404, "weather": {"sun_altitude_angle": 46.789663801455745, "precipitation": 37.58487449350891, "wind_intensity": 47.44954810888243, "sun_azimuth_angle": 289.3858050978077, "fog_distance": "0", "cloudiness": 80.81711092631646, "fog_density": 3.3572849975873686, "wetness": 20.54729619814588, "precipitation_deposits": 5.729200069879237}}], "scenario_type": "Scenario39"}], "Town04": [{"available_event_configurations": [{"transform": {"pitch": "0", "x": 254.9, "y": -230.9, "yaw": 90, "z": 0}, "_start_distance": 16.573469686973368, "_actor_vel": 2.0043452170577454, "_trigger_distance": 18.999999331858113, "_brake": 0.9675116420426404, "weather": {"sun_altitude_angle": 46.789663801455745, "precipitation": 37.58487449350891, "wind_intensity": 47.44954810888243, "sun_azimuth_angle": 289.3858050978077, "fog_distance": "0", "cloudiness": 80.81711092631646, "fog_density": 3.3572849975873686, "wetness": 20.54729619814588, "precipitation_deposits": 5.729200069879237}}], "scenario_type": "Scenario39"}], "Town03": [{"available_event_configurations": [{"transform": {"pitch": "0", "x": -88.5, "y": -90, "yaw": 90, "z": 0}, "_start_distance": 16.573469686973368, "_actor_vel": 2.0043452170577454, "_trigger_distance": 18.999999331858113, "_brake": 0.9675116420426404, "weather": {"sun_altitude_angle": 46.789663801455745, "precipitation": 37.58487449350891, "wind_intensity": 47.44954810888243, "sun_azimuth_angle": 289.3858050978077, "fog_distance": "0", "cloudiness": 80.81711092631646, "fog_density": 3.3572849975873686, "wetness": 20.54729619814588, "precipitation_deposits": 5.729200069879237}}], "scenario_type": "Scenario39"}]}]}