{"available_scenarios": [{"Town05": [{"available_event_configurations": [{"transform": {"pitch": "0", "x": 35, "y": 130, "yaw": -90, "z": 0}, "_start_distance": 19.774373392469784, "_actor_vel": 2.1878612623332963, "_trigger_distance": 17.445368847777473, "_brake": 0.8930777467811841}, {"transform": {"pitch": "0", "x": 35, "y": 70, "yaw": -90, "z": 0}, "_start_distance": 19.774373392469784, "_actor_vel": 2.1878612623332963, "_trigger_distance": 17.445368847777473, "_brake": 0.8930777467811841, "weather": {"sun_altitude_angle": 48.616578157711814, "precipitation": 38.78737731258416, "wind_intensity": 47.56386010271625, "sun_azimuth_angle": 353.8586559909032, "fog_distance": "0", "cloudiness": 62.10527823730395, "fog_density": 2.6959463383102733, "wetness": 84.62105703318707, "precipitation_deposits": 39.62875095171204}}], "scenario_type": "Scenario39"}], "Town01": [{"available_event_configurations": [{"transform": {"pitch": "0", "x": 300, "y": 129, "yaw": 180, "z": 0}, "_start_distance": 19.774373392469784, "_actor_vel": 2.1878612623332963, "_trigger_distance": 17.445368847777473, "_brake": 0.8930777467811841, "weather": {"sun_altitude_angle": 48.616578157711814, "precipitation": 38.78737731258416, "wind_intensity": 47.56386010271625, "sun_azimuth_angle": 353.8586559909032, "fog_distance": "0", "cloudiness": 62.10527823730395, "fog_density": 2.6959463383102733, "wetness": 84.62105703318707, "precipitation_deposits": 39.62875095171204}}], "scenario_type": "Scenario39"}], "Town04": [{"available_event_configurations": [{"transform": {"pitch": "0", "x": 254.9, "y": -230.9, "yaw": 90, "z": 0}, "_start_distance": 19.774373392469784, "_actor_vel": 2.1878612623332963, "_trigger_distance": 17.445368847777473, "_brake": 0.8930777467811841, "weather": {"sun_altitude_angle": 48.616578157711814, "precipitation": 38.78737731258416, "wind_intensity": 47.56386010271625, "sun_azimuth_angle": 353.8586559909032, "fog_distance": "0", "cloudiness": 62.10527823730395, "fog_density": 2.6959463383102733, "wetness": 84.62105703318707, "precipitation_deposits": 39.62875095171204}}], "scenario_type": "Scenario39"}], "Town03": [{"available_event_configurations": [{"transform": {"pitch": "0", "x": -88.5, "y": -90, "yaw": 90, "z": 0}, "_start_distance": 19.774373392469784, "_actor_vel": 2.1878612623332963, "_trigger_distance": 17.445368847777473, "_brake": 0.8930777467811841, "weather": {"sun_altitude_angle": 48.616578157711814, "precipitation": 38.78737731258416, "wind_intensity": 47.56386010271625, "sun_azimuth_angle": 353.8586559909032, "fog_distance": "0", "cloudiness": 62.10527823730395, "fog_density": 2.6959463383102733, "wetness": 84.62105703318707, "precipitation_deposits": 39.62875095171204}}], "scenario_type": "Scenario39"}]}]}