{"available_scenarios": [{"Town05": [{"available_event_configurations": [{"transform": {"pitch": "0", "x": 35, "y": 130, "yaw": -90, "z": 0}, "_start_distance": 15.808359254444845, "_actor_vel": 2.1102786804538614, "_trigger_distance": 19.732521040618906, "_brake": 0.782943322358888}, {"transform": {"pitch": "0", "x": 35, "y": 70, "yaw": -90, "z": 0}, "_start_distance": 15.808359254444845, "_actor_vel": 2.1102786804538614, "_trigger_distance": 19.732521040618906, "_brake": 0.782943322358888, "weather": {"sun_altitude_angle": 78.15986979732062, "precipitation": 52.57803275417675, "wind_intensity": 49.95509592423038, "sun_azimuth_angle": 208.4970506261362, "fog_distance": "0", "cloudiness": 33.78740633455129, "fog_density": 6.891798057767479, "wetness": 89.60541393262653, "precipitation_deposits": 15.845702163478336}}], "scenario_type": "Scenario39"}], "Town01": [{"available_event_configurations": [{"transform": {"pitch": "0", "x": 300, "y": 129, "yaw": 180, "z": 0}, "_start_distance": 15.808359254444845, "_actor_vel": 2.1102786804538614, "_trigger_distance": 19.732521040618906, "_brake": 0.782943322358888, "weather": {"sun_altitude_angle": 78.15986979732062, "precipitation": 52.57803275417675, "wind_intensity": 49.95509592423038, "sun_azimuth_angle": 208.4970506261362, "fog_distance": "0", "cloudiness": 33.78740633455129, "fog_density": 6.891798057767479, "wetness": 89.60541393262653, "precipitation_deposits": 15.845702163478336}}], "scenario_type": "Scenario39"}], "Town04": [{"available_event_configurations": [{"transform": {"pitch": "0", "x": 254.9, "y": -230.9, "yaw": 90, "z": 0}, "_start_distance": 15.808359254444845, "_actor_vel": 2.1102786804538614, "_trigger_distance": 19.732521040618906, "_brake": 0.782943322358888, "weather": {"sun_altitude_angle": 78.15986979732062, "precipitation": 52.57803275417675, "wind_intensity": 49.95509592423038, "sun_azimuth_angle": 208.4970506261362, "fog_distance": "0", "cloudiness": 33.78740633455129, "fog_density": 6.891798057767479, "wetness": 89.60541393262653, "precipitation_deposits": 15.845702163478336}}], "scenario_type": "Scenario39"}], "Town03": [{"available_event_configurations": [{"transform": {"pitch": "0", "x": -88.5, "y": -90, "yaw": 90, "z": 0}, "_start_distance": 15.808359254444845, "_actor_vel": 2.1102786804538614, "_trigger_distance": 19.732521040618906, "_brake": 0.782943322358888, "weather": {"sun_altitude_angle": 78.15986979732062, "precipitation": 52.57803275417675, "wind_intensity": 49.95509592423038, "sun_azimuth_angle": 208.4970506261362, "fog_distance": "0", "cloudiness": 33.78740633455129, "fog_density": 6.891798057767479, "wetness": 89.60541393262653, "precipitation_deposits": 15.845702163478336}}], "scenario_type": "Scenario39"}]}]}