{"available_scenarios": [{"Town05": [{"available_event_configurations": [{"transform": {"pitch": "0", "x": 35, "y": 130, "yaw": -90, "z": 0}, "_start_distance": 18.93957028230392, "_actor_vel": 2.3849864725731997, "_trigger_distance": 15.655964830493307, "_brake": 0.6205677698410976}, {"transform": {"pitch": "0", "x": 35, "y": 70, "yaw": -90, "z": 0}, "_start_distance": 18.93957028230392, "_actor_vel": 2.3849864725731997, "_trigger_distance": 15.655964830493307, "_brake": 0.6205677698410976, "weather": {"sun_altitude_angle": 62.87039480064842, "precipitation": 66.89091006735214, "wind_intensity": 84.79043481659983, "sun_azimuth_angle": 243.7477978443038, "fog_distance": "0", "cloudiness": 35.833096563421726, "fog_density": 0.5234086968422191, "wetness": 74.22507712547734, "precipitation_deposits": 84.58485850474405}}], "scenario_type": "Scenario39"}], "Town01": [{"available_event_configurations": [{"transform": {"pitch": "0", "x": 300, "y": 129, "yaw": 180, "z": 0}, "_start_distance": 18.93957028230392, "_actor_vel": 2.3849864725731997, "_trigger_distance": 15.655964830493307, "_brake": 0.6205677698410976, "weather": {"sun_altitude_angle": 62.87039480064842, "precipitation": 66.89091006735214, "wind_intensity": 84.79043481659983, "sun_azimuth_angle": 243.7477978443038, "fog_distance": "0", "cloudiness": 35.833096563421726, "fog_density": 0.5234086968422191, "wetness": 74.22507712547734, "precipitation_deposits": 84.58485850474405}}], "scenario_type": "Scenario39"}], "Town04": [{"available_event_configurations": [{"transform": {"pitch": "0", "x": 254.9, "y": -230.9, "yaw": 90, "z": 0}, "_start_distance": 18.93957028230392, "_actor_vel": 2.3849864725731997, "_trigger_distance": 15.655964830493307, "_brake": 0.6205677698410976, "weather": {"sun_altitude_angle": 62.87039480064842, "precipitation": 66.89091006735214, "wind_intensity": 84.79043481659983, "sun_azimuth_angle": 243.7477978443038, "fog_distance": "0", "cloudiness": 35.833096563421726, "fog_density": 0.5234086968422191, "wetness": 74.22507712547734, "precipitation_deposits": 84.58485850474405}}], "scenario_type": "Scenario39"}], "Town03": [{"available_event_configurations": [{"transform": {"pitch": "0", "x": -88.5, "y": -90, "yaw": 90, "z": 0}, "_start_distance": 18.93957028230392, "_actor_vel": 2.3849864725731997, "_trigger_distance": 15.655964830493307, "_brake": 0.6205677698410976, "weather": {"sun_altitude_angle": 62.87039480064842, "precipitation": 66.89091006735214, "wind_intensity": 84.79043481659983, "sun_azimuth_angle": 243.7477978443038, "fog_distance": "0", "cloudiness": 35.833096563421726, "fog_density": 0.5234086968422191, "wetness": 74.22507712547734, "precipitation_deposits": 84.58485850474405}}], "scenario_type": "Scenario39"}]}]}