{"available_scenarios": [{"Town05": [{"available_event_configurations": [{"transform": {"pitch": "0", "x": 35, "y": 130, "yaw": -90, "z": 0}, "_start_distance": 15.642637707728275, "_actor_vel": 2.0403730738967667, "_trigger_distance": 19.804054661522628, "_brake": 0.7780627065261002}, {"transform": {"pitch": "0", "x": 35, "y": 70, "yaw": -90, "z": 0}, "_start_distance": 15.642637707728275, "_actor_vel": 2.0403730738967667, "_trigger_distance": 19.804054661522628, "_brake": 0.7780627065261002, "weather": {"sun_altitude_angle": 34.24270151408938, "precipitation": 50.92270326524536, "wind_intensity": 90.88289309723459, "sun_azimuth_angle": 127.28638861905876, "fog_distance": "0", "cloudiness": 62.89134302205984, "fog_density": 7.033328163036891, "wetness": 56.962498005880946, "precipitation_deposits": 89.58793739480065}}], "scenario_type": "Scenario39"}], "Town01": [{"available_event_configurations": [{"transform": {"pitch": "0", "x": 300, "y": 129, "yaw": 180, "z": 0}, "_start_distance": 15.642637707728275, "_actor_vel": 2.0403730738967667, "_trigger_distance": 19.804054661522628, "_brake": 0.7780627065261002, "weather": {"sun_altitude_angle": 34.24270151408938, "precipitation": 50.92270326524536, "wind_intensity": 90.88289309723459, "sun_azimuth_angle": 127.28638861905876, "fog_distance": "0", "cloudiness": 62.89134302205984, "fog_density": 7.033328163036891, "wetness": 56.962498005880946, "precipitation_deposits": 89.58793739480065}}], "scenario_type": "Scenario39"}], "Town04": [{"available_event_configurations": [{"transform": {"pitch": "0", "x": 254.9, "y": -230.9, "yaw": 90, "z": 0}, "_start_distance": 15.642637707728275, "_actor_vel": 2.0403730738967667, "_trigger_distance": 19.804054661522628, "_brake": 0.7780627065261002, "weather": {"sun_altitude_angle": 34.24270151408938, "precipitation": 50.92270326524536, "wind_intensity": 90.88289309723459, "sun_azimuth_angle": 127.28638861905876, "fog_distance": "0", "cloudiness": 62.89134302205984, "fog_density": 7.033328163036891, "wetness": 56.962498005880946, "precipitation_deposits": 89.58793739480065}}], "scenario_type": "Scenario39"}], "Town03": [{"available_event_configurations": [{"transform": {"pitch": "0", "x": -88.5, "y": -90, "yaw": 90, "z": 0}, "_start_distance": 15.642637707728275, "_actor_vel": 2.0403730738967667, "_trigger_distance": 19.804054661522628, "_brake": 0.7780627065261002, "weather": {"sun_altitude_angle": 34.24270151408938, "precipitation": 50.92270326524536, "wind_intensity": 90.88289309723459, "sun_azimuth_angle": 127.28638861905876, "fog_distance": "0", "cloudiness": 62.89134302205984, "fog_density": 7.033328163036891, "wetness": 56.962498005880946, "precipitation_deposits": 89.58793739480065}}], "scenario_type": "Scenario39"}]}]}