{"available_scenarios": [{"Town05": [{"available_event_configurations": [{"transform": {"pitch": "0", "x": 35, "y": 130, "yaw": -90, "z": 0}, "_start_distance": 15.052322139330107, "_actor_vel": 2.4243370059739964, "_trigger_distance": 15.95819476291257, "_brake": 0.5584199749202026}, {"transform": {"pitch": "0", "x": 35, "y": 70, "yaw": -90, "z": 0}, "_start_distance": 15.052322139330107, "_actor_vel": 2.4243370059739964, "_trigger_distance": 15.95819476291257, "_brake": 0.5584199749202026, "weather": {"sun_altitude_angle": 35.079727169740806, "precipitation": 10.536799845259326, "wind_intensity": 69.12856969344391, "sun_azimuth_angle": 50.78953393870189, "fog_distance": "0", "cloudiness": 37.88967727296663, "fog_density": 1.560703488440538, "wetness": 39.62657846680846, "precipitation_deposits": 39.494295810148486}}], "scenario_type": "Scenario39"}], "Town01": [{"available_event_configurations": [{"transform": {"pitch": "0", "x": 300, "y": 129, "yaw": 180, "z": 0}, "_start_distance": 15.052322139330107, "_actor_vel": 2.4243370059739964, "_trigger_distance": 15.95819476291257, "_brake": 0.5584199749202026, "weather": {"sun_altitude_angle": 35.079727169740806, "precipitation": 10.536799845259326, "wind_intensity": 69.12856969344391, "sun_azimuth_angle": 50.78953393870189, "fog_distance": "0", "cloudiness": 37.88967727296663, "fog_density": 1.560703488440538, "wetness": 39.62657846680846, "precipitation_deposits": 39.494295810148486}}], "scenario_type": "Scenario39"}], "Town04": [{"available_event_configurations": [{"transform": {"pitch": "0", "x": 254.9, "y": -230.9, "yaw": 90, "z": 0}, "_start_distance": 15.052322139330107, "_actor_vel": 2.4243370059739964, "_trigger_distance": 15.95819476291257, "_brake": 0.5584199749202026, "weather": {"sun_altitude_angle": 35.079727169740806, "precipitation": 10.536799845259326, "wind_intensity": 69.12856969344391, "sun_azimuth_angle": 50.78953393870189, "fog_distance": "0", "cloudiness": 37.88967727296663, "fog_density": 1.560703488440538, "wetness": 39.62657846680846, "precipitation_deposits": 39.494295810148486}}], "scenario_type": "Scenario39"}], "Town03": [{"available_event_configurations": [{"transform": {"pitch": "0", "x": -88.5, "y": -90, "yaw": 90, "z": 0}, "_start_distance": 15.052322139330107, "_actor_vel": 2.4243370059739964, "_trigger_distance": 15.95819476291257, "_brake": 0.5584199749202026, "weather": {"sun_altitude_angle": 35.079727169740806, "precipitation": 10.536799845259326, "wind_intensity": 69.12856969344391, "sun_azimuth_angle": 50.78953393870189, "fog_distance": "0", "cloudiness": 37.88967727296663, "fog_density": 1.560703488440538, "wetness": 39.62657846680846, "precipitation_deposits": 39.494295810148486}}], "scenario_type": "Scenario39"}]}]}