{"available_scenarios": [{"Town05": [{"available_event_configurations": [{"transform": {"pitch": "0", "x": 35, "y": 130, "yaw": -90, "z": 0}, "_start_distance": 17.605117668842773, "_actor_vel": 2.2437575447210176, "_trigger_distance": 19.353707262889827, "_brake": 0.950261211980288}, {"transform": {"pitch": "0", "x": 35, "y": 70, "yaw": -90, "z": 0}, "_start_distance": 17.605117668842773, "_actor_vel": 2.2437575447210176, "_trigger_distance": 19.353707262889827, "_brake": 0.950261211980288, "weather": {"sun_altitude_angle": 18.37876525010389, "precipitation": 79.5850069457891, "wind_intensity": 0.9200762538607243, "sun_azimuth_angle": 23.17283181824645, "fog_distance": "0", "cloudiness": 32.9684869541336, "fog_density": 4.564722282976089, "wetness": 23.560215447365596, "precipitation_deposits": 70.71819164971087}}], "scenario_type": "Scenario39"}], "Town01": [{"available_event_configurations": [{"transform": {"pitch": "0", "x": 300, "y": 129, "yaw": 180, "z": 0}, "_start_distance": 17.605117668842773, "_actor_vel": 2.2437575447210176, "_trigger_distance": 19.353707262889827, "_brake": 0.950261211980288, "weather": {"sun_altitude_angle": 18.37876525010389, "precipitation": 79.5850069457891, "wind_intensity": 0.9200762538607243, "sun_azimuth_angle": 23.17283181824645, "fog_distance": "0", "cloudiness": 32.9684869541336, "fog_density": 4.564722282976089, "wetness": 23.560215447365596, "precipitation_deposits": 70.71819164971087}}], "scenario_type": "Scenario39"}], "Town04": [{"available_event_configurations": [{"transform": {"pitch": "0", "x": 254.9, "y": -230.9, "yaw": 90, "z": 0}, "_start_distance": 17.605117668842773, "_actor_vel": 2.2437575447210176, "_trigger_distance": 19.353707262889827, "_brake": 0.950261211980288, "weather": {"sun_altitude_angle": 18.37876525010389, "precipitation": 79.5850069457891, "wind_intensity": 0.9200762538607243, "sun_azimuth_angle": 23.17283181824645, "fog_distance": "0", "cloudiness": 32.9684869541336, "fog_density": 4.564722282976089, "wetness": 23.560215447365596, "precipitation_deposits": 70.71819164971087}}], "scenario_type": "Scenario39"}], "Town03": [{"available_event_configurations": [{"transform": {"pitch": "0", "x": -88.5, "y": -90, "yaw": 90, "z": 0}, "_start_distance": 17.605117668842773, "_actor_vel": 2.2437575447210176, "_trigger_distance": 19.353707262889827, "_brake": 0.950261211980288, "weather": {"sun_altitude_angle": 18.37876525010389, "precipitation": 79.5850069457891, "wind_intensity": 0.9200762538607243, "sun_azimuth_angle": 23.17283181824645, "fog_distance": "0", "cloudiness": 32.9684869541336, "fog_density": 4.564722282976089, "wetness": 23.560215447365596, "precipitation_deposits": 70.71819164971087}}], "scenario_type": "Scenario39"}]}]}