{"available_scenarios": [{"Town05": [{"available_event_configurations": [{"transform": {"pitch": "0", "x": 35, "y": 130, "yaw": -90, "z": 0}, "_start_distance": 15.65841257823642, "_actor_vel": 2.004281965605198, "_trigger_distance": 16.914440371628004, "_brake": 0.8857448469969369}, {"transform": {"pitch": "0", "x": 35, "y": 70, "yaw": -90, "z": 0}, "_start_distance": 15.65841257823642, "_actor_vel": 2.004281965605198, "_trigger_distance": 16.914440371628004, "_brake": 0.8857448469969369, "weather": {"sun_altitude_angle": 16.051502306275573, "precipitation": 97.19403504390371, "wind_intensity": 54.38085827283273, "sun_azimuth_angle": 181.76763673460815, "fog_distance": "0", "cloudiness": 84.88621955781575, "fog_density": 6.386616457228137, "wetness": 9.782870296496593, "precipitation_deposits": 23.087509438516886}}], "scenario_type": "Scenario39"}], "Town01": [{"available_event_configurations": [{"transform": {"pitch": "0", "x": 300, "y": 129, "yaw": 180, "z": 0}, "_start_distance": 15.65841257823642, "_actor_vel": 2.004281965605198, "_trigger_distance": 16.914440371628004, "_brake": 0.8857448469969369, "weather": {"sun_altitude_angle": 16.051502306275573, "precipitation": 97.19403504390371, "wind_intensity": 54.38085827283273, "sun_azimuth_angle": 181.76763673460815, "fog_distance": "0", "cloudiness": 84.88621955781575, "fog_density": 6.386616457228137, "wetness": 9.782870296496593, "precipitation_deposits": 23.087509438516886}}], "scenario_type": "Scenario39"}], "Town04": [{"available_event_configurations": [{"transform": {"pitch": "0", "x": 254.9, "y": -230.9, "yaw": 90, "z": 0}, "_start_distance": 15.65841257823642, "_actor_vel": 2.004281965605198, "_trigger_distance": 16.914440371628004, "_brake": 0.8857448469969369, "weather": {"sun_altitude_angle": 16.051502306275573, "precipitation": 97.19403504390371, "wind_intensity": 54.38085827283273, "sun_azimuth_angle": 181.76763673460815, "fog_distance": "0", "cloudiness": 84.88621955781575, "fog_density": 6.386616457228137, "wetness": 9.782870296496593, "precipitation_deposits": 23.087509438516886}}], "scenario_type": "Scenario39"}], "Town03": [{"available_event_configurations": [{"transform": {"pitch": "0", "x": -88.5, "y": -90, "yaw": 90, "z": 0}, "_start_distance": 15.65841257823642, "_actor_vel": 2.004281965605198, "_trigger_distance": 16.914440371628004, "_brake": 0.8857448469969369, "weather": {"sun_altitude_angle": 16.051502306275573, "precipitation": 97.19403504390371, "wind_intensity": 54.38085827283273, "sun_azimuth_angle": 181.76763673460815, "fog_distance": "0", "cloudiness": 84.88621955781575, "fog_density": 6.386616457228137, "wetness": 9.782870296496593, "precipitation_deposits": 23.087509438516886}}], "scenario_type": "Scenario39"}]}]}