{"available_scenarios": [{"Town05": [{"available_event_configurations": [{"transform": {"pitch": "0", "x": 35, "y": 130, "yaw": -90, "z": 0}, "_start_distance": 18.876100497705895, "_actor_vel": 2.1656461238345583, "_trigger_distance": 15.185423721129316, "_brake": 0.5424517547313841}, {"transform": {"pitch": "0", "x": 35, "y": 70, "yaw": -90, "z": 0}, "_start_distance": 18.876100497705895, "_actor_vel": 2.1656461238345583, "_trigger_distance": 15.185423721129316, "_brake": 0.5424517547313841, "weather": {"sun_altitude_angle": 41.87883152459463, "precipitation": 23.394604584050803, "wind_intensity": 3.255477006838692, "sun_azimuth_angle": 251.19121688689785, "fog_distance": "0", "cloudiness": 85.08895842356343, "fog_density": 5.996966455226772, "wetness": 47.08727234584257, "precipitation_deposits": 28.332961112328412}}], "scenario_type": "Scenario39"}], "Town01": [{"available_event_configurations": [{"transform": {"pitch": "0", "x": 300, "y": 129, "yaw": 180, "z": 0}, "_start_distance": 18.876100497705895, "_actor_vel": 2.1656461238345583, "_trigger_distance": 15.185423721129316, "_brake": 0.5424517547313841, "weather": {"sun_altitude_angle": 41.87883152459463, "precipitation": 23.394604584050803, "wind_intensity": 3.255477006838692, "sun_azimuth_angle": 251.19121688689785, "fog_distance": "0", "cloudiness": 85.08895842356343, "fog_density": 5.996966455226772, "wetness": 47.08727234584257, "precipitation_deposits": 28.332961112328412}}], "scenario_type": "Scenario39"}], "Town04": [{"available_event_configurations": [{"transform": {"pitch": "0", "x": 254.9, "y": -230.9, "yaw": 90, "z": 0}, "_start_distance": 18.876100497705895, "_actor_vel": 2.1656461238345583, "_trigger_distance": 15.185423721129316, "_brake": 0.5424517547313841, "weather": {"sun_altitude_angle": 41.87883152459463, "precipitation": 23.394604584050803, "wind_intensity": 3.255477006838692, "sun_azimuth_angle": 251.19121688689785, "fog_distance": "0", "cloudiness": 85.08895842356343, "fog_density": 5.996966455226772, "wetness": 47.08727234584257, "precipitation_deposits": 28.332961112328412}}], "scenario_type": "Scenario39"}], "Town03": [{"available_event_configurations": [{"transform": {"pitch": "0", "x": -88.5, "y": -90, "yaw": 90, "z": 0}, "_start_distance": 18.876100497705895, "_actor_vel": 2.1656461238345583, "_trigger_distance": 15.185423721129316, "_brake": 0.5424517547313841, "weather": {"sun_altitude_angle": 41.87883152459463, "precipitation": 23.394604584050803, "wind_intensity": 3.255477006838692, "sun_azimuth_angle": 251.19121688689785, "fog_distance": "0", "cloudiness": 85.08895842356343, "fog_density": 5.996966455226772, "wetness": 47.08727234584257, "precipitation_deposits": 28.332961112328412}}], "scenario_type": "Scenario39"}]}]}