{"available_scenarios": [{"Town05": [{"available_event_configurations": [{"transform": {"pitch": "0", "x": 35, "y": 130, "yaw": -90, "z": 0}, "_start_distance": 17.92445244483489, "_actor_vel": 2.0363147801306356, "_trigger_distance": 17.212220618825967, "_brake": 0.6462090143847071}, {"transform": {"pitch": "0", "x": 35, "y": 70, "yaw": -90, "z": 0}, "_start_distance": 17.92445244483489, "_actor_vel": 2.0363147801306356, "_trigger_distance": 17.212220618825967, "_brake": 0.6462090143847071, "weather": {"sun_altitude_angle": 29.912320617892433, "precipitation": 3.562663729231186, "wind_intensity": 56.87149417633884, "sun_azimuth_angle": 331.0102089520931, "fog_distance": "0", "cloudiness": 30.73737774350387, "fog_density": 3.7435632407673514, "wetness": 40.81253188247371, "precipitation_deposits": 96.26424437795006}}], "scenario_type": "Scenario39"}], "Town01": [{"available_event_configurations": [{"transform": {"pitch": "0", "x": 300, "y": 129, "yaw": 180, "z": 0}, "_start_distance": 17.92445244483489, "_actor_vel": 2.0363147801306356, "_trigger_distance": 17.212220618825967, "_brake": 0.6462090143847071, "weather": {"sun_altitude_angle": 29.912320617892433, "precipitation": 3.562663729231186, "wind_intensity": 56.87149417633884, "sun_azimuth_angle": 331.0102089520931, "fog_distance": "0", "cloudiness": 30.73737774350387, "fog_density": 3.7435632407673514, "wetness": 40.81253188247371, "precipitation_deposits": 96.26424437795006}}], "scenario_type": "Scenario39"}], "Town04": [{"available_event_configurations": [{"transform": {"pitch": "0", "x": 254.9, "y": -230.9, "yaw": 90, "z": 0}, "_start_distance": 17.92445244483489, "_actor_vel": 2.0363147801306356, "_trigger_distance": 17.212220618825967, "_brake": 0.6462090143847071, "weather": {"sun_altitude_angle": 29.912320617892433, "precipitation": 3.562663729231186, "wind_intensity": 56.87149417633884, "sun_azimuth_angle": 331.0102089520931, "fog_distance": "0", "cloudiness": 30.73737774350387, "fog_density": 3.7435632407673514, "wetness": 40.81253188247371, "precipitation_deposits": 96.26424437795006}}], "scenario_type": "Scenario39"}], "Town03": [{"available_event_configurations": [{"transform": {"pitch": "0", "x": -88.5, "y": -90, "yaw": 90, "z": 0}, "_start_distance": 17.92445244483489, "_actor_vel": 2.0363147801306356, "_trigger_distance": 17.212220618825967, "_brake": 0.6462090143847071, "weather": {"sun_altitude_angle": 29.912320617892433, "precipitation": 3.562663729231186, "wind_intensity": 56.87149417633884, "sun_azimuth_angle": 331.0102089520931, "fog_distance": "0", "cloudiness": 30.73737774350387, "fog_density": 3.7435632407673514, "wetness": 40.81253188247371, "precipitation_deposits": 96.26424437795006}}], "scenario_type": "Scenario39"}]}]}