{"available_scenarios": [{"Town05": [{"available_event_configurations": [{"transform": {"pitch": "0", "x": 35, "y": 130, "yaw": -90, "z": 0}, "_start_distance": 18.714731771312675, "_actor_vel": 2.116120757192125, "_trigger_distance": 19.007962889155504, "_brake": 0.9489077982551808}, {"transform": {"pitch": "0", "x": 35, "y": 70, "yaw": -90, "z": 0}, "_start_distance": 18.714731771312675, "_actor_vel": 2.116120757192125, "_trigger_distance": 19.007962889155504, "_brake": 0.9489077982551808, "weather": {"sun_altitude_angle": 57.695742450651366, "precipitation": 13.615317752986423, "wind_intensity": 46.171046986281425, "sun_azimuth_angle": 98.23000194670887, "fog_distance": "0", "cloudiness": 99.75618226428266, "fog_density": 7.502599869670286, "wetness": 53.63390110874504, "precipitation_deposits": 43.42817732972533}}], "scenario_type": "Scenario39"}], "Town01": [{"available_event_configurations": [{"transform": {"pitch": "0", "x": 300, "y": 129, "yaw": 180, "z": 0}, "_start_distance": 18.714731771312675, "_actor_vel": 2.116120757192125, "_trigger_distance": 19.007962889155504, "_brake": 0.9489077982551808, "weather": {"sun_altitude_angle": 57.695742450651366, "precipitation": 13.615317752986423, "wind_intensity": 46.171046986281425, "sun_azimuth_angle": 98.23000194670887, "fog_distance": "0", "cloudiness": 99.75618226428266, "fog_density": 7.502599869670286, "wetness": 53.63390110874504, "precipitation_deposits": 43.42817732972533}}], "scenario_type": "Scenario39"}], "Town04": [{"available_event_configurations": [{"transform": {"pitch": "0", "x": 254.9, "y": -230.9, "yaw": 90, "z": 0}, "_start_distance": 18.714731771312675, "_actor_vel": 2.116120757192125, "_trigger_distance": 19.007962889155504, "_brake": 0.9489077982551808, "weather": {"sun_altitude_angle": 57.695742450651366, "precipitation": 13.615317752986423, "wind_intensity": 46.171046986281425, "sun_azimuth_angle": 98.23000194670887, "fog_distance": "0", "cloudiness": 99.75618226428266, "fog_density": 7.502599869670286, "wetness": 53.63390110874504, "precipitation_deposits": 43.42817732972533}}], "scenario_type": "Scenario39"}], "Town03": [{"available_event_configurations": [{"transform": {"pitch": "0", "x": -88.5, "y": -90, "yaw": 90, "z": 0}, "_start_distance": 18.714731771312675, "_actor_vel": 2.116120757192125, "_trigger_distance": 19.007962889155504, "_brake": 0.9489077982551808, "weather": {"sun_altitude_angle": 57.695742450651366, "precipitation": 13.615317752986423, "wind_intensity": 46.171046986281425, "sun_azimuth_angle": 98.23000194670887, "fog_distance": "0", "cloudiness": 99.75618226428266, "fog_density": 7.502599869670286, "wetness": 53.63390110874504, "precipitation_deposits": 43.42817732972533}}], "scenario_type": "Scenario39"}]}]}