{"available_scenarios": [{"Town05": [{"available_event_configurations": [{"transform": {"pitch": "0", "x": 35, "y": 130, "yaw": -90, "z": 0}, "_start_distance": 15.094102053697055, "_actor_vel": 2.385403641597719, "_trigger_distance": 15.409096733362867, "_brake": 0.822399604577528}, {"transform": {"pitch": "0", "x": 35, "y": 70, "yaw": -90, "z": 0}, "_start_distance": 15.094102053697055, "_actor_vel": 2.385403641597719, "_trigger_distance": 15.409096733362867, "_brake": 0.822399604577528, "weather": {"sun_altitude_angle": 22.69722737878992, "precipitation": 33.31619565393245, "wind_intensity": 81.84052659967811, "sun_azimuth_angle": 48.795397203884065, "fog_distance": "0", "cloudiness": 48.40526690053011, "fog_density": 5.910862297119931, "wetness": 51.99877839950806, "precipitation_deposits": 98.27181234877101}}], "scenario_type": "Scenario39"}], "Town01": [{"available_event_configurations": [{"transform": {"pitch": "0", "x": 300, "y": 129, "yaw": 180, "z": 0}, "_start_distance": 15.094102053697055, "_actor_vel": 2.385403641597719, "_trigger_distance": 15.409096733362867, "_brake": 0.822399604577528, "weather": {"sun_altitude_angle": 22.69722737878992, "precipitation": 33.31619565393245, "wind_intensity": 81.84052659967811, "sun_azimuth_angle": 48.795397203884065, "fog_distance": "0", "cloudiness": 48.40526690053011, "fog_density": 5.910862297119931, "wetness": 51.99877839950806, "precipitation_deposits": 98.27181234877101}}], "scenario_type": "Scenario39"}], "Town04": [{"available_event_configurations": [{"transform": {"pitch": "0", "x": 254.9, "y": -230.9, "yaw": 90, "z": 0}, "_start_distance": 15.094102053697055, "_actor_vel": 2.385403641597719, "_trigger_distance": 15.409096733362867, "_brake": 0.822399604577528, "weather": {"sun_altitude_angle": 22.69722737878992, "precipitation": 33.31619565393245, "wind_intensity": 81.84052659967811, "sun_azimuth_angle": 48.795397203884065, "fog_distance": "0", "cloudiness": 48.40526690053011, "fog_density": 5.910862297119931, "wetness": 51.99877839950806, "precipitation_deposits": 98.27181234877101}}], "scenario_type": "Scenario39"}], "Town03": [{"available_event_configurations": [{"transform": {"pitch": "0", "x": -88.5, "y": -90, "yaw": 90, "z": 0}, "_start_distance": 15.094102053697055, "_actor_vel": 2.385403641597719, "_trigger_distance": 15.409096733362867, "_brake": 0.822399604577528, "weather": {"sun_altitude_angle": 22.69722737878992, "precipitation": 33.31619565393245, "wind_intensity": 81.84052659967811, "sun_azimuth_angle": 48.795397203884065, "fog_distance": "0", "cloudiness": 48.40526690053011, "fog_density": 5.910862297119931, "wetness": 51.99877839950806, "precipitation_deposits": 98.27181234877101}}], "scenario_type": "Scenario39"}]}]}