{"available_scenarios": [{"Town05": [{"available_event_configurations": [{"transform": {"pitch": "0", "x": 35, "y": 130, "yaw": -90, "z": 0}, "_start_distance": 17.76925447273927, "_actor_vel": 2.4892390358239194, "_trigger_distance": 17.834618981690625, "_brake": 0.6779660602233177}, {"transform": {"pitch": "0", "x": 35, "y": 70, "yaw": -90, "z": 0}, "_start_distance": 17.76925447273927, "_actor_vel": 2.4892390358239194, "_trigger_distance": 17.834618981690625, "_brake": 0.6779660602233177, "weather": {"sun_altitude_angle": 25.457630961447705, "precipitation": 2.4507301554012706, "wind_intensity": 18.814042666131325, "sun_azimuth_angle": 196.5554202048593, "fog_distance": "0", "cloudiness": 61.15212550074961, "fog_density": 7.3722761746242895, "wetness": 85.71862504315627, "precipitation_deposits": 46.86849315824896}}], "scenario_type": "Scenario39"}], "Town01": [{"available_event_configurations": [{"transform": {"pitch": "0", "x": 300, "y": 129, "yaw": 180, "z": 0}, "_start_distance": 17.76925447273927, "_actor_vel": 2.4892390358239194, "_trigger_distance": 17.834618981690625, "_brake": 0.6779660602233177, "weather": {"sun_altitude_angle": 25.457630961447705, "precipitation": 2.4507301554012706, "wind_intensity": 18.814042666131325, "sun_azimuth_angle": 196.5554202048593, "fog_distance": "0", "cloudiness": 61.15212550074961, "fog_density": 7.3722761746242895, "wetness": 85.71862504315627, "precipitation_deposits": 46.86849315824896}}], "scenario_type": "Scenario39"}], "Town04": [{"available_event_configurations": [{"transform": {"pitch": "0", "x": 254.9, "y": -230.9, "yaw": 90, "z": 0}, "_start_distance": 17.76925447273927, "_actor_vel": 2.4892390358239194, "_trigger_distance": 17.834618981690625, "_brake": 0.6779660602233177, "weather": {"sun_altitude_angle": 25.457630961447705, "precipitation": 2.4507301554012706, "wind_intensity": 18.814042666131325, "sun_azimuth_angle": 196.5554202048593, "fog_distance": "0", "cloudiness": 61.15212550074961, "fog_density": 7.3722761746242895, "wetness": 85.71862504315627, "precipitation_deposits": 46.86849315824896}}], "scenario_type": "Scenario39"}], "Town03": [{"available_event_configurations": [{"transform": {"pitch": "0", "x": -88.5, "y": -90, "yaw": 90, "z": 0}, "_start_distance": 17.76925447273927, "_actor_vel": 2.4892390358239194, "_trigger_distance": 17.834618981690625, "_brake": 0.6779660602233177, "weather": {"sun_altitude_angle": 25.457630961447705, "precipitation": 2.4507301554012706, "wind_intensity": 18.814042666131325, "sun_azimuth_angle": 196.5554202048593, "fog_distance": "0", "cloudiness": 61.15212550074961, "fog_density": 7.3722761746242895, "wetness": 85.71862504315627, "precipitation_deposits": 46.86849315824896}}], "scenario_type": "Scenario39"}]}]}