{"available_scenarios": [{"Town05": [{"available_event_configurations": [{"transform": {"pitch": "0", "x": 35, "y": 130, "yaw": -90, "z": 0}, "_start_distance": 15.01960321572741, "_actor_vel": 2.3364277514343104, "_trigger_distance": 19.7831793425927, "_brake": 0.7882134441140346}, {"transform": {"pitch": "0", "x": 35, "y": 70, "yaw": -90, "z": 0}, "_start_distance": 15.01960321572741, "_actor_vel": 2.3364277514343104, "_trigger_distance": 19.7831793425927, "_brake": 0.7882134441140346, "weather": {"sun_altitude_angle": 16.849086359464938, "precipitation": 65.5969215467634, "wind_intensity": 41.2888680228809, "sun_azimuth_angle": 58.41201626794449, "fog_distance": "0", "cloudiness": 8.463056463793661, "fog_density": 7.463063773519267, "wetness": 44.75746306929182, "precipitation_deposits": 50.78756735860534}}], "scenario_type": "Scenario39"}], "Town01": [{"available_event_configurations": [{"transform": {"pitch": "0", "x": 300, "y": 129, "yaw": 180, "z": 0}, "_start_distance": 15.01960321572741, "_actor_vel": 2.3364277514343104, "_trigger_distance": 19.7831793425927, "_brake": 0.7882134441140346, "weather": {"sun_altitude_angle": 16.849086359464938, "precipitation": 65.5969215467634, "wind_intensity": 41.2888680228809, "sun_azimuth_angle": 58.41201626794449, "fog_distance": "0", "cloudiness": 8.463056463793661, "fog_density": 7.463063773519267, "wetness": 44.75746306929182, "precipitation_deposits": 50.78756735860534}}], "scenario_type": "Scenario39"}], "Town04": [{"available_event_configurations": [{"transform": {"pitch": "0", "x": 254.9, "y": -230.9, "yaw": 90, "z": 0}, "_start_distance": 15.01960321572741, "_actor_vel": 2.3364277514343104, "_trigger_distance": 19.7831793425927, "_brake": 0.7882134441140346, "weather": {"sun_altitude_angle": 16.849086359464938, "precipitation": 65.5969215467634, "wind_intensity": 41.2888680228809, "sun_azimuth_angle": 58.41201626794449, "fog_distance": "0", "cloudiness": 8.463056463793661, "fog_density": 7.463063773519267, "wetness": 44.75746306929182, "precipitation_deposits": 50.78756735860534}}], "scenario_type": "Scenario39"}], "Town03": [{"available_event_configurations": [{"transform": {"pitch": "0", "x": -88.5, "y": -90, "yaw": 90, "z": 0}, "_start_distance": 15.01960321572741, "_actor_vel": 2.3364277514343104, "_trigger_distance": 19.7831793425927, "_brake": 0.7882134441140346, "weather": {"sun_altitude_angle": 16.849086359464938, "precipitation": 65.5969215467634, "wind_intensity": 41.2888680228809, "sun_azimuth_angle": 58.41201626794449, "fog_distance": "0", "cloudiness": 8.463056463793661, "fog_density": 7.463063773519267, "wetness": 44.75746306929182, "precipitation_deposits": 50.78756735860534}}], "scenario_type": "Scenario39"}]}]}