{"available_scenarios": [{"Town05": [{"available_event_configurations": [{"transform": {"pitch": "0", "x": 35, "y": 130, "yaw": -90, "z": 0}, "_start_distance": 19.291586239815924, "_actor_vel": 2.3662983101286423, "_trigger_distance": 17.278215453677895, "_brake": 0.6321743721900994}, {"transform": {"pitch": "0", "x": 35, "y": 70, "yaw": -90, "z": 0}, "_start_distance": 19.291586239815924, "_actor_vel": 2.3662983101286423, "_trigger_distance": 17.278215453677895, "_brake": 0.6321743721900994, "weather": {"sun_altitude_angle": 29.86962588699849, "precipitation": 84.06375076095964, "wind_intensity": 51.460509008007534, "sun_azimuth_angle": 13.277626648623642, "fog_distance": "0", "cloudiness": 42.70712007186549, "fog_density": 6.141665040764592, "wetness": 5.436000484610237, "precipitation_deposits": 88.41654389565299}}], "scenario_type": "Scenario39"}], "Town01": [{"available_event_configurations": [{"transform": {"pitch": "0", "x": 300, "y": 129, "yaw": 180, "z": 0}, "_start_distance": 19.291586239815924, "_actor_vel": 2.3662983101286423, "_trigger_distance": 17.278215453677895, "_brake": 0.6321743721900994, "weather": {"sun_altitude_angle": 29.86962588699849, "precipitation": 84.06375076095964, "wind_intensity": 51.460509008007534, "sun_azimuth_angle": 13.277626648623642, "fog_distance": "0", "cloudiness": 42.70712007186549, "fog_density": 6.141665040764592, "wetness": 5.436000484610237, "precipitation_deposits": 88.41654389565299}}], "scenario_type": "Scenario39"}], "Town04": [{"available_event_configurations": [{"transform": {"pitch": "0", "x": 254.9, "y": -230.9, "yaw": 90, "z": 0}, "_start_distance": 19.291586239815924, "_actor_vel": 2.3662983101286423, "_trigger_distance": 17.278215453677895, "_brake": 0.6321743721900994, "weather": {"sun_altitude_angle": 29.86962588699849, "precipitation": 84.06375076095964, "wind_intensity": 51.460509008007534, "sun_azimuth_angle": 13.277626648623642, "fog_distance": "0", "cloudiness": 42.70712007186549, "fog_density": 6.141665040764592, "wetness": 5.436000484610237, "precipitation_deposits": 88.41654389565299}}], "scenario_type": "Scenario39"}], "Town03": [{"available_event_configurations": [{"transform": {"pitch": "0", "x": -88.5, "y": -90, "yaw": 90, "z": 0}, "_start_distance": 19.291586239815924, "_actor_vel": 2.3662983101286423, "_trigger_distance": 17.278215453677895, "_brake": 0.6321743721900994, "weather": {"sun_altitude_angle": 29.86962588699849, "precipitation": 84.06375076095964, "wind_intensity": 51.460509008007534, "sun_azimuth_angle": 13.277626648623642, "fog_distance": "0", "cloudiness": 42.70712007186549, "fog_density": 6.141665040764592, "wetness": 5.436000484610237, "precipitation_deposits": 88.41654389565299}}], "scenario_type": "Scenario39"}]}]}