{"available_scenarios": [{"Town05": [{"available_event_configurations": [{"transform": {"pitch": "0", "x": 35, "y": 130, "yaw": -90, "z": 0}, "_start_distance": 17.74677198198219, "_actor_vel": 2.429483009055632, "_trigger_distance": 18.247980355975375, "_brake": 0.8152517611770396}, {"transform": {"pitch": "0", "x": 35, "y": 70, "yaw": -90, "z": 0}, "_start_distance": 17.74677198198219, "_actor_vel": 2.429483009055632, "_trigger_distance": 18.247980355975375, "_brake": 0.8152517611770396, "weather": {"sun_altitude_angle": 70.80810906021857, "precipitation": 52.95842545064651, "wind_intensity": 94.02206749727405, "sun_azimuth_angle": 263.92111802529803, "fog_distance": "0", "cloudiness": 2.2034726248363445, "fog_density": 2.737696805309644, "wetness": 10.731008343900006, "precipitation_deposits": 54.77835788901595}}], "scenario_type": "Scenario39"}], "Town01": [{"available_event_configurations": [{"transform": {"pitch": "0", "x": 300, "y": 129, "yaw": 180, "z": 0}, "_start_distance": 17.74677198198219, "_actor_vel": 2.429483009055632, "_trigger_distance": 18.247980355975375, "_brake": 0.8152517611770396, "weather": {"sun_altitude_angle": 70.80810906021857, "precipitation": 52.95842545064651, "wind_intensity": 94.02206749727405, "sun_azimuth_angle": 263.92111802529803, "fog_distance": "0", "cloudiness": 2.2034726248363445, "fog_density": 2.737696805309644, "wetness": 10.731008343900006, "precipitation_deposits": 54.77835788901595}}], "scenario_type": "Scenario39"}], "Town04": [{"available_event_configurations": [{"transform": {"pitch": "0", "x": 254.9, "y": -230.9, "yaw": 90, "z": 0}, "_start_distance": 17.74677198198219, "_actor_vel": 2.429483009055632, "_trigger_distance": 18.247980355975375, "_brake": 0.8152517611770396, "weather": {"sun_altitude_angle": 70.80810906021857, "precipitation": 52.95842545064651, "wind_intensity": 94.02206749727405, "sun_azimuth_angle": 263.92111802529803, "fog_distance": "0", "cloudiness": 2.2034726248363445, "fog_density": 2.737696805309644, "wetness": 10.731008343900006, "precipitation_deposits": 54.77835788901595}}], "scenario_type": "Scenario39"}], "Town03": [{"available_event_configurations": [{"transform": {"pitch": "0", "x": -88.5, "y": -90, "yaw": 90, "z": 0}, "_start_distance": 17.74677198198219, "_actor_vel": 2.429483009055632, "_trigger_distance": 18.247980355975375, "_brake": 0.8152517611770396, "weather": {"sun_altitude_angle": 70.80810906021857, "precipitation": 52.95842545064651, "wind_intensity": 94.02206749727405, "sun_azimuth_angle": 263.92111802529803, "fog_distance": "0", "cloudiness": 2.2034726248363445, "fog_density": 2.737696805309644, "wetness": 10.731008343900006, "precipitation_deposits": 54.77835788901595}}], "scenario_type": "Scenario39"}]}]}