{"available_scenarios": [{"Town05": [{"available_event_configurations": [{"transform": {"pitch": "0", "x": 35, "y": 130, "yaw": -90, "z": 0}, "_start_distance": 16.184941581588895, "_actor_vel": 2.319789371667774, "_trigger_distance": 19.8294063760695, "_brake": 0.7448732366696094}, {"transform": {"pitch": "0", "x": 35, "y": 70, "yaw": -90, "z": 0}, "_start_distance": 16.184941581588895, "_actor_vel": 2.319789371667774, "_trigger_distance": 19.8294063760695, "_brake": 0.7448732366696094, "weather": {"sun_altitude_angle": 71.76503089299295, "precipitation": 61.652857296190014, "wind_intensity": 48.45035888024041, "sun_azimuth_angle": 144.4991352486231, "fog_distance": "0", "cloudiness": 99.42227650077241, "fog_density": 6.28614668756555, "wetness": 61.73880025354994, "precipitation_deposits": 90.5500484777522}}], "scenario_type": "Scenario39"}], "Town01": [{"available_event_configurations": [{"transform": {"pitch": "0", "x": 300, "y": 129, "yaw": 180, "z": 0}, "_start_distance": 16.184941581588895, "_actor_vel": 2.319789371667774, "_trigger_distance": 19.8294063760695, "_brake": 0.7448732366696094, "weather": {"sun_altitude_angle": 71.76503089299295, "precipitation": 61.652857296190014, "wind_intensity": 48.45035888024041, "sun_azimuth_angle": 144.4991352486231, "fog_distance": "0", "cloudiness": 99.42227650077241, "fog_density": 6.28614668756555, "wetness": 61.73880025354994, "precipitation_deposits": 90.5500484777522}}], "scenario_type": "Scenario39"}], "Town04": [{"available_event_configurations": [{"transform": {"pitch": "0", "x": 254.9, "y": -230.9, "yaw": 90, "z": 0}, "_start_distance": 16.184941581588895, "_actor_vel": 2.319789371667774, "_trigger_distance": 19.8294063760695, "_brake": 0.7448732366696094, "weather": {"sun_altitude_angle": 71.76503089299295, "precipitation": 61.652857296190014, "wind_intensity": 48.45035888024041, "sun_azimuth_angle": 144.4991352486231, "fog_distance": "0", "cloudiness": 99.42227650077241, "fog_density": 6.28614668756555, "wetness": 61.73880025354994, "precipitation_deposits": 90.5500484777522}}], "scenario_type": "Scenario39"}], "Town03": [{"available_event_configurations": [{"transform": {"pitch": "0", "x": -88.5, "y": -90, "yaw": 90, "z": 0}, "_start_distance": 16.184941581588895, "_actor_vel": 2.319789371667774, "_trigger_distance": 19.8294063760695, "_brake": 0.7448732366696094, "weather": {"sun_altitude_angle": 71.76503089299295, "precipitation": 61.652857296190014, "wind_intensity": 48.45035888024041, "sun_azimuth_angle": 144.4991352486231, "fog_distance": "0", "cloudiness": 99.42227650077241, "fog_density": 6.28614668756555, "wetness": 61.73880025354994, "precipitation_deposits": 90.5500484777522}}], "scenario_type": "Scenario39"}]}]}