{"available_scenarios": [{"Town05": [{"available_event_configurations": [{"transform": {"pitch": "0", "x": 35, "y": 130, "yaw": -90, "z": 0}, "_start_distance": 18.48887888635517, "_actor_vel": 2.445919197281314, "_trigger_distance": 17.004716321496854, "_brake": 0.9604508207685143}, {"transform": {"pitch": "0", "x": 35, "y": 70, "yaw": -90, "z": 0}, "_start_distance": 18.48887888635517, "_actor_vel": 2.445919197281314, "_trigger_distance": 17.004716321496854, "_brake": 0.9604508207685143, "weather": {"sun_altitude_angle": 31.834184185896813, "precipitation": 70.11724260024191, "wind_intensity": 64.37199265069363, "sun_azimuth_angle": 3.1895593744575823, "fog_distance": "0", "cloudiness": 45.15109575127055, "fog_density": 0.10335903211018072, "wetness": 99.03673621606391, "precipitation_deposits": 33.416290137130936}}], "scenario_type": "Scenario39"}], "Town01": [{"available_event_configurations": [{"transform": {"pitch": "0", "x": 300, "y": 129, "yaw": 180, "z": 0}, "_start_distance": 18.48887888635517, "_actor_vel": 2.445919197281314, "_trigger_distance": 17.004716321496854, "_brake": 0.9604508207685143, "weather": {"sun_altitude_angle": 31.834184185896813, "precipitation": 70.11724260024191, "wind_intensity": 64.37199265069363, "sun_azimuth_angle": 3.1895593744575823, "fog_distance": "0", "cloudiness": 45.15109575127055, "fog_density": 0.10335903211018072, "wetness": 99.03673621606391, "precipitation_deposits": 33.416290137130936}}], "scenario_type": "Scenario39"}], "Town04": [{"available_event_configurations": [{"transform": {"pitch": "0", "x": 254.9, "y": -230.9, "yaw": 90, "z": 0}, "_start_distance": 18.48887888635517, "_actor_vel": 2.445919197281314, "_trigger_distance": 17.004716321496854, "_brake": 0.9604508207685143, "weather": {"sun_altitude_angle": 31.834184185896813, "precipitation": 70.11724260024191, "wind_intensity": 64.37199265069363, "sun_azimuth_angle": 3.1895593744575823, "fog_distance": "0", "cloudiness": 45.15109575127055, "fog_density": 0.10335903211018072, "wetness": 99.03673621606391, "precipitation_deposits": 33.416290137130936}}], "scenario_type": "Scenario39"}], "Town03": [{"available_event_configurations": [{"transform": {"pitch": "0", "x": -88.5, "y": -90, "yaw": 90, "z": 0}, "_start_distance": 18.48887888635517, "_actor_vel": 2.445919197281314, "_trigger_distance": 17.004716321496854, "_brake": 0.9604508207685143, "weather": {"sun_altitude_angle": 31.834184185896813, "precipitation": 70.11724260024191, "wind_intensity": 64.37199265069363, "sun_azimuth_angle": 3.1895593744575823, "fog_distance": "0", "cloudiness": 45.15109575127055, "fog_density": 0.10335903211018072, "wetness": 99.03673621606391, "precipitation_deposits": 33.416290137130936}}], "scenario_type": "Scenario39"}]}]}