{"available_scenarios": [{"Town05": [{"available_event_configurations": [{"transform": {"pitch": "0", "x": 35, "y": 130, "yaw": -90, "z": 0}, "_start_distance": 16.34953914613063, "_actor_vel": 2.369142771245628, "_trigger_distance": 19.36807822223474, "_brake": 0.6207451765450228}, {"transform": {"pitch": "0", "x": 35, "y": 70, "yaw": -90, "z": 0}, "_start_distance": 16.34953914613063, "_actor_vel": 2.369142771245628, "_trigger_distance": 19.36807822223474, "_brake": 0.6207451765450228, "weather": {"sun_altitude_angle": 37.12844766119132, "precipitation": 42.98906749754337, "wind_intensity": 31.664556579175162, "sun_azimuth_angle": 338.9526463897311, "fog_distance": "0", "cloudiness": 95.80272191974353, "fog_density": 5.046597117028741, "wetness": 62.39982194073552, "precipitation_deposits": 3.936468649430036}}], "scenario_type": "Scenario39"}], "Town01": [{"available_event_configurations": [{"transform": {"pitch": "0", "x": 300, "y": 129, "yaw": 180, "z": 0}, "_start_distance": 16.34953914613063, "_actor_vel": 2.369142771245628, "_trigger_distance": 19.36807822223474, "_brake": 0.6207451765450228, "weather": {"sun_altitude_angle": 37.12844766119132, "precipitation": 42.98906749754337, "wind_intensity": 31.664556579175162, "sun_azimuth_angle": 338.9526463897311, "fog_distance": "0", "cloudiness": 95.80272191974353, "fog_density": 5.046597117028741, "wetness": 62.39982194073552, "precipitation_deposits": 3.936468649430036}}], "scenario_type": "Scenario39"}], "Town04": [{"available_event_configurations": [{"transform": {"pitch": "0", "x": 254.9, "y": -230.9, "yaw": 90, "z": 0}, "_start_distance": 16.34953914613063, "_actor_vel": 2.369142771245628, "_trigger_distance": 19.36807822223474, "_brake": 0.6207451765450228, "weather": {"sun_altitude_angle": 37.12844766119132, "precipitation": 42.98906749754337, "wind_intensity": 31.664556579175162, "sun_azimuth_angle": 338.9526463897311, "fog_distance": "0", "cloudiness": 95.80272191974353, "fog_density": 5.046597117028741, "wetness": 62.39982194073552, "precipitation_deposits": 3.936468649430036}}], "scenario_type": "Scenario39"}], "Town03": [{"available_event_configurations": [{"transform": {"pitch": "0", "x": -88.5, "y": -90, "yaw": 90, "z": 0}, "_start_distance": 16.34953914613063, "_actor_vel": 2.369142771245628, "_trigger_distance": 19.36807822223474, "_brake": 0.6207451765450228, "weather": {"sun_altitude_angle": 37.12844766119132, "precipitation": 42.98906749754337, "wind_intensity": 31.664556579175162, "sun_azimuth_angle": 338.9526463897311, "fog_distance": "0", "cloudiness": 95.80272191974353, "fog_density": 5.046597117028741, "wetness": 62.39982194073552, "precipitation_deposits": 3.936468649430036}}], "scenario_type": "Scenario39"}]}]}