{"available_scenarios": [{"Town05": [{"available_event_configurations": [{"transform": {"pitch": "0", "x": 35, "y": 130, "yaw": -90, "z": 0}, "_start_distance": 17.589823909457017, "_actor_vel": 2.3797082413583612, "_trigger_distance": 15.792448968409504, "_brake": 0.7235203061536595}, {"transform": {"pitch": "0", "x": 35, "y": 70, "yaw": -90, "z": 0}, "_start_distance": 17.589823909457017, "_actor_vel": 2.3797082413583612, "_trigger_distance": 15.792448968409504, "_brake": 0.7235203061536595, "weather": {"sun_altitude_angle": 40.03254713406486, "precipitation": 5.2896804825514625, "wind_intensity": 69.64826286262053, "sun_azimuth_angle": 303.05679338142136, "fog_distance": "0", "cloudiness": 42.09691604918925, "fog_density": 4.898314642282112, "wetness": 81.09916433750864, "precipitation_deposits": 24.62976837268993}}], "scenario_type": "Scenario39"}], "Town01": [{"available_event_configurations": [{"transform": {"pitch": "0", "x": 300, "y": 129, "yaw": 180, "z": 0}, "_start_distance": 17.589823909457017, "_actor_vel": 2.3797082413583612, "_trigger_distance": 15.792448968409504, "_brake": 0.7235203061536595, "weather": {"sun_altitude_angle": 40.03254713406486, "precipitation": 5.2896804825514625, "wind_intensity": 69.64826286262053, "sun_azimuth_angle": 303.05679338142136, "fog_distance": "0", "cloudiness": 42.09691604918925, "fog_density": 4.898314642282112, "wetness": 81.09916433750864, "precipitation_deposits": 24.62976837268993}}], "scenario_type": "Scenario39"}], "Town04": [{"available_event_configurations": [{"transform": {"pitch": "0", "x": 254.9, "y": -230.9, "yaw": 90, "z": 0}, "_start_distance": 17.589823909457017, "_actor_vel": 2.3797082413583612, "_trigger_distance": 15.792448968409504, "_brake": 0.7235203061536595, "weather": {"sun_altitude_angle": 40.03254713406486, "precipitation": 5.2896804825514625, "wind_intensity": 69.64826286262053, "sun_azimuth_angle": 303.05679338142136, "fog_distance": "0", "cloudiness": 42.09691604918925, "fog_density": 4.898314642282112, "wetness": 81.09916433750864, "precipitation_deposits": 24.62976837268993}}], "scenario_type": "Scenario39"}], "Town03": [{"available_event_configurations": [{"transform": {"pitch": "0", "x": -88.5, "y": -90, "yaw": 90, "z": 0}, "_start_distance": 17.589823909457017, "_actor_vel": 2.3797082413583612, "_trigger_distance": 15.792448968409504, "_brake": 0.7235203061536595, "weather": {"sun_altitude_angle": 40.03254713406486, "precipitation": 5.2896804825514625, "wind_intensity": 69.64826286262053, "sun_azimuth_angle": 303.05679338142136, "fog_distance": "0", "cloudiness": 42.09691604918925, "fog_density": 4.898314642282112, "wetness": 81.09916433750864, "precipitation_deposits": 24.62976837268993}}], "scenario_type": "Scenario39"}]}]}