{"available_scenarios": [{"Town05": [{"available_event_configurations": [{"transform": {"pitch": "0", "x": 35, "y": 130, "yaw": -90, "z": 0}, "_start_distance": 18.990568526260173, "_actor_vel": 2.1404713804803475, "_trigger_distance": 18.006485924991633, "_brake": 0.7385429439467612}, {"transform": {"pitch": "0", "x": 35, "y": 70, "yaw": -90, "z": 0}, "_start_distance": 18.990568526260173, "_actor_vel": 2.1404713804803475, "_trigger_distance": 18.006485924991633, "_brake": 0.7385429439467612, "weather": {"sun_altitude_angle": 47.20285878711645, "precipitation": 40.170523515455905, "wind_intensity": 3.699314343951232, "sun_azimuth_angle": 187.23270446223987, "fog_distance": "0", "cloudiness": 19.57152996952799, "fog_density": 3.7554457145684026, "wetness": 50.90315464047702, "precipitation_deposits": 7.956322648083414}}], "scenario_type": "Scenario39"}], "Town01": [{"available_event_configurations": [{"transform": {"pitch": "0", "x": 300, "y": 129, "yaw": 180, "z": 0}, "_start_distance": 18.990568526260173, "_actor_vel": 2.1404713804803475, "_trigger_distance": 18.006485924991633, "_brake": 0.7385429439467612, "weather": {"sun_altitude_angle": 47.20285878711645, "precipitation": 40.170523515455905, "wind_intensity": 3.699314343951232, "sun_azimuth_angle": 187.23270446223987, "fog_distance": "0", "cloudiness": 19.57152996952799, "fog_density": 3.7554457145684026, "wetness": 50.90315464047702, "precipitation_deposits": 7.956322648083414}}], "scenario_type": "Scenario39"}], "Town04": [{"available_event_configurations": [{"transform": {"pitch": "0", "x": 254.9, "y": -230.9, "yaw": 90, "z": 0}, "_start_distance": 18.990568526260173, "_actor_vel": 2.1404713804803475, "_trigger_distance": 18.006485924991633, "_brake": 0.7385429439467612, "weather": {"sun_altitude_angle": 47.20285878711645, "precipitation": 40.170523515455905, "wind_intensity": 3.699314343951232, "sun_azimuth_angle": 187.23270446223987, "fog_distance": "0", "cloudiness": 19.57152996952799, "fog_density": 3.7554457145684026, "wetness": 50.90315464047702, "precipitation_deposits": 7.956322648083414}}], "scenario_type": "Scenario39"}], "Town03": [{"available_event_configurations": [{"transform": {"pitch": "0", "x": -88.5, "y": -90, "yaw": 90, "z": 0}, "_start_distance": 18.990568526260173, "_actor_vel": 2.1404713804803475, "_trigger_distance": 18.006485924991633, "_brake": 0.7385429439467612, "weather": {"sun_altitude_angle": 47.20285878711645, "precipitation": 40.170523515455905, "wind_intensity": 3.699314343951232, "sun_azimuth_angle": 187.23270446223987, "fog_distance": "0", "cloudiness": 19.57152996952799, "fog_density": 3.7554457145684026, "wetness": 50.90315464047702, "precipitation_deposits": 7.956322648083414}}], "scenario_type": "Scenario39"}]}]}