{"available_scenarios": [{"Town05": [{"available_event_configurations": [{"transform": {"pitch": "0", "x": 35, "y": 130, "yaw": -90, "z": 0}, "_start_distance": 17.332304702815716, "_actor_vel": 2.3772456503451798, "_trigger_distance": 16.024685034886318, "_brake": 0.8043288747884172}, {"transform": {"pitch": "0", "x": 35, "y": 70, "yaw": -90, "z": 0}, "_start_distance": 17.332304702815716, "_actor_vel": 2.3772456503451798, "_trigger_distance": 16.024685034886318, "_brake": 0.8043288747884172, "weather": {"sun_altitude_angle": 50.023785236942295, "precipitation": 13.919032201204317, "wind_intensity": 95.14364746847617, "sun_azimuth_angle": 193.77546191691658, "fog_distance": "0", "cloudiness": 34.19467318398329, "fog_density": 7.416610292864664, "wetness": 79.6932049547062, "precipitation_deposits": 50.9488452341966}}], "scenario_type": "Scenario39"}], "Town01": [{"available_event_configurations": [{"transform": {"pitch": "0", "x": 300, "y": 129, "yaw": 180, "z": 0}, "_start_distance": 17.332304702815716, "_actor_vel": 2.3772456503451798, "_trigger_distance": 16.024685034886318, "_brake": 0.8043288747884172, "weather": {"sun_altitude_angle": 50.023785236942295, "precipitation": 13.919032201204317, "wind_intensity": 95.14364746847617, "sun_azimuth_angle": 193.77546191691658, "fog_distance": "0", "cloudiness": 34.19467318398329, "fog_density": 7.416610292864664, "wetness": 79.6932049547062, "precipitation_deposits": 50.9488452341966}}], "scenario_type": "Scenario39"}], "Town04": [{"available_event_configurations": [{"transform": {"pitch": "0", "x": 254.9, "y": -230.9, "yaw": 90, "z": 0}, "_start_distance": 17.332304702815716, "_actor_vel": 2.3772456503451798, "_trigger_distance": 16.024685034886318, "_brake": 0.8043288747884172, "weather": {"sun_altitude_angle": 50.023785236942295, "precipitation": 13.919032201204317, "wind_intensity": 95.14364746847617, "sun_azimuth_angle": 193.77546191691658, "fog_distance": "0", "cloudiness": 34.19467318398329, "fog_density": 7.416610292864664, "wetness": 79.6932049547062, "precipitation_deposits": 50.9488452341966}}], "scenario_type": "Scenario39"}], "Town03": [{"available_event_configurations": [{"transform": {"pitch": "0", "x": -88.5, "y": -90, "yaw": 90, "z": 0}, "_start_distance": 17.332304702815716, "_actor_vel": 2.3772456503451798, "_trigger_distance": 16.024685034886318, "_brake": 0.8043288747884172, "weather": {"sun_altitude_angle": 50.023785236942295, "precipitation": 13.919032201204317, "wind_intensity": 95.14364746847617, "sun_azimuth_angle": 193.77546191691658, "fog_distance": "0", "cloudiness": 34.19467318398329, "fog_density": 7.416610292864664, "wetness": 79.6932049547062, "precipitation_deposits": 50.9488452341966}}], "scenario_type": "Scenario39"}]}]}