{"available_scenarios": [{"Town05": [{"available_event_configurations": [{"transform": {"pitch": "0", "x": 35, "y": 130, "yaw": -90, "z": 0}, "_start_distance": 18.787678572547602, "_actor_vel": 2.089820175406474, "_trigger_distance": 18.68058945677095, "_brake": 0.6616791722586598}, {"transform": {"pitch": "0", "x": 35, "y": 70, "yaw": -90, "z": 0}, "_start_distance": 18.787678572547602, "_actor_vel": 2.089820175406474, "_trigger_distance": 18.68058945677095, "_brake": 0.6616791722586598, "weather": {"sun_altitude_angle": 11.239388315344097, "precipitation": 10.522598674853645, "wind_intensity": 77.03674097742417, "sun_azimuth_angle": 280.3748479838282, "fog_distance": "0", "cloudiness": 40.75123538003373, "fog_density": 2.8081372913732783, "wetness": 59.93469051462993, "precipitation_deposits": 7.726558225455182}}], "scenario_type": "Scenario39"}], "Town01": [{"available_event_configurations": [{"transform": {"pitch": "0", "x": 300, "y": 129, "yaw": 180, "z": 0}, "_start_distance": 18.787678572547602, "_actor_vel": 2.089820175406474, "_trigger_distance": 18.68058945677095, "_brake": 0.6616791722586598, "weather": {"sun_altitude_angle": 11.239388315344097, "precipitation": 10.522598674853645, "wind_intensity": 77.03674097742417, "sun_azimuth_angle": 280.3748479838282, "fog_distance": "0", "cloudiness": 40.75123538003373, "fog_density": 2.8081372913732783, "wetness": 59.93469051462993, "precipitation_deposits": 7.726558225455182}}], "scenario_type": "Scenario39"}], "Town04": [{"available_event_configurations": [{"transform": {"pitch": "0", "x": 254.9, "y": -230.9, "yaw": 90, "z": 0}, "_start_distance": 18.787678572547602, "_actor_vel": 2.089820175406474, "_trigger_distance": 18.68058945677095, "_brake": 0.6616791722586598, "weather": {"sun_altitude_angle": 11.239388315344097, "precipitation": 10.522598674853645, "wind_intensity": 77.03674097742417, "sun_azimuth_angle": 280.3748479838282, "fog_distance": "0", "cloudiness": 40.75123538003373, "fog_density": 2.8081372913732783, "wetness": 59.93469051462993, "precipitation_deposits": 7.726558225455182}}], "scenario_type": "Scenario39"}], "Town03": [{"available_event_configurations": [{"transform": {"pitch": "0", "x": -88.5, "y": -90, "yaw": 90, "z": 0}, "_start_distance": 18.787678572547602, "_actor_vel": 2.089820175406474, "_trigger_distance": 18.68058945677095, "_brake": 0.6616791722586598, "weather": {"sun_altitude_angle": 11.239388315344097, "precipitation": 10.522598674853645, "wind_intensity": 77.03674097742417, "sun_azimuth_angle": 280.3748479838282, "fog_distance": "0", "cloudiness": 40.75123538003373, "fog_density": 2.8081372913732783, "wetness": 59.93469051462993, "precipitation_deposits": 7.726558225455182}}], "scenario_type": "Scenario39"}]}]}