{"available_scenarios": [{"Town05": [{"available_event_configurations": [{"transform": {"pitch": "0", "x": 35, "y": 130, "yaw": -90, "z": 0}, "_start_distance": 16.19827445705873, "_actor_vel": 2.0876643196406395, "_trigger_distance": 18.2461679838975, "_brake": 0.8567279261517742}, {"transform": {"pitch": "0", "x": 35, "y": 70, "yaw": -90, "z": 0}, "_start_distance": 16.19827445705873, "_actor_vel": 2.0876643196406395, "_trigger_distance": 18.2461679838975, "_brake": 0.8567279261517742, "weather": {"sun_altitude_angle": 84.61631086543103, "precipitation": 38.67305209005624, "wind_intensity": 4.31468544371657, "sun_azimuth_angle": 263.1614552398823, "fog_distance": "0", "cloudiness": 9.37188876885482, "fog_density": 5.860189578089903, "wetness": 41.461245413642814, "precipitation_deposits": 46.0460855136612}}], "scenario_type": "Scenario39"}], "Town01": [{"available_event_configurations": [{"transform": {"pitch": "0", "x": 300, "y": 129, "yaw": 180, "z": 0}, "_start_distance": 16.19827445705873, "_actor_vel": 2.0876643196406395, "_trigger_distance": 18.2461679838975, "_brake": 0.8567279261517742, "weather": {"sun_altitude_angle": 84.61631086543103, "precipitation": 38.67305209005624, "wind_intensity": 4.31468544371657, "sun_azimuth_angle": 263.1614552398823, "fog_distance": "0", "cloudiness": 9.37188876885482, "fog_density": 5.860189578089903, "wetness": 41.461245413642814, "precipitation_deposits": 46.0460855136612}}], "scenario_type": "Scenario39"}], "Town04": [{"available_event_configurations": [{"transform": {"pitch": "0", "x": 254.9, "y": -230.9, "yaw": 90, "z": 0}, "_start_distance": 16.19827445705873, "_actor_vel": 2.0876643196406395, "_trigger_distance": 18.2461679838975, "_brake": 0.8567279261517742, "weather": {"sun_altitude_angle": 84.61631086543103, "precipitation": 38.67305209005624, "wind_intensity": 4.31468544371657, "sun_azimuth_angle": 263.1614552398823, "fog_distance": "0", "cloudiness": 9.37188876885482, "fog_density": 5.860189578089903, "wetness": 41.461245413642814, "precipitation_deposits": 46.0460855136612}}], "scenario_type": "Scenario39"}], "Town03": [{"available_event_configurations": [{"transform": {"pitch": "0", "x": -88.5, "y": -90, "yaw": 90, "z": 0}, "_start_distance": 16.19827445705873, "_actor_vel": 2.0876643196406395, "_trigger_distance": 18.2461679838975, "_brake": 0.8567279261517742, "weather": {"sun_altitude_angle": 84.61631086543103, "precipitation": 38.67305209005624, "wind_intensity": 4.31468544371657, "sun_azimuth_angle": 263.1614552398823, "fog_distance": "0", "cloudiness": 9.37188876885482, "fog_density": 5.860189578089903, "wetness": 41.461245413642814, "precipitation_deposits": 46.0460855136612}}], "scenario_type": "Scenario39"}]}]}