{"available_scenarios": [{"Town05": [{"available_event_configurations": [{"transform": {"pitch": "0", "x": 35, "y": 130, "yaw": -90, "z": 0}, "_start_distance": 18.889329142005902, "_actor_vel": 2.2712589570711157, "_trigger_distance": 16.906924613128254, "_brake": 0.720370623270955}, {"transform": {"pitch": "0", "x": 35, "y": 70, "yaw": -90, "z": 0}, "_start_distance": 18.889329142005902, "_actor_vel": 2.2712589570711157, "_trigger_distance": 16.906924613128254, "_brake": 0.720370623270955, "weather": {"sun_altitude_angle": 83.01474091804916, "precipitation": 55.6653279024056, "wind_intensity": 45.03992589853786, "sun_azimuth_angle": 0.6026624394894897, "fog_distance": "0", "cloudiness": 68.17506747374334, "fog_density": 2.430129943396345, "wetness": 21.153752383909286, "precipitation_deposits": 74.68076133834131}}], "scenario_type": "Scenario39"}], "Town01": [{"available_event_configurations": [{"transform": {"pitch": "0", "x": 300, "y": 129, "yaw": 180, "z": 0}, "_start_distance": 18.889329142005902, "_actor_vel": 2.2712589570711157, "_trigger_distance": 16.906924613128254, "_brake": 0.720370623270955, "weather": {"sun_altitude_angle": 83.01474091804916, "precipitation": 55.6653279024056, "wind_intensity": 45.03992589853786, "sun_azimuth_angle": 0.6026624394894897, "fog_distance": "0", "cloudiness": 68.17506747374334, "fog_density": 2.430129943396345, "wetness": 21.153752383909286, "precipitation_deposits": 74.68076133834131}}], "scenario_type": "Scenario39"}], "Town04": [{"available_event_configurations": [{"transform": {"pitch": "0", "x": 254.9, "y": -230.9, "yaw": 90, "z": 0}, "_start_distance": 18.889329142005902, "_actor_vel": 2.2712589570711157, "_trigger_distance": 16.906924613128254, "_brake": 0.720370623270955, "weather": {"sun_altitude_angle": 83.01474091804916, "precipitation": 55.6653279024056, "wind_intensity": 45.03992589853786, "sun_azimuth_angle": 0.6026624394894897, "fog_distance": "0", "cloudiness": 68.17506747374334, "fog_density": 2.430129943396345, "wetness": 21.153752383909286, "precipitation_deposits": 74.68076133834131}}], "scenario_type": "Scenario39"}], "Town03": [{"available_event_configurations": [{"transform": {"pitch": "0", "x": -88.5, "y": -90, "yaw": 90, "z": 0}, "_start_distance": 18.889329142005902, "_actor_vel": 2.2712589570711157, "_trigger_distance": 16.906924613128254, "_brake": 0.720370623270955, "weather": {"sun_altitude_angle": 83.01474091804916, "precipitation": 55.6653279024056, "wind_intensity": 45.03992589853786, "sun_azimuth_angle": 0.6026624394894897, "fog_distance": "0", "cloudiness": 68.17506747374334, "fog_density": 2.430129943396345, "wetness": 21.153752383909286, "precipitation_deposits": 74.68076133834131}}], "scenario_type": "Scenario39"}]}]}