{"available_scenarios": [{"Town05": [{"available_event_configurations": [{"transform": {"pitch": "0", "x": 35, "y": 130, "yaw": -90, "z": 0}, "_start_distance": 17.658434572510576, "_actor_vel": 2.261274301154075, "_trigger_distance": 17.332038914966617, "_brake": 0.7437515750900429}, {"transform": {"pitch": "0", "x": 35, "y": 70, "yaw": -90, "z": 0}, "_start_distance": 17.658434572510576, "_actor_vel": 2.261274301154075, "_trigger_distance": 17.332038914966617, "_brake": 0.7437515750900429, "weather": {"sun_altitude_angle": 56.910262637788385, "precipitation": 6.157319747660739, "wind_intensity": 43.46360140872284, "sun_azimuth_angle": 51.742298349191636, "fog_distance": "0", "cloudiness": 58.475543669263864, "fog_density": 5.576766713323433, "wetness": 13.51921770328498, "precipitation_deposits": 1.5077090392798809}}], "scenario_type": "Scenario39"}], "Town01": [{"available_event_configurations": [{"transform": {"pitch": "0", "x": 300, "y": 129, "yaw": 180, "z": 0}, "_start_distance": 17.658434572510576, "_actor_vel": 2.261274301154075, "_trigger_distance": 17.332038914966617, "_brake": 0.7437515750900429, "weather": {"sun_altitude_angle": 56.910262637788385, "precipitation": 6.157319747660739, "wind_intensity": 43.46360140872284, "sun_azimuth_angle": 51.742298349191636, "fog_distance": "0", "cloudiness": 58.475543669263864, "fog_density": 5.576766713323433, "wetness": 13.51921770328498, "precipitation_deposits": 1.5077090392798809}}], "scenario_type": "Scenario39"}], "Town04": [{"available_event_configurations": [{"transform": {"pitch": "0", "x": 254.9, "y": -230.9, "yaw": 90, "z": 0}, "_start_distance": 17.658434572510576, "_actor_vel": 2.261274301154075, "_trigger_distance": 17.332038914966617, "_brake": 0.7437515750900429, "weather": {"sun_altitude_angle": 56.910262637788385, "precipitation": 6.157319747660739, "wind_intensity": 43.46360140872284, "sun_azimuth_angle": 51.742298349191636, "fog_distance": "0", "cloudiness": 58.475543669263864, "fog_density": 5.576766713323433, "wetness": 13.51921770328498, "precipitation_deposits": 1.5077090392798809}}], "scenario_type": "Scenario39"}], "Town03": [{"available_event_configurations": [{"transform": {"pitch": "0", "x": -88.5, "y": -90, "yaw": 90, "z": 0}, "_start_distance": 17.658434572510576, "_actor_vel": 2.261274301154075, "_trigger_distance": 17.332038914966617, "_brake": 0.7437515750900429, "weather": {"sun_altitude_angle": 56.910262637788385, "precipitation": 6.157319747660739, "wind_intensity": 43.46360140872284, "sun_azimuth_angle": 51.742298349191636, "fog_distance": "0", "cloudiness": 58.475543669263864, "fog_density": 5.576766713323433, "wetness": 13.51921770328498, "precipitation_deposits": 1.5077090392798809}}], "scenario_type": "Scenario39"}]}]}