{"available_scenarios": [{"Town05": [{"available_event_configurations": [{"transform": {"pitch": "0", "x": 35, "y": 130, "yaw": -90, "z": 0}, "_start_distance": 18.42616745205801, "_actor_vel": 2.1665825677851025, "_trigger_distance": 16.958007228592212, "_brake": 0.5474641188624358}, {"transform": {"pitch": "0", "x": 35, "y": 70, "yaw": -90, "z": 0}, "_start_distance": 18.42616745205801, "_actor_vel": 2.1665825677851025, "_trigger_distance": 16.958007228592212, "_brake": 0.5474641188624358, "weather": {"sun_altitude_angle": 28.81171606397424, "precipitation": 22.58379914407207, "wind_intensity": 4.240240542445717, "sun_azimuth_angle": 256.44608543461965, "fog_distance": "0", "cloudiness": 98.26024327885298, "fog_density": 7.563091856888397, "wetness": 26.595745620096668, "precipitation_deposits": 62.92562185102626}}], "scenario_type": "Scenario39"}], "Town01": [{"available_event_configurations": [{"transform": {"pitch": "0", "x": 300, "y": 129, "yaw": 180, "z": 0}, "_start_distance": 18.42616745205801, "_actor_vel": 2.1665825677851025, "_trigger_distance": 16.958007228592212, "_brake": 0.5474641188624358, "weather": {"sun_altitude_angle": 28.81171606397424, "precipitation": 22.58379914407207, "wind_intensity": 4.240240542445717, "sun_azimuth_angle": 256.44608543461965, "fog_distance": "0", "cloudiness": 98.26024327885298, "fog_density": 7.563091856888397, "wetness": 26.595745620096668, "precipitation_deposits": 62.92562185102626}}], "scenario_type": "Scenario39"}], "Town04": [{"available_event_configurations": [{"transform": {"pitch": "0", "x": 254.9, "y": -230.9, "yaw": 90, "z": 0}, "_start_distance": 18.42616745205801, "_actor_vel": 2.1665825677851025, "_trigger_distance": 16.958007228592212, "_brake": 0.5474641188624358, "weather": {"sun_altitude_angle": 28.81171606397424, "precipitation": 22.58379914407207, "wind_intensity": 4.240240542445717, "sun_azimuth_angle": 256.44608543461965, "fog_distance": "0", "cloudiness": 98.26024327885298, "fog_density": 7.563091856888397, "wetness": 26.595745620096668, "precipitation_deposits": 62.92562185102626}}], "scenario_type": "Scenario39"}], "Town03": [{"available_event_configurations": [{"transform": {"pitch": "0", "x": -88.5, "y": -90, "yaw": 90, "z": 0}, "_start_distance": 18.42616745205801, "_actor_vel": 2.1665825677851025, "_trigger_distance": 16.958007228592212, "_brake": 0.5474641188624358, "weather": {"sun_altitude_angle": 28.81171606397424, "precipitation": 22.58379914407207, "wind_intensity": 4.240240542445717, "sun_azimuth_angle": 256.44608543461965, "fog_distance": "0", "cloudiness": 98.26024327885298, "fog_density": 7.563091856888397, "wetness": 26.595745620096668, "precipitation_deposits": 62.92562185102626}}], "scenario_type": "Scenario39"}]}]}