{"available_scenarios": [{"Town05": [{"available_event_configurations": [{"transform": {"pitch": "0", "x": 35, "y": 130, "yaw": -90, "z": 0}, "_start_distance": 17.980414839719494, "_actor_vel": 2.1253775100025227, "_trigger_distance": 17.911837304704605, "_brake": 0.5953212391682629}, {"transform": {"pitch": "0", "x": 35, "y": 70, "yaw": -90, "z": 0}, "_start_distance": 17.980414839719494, "_actor_vel": 2.1253775100025227, "_trigger_distance": 17.911837304704605, "_brake": 0.5953212391682629, "weather": {"sun_altitude_angle": 59.62164092601797, "precipitation": 72.52758872607426, "wind_intensity": 83.29194047672506, "sun_azimuth_angle": 309.9715302630125, "fog_distance": "0", "cloudiness": 88.91617951369159, "fog_density": 2.2528189760683026, "wetness": 90.1126511691753, "precipitation_deposits": 70.49597408785556}}], "scenario_type": "Scenario39"}], "Town01": [{"available_event_configurations": [{"transform": {"pitch": "0", "x": 300, "y": 129, "yaw": 180, "z": 0}, "_start_distance": 17.980414839719494, "_actor_vel": 2.1253775100025227, "_trigger_distance": 17.911837304704605, "_brake": 0.5953212391682629, "weather": {"sun_altitude_angle": 59.62164092601797, "precipitation": 72.52758872607426, "wind_intensity": 83.29194047672506, "sun_azimuth_angle": 309.9715302630125, "fog_distance": "0", "cloudiness": 88.91617951369159, "fog_density": 2.2528189760683026, "wetness": 90.1126511691753, "precipitation_deposits": 70.49597408785556}}], "scenario_type": "Scenario39"}], "Town04": [{"available_event_configurations": [{"transform": {"pitch": "0", "x": 254.9, "y": -230.9, "yaw": 90, "z": 0}, "_start_distance": 17.980414839719494, "_actor_vel": 2.1253775100025227, "_trigger_distance": 17.911837304704605, "_brake": 0.5953212391682629, "weather": {"sun_altitude_angle": 59.62164092601797, "precipitation": 72.52758872607426, "wind_intensity": 83.29194047672506, "sun_azimuth_angle": 309.9715302630125, "fog_distance": "0", "cloudiness": 88.91617951369159, "fog_density": 2.2528189760683026, "wetness": 90.1126511691753, "precipitation_deposits": 70.49597408785556}}], "scenario_type": "Scenario39"}], "Town03": [{"available_event_configurations": [{"transform": {"pitch": "0", "x": -88.5, "y": -90, "yaw": 90, "z": 0}, "_start_distance": 17.980414839719494, "_actor_vel": 2.1253775100025227, "_trigger_distance": 17.911837304704605, "_brake": 0.5953212391682629, "weather": {"sun_altitude_angle": 59.62164092601797, "precipitation": 72.52758872607426, "wind_intensity": 83.29194047672506, "sun_azimuth_angle": 309.9715302630125, "fog_distance": "0", "cloudiness": 88.91617951369159, "fog_density": 2.2528189760683026, "wetness": 90.1126511691753, "precipitation_deposits": 70.49597408785556}}], "scenario_type": "Scenario39"}]}]}