{"available_scenarios": [{"Town05": [{"available_event_configurations": [{"transform": {"pitch": "0", "x": 35, "y": 130, "yaw": -90, "z": 0}, "_start_distance": 19.030143207696327, "_actor_vel": 2.0051205736908226, "_trigger_distance": 18.17444240385149, "_brake": 0.9862591029521945}, {"transform": {"pitch": "0", "x": 35, "y": 70, "yaw": -90, "z": 0}, "_start_distance": 19.030143207696327, "_actor_vel": 2.0051205736908226, "_trigger_distance": 18.17444240385149, "_brake": 0.9862591029521945, "weather": {"sun_altitude_angle": 14.642933273424651, "precipitation": 4.528828037226784, "wind_intensity": 88.14534385405565, "sun_azimuth_angle": 118.73822908580078, "fog_distance": "0", "cloudiness": 8.3968181454259, "fog_density": 7.381365662536034, "wetness": 38.40616653343596, "precipitation_deposits": 15.863942699710709}}], "scenario_type": "Scenario39"}], "Town01": [{"available_event_configurations": [{"transform": {"pitch": "0", "x": 300, "y": 129, "yaw": 180, "z": 0}, "_start_distance": 19.030143207696327, "_actor_vel": 2.0051205736908226, "_trigger_distance": 18.17444240385149, "_brake": 0.9862591029521945, "weather": {"sun_altitude_angle": 14.642933273424651, "precipitation": 4.528828037226784, "wind_intensity": 88.14534385405565, "sun_azimuth_angle": 118.73822908580078, "fog_distance": "0", "cloudiness": 8.3968181454259, "fog_density": 7.381365662536034, "wetness": 38.40616653343596, "precipitation_deposits": 15.863942699710709}}], "scenario_type": "Scenario39"}], "Town04": [{"available_event_configurations": [{"transform": {"pitch": "0", "x": 254.9, "y": -230.9, "yaw": 90, "z": 0}, "_start_distance": 19.030143207696327, "_actor_vel": 2.0051205736908226, "_trigger_distance": 18.17444240385149, "_brake": 0.9862591029521945, "weather": {"sun_altitude_angle": 14.642933273424651, "precipitation": 4.528828037226784, "wind_intensity": 88.14534385405565, "sun_azimuth_angle": 118.73822908580078, "fog_distance": "0", "cloudiness": 8.3968181454259, "fog_density": 7.381365662536034, "wetness": 38.40616653343596, "precipitation_deposits": 15.863942699710709}}], "scenario_type": "Scenario39"}], "Town03": [{"available_event_configurations": [{"transform": {"pitch": "0", "x": -88.5, "y": -90, "yaw": 90, "z": 0}, "_start_distance": 19.030143207696327, "_actor_vel": 2.0051205736908226, "_trigger_distance": 18.17444240385149, "_brake": 0.9862591029521945, "weather": {"sun_altitude_angle": 14.642933273424651, "precipitation": 4.528828037226784, "wind_intensity": 88.14534385405565, "sun_azimuth_angle": 118.73822908580078, "fog_distance": "0", "cloudiness": 8.3968181454259, "fog_density": 7.381365662536034, "wetness": 38.40616653343596, "precipitation_deposits": 15.863942699710709}}], "scenario_type": "Scenario39"}]}]}