{"available_scenarios": [{"Town05": [{"available_event_configurations": [{"transform": {"pitch": "0", "x": 35, "y": 130, "yaw": -90, "z": 0}, "_start_distance": 17.390968754548982, "_actor_vel": 2.2858903198477836, "_trigger_distance": 19.646853722154056, "_brake": 0.8935296958305541}, {"transform": {"pitch": "0", "x": 35, "y": 70, "yaw": -90, "z": 0}, "_start_distance": 17.390968754548982, "_actor_vel": 2.2858903198477836, "_trigger_distance": 19.646853722154056, "_brake": 0.8935296958305541, "weather": {"sun_altitude_angle": 56.44328274482868, "precipitation": 39.90033173562504, "wind_intensity": 90.78049233008566, "sun_azimuth_angle": 346.78600168603606, "fog_distance": "0", "cloudiness": 13.57888324736518, "fog_density": 1.0459453450077627, "wetness": 12.113356621612281, "precipitation_deposits": 13.207666627514925}}], "scenario_type": "Scenario39"}], "Town01": [{"available_event_configurations": [{"transform": {"pitch": "0", "x": 300, "y": 129, "yaw": 180, "z": 0}, "_start_distance": 17.390968754548982, "_actor_vel": 2.2858903198477836, "_trigger_distance": 19.646853722154056, "_brake": 0.8935296958305541, "weather": {"sun_altitude_angle": 56.44328274482868, "precipitation": 39.90033173562504, "wind_intensity": 90.78049233008566, "sun_azimuth_angle": 346.78600168603606, "fog_distance": "0", "cloudiness": 13.57888324736518, "fog_density": 1.0459453450077627, "wetness": 12.113356621612281, "precipitation_deposits": 13.207666627514925}}], "scenario_type": "Scenario39"}], "Town04": [{"available_event_configurations": [{"transform": {"pitch": "0", "x": 254.9, "y": -230.9, "yaw": 90, "z": 0}, "_start_distance": 17.390968754548982, "_actor_vel": 2.2858903198477836, "_trigger_distance": 19.646853722154056, "_brake": 0.8935296958305541, "weather": {"sun_altitude_angle": 56.44328274482868, "precipitation": 39.90033173562504, "wind_intensity": 90.78049233008566, "sun_azimuth_angle": 346.78600168603606, "fog_distance": "0", "cloudiness": 13.57888324736518, "fog_density": 1.0459453450077627, "wetness": 12.113356621612281, "precipitation_deposits": 13.207666627514925}}], "scenario_type": "Scenario39"}], "Town03": [{"available_event_configurations": [{"transform": {"pitch": "0", "x": -88.5, "y": -90, "yaw": 90, "z": 0}, "_start_distance": 17.390968754548982, "_actor_vel": 2.2858903198477836, "_trigger_distance": 19.646853722154056, "_brake": 0.8935296958305541, "weather": {"sun_altitude_angle": 56.44328274482868, "precipitation": 39.90033173562504, "wind_intensity": 90.78049233008566, "sun_azimuth_angle": 346.78600168603606, "fog_distance": "0", "cloudiness": 13.57888324736518, "fog_density": 1.0459453450077627, "wetness": 12.113356621612281, "precipitation_deposits": 13.207666627514925}}], "scenario_type": "Scenario39"}]}]}