{"available_scenarios": [{"Town05": [{"available_event_configurations": [{"transform": {"pitch": "0", "x": 35, "y": 130, "yaw": -90, "z": 0}, "_start_distance": 19.24898348679418, "_actor_vel": 2.340913543197472, "_trigger_distance": 19.189968084362157, "_brake": 0.8690530969881105}, {"transform": {"pitch": "0", "x": 35, "y": 70, "yaw": -90, "z": 0}, "_start_distance": 19.24898348679418, "_actor_vel": 2.340913543197472, "_trigger_distance": 19.189968084362157, "_brake": 0.8690530969881105, "weather": {"sun_altitude_angle": 48.084143469108895, "precipitation": 1.980734381541538, "wind_intensity": 43.45916713374495, "sun_azimuth_angle": 253.05390995413464, "fog_distance": "0", "cloudiness": 11.95345893468238, "fog_density": 5.081041057963175, "wetness": 9.640225355486331, "precipitation_deposits": 49.55442880257581}}], "scenario_type": "Scenario39"}], "Town01": [{"available_event_configurations": [{"transform": {"pitch": "0", "x": 300, "y": 129, "yaw": 180, "z": 0}, "_start_distance": 19.24898348679418, "_actor_vel": 2.340913543197472, "_trigger_distance": 19.189968084362157, "_brake": 0.8690530969881105, "weather": {"sun_altitude_angle": 48.084143469108895, "precipitation": 1.980734381541538, "wind_intensity": 43.45916713374495, "sun_azimuth_angle": 253.05390995413464, "fog_distance": "0", "cloudiness": 11.95345893468238, "fog_density": 5.081041057963175, "wetness": 9.640225355486331, "precipitation_deposits": 49.55442880257581}}], "scenario_type": "Scenario39"}], "Town04": [{"available_event_configurations": [{"transform": {"pitch": "0", "x": 254.9, "y": -230.9, "yaw": 90, "z": 0}, "_start_distance": 19.24898348679418, "_actor_vel": 2.340913543197472, "_trigger_distance": 19.189968084362157, "_brake": 0.8690530969881105, "weather": {"sun_altitude_angle": 48.084143469108895, "precipitation": 1.980734381541538, "wind_intensity": 43.45916713374495, "sun_azimuth_angle": 253.05390995413464, "fog_distance": "0", "cloudiness": 11.95345893468238, "fog_density": 5.081041057963175, "wetness": 9.640225355486331, "precipitation_deposits": 49.55442880257581}}], "scenario_type": "Scenario39"}], "Town03": [{"available_event_configurations": [{"transform": {"pitch": "0", "x": -88.5, "y": -90, "yaw": 90, "z": 0}, "_start_distance": 19.24898348679418, "_actor_vel": 2.340913543197472, "_trigger_distance": 19.189968084362157, "_brake": 0.8690530969881105, "weather": {"sun_altitude_angle": 48.084143469108895, "precipitation": 1.980734381541538, "wind_intensity": 43.45916713374495, "sun_azimuth_angle": 253.05390995413464, "fog_distance": "0", "cloudiness": 11.95345893468238, "fog_density": 5.081041057963175, "wetness": 9.640225355486331, "precipitation_deposits": 49.55442880257581}}], "scenario_type": "Scenario39"}]}]}