{"available_scenarios": [{"Town05": [{"available_event_configurations": [{"transform": {"pitch": "0", "x": 35, "y": 130, "yaw": -90, "z": 0}, "_start_distance": 19.061467825779047, "_actor_vel": 2.45364049659508, "_trigger_distance": 16.171467672899716, "_brake": 0.6652415329135538}, {"transform": {"pitch": "0", "x": 35, "y": 70, "yaw": -90, "z": 0}, "_start_distance": 19.061467825779047, "_actor_vel": 2.45364049659508, "_trigger_distance": 16.171467672899716, "_brake": 0.6652415329135538, "weather": {"sun_altitude_angle": 75.13489954413235, "precipitation": 42.31914149132877, "wind_intensity": 20.31655190929299, "sun_azimuth_angle": 191.00698820108155, "fog_distance": "0", "cloudiness": 84.80166871063906, "fog_density": 9.829164197873624, "wetness": 23.7062685585959, "precipitation_deposits": 72.51291123976688}}], "scenario_type": "Scenario39"}], "Town01": [{"available_event_configurations": [{"transform": {"pitch": "0", "x": 300, "y": 129, "yaw": 180, "z": 0}, "_start_distance": 19.061467825779047, "_actor_vel": 2.45364049659508, "_trigger_distance": 16.171467672899716, "_brake": 0.6652415329135538, "weather": {"sun_altitude_angle": 75.13489954413235, "precipitation": 42.31914149132877, "wind_intensity": 20.31655190929299, "sun_azimuth_angle": 191.00698820108155, "fog_distance": "0", "cloudiness": 84.80166871063906, "fog_density": 9.829164197873624, "wetness": 23.7062685585959, "precipitation_deposits": 72.51291123976688}}], "scenario_type": "Scenario39"}], "Town04": [{"available_event_configurations": [{"transform": {"pitch": "0", "x": 254.9, "y": -230.9, "yaw": 90, "z": 0}, "_start_distance": 19.061467825779047, "_actor_vel": 2.45364049659508, "_trigger_distance": 16.171467672899716, "_brake": 0.6652415329135538, "weather": {"sun_altitude_angle": 75.13489954413235, "precipitation": 42.31914149132877, "wind_intensity": 20.31655190929299, "sun_azimuth_angle": 191.00698820108155, "fog_distance": "0", "cloudiness": 84.80166871063906, "fog_density": 9.829164197873624, "wetness": 23.7062685585959, "precipitation_deposits": 72.51291123976688}}], "scenario_type": "Scenario39"}], "Town03": [{"available_event_configurations": [{"transform": {"pitch": "0", "x": -88.5, "y": -90, "yaw": 90, "z": 0}, "_start_distance": 19.061467825779047, "_actor_vel": 2.45364049659508, "_trigger_distance": 16.171467672899716, "_brake": 0.6652415329135538, "weather": {"sun_altitude_angle": 75.13489954413235, "precipitation": 42.31914149132877, "wind_intensity": 20.31655190929299, "sun_azimuth_angle": 191.00698820108155, "fog_distance": "0", "cloudiness": 84.80166871063906, "fog_density": 9.829164197873624, "wetness": 23.7062685585959, "precipitation_deposits": 72.51291123976688}}], "scenario_type": "Scenario39"}]}]}