{"available_scenarios": [{"Town05": [{"available_event_configurations": [{"transform": {"pitch": "0", "x": 35, "y": 130, "yaw": -90, "z": 0}, "_start_distance": 18.031923243308263, "_actor_vel": 2.0549919948369078, "_trigger_distance": 17.623738253027902, "_brake": 0.8289785559570966}, {"transform": {"pitch": "0", "x": 35, "y": 70, "yaw": -90, "z": 0}, "_start_distance": 18.031923243308263, "_actor_vel": 2.0549919948369078, "_trigger_distance": 17.623738253027902, "_brake": 0.8289785559570966, "weather": {"sun_altitude_angle": 28.723354776314668, "precipitation": 11.923794564751267, "wind_intensity": 37.15132201028113, "sun_azimuth_angle": 315.5198794363522, "fog_distance": "0", "cloudiness": 38.49246013151812, "fog_density": 5.015627153225733, "wetness": 93.1717137008869, "precipitation_deposits": 88.00328281767462}}], "scenario_type": "Scenario39"}], "Town01": [{"available_event_configurations": [{"transform": {"pitch": "0", "x": 300, "y": 129, "yaw": 180, "z": 0}, "_start_distance": 18.031923243308263, "_actor_vel": 2.0549919948369078, "_trigger_distance": 17.623738253027902, "_brake": 0.8289785559570966, "weather": {"sun_altitude_angle": 28.723354776314668, "precipitation": 11.923794564751267, "wind_intensity": 37.15132201028113, "sun_azimuth_angle": 315.5198794363522, "fog_distance": "0", "cloudiness": 38.49246013151812, "fog_density": 5.015627153225733, "wetness": 93.1717137008869, "precipitation_deposits": 88.00328281767462}}], "scenario_type": "Scenario39"}], "Town04": [{"available_event_configurations": [{"transform": {"pitch": "0", "x": 254.9, "y": -230.9, "yaw": 90, "z": 0}, "_start_distance": 18.031923243308263, "_actor_vel": 2.0549919948369078, "_trigger_distance": 17.623738253027902, "_brake": 0.8289785559570966, "weather": {"sun_altitude_angle": 28.723354776314668, "precipitation": 11.923794564751267, "wind_intensity": 37.15132201028113, "sun_azimuth_angle": 315.5198794363522, "fog_distance": "0", "cloudiness": 38.49246013151812, "fog_density": 5.015627153225733, "wetness": 93.1717137008869, "precipitation_deposits": 88.00328281767462}}], "scenario_type": "Scenario39"}], "Town03": [{"available_event_configurations": [{"transform": {"pitch": "0", "x": -88.5, "y": -90, "yaw": 90, "z": 0}, "_start_distance": 18.031923243308263, "_actor_vel": 2.0549919948369078, "_trigger_distance": 17.623738253027902, "_brake": 0.8289785559570966, "weather": {"sun_altitude_angle": 28.723354776314668, "precipitation": 11.923794564751267, "wind_intensity": 37.15132201028113, "sun_azimuth_angle": 315.5198794363522, "fog_distance": "0", "cloudiness": 38.49246013151812, "fog_density": 5.015627153225733, "wetness": 93.1717137008869, "precipitation_deposits": 88.00328281767462}}], "scenario_type": "Scenario39"}]}]}