{"available_scenarios": [{"Town05": [{"available_event_configurations": [{"transform": {"pitch": "0", "x": 35, "y": 130, "yaw": -90, "z": 0}, "_start_distance": 19.14259385873916, "_actor_vel": 2.073110399319587, "_trigger_distance": 19.59675593067719, "_brake": 0.836352318190098}, {"transform": {"pitch": "0", "x": 35, "y": 70, "yaw": -90, "z": 0}, "_start_distance": 19.14259385873916, "_actor_vel": 2.073110399319587, "_trigger_distance": 19.59675593067719, "_brake": 0.836352318190098, "weather": {"sun_altitude_angle": 88.16990356598293, "precipitation": 94.63135197000018, "wind_intensity": 36.81077941634274, "sun_azimuth_angle": 134.4033207564126, "fog_distance": "0", "cloudiness": 79.49557399723697, "fog_density": 7.72524728451064, "wetness": 57.98564935120582, "precipitation_deposits": 51.36959534059476}}], "scenario_type": "Scenario39"}], "Town01": [{"available_event_configurations": [{"transform": {"pitch": "0", "x": 300, "y": 129, "yaw": 180, "z": 0}, "_start_distance": 19.14259385873916, "_actor_vel": 2.073110399319587, "_trigger_distance": 19.59675593067719, "_brake": 0.836352318190098, "weather": {"sun_altitude_angle": 88.16990356598293, "precipitation": 94.63135197000018, "wind_intensity": 36.81077941634274, "sun_azimuth_angle": 134.4033207564126, "fog_distance": "0", "cloudiness": 79.49557399723697, "fog_density": 7.72524728451064, "wetness": 57.98564935120582, "precipitation_deposits": 51.36959534059476}}], "scenario_type": "Scenario39"}], "Town04": [{"available_event_configurations": [{"transform": {"pitch": "0", "x": 254.9, "y": -230.9, "yaw": 90, "z": 0}, "_start_distance": 19.14259385873916, "_actor_vel": 2.073110399319587, "_trigger_distance": 19.59675593067719, "_brake": 0.836352318190098, "weather": {"sun_altitude_angle": 88.16990356598293, "precipitation": 94.63135197000018, "wind_intensity": 36.81077941634274, "sun_azimuth_angle": 134.4033207564126, "fog_distance": "0", "cloudiness": 79.49557399723697, "fog_density": 7.72524728451064, "wetness": 57.98564935120582, "precipitation_deposits": 51.36959534059476}}], "scenario_type": "Scenario39"}], "Town03": [{"available_event_configurations": [{"transform": {"pitch": "0", "x": -88.5, "y": -90, "yaw": 90, "z": 0}, "_start_distance": 19.14259385873916, "_actor_vel": 2.073110399319587, "_trigger_distance": 19.59675593067719, "_brake": 0.836352318190098, "weather": {"sun_altitude_angle": 88.16990356598293, "precipitation": 94.63135197000018, "wind_intensity": 36.81077941634274, "sun_azimuth_angle": 134.4033207564126, "fog_distance": "0", "cloudiness": 79.49557399723697, "fog_density": 7.72524728451064, "wetness": 57.98564935120582, "precipitation_deposits": 51.36959534059476}}], "scenario_type": "Scenario39"}]}]}