{"available_scenarios": [{"Town05": [{"available_event_configurations": [{"transform": {"pitch": "0", "x": 35, "y": 130, "yaw": -90, "z": 0}, "_start_distance": 15.548835066258484, "_actor_vel": 2.2955280063814976, "_trigger_distance": 16.45595451804603, "_brake": 0.8229078942254785}, {"transform": {"pitch": "0", "x": 35, "y": 70, "yaw": -90, "z": 0}, "_start_distance": 15.548835066258484, "_actor_vel": 2.2955280063814976, "_trigger_distance": 16.45595451804603, "_brake": 0.8229078942254785, "weather": {"sun_altitude_angle": 86.31820504813238, "precipitation": 58.99011936620974, "wind_intensity": 68.19275342926854, "sun_azimuth_angle": 204.24733585977177, "fog_distance": "0", "cloudiness": 74.3340457281172, "fog_density": 9.01349656134104, "wetness": 9.756256398767116, "precipitation_deposits": 15.582914824451011}}], "scenario_type": "Scenario39"}], "Town01": [{"available_event_configurations": [{"transform": {"pitch": "0", "x": 300, "y": 129, "yaw": 180, "z": 0}, "_start_distance": 15.548835066258484, "_actor_vel": 2.2955280063814976, "_trigger_distance": 16.45595451804603, "_brake": 0.8229078942254785, "weather": {"sun_altitude_angle": 86.31820504813238, "precipitation": 58.99011936620974, "wind_intensity": 68.19275342926854, "sun_azimuth_angle": 204.24733585977177, "fog_distance": "0", "cloudiness": 74.3340457281172, "fog_density": 9.01349656134104, "wetness": 9.756256398767116, "precipitation_deposits": 15.582914824451011}}], "scenario_type": "Scenario39"}], "Town04": [{"available_event_configurations": [{"transform": {"pitch": "0", "x": 254.9, "y": -230.9, "yaw": 90, "z": 0}, "_start_distance": 15.548835066258484, "_actor_vel": 2.2955280063814976, "_trigger_distance": 16.45595451804603, "_brake": 0.8229078942254785, "weather": {"sun_altitude_angle": 86.31820504813238, "precipitation": 58.99011936620974, "wind_intensity": 68.19275342926854, "sun_azimuth_angle": 204.24733585977177, "fog_distance": "0", "cloudiness": 74.3340457281172, "fog_density": 9.01349656134104, "wetness": 9.756256398767116, "precipitation_deposits": 15.582914824451011}}], "scenario_type": "Scenario39"}], "Town03": [{"available_event_configurations": [{"transform": {"pitch": "0", "x": -88.5, "y": -90, "yaw": 90, "z": 0}, "_start_distance": 15.548835066258484, "_actor_vel": 2.2955280063814976, "_trigger_distance": 16.45595451804603, "_brake": 0.8229078942254785, "weather": {"sun_altitude_angle": 86.31820504813238, "precipitation": 58.99011936620974, "wind_intensity": 68.19275342926854, "sun_azimuth_angle": 204.24733585977177, "fog_distance": "0", "cloudiness": 74.3340457281172, "fog_density": 9.01349656134104, "wetness": 9.756256398767116, "precipitation_deposits": 15.582914824451011}}], "scenario_type": "Scenario39"}]}]}