{"available_scenarios": [{"Town05": [{"available_event_configurations": [{"transform": {"pitch": "0", "x": 35, "y": 130, "yaw": -90, "z": 0}, "_start_distance": 18.64136606695497, "_actor_vel": 2.0095471586522686, "_trigger_distance": 15.711468490596296, "_brake": 0.7180094851869354}, {"transform": {"pitch": "0", "x": 35, "y": 70, "yaw": -90, "z": 0}, "_start_distance": 18.64136606695497, "_actor_vel": 2.0095471586522686, "_trigger_distance": 15.711468490596296, "_brake": 0.7180094851869354, "weather": {"sun_altitude_angle": 78.12409170534734, "precipitation": 83.22387329652776, "wind_intensity": 79.60206620018097, "sun_azimuth_angle": 340.68899455373145, "fog_distance": "0", "cloudiness": 3.068323554735042, "fog_density": 9.92835957864704, "wetness": 86.52127007871786, "precipitation_deposits": 22.428972804594583}}], "scenario_type": "Scenario39"}], "Town01": [{"available_event_configurations": [{"transform": {"pitch": "0", "x": 300, "y": 129, "yaw": 180, "z": 0}, "_start_distance": 18.64136606695497, "_actor_vel": 2.0095471586522686, "_trigger_distance": 15.711468490596296, "_brake": 0.7180094851869354, "weather": {"sun_altitude_angle": 78.12409170534734, "precipitation": 83.22387329652776, "wind_intensity": 79.60206620018097, "sun_azimuth_angle": 340.68899455373145, "fog_distance": "0", "cloudiness": 3.068323554735042, "fog_density": 9.92835957864704, "wetness": 86.52127007871786, "precipitation_deposits": 22.428972804594583}}], "scenario_type": "Scenario39"}], "Town04": [{"available_event_configurations": [{"transform": {"pitch": "0", "x": 254.9, "y": -230.9, "yaw": 90, "z": 0}, "_start_distance": 18.64136606695497, "_actor_vel": 2.0095471586522686, "_trigger_distance": 15.711468490596296, "_brake": 0.7180094851869354, "weather": {"sun_altitude_angle": 78.12409170534734, "precipitation": 83.22387329652776, "wind_intensity": 79.60206620018097, "sun_azimuth_angle": 340.68899455373145, "fog_distance": "0", "cloudiness": 3.068323554735042, "fog_density": 9.92835957864704, "wetness": 86.52127007871786, "precipitation_deposits": 22.428972804594583}}], "scenario_type": "Scenario39"}], "Town03": [{"available_event_configurations": [{"transform": {"pitch": "0", "x": -88.5, "y": -90, "yaw": 90, "z": 0}, "_start_distance": 18.64136606695497, "_actor_vel": 2.0095471586522686, "_trigger_distance": 15.711468490596296, "_brake": 0.7180094851869354, "weather": {"sun_altitude_angle": 78.12409170534734, "precipitation": 83.22387329652776, "wind_intensity": 79.60206620018097, "sun_azimuth_angle": 340.68899455373145, "fog_distance": "0", "cloudiness": 3.068323554735042, "fog_density": 9.92835957864704, "wetness": 86.52127007871786, "precipitation_deposits": 22.428972804594583}}], "scenario_type": "Scenario39"}]}]}