{"available_scenarios": [{"Town05": [{"available_event_configurations": [{"transform": {"pitch": "0", "x": 35, "y": 130, "yaw": -90, "z": 0}, "_start_distance": 17.629103697249274, "_actor_vel": 2.2976745935705076, "_trigger_distance": 17.41112762742831, "_brake": 0.9890200176302295}, {"transform": {"pitch": "0", "x": 35, "y": 70, "yaw": -90, "z": 0}, "_start_distance": 17.629103697249274, "_actor_vel": 2.2976745935705076, "_trigger_distance": 17.41112762742831, "_brake": 0.9890200176302295, "weather": {"sun_altitude_angle": 22.031731772902788, "precipitation": 29.90431130935255, "wind_intensity": 45.40144401768708, "sun_azimuth_angle": 329.6140353330315, "fog_distance": "0", "cloudiness": 8.311178075099345, "fog_density": 3.0036623339432946, "wetness": 68.39657266789906, "precipitation_deposits": 89.90489145227801}}], "scenario_type": "Scenario39"}], "Town01": [{"available_event_configurations": [{"transform": {"pitch": "0", "x": 300, "y": 129, "yaw": 180, "z": 0}, "_start_distance": 17.629103697249274, "_actor_vel": 2.2976745935705076, "_trigger_distance": 17.41112762742831, "_brake": 0.9890200176302295, "weather": {"sun_altitude_angle": 22.031731772902788, "precipitation": 29.90431130935255, "wind_intensity": 45.40144401768708, "sun_azimuth_angle": 329.6140353330315, "fog_distance": "0", "cloudiness": 8.311178075099345, "fog_density": 3.0036623339432946, "wetness": 68.39657266789906, "precipitation_deposits": 89.90489145227801}}], "scenario_type": "Scenario39"}], "Town04": [{"available_event_configurations": [{"transform": {"pitch": "0", "x": 254.9, "y": -230.9, "yaw": 90, "z": 0}, "_start_distance": 17.629103697249274, "_actor_vel": 2.2976745935705076, "_trigger_distance": 17.41112762742831, "_brake": 0.9890200176302295, "weather": {"sun_altitude_angle": 22.031731772902788, "precipitation": 29.90431130935255, "wind_intensity": 45.40144401768708, "sun_azimuth_angle": 329.6140353330315, "fog_distance": "0", "cloudiness": 8.311178075099345, "fog_density": 3.0036623339432946, "wetness": 68.39657266789906, "precipitation_deposits": 89.90489145227801}}], "scenario_type": "Scenario39"}], "Town03": [{"available_event_configurations": [{"transform": {"pitch": "0", "x": -88.5, "y": -90, "yaw": 90, "z": 0}, "_start_distance": 17.629103697249274, "_actor_vel": 2.2976745935705076, "_trigger_distance": 17.41112762742831, "_brake": 0.9890200176302295, "weather": {"sun_altitude_angle": 22.031731772902788, "precipitation": 29.90431130935255, "wind_intensity": 45.40144401768708, "sun_azimuth_angle": 329.6140353330315, "fog_distance": "0", "cloudiness": 8.311178075099345, "fog_density": 3.0036623339432946, "wetness": 68.39657266789906, "precipitation_deposits": 89.90489145227801}}], "scenario_type": "Scenario39"}]}]}