{"available_scenarios": [{"Town05": [{"available_event_configurations": [{"transform": {"pitch": "0", "x": 35, "y": 130, "yaw": -90, "z": 0}, "_start_distance": 18.396304273141894, "_actor_vel": 2.248460099607994, "_trigger_distance": 15.94862124955102, "_brake": 0.724221263790902}, {"transform": {"pitch": "0", "x": 35, "y": 70, "yaw": -90, "z": 0}, "_start_distance": 18.396304273141894, "_actor_vel": 2.248460099607994, "_trigger_distance": 15.94862124955102, "_brake": 0.724221263790902, "weather": {"sun_altitude_angle": 89.33313155701927, "precipitation": 94.89211665855746, "wind_intensity": 51.97392038217815, "sun_azimuth_angle": 131.960213361587, "fog_distance": "0", "cloudiness": 83.20731596552865, "fog_density": 0.20112465406034397, "wetness": 28.52757093232212, "precipitation_deposits": 13.185737496482286}}], "scenario_type": "Scenario39"}], "Town01": [{"available_event_configurations": [{"transform": {"pitch": "0", "x": 300, "y": 129, "yaw": 180, "z": 0}, "_start_distance": 18.396304273141894, "_actor_vel": 2.248460099607994, "_trigger_distance": 15.94862124955102, "_brake": 0.724221263790902, "weather": {"sun_altitude_angle": 89.33313155701927, "precipitation": 94.89211665855746, "wind_intensity": 51.97392038217815, "sun_azimuth_angle": 131.960213361587, "fog_distance": "0", "cloudiness": 83.20731596552865, "fog_density": 0.20112465406034397, "wetness": 28.52757093232212, "precipitation_deposits": 13.185737496482286}}], "scenario_type": "Scenario39"}], "Town04": [{"available_event_configurations": [{"transform": {"pitch": "0", "x": 254.9, "y": -230.9, "yaw": 90, "z": 0}, "_start_distance": 18.396304273141894, "_actor_vel": 2.248460099607994, "_trigger_distance": 15.94862124955102, "_brake": 0.724221263790902, "weather": {"sun_altitude_angle": 89.33313155701927, "precipitation": 94.89211665855746, "wind_intensity": 51.97392038217815, "sun_azimuth_angle": 131.960213361587, "fog_distance": "0", "cloudiness": 83.20731596552865, "fog_density": 0.20112465406034397, "wetness": 28.52757093232212, "precipitation_deposits": 13.185737496482286}}], "scenario_type": "Scenario39"}], "Town03": [{"available_event_configurations": [{"transform": {"pitch": "0", "x": -88.5, "y": -90, "yaw": 90, "z": 0}, "_start_distance": 18.396304273141894, "_actor_vel": 2.248460099607994, "_trigger_distance": 15.94862124955102, "_brake": 0.724221263790902, "weather": {"sun_altitude_angle": 89.33313155701927, "precipitation": 94.89211665855746, "wind_intensity": 51.97392038217815, "sun_azimuth_angle": 131.960213361587, "fog_distance": "0", "cloudiness": 83.20731596552865, "fog_density": 0.20112465406034397, "wetness": 28.52757093232212, "precipitation_deposits": 13.185737496482286}}], "scenario_type": "Scenario39"}]}]}