{"available_scenarios": [{"Town05": [{"available_event_configurations": [{"transform": {"pitch": "0", "x": 35, "y": 130, "yaw": -90, "z": 0}, "_start_distance": 17.226274189489732, "_actor_vel": 2.33456610072271, "_trigger_distance": 19.254653645049228, "_brake": 0.960277325403332}, {"transform": {"pitch": "0", "x": 35, "y": 70, "yaw": -90, "z": 0}, "_start_distance": 17.226274189489732, "_actor_vel": 2.33456610072271, "_trigger_distance": 19.254653645049228, "_brake": 0.960277325403332, "weather": {"sun_altitude_angle": 15.878610560029609, "precipitation": 6.256426506413193, "wind_intensity": 7.95942515777176, "sun_azimuth_angle": 206.78463892627545, "fog_distance": "0", "cloudiness": 91.40156133578922, "fog_density": 6.695508253780737, "wetness": 5.601471314997242, "precipitation_deposits": 69.01630619435066}}], "scenario_type": "Scenario39"}], "Town01": [{"available_event_configurations": [{"transform": {"pitch": "0", "x": 300, "y": 129, "yaw": 180, "z": 0}, "_start_distance": 17.226274189489732, "_actor_vel": 2.33456610072271, "_trigger_distance": 19.254653645049228, "_brake": 0.960277325403332, "weather": {"sun_altitude_angle": 15.878610560029609, "precipitation": 6.256426506413193, "wind_intensity": 7.95942515777176, "sun_azimuth_angle": 206.78463892627545, "fog_distance": "0", "cloudiness": 91.40156133578922, "fog_density": 6.695508253780737, "wetness": 5.601471314997242, "precipitation_deposits": 69.01630619435066}}], "scenario_type": "Scenario39"}], "Town04": [{"available_event_configurations": [{"transform": {"pitch": "0", "x": 254.9, "y": -230.9, "yaw": 90, "z": 0}, "_start_distance": 17.226274189489732, "_actor_vel": 2.33456610072271, "_trigger_distance": 19.254653645049228, "_brake": 0.960277325403332, "weather": {"sun_altitude_angle": 15.878610560029609, "precipitation": 6.256426506413193, "wind_intensity": 7.95942515777176, "sun_azimuth_angle": 206.78463892627545, "fog_distance": "0", "cloudiness": 91.40156133578922, "fog_density": 6.695508253780737, "wetness": 5.601471314997242, "precipitation_deposits": 69.01630619435066}}], "scenario_type": "Scenario39"}], "Town03": [{"available_event_configurations": [{"transform": {"pitch": "0", "x": -88.5, "y": -90, "yaw": 90, "z": 0}, "_start_distance": 17.226274189489732, "_actor_vel": 2.33456610072271, "_trigger_distance": 19.254653645049228, "_brake": 0.960277325403332, "weather": {"sun_altitude_angle": 15.878610560029609, "precipitation": 6.256426506413193, "wind_intensity": 7.95942515777176, "sun_azimuth_angle": 206.78463892627545, "fog_distance": "0", "cloudiness": 91.40156133578922, "fog_density": 6.695508253780737, "wetness": 5.601471314997242, "precipitation_deposits": 69.01630619435066}}], "scenario_type": "Scenario39"}]}]}