{"available_scenarios": [{"Town05": [{"available_event_configurations": [{"transform": {"pitch": "0", "x": 35, "y": 130, "yaw": -90, "z": 0}, "_start_distance": 15.757304972003952, "_actor_vel": 2.4726426487258766, "_trigger_distance": 18.64360821658194, "_brake": 0.8472117003910794}, {"transform": {"pitch": "0", "x": 35, "y": 70, "yaw": -90, "z": 0}, "_start_distance": 15.757304972003952, "_actor_vel": 2.4726426487258766, "_trigger_distance": 18.64360821658194, "_brake": 0.8472117003910794, "weather": {"sun_altitude_angle": 33.29769122250364, "precipitation": 81.58851486185318, "wind_intensity": 60.764857439650356, "sun_azimuth_angle": 219.9759818705047, "fog_distance": "0", "cloudiness": 90.56940837323833, "fog_density": 2.2972991873864523, "wetness": 92.436680809676, "precipitation_deposits": 41.83850926983636}}], "scenario_type": "Scenario39"}], "Town01": [{"available_event_configurations": [{"transform": {"pitch": "0", "x": 300, "y": 129, "yaw": 180, "z": 0}, "_start_distance": 15.757304972003952, "_actor_vel": 2.4726426487258766, "_trigger_distance": 18.64360821658194, "_brake": 0.8472117003910794, "weather": {"sun_altitude_angle": 33.29769122250364, "precipitation": 81.58851486185318, "wind_intensity": 60.764857439650356, "sun_azimuth_angle": 219.9759818705047, "fog_distance": "0", "cloudiness": 90.56940837323833, "fog_density": 2.2972991873864523, "wetness": 92.436680809676, "precipitation_deposits": 41.83850926983636}}], "scenario_type": "Scenario39"}], "Town04": [{"available_event_configurations": [{"transform": {"pitch": "0", "x": 254.9, "y": -230.9, "yaw": 90, "z": 0}, "_start_distance": 15.757304972003952, "_actor_vel": 2.4726426487258766, "_trigger_distance": 18.64360821658194, "_brake": 0.8472117003910794, "weather": {"sun_altitude_angle": 33.29769122250364, "precipitation": 81.58851486185318, "wind_intensity": 60.764857439650356, "sun_azimuth_angle": 219.9759818705047, "fog_distance": "0", "cloudiness": 90.56940837323833, "fog_density": 2.2972991873864523, "wetness": 92.436680809676, "precipitation_deposits": 41.83850926983636}}], "scenario_type": "Scenario39"}], "Town03": [{"available_event_configurations": [{"transform": {"pitch": "0", "x": -88.5, "y": -90, "yaw": 90, "z": 0}, "_start_distance": 15.757304972003952, "_actor_vel": 2.4726426487258766, "_trigger_distance": 18.64360821658194, "_brake": 0.8472117003910794, "weather": {"sun_altitude_angle": 33.29769122250364, "precipitation": 81.58851486185318, "wind_intensity": 60.764857439650356, "sun_azimuth_angle": 219.9759818705047, "fog_distance": "0", "cloudiness": 90.56940837323833, "fog_density": 2.2972991873864523, "wetness": 92.436680809676, "precipitation_deposits": 41.83850926983636}}], "scenario_type": "Scenario39"}]}]}