{"available_scenarios": [{"Town05": [{"available_event_configurations": [{"transform": {"pitch": "0", "x": 35, "y": 130, "yaw": -90, "z": 0}, "_start_distance": 16.60973423906639, "_actor_vel": 2.2302405496162603, "_trigger_distance": 18.493562053492703, "_brake": 0.8121192789588598}, {"transform": {"pitch": "0", "x": 35, "y": 70, "yaw": -90, "z": 0}, "_start_distance": 16.60973423906639, "_actor_vel": 2.2302405496162603, "_trigger_distance": 18.493562053492703, "_brake": 0.8121192789588598, "weather": {"sun_altitude_angle": 47.26500151690947, "precipitation": 83.59860707282763, "wind_intensity": 46.845851761131996, "sun_azimuth_angle": 201.4684801927537, "fog_distance": "0", "cloudiness": 80.39272592191544, "fog_density": 9.404421378630621, "wetness": 44.192821813098334, "precipitation_deposits": 25.939115635083787}}], "scenario_type": "Scenario39"}], "Town01": [{"available_event_configurations": [{"transform": {"pitch": "0", "x": 300, "y": 129, "yaw": 180, "z": 0}, "_start_distance": 16.60973423906639, "_actor_vel": 2.2302405496162603, "_trigger_distance": 18.493562053492703, "_brake": 0.8121192789588598, "weather": {"sun_altitude_angle": 47.26500151690947, "precipitation": 83.59860707282763, "wind_intensity": 46.845851761131996, "sun_azimuth_angle": 201.4684801927537, "fog_distance": "0", "cloudiness": 80.39272592191544, "fog_density": 9.404421378630621, "wetness": 44.192821813098334, "precipitation_deposits": 25.939115635083787}}], "scenario_type": "Scenario39"}], "Town04": [{"available_event_configurations": [{"transform": {"pitch": "0", "x": 254.9, "y": -230.9, "yaw": 90, "z": 0}, "_start_distance": 16.60973423906639, "_actor_vel": 2.2302405496162603, "_trigger_distance": 18.493562053492703, "_brake": 0.8121192789588598, "weather": {"sun_altitude_angle": 47.26500151690947, "precipitation": 83.59860707282763, "wind_intensity": 46.845851761131996, "sun_azimuth_angle": 201.4684801927537, "fog_distance": "0", "cloudiness": 80.39272592191544, "fog_density": 9.404421378630621, "wetness": 44.192821813098334, "precipitation_deposits": 25.939115635083787}}], "scenario_type": "Scenario39"}], "Town03": [{"available_event_configurations": [{"transform": {"pitch": "0", "x": -88.5, "y": -90, "yaw": 90, "z": 0}, "_start_distance": 16.60973423906639, "_actor_vel": 2.2302405496162603, "_trigger_distance": 18.493562053492703, "_brake": 0.8121192789588598, "weather": {"sun_altitude_angle": 47.26500151690947, "precipitation": 83.59860707282763, "wind_intensity": 46.845851761131996, "sun_azimuth_angle": 201.4684801927537, "fog_distance": "0", "cloudiness": 80.39272592191544, "fog_density": 9.404421378630621, "wetness": 44.192821813098334, "precipitation_deposits": 25.939115635083787}}], "scenario_type": "Scenario39"}]}]}