{"available_scenarios": [{"Town05": [{"available_event_configurations": [{"transform": {"pitch": "0", "x": 35, "y": 130, "yaw": -90, "z": 0}, "_start_distance": 15.907314221196499, "_actor_vel": 2.2627010932722538, "_trigger_distance": 19.6601417960689, "_brake": 0.5433997074163526}, {"transform": {"pitch": "0", "x": 35, "y": 70, "yaw": -90, "z": 0}, "_start_distance": 15.907314221196499, "_actor_vel": 2.2627010932722538, "_trigger_distance": 19.6601417960689, "_brake": 0.5433997074163526, "weather": {"sun_altitude_angle": 10.541194800839241, "precipitation": 63.376900655275435, "wind_intensity": 73.45204777657543, "sun_azimuth_angle": 267.8923903372925, "fog_distance": "0", "cloudiness": 45.99491520070974, "fog_density": 8.028144431246954, "wetness": 23.93942931645935, "precipitation_deposits": 24.197421009464925}}], "scenario_type": "Scenario39"}], "Town01": [{"available_event_configurations": [{"transform": {"pitch": "0", "x": 300, "y": 129, "yaw": 180, "z": 0}, "_start_distance": 15.907314221196499, "_actor_vel": 2.2627010932722538, "_trigger_distance": 19.6601417960689, "_brake": 0.5433997074163526, "weather": {"sun_altitude_angle": 10.541194800839241, "precipitation": 63.376900655275435, "wind_intensity": 73.45204777657543, "sun_azimuth_angle": 267.8923903372925, "fog_distance": "0", "cloudiness": 45.99491520070974, "fog_density": 8.028144431246954, "wetness": 23.93942931645935, "precipitation_deposits": 24.197421009464925}}], "scenario_type": "Scenario39"}], "Town04": [{"available_event_configurations": [{"transform": {"pitch": "0", "x": 254.9, "y": -230.9, "yaw": 90, "z": 0}, "_start_distance": 15.907314221196499, "_actor_vel": 2.2627010932722538, "_trigger_distance": 19.6601417960689, "_brake": 0.5433997074163526, "weather": {"sun_altitude_angle": 10.541194800839241, "precipitation": 63.376900655275435, "wind_intensity": 73.45204777657543, "sun_azimuth_angle": 267.8923903372925, "fog_distance": "0", "cloudiness": 45.99491520070974, "fog_density": 8.028144431246954, "wetness": 23.93942931645935, "precipitation_deposits": 24.197421009464925}}], "scenario_type": "Scenario39"}], "Town03": [{"available_event_configurations": [{"transform": {"pitch": "0", "x": -88.5, "y": -90, "yaw": 90, "z": 0}, "_start_distance": 15.907314221196499, "_actor_vel": 2.2627010932722538, "_trigger_distance": 19.6601417960689, "_brake": 0.5433997074163526, "weather": {"sun_altitude_angle": 10.541194800839241, "precipitation": 63.376900655275435, "wind_intensity": 73.45204777657543, "sun_azimuth_angle": 267.8923903372925, "fog_distance": "0", "cloudiness": 45.99491520070974, "fog_density": 8.028144431246954, "wetness": 23.93942931645935, "precipitation_deposits": 24.197421009464925}}], "scenario_type": "Scenario39"}]}]}