{"available_scenarios": [{"Town05": [{"available_event_configurations": [{"transform": {"pitch": "0", "x": 35, "y": 130, "yaw": -90, "z": 0}, "_start_distance": 17.543909942415844, "_actor_vel": 2.3349305158786056, "_trigger_distance": 19.278446940461443, "_brake": 0.7039653839014258}, {"transform": {"pitch": "0", "x": 35, "y": 70, "yaw": -90, "z": 0}, "_start_distance": 17.543909942415844, "_actor_vel": 2.3349305158786056, "_trigger_distance": 19.278446940461443, "_brake": 0.7039653839014258, "weather": {"sun_altitude_angle": 14.828309188360574, "precipitation": 36.11193118346857, "wind_intensity": 48.364047182251056, "sun_azimuth_angle": 6.676051503086806, "fog_distance": "0", "cloudiness": 4.1204057182064435, "fog_density": 0.6236874006008952, "wetness": 57.77127398395279, "precipitation_deposits": 75.24063752254251}}], "scenario_type": "Scenario39"}], "Town01": [{"available_event_configurations": [{"transform": {"pitch": "0", "x": 300, "y": 129, "yaw": 180, "z": 0}, "_start_distance": 17.543909942415844, "_actor_vel": 2.3349305158786056, "_trigger_distance": 19.278446940461443, "_brake": 0.7039653839014258, "weather": {"sun_altitude_angle": 14.828309188360574, "precipitation": 36.11193118346857, "wind_intensity": 48.364047182251056, "sun_azimuth_angle": 6.676051503086806, "fog_distance": "0", "cloudiness": 4.1204057182064435, "fog_density": 0.6236874006008952, "wetness": 57.77127398395279, "precipitation_deposits": 75.24063752254251}}], "scenario_type": "Scenario39"}], "Town04": [{"available_event_configurations": [{"transform": {"pitch": "0", "x": 254.9, "y": -230.9, "yaw": 90, "z": 0}, "_start_distance": 17.543909942415844, "_actor_vel": 2.3349305158786056, "_trigger_distance": 19.278446940461443, "_brake": 0.7039653839014258, "weather": {"sun_altitude_angle": 14.828309188360574, "precipitation": 36.11193118346857, "wind_intensity": 48.364047182251056, "sun_azimuth_angle": 6.676051503086806, "fog_distance": "0", "cloudiness": 4.1204057182064435, "fog_density": 0.6236874006008952, "wetness": 57.77127398395279, "precipitation_deposits": 75.24063752254251}}], "scenario_type": "Scenario39"}], "Town03": [{"available_event_configurations": [{"transform": {"pitch": "0", "x": -88.5, "y": -90, "yaw": 90, "z": 0}, "_start_distance": 17.543909942415844, "_actor_vel": 2.3349305158786056, "_trigger_distance": 19.278446940461443, "_brake": 0.7039653839014258, "weather": {"sun_altitude_angle": 14.828309188360574, "precipitation": 36.11193118346857, "wind_intensity": 48.364047182251056, "sun_azimuth_angle": 6.676051503086806, "fog_distance": "0", "cloudiness": 4.1204057182064435, "fog_density": 0.6236874006008952, "wetness": 57.77127398395279, "precipitation_deposits": 75.24063752254251}}], "scenario_type": "Scenario39"}]}]}