{"available_scenarios": [{"Town05": [{"available_event_configurations": [{"transform": {"pitch": "0", "x": 35, "y": 130, "yaw": -90, "z": 0}, "_start_distance": 19.27477811101125, "_actor_vel": 2.490488435294603, "_trigger_distance": 19.136265863302054, "_brake": 0.9077354193964093}, {"transform": {"pitch": "0", "x": 35, "y": 70, "yaw": -90, "z": 0}, "_start_distance": 19.27477811101125, "_actor_vel": 2.490488435294603, "_trigger_distance": 19.136265863302054, "_brake": 0.9077354193964093, "weather": {"sun_altitude_angle": 7.431664718023006, "precipitation": 91.43949723701994, "wind_intensity": 85.38237878318365, "sun_azimuth_angle": 223.27385009756887, "fog_distance": "0", "cloudiness": 66.04538172467721, "fog_density": 7.503366731039435, "wetness": 30.079086442306057, "precipitation_deposits": 57.17454525455787}}], "scenario_type": "Scenario39"}], "Town01": [{"available_event_configurations": [{"transform": {"pitch": "0", "x": 300, "y": 129, "yaw": 180, "z": 0}, "_start_distance": 19.27477811101125, "_actor_vel": 2.490488435294603, "_trigger_distance": 19.136265863302054, "_brake": 0.9077354193964093, "weather": {"sun_altitude_angle": 7.431664718023006, "precipitation": 91.43949723701994, "wind_intensity": 85.38237878318365, "sun_azimuth_angle": 223.27385009756887, "fog_distance": "0", "cloudiness": 66.04538172467721, "fog_density": 7.503366731039435, "wetness": 30.079086442306057, "precipitation_deposits": 57.17454525455787}}], "scenario_type": "Scenario39"}], "Town04": [{"available_event_configurations": [{"transform": {"pitch": "0", "x": 254.9, "y": -230.9, "yaw": 90, "z": 0}, "_start_distance": 19.27477811101125, "_actor_vel": 2.490488435294603, "_trigger_distance": 19.136265863302054, "_brake": 0.9077354193964093, "weather": {"sun_altitude_angle": 7.431664718023006, "precipitation": 91.43949723701994, "wind_intensity": 85.38237878318365, "sun_azimuth_angle": 223.27385009756887, "fog_distance": "0", "cloudiness": 66.04538172467721, "fog_density": 7.503366731039435, "wetness": 30.079086442306057, "precipitation_deposits": 57.17454525455787}}], "scenario_type": "Scenario39"}], "Town03": [{"available_event_configurations": [{"transform": {"pitch": "0", "x": -88.5, "y": -90, "yaw": 90, "z": 0}, "_start_distance": 19.27477811101125, "_actor_vel": 2.490488435294603, "_trigger_distance": 19.136265863302054, "_brake": 0.9077354193964093, "weather": {"sun_altitude_angle": 7.431664718023006, "precipitation": 91.43949723701994, "wind_intensity": 85.38237878318365, "sun_azimuth_angle": 223.27385009756887, "fog_distance": "0", "cloudiness": 66.04538172467721, "fog_density": 7.503366731039435, "wetness": 30.079086442306057, "precipitation_deposits": 57.17454525455787}}], "scenario_type": "Scenario39"}]}]}