{"available_scenarios": [{"Town05": [{"available_event_configurations": [{"transform": {"pitch": "0", "x": 35, "y": 130, "yaw": -90, "z": 0}, "_start_distance": 16.56298713620922, "_actor_vel": 2.1784149647764637, "_trigger_distance": 18.04780901488277, "_brake": 0.7860358323314409}, {"transform": {"pitch": "0", "x": 35, "y": 70, "yaw": -90, "z": 0}, "_start_distance": 16.56298713620922, "_actor_vel": 2.1784149647764637, "_trigger_distance": 18.04780901488277, "_brake": 0.7860358323314409, "weather": {"sun_altitude_angle": 87.92018273882842, "precipitation": 14.410104663435996, "wind_intensity": 28.312948723135058, "sun_azimuth_angle": 170.11609043985476, "fog_distance": "0", "cloudiness": 71.27247142207285, "fog_density": 2.973079078595812, "wetness": 96.95096588536437, "precipitation_deposits": 51.292217024032105}}], "scenario_type": "Scenario39"}], "Town01": [{"available_event_configurations": [{"transform": {"pitch": "0", "x": 300, "y": 129, "yaw": 180, "z": 0}, "_start_distance": 16.56298713620922, "_actor_vel": 2.1784149647764637, "_trigger_distance": 18.04780901488277, "_brake": 0.7860358323314409, "weather": {"sun_altitude_angle": 87.92018273882842, "precipitation": 14.410104663435996, "wind_intensity": 28.312948723135058, "sun_azimuth_angle": 170.11609043985476, "fog_distance": "0", "cloudiness": 71.27247142207285, "fog_density": 2.973079078595812, "wetness": 96.95096588536437, "precipitation_deposits": 51.292217024032105}}], "scenario_type": "Scenario39"}], "Town04": [{"available_event_configurations": [{"transform": {"pitch": "0", "x": 254.9, "y": -230.9, "yaw": 90, "z": 0}, "_start_distance": 16.56298713620922, "_actor_vel": 2.1784149647764637, "_trigger_distance": 18.04780901488277, "_brake": 0.7860358323314409, "weather": {"sun_altitude_angle": 87.92018273882842, "precipitation": 14.410104663435996, "wind_intensity": 28.312948723135058, "sun_azimuth_angle": 170.11609043985476, "fog_distance": "0", "cloudiness": 71.27247142207285, "fog_density": 2.973079078595812, "wetness": 96.95096588536437, "precipitation_deposits": 51.292217024032105}}], "scenario_type": "Scenario39"}], "Town03": [{"available_event_configurations": [{"transform": {"pitch": "0", "x": -88.5, "y": -90, "yaw": 90, "z": 0}, "_start_distance": 16.56298713620922, "_actor_vel": 2.1784149647764637, "_trigger_distance": 18.04780901488277, "_brake": 0.7860358323314409, "weather": {"sun_altitude_angle": 87.92018273882842, "precipitation": 14.410104663435996, "wind_intensity": 28.312948723135058, "sun_azimuth_angle": 170.11609043985476, "fog_distance": "0", "cloudiness": 71.27247142207285, "fog_density": 2.973079078595812, "wetness": 96.95096588536437, "precipitation_deposits": 51.292217024032105}}], "scenario_type": "Scenario39"}]}]}