{"available_scenarios": [{"Town05": [{"available_event_configurations": [{"transform": {"pitch": "0", "x": 35, "y": 130, "yaw": -90, "z": 0}, "_start_distance": 17.29242494177445, "_actor_vel": 2.1166710083504934, "_trigger_distance": 19.83381106804083, "_brake": 0.568437857210531}, {"transform": {"pitch": "0", "x": 35, "y": 70, "yaw": -90, "z": 0}, "_start_distance": 17.29242494177445, "_actor_vel": 2.1166710083504934, "_trigger_distance": 19.83381106804083, "_brake": 0.568437857210531, "weather": {"sun_altitude_angle": 15.464125580986428, "precipitation": 86.72104850708155, "wind_intensity": 31.387206734235605, "sun_azimuth_angle": 283.90882323648134, "fog_distance": "0", "cloudiness": 23.98411627217453, "fog_density": 6.6130497629904, "wetness": 90.46227609808908, "precipitation_deposits": 21.17406938198917}}], "scenario_type": "Scenario39"}], "Town01": [{"available_event_configurations": [{"transform": {"pitch": "0", "x": 300, "y": 129, "yaw": 180, "z": 0}, "_start_distance": 17.29242494177445, "_actor_vel": 2.1166710083504934, "_trigger_distance": 19.83381106804083, "_brake": 0.568437857210531, "weather": {"sun_altitude_angle": 15.464125580986428, "precipitation": 86.72104850708155, "wind_intensity": 31.387206734235605, "sun_azimuth_angle": 283.90882323648134, "fog_distance": "0", "cloudiness": 23.98411627217453, "fog_density": 6.6130497629904, "wetness": 90.46227609808908, "precipitation_deposits": 21.17406938198917}}], "scenario_type": "Scenario39"}], "Town04": [{"available_event_configurations": [{"transform": {"pitch": "0", "x": 254.9, "y": -230.9, "yaw": 90, "z": 0}, "_start_distance": 17.29242494177445, "_actor_vel": 2.1166710083504934, "_trigger_distance": 19.83381106804083, "_brake": 0.568437857210531, "weather": {"sun_altitude_angle": 15.464125580986428, "precipitation": 86.72104850708155, "wind_intensity": 31.387206734235605, "sun_azimuth_angle": 283.90882323648134, "fog_distance": "0", "cloudiness": 23.98411627217453, "fog_density": 6.6130497629904, "wetness": 90.46227609808908, "precipitation_deposits": 21.17406938198917}}], "scenario_type": "Scenario39"}], "Town03": [{"available_event_configurations": [{"transform": {"pitch": "0", "x": -88.5, "y": -90, "yaw": 90, "z": 0}, "_start_distance": 17.29242494177445, "_actor_vel": 2.1166710083504934, "_trigger_distance": 19.83381106804083, "_brake": 0.568437857210531, "weather": {"sun_altitude_angle": 15.464125580986428, "precipitation": 86.72104850708155, "wind_intensity": 31.387206734235605, "sun_azimuth_angle": 283.90882323648134, "fog_distance": "0", "cloudiness": 23.98411627217453, "fog_density": 6.6130497629904, "wetness": 90.46227609808908, "precipitation_deposits": 21.17406938198917}}], "scenario_type": "Scenario39"}]}]}