{"available_scenarios": [{"Town05": [{"available_event_configurations": [{"transform": {"pitch": "0", "x": 35, "y": 130, "yaw": -90, "z": 0}, "_start_distance": 19.407420111496144, "_actor_vel": 2.15357577611849, "_trigger_distance": 19.185410707771712, "_brake": 0.7747447864033172}, {"transform": {"pitch": "0", "x": 35, "y": 70, "yaw": -90, "z": 0}, "_start_distance": 19.407420111496144, "_actor_vel": 2.15357577611849, "_trigger_distance": 19.185410707771712, "_brake": 0.7747447864033172, "weather": {"sun_altitude_angle": 8.433768457952802, "precipitation": 45.2966193099515, "wind_intensity": 63.936245675992545, "sun_azimuth_angle": 160.89623040153944, "fog_distance": "0", "cloudiness": 63.16994166590393, "fog_density": 1.2290417397864284, "wetness": 52.44172214360875, "precipitation_deposits": 57.68913327383506}}], "scenario_type": "Scenario39"}], "Town01": [{"available_event_configurations": [{"transform": {"pitch": "0", "x": 300, "y": 129, "yaw": 180, "z": 0}, "_start_distance": 19.407420111496144, "_actor_vel": 2.15357577611849, "_trigger_distance": 19.185410707771712, "_brake": 0.7747447864033172, "weather": {"sun_altitude_angle": 8.433768457952802, "precipitation": 45.2966193099515, "wind_intensity": 63.936245675992545, "sun_azimuth_angle": 160.89623040153944, "fog_distance": "0", "cloudiness": 63.16994166590393, "fog_density": 1.2290417397864284, "wetness": 52.44172214360875, "precipitation_deposits": 57.68913327383506}}], "scenario_type": "Scenario39"}], "Town04": [{"available_event_configurations": [{"transform": {"pitch": "0", "x": 254.9, "y": -230.9, "yaw": 90, "z": 0}, "_start_distance": 19.407420111496144, "_actor_vel": 2.15357577611849, "_trigger_distance": 19.185410707771712, "_brake": 0.7747447864033172, "weather": {"sun_altitude_angle": 8.433768457952802, "precipitation": 45.2966193099515, "wind_intensity": 63.936245675992545, "sun_azimuth_angle": 160.89623040153944, "fog_distance": "0", "cloudiness": 63.16994166590393, "fog_density": 1.2290417397864284, "wetness": 52.44172214360875, "precipitation_deposits": 57.68913327383506}}], "scenario_type": "Scenario39"}], "Town03": [{"available_event_configurations": [{"transform": {"pitch": "0", "x": -88.5, "y": -90, "yaw": 90, "z": 0}, "_start_distance": 19.407420111496144, "_actor_vel": 2.15357577611849, "_trigger_distance": 19.185410707771712, "_brake": 0.7747447864033172, "weather": {"sun_altitude_angle": 8.433768457952802, "precipitation": 45.2966193099515, "wind_intensity": 63.936245675992545, "sun_azimuth_angle": 160.89623040153944, "fog_distance": "0", "cloudiness": 63.16994166590393, "fog_density": 1.2290417397864284, "wetness": 52.44172214360875, "precipitation_deposits": 57.68913327383506}}], "scenario_type": "Scenario39"}]}]}