{"available_scenarios": [{"Town05": [{"available_event_configurations": [{"transform": {"pitch": "0", "x": 35, "y": 130, "yaw": -90, "z": 0}, "_start_distance": 17.731815424652055, "_actor_vel": 2.3703357000912177, "_trigger_distance": 15.854606532337955, "_brake": 0.9516751643120136}, {"transform": {"pitch": "0", "x": 35, "y": 70, "yaw": -90, "z": 0}, "_start_distance": 17.731815424652055, "_actor_vel": 2.3703357000912177, "_trigger_distance": 15.854606532337955, "_brake": 0.9516751643120136, "weather": {"sun_altitude_angle": 54.38277195602483, "precipitation": 2.449011660051381, "wind_intensity": 69.58717687779925, "sun_azimuth_angle": 132.56248164974755, "fog_distance": "0", "cloudiness": 57.6358605495389, "fog_density": 7.240068145101645, "wetness": 6.074491975416407, "precipitation_deposits": 15.53013806104111}}], "scenario_type": "Scenario39"}], "Town01": [{"available_event_configurations": [{"transform": {"pitch": "0", "x": 300, "y": 129, "yaw": 180, "z": 0}, "_start_distance": 17.731815424652055, "_actor_vel": 2.3703357000912177, "_trigger_distance": 15.854606532337955, "_brake": 0.9516751643120136, "weather": {"sun_altitude_angle": 54.38277195602483, "precipitation": 2.449011660051381, "wind_intensity": 69.58717687779925, "sun_azimuth_angle": 132.56248164974755, "fog_distance": "0", "cloudiness": 57.6358605495389, "fog_density": 7.240068145101645, "wetness": 6.074491975416407, "precipitation_deposits": 15.53013806104111}}], "scenario_type": "Scenario39"}], "Town04": [{"available_event_configurations": [{"transform": {"pitch": "0", "x": 254.9, "y": -230.9, "yaw": 90, "z": 0}, "_start_distance": 17.731815424652055, "_actor_vel": 2.3703357000912177, "_trigger_distance": 15.854606532337955, "_brake": 0.9516751643120136, "weather": {"sun_altitude_angle": 54.38277195602483, "precipitation": 2.449011660051381, "wind_intensity": 69.58717687779925, "sun_azimuth_angle": 132.56248164974755, "fog_distance": "0", "cloudiness": 57.6358605495389, "fog_density": 7.240068145101645, "wetness": 6.074491975416407, "precipitation_deposits": 15.53013806104111}}], "scenario_type": "Scenario39"}], "Town03": [{"available_event_configurations": [{"transform": {"pitch": "0", "x": -88.5, "y": -90, "yaw": 90, "z": 0}, "_start_distance": 17.731815424652055, "_actor_vel": 2.3703357000912177, "_trigger_distance": 15.854606532337955, "_brake": 0.9516751643120136, "weather": {"sun_altitude_angle": 54.38277195602483, "precipitation": 2.449011660051381, "wind_intensity": 69.58717687779925, "sun_azimuth_angle": 132.56248164974755, "fog_distance": "0", "cloudiness": 57.6358605495389, "fog_density": 7.240068145101645, "wetness": 6.074491975416407, "precipitation_deposits": 15.53013806104111}}], "scenario_type": "Scenario39"}]}]}