{"available_scenarios": [{"Town05": [{"available_event_configurations": [{"transform": {"pitch": "0", "x": 35, "y": 130, "yaw": -90, "z": 0}, "_start_distance": 15.137522545495122, "_actor_vel": 2.3404957142169494, "_trigger_distance": 18.190586127814093, "_brake": 0.5064656064710484}, {"transform": {"pitch": "0", "x": 35, "y": 70, "yaw": -90, "z": 0}, "_start_distance": 15.137522545495122, "_actor_vel": 2.3404957142169494, "_trigger_distance": 18.190586127814093, "_brake": 0.5064656064710484, "weather": {"sun_altitude_angle": 23.21644491951968, "precipitation": 14.634271348474693, "wind_intensity": 45.24690925595407, "sun_azimuth_angle": 73.22806305756504, "fog_distance": "0", "cloudiness": 55.44402192936613, "fog_density": 5.918977721609896, "wetness": 51.56696844119717, "precipitation_deposits": 39.04562342179385}}], "scenario_type": "Scenario39"}], "Town01": [{"available_event_configurations": [{"transform": {"pitch": "0", "x": 300, "y": 129, "yaw": 180, "z": 0}, "_start_distance": 15.137522545495122, "_actor_vel": 2.3404957142169494, "_trigger_distance": 18.190586127814093, "_brake": 0.5064656064710484, "weather": {"sun_altitude_angle": 23.21644491951968, "precipitation": 14.634271348474693, "wind_intensity": 45.24690925595407, "sun_azimuth_angle": 73.22806305756504, "fog_distance": "0", "cloudiness": 55.44402192936613, "fog_density": 5.918977721609896, "wetness": 51.56696844119717, "precipitation_deposits": 39.04562342179385}}], "scenario_type": "Scenario39"}], "Town04": [{"available_event_configurations": [{"transform": {"pitch": "0", "x": 254.9, "y": -230.9, "yaw": 90, "z": 0}, "_start_distance": 15.137522545495122, "_actor_vel": 2.3404957142169494, "_trigger_distance": 18.190586127814093, "_brake": 0.5064656064710484, "weather": {"sun_altitude_angle": 23.21644491951968, "precipitation": 14.634271348474693, "wind_intensity": 45.24690925595407, "sun_azimuth_angle": 73.22806305756504, "fog_distance": "0", "cloudiness": 55.44402192936613, "fog_density": 5.918977721609896, "wetness": 51.56696844119717, "precipitation_deposits": 39.04562342179385}}], "scenario_type": "Scenario39"}], "Town03": [{"available_event_configurations": [{"transform": {"pitch": "0", "x": -88.5, "y": -90, "yaw": 90, "z": 0}, "_start_distance": 15.137522545495122, "_actor_vel": 2.3404957142169494, "_trigger_distance": 18.190586127814093, "_brake": 0.5064656064710484, "weather": {"sun_altitude_angle": 23.21644491951968, "precipitation": 14.634271348474693, "wind_intensity": 45.24690925595407, "sun_azimuth_angle": 73.22806305756504, "fog_distance": "0", "cloudiness": 55.44402192936613, "fog_density": 5.918977721609896, "wetness": 51.56696844119717, "precipitation_deposits": 39.04562342179385}}], "scenario_type": "Scenario39"}]}]}