{"available_scenarios": [{"Town05": [{"available_event_configurations": [{"transform": {"pitch": "0", "x": 35, "y": 130, "yaw": -90, "z": 0}, "_start_distance": 16.215384975240404, "_actor_vel": 2.4047845028242225, "_trigger_distance": 16.85359733854443, "_brake": 0.9761568446846574}, {"transform": {"pitch": "0", "x": 35, "y": 70, "yaw": -90, "z": 0}, "_start_distance": 16.215384975240404, "_actor_vel": 2.4047845028242225, "_trigger_distance": 16.85359733854443, "_brake": 0.9761568446846574, "weather": {"sun_altitude_angle": 56.49934205647767, "precipitation": 3.9259466664487097, "wind_intensity": 91.72269308777038, "sun_azimuth_angle": 182.999606949258, "fog_distance": "0", "cloudiness": 29.76558944540818, "fog_density": 4.855528921352218, "wetness": 67.11253368528637, "precipitation_deposits": 31.78771887848707}}], "scenario_type": "Scenario39"}], "Town01": [{"available_event_configurations": [{"transform": {"pitch": "0", "x": 300, "y": 129, "yaw": 180, "z": 0}, "_start_distance": 16.215384975240404, "_actor_vel": 2.4047845028242225, "_trigger_distance": 16.85359733854443, "_brake": 0.9761568446846574, "weather": {"sun_altitude_angle": 56.49934205647767, "precipitation": 3.9259466664487097, "wind_intensity": 91.72269308777038, "sun_azimuth_angle": 182.999606949258, "fog_distance": "0", "cloudiness": 29.76558944540818, "fog_density": 4.855528921352218, "wetness": 67.11253368528637, "precipitation_deposits": 31.78771887848707}}], "scenario_type": "Scenario39"}], "Town04": [{"available_event_configurations": [{"transform": {"pitch": "0", "x": 254.9, "y": -230.9, "yaw": 90, "z": 0}, "_start_distance": 16.215384975240404, "_actor_vel": 2.4047845028242225, "_trigger_distance": 16.85359733854443, "_brake": 0.9761568446846574, "weather": {"sun_altitude_angle": 56.49934205647767, "precipitation": 3.9259466664487097, "wind_intensity": 91.72269308777038, "sun_azimuth_angle": 182.999606949258, "fog_distance": "0", "cloudiness": 29.76558944540818, "fog_density": 4.855528921352218, "wetness": 67.11253368528637, "precipitation_deposits": 31.78771887848707}}], "scenario_type": "Scenario39"}], "Town03": [{"available_event_configurations": [{"transform": {"pitch": "0", "x": -88.5, "y": -90, "yaw": 90, "z": 0}, "_start_distance": 16.215384975240404, "_actor_vel": 2.4047845028242225, "_trigger_distance": 16.85359733854443, "_brake": 0.9761568446846574, "weather": {"sun_altitude_angle": 56.49934205647767, "precipitation": 3.9259466664487097, "wind_intensity": 91.72269308777038, "sun_azimuth_angle": 182.999606949258, "fog_distance": "0", "cloudiness": 29.76558944540818, "fog_density": 4.855528921352218, "wetness": 67.11253368528637, "precipitation_deposits": 31.78771887848707}}], "scenario_type": "Scenario39"}]}]}