{"available_scenarios": [{"Town05": [{"available_event_configurations": [{"transform": {"pitch": "0", "x": 35, "y": 130, "yaw": -90, "z": 0}, "_start_distance": 15.939126090886854, "_actor_vel": 2.141450614033395, "_trigger_distance": 16.132818588319047, "_brake": 0.9644842418228077}, {"transform": {"pitch": "0", "x": 35, "y": 70, "yaw": -90, "z": 0}, "_start_distance": 15.939126090886854, "_actor_vel": 2.141450614033395, "_trigger_distance": 16.132818588319047, "_brake": 0.9644842418228077, "weather": {"sun_altitude_angle": 84.13230100101464, "precipitation": 71.8600142681765, "wind_intensity": 29.768188087313284, "sun_azimuth_angle": 303.73921611468825, "fog_distance": "0", "cloudiness": 66.76352742569563, "fog_density": 2.875490534091468, "wetness": 38.330968156844826, "precipitation_deposits": 82.91960493681766}}], "scenario_type": "Scenario39"}], "Town01": [{"available_event_configurations": [{"transform": {"pitch": "0", "x": 300, "y": 129, "yaw": 180, "z": 0}, "_start_distance": 15.939126090886854, "_actor_vel": 2.141450614033395, "_trigger_distance": 16.132818588319047, "_brake": 0.9644842418228077, "weather": {"sun_altitude_angle": 84.13230100101464, "precipitation": 71.8600142681765, "wind_intensity": 29.768188087313284, "sun_azimuth_angle": 303.73921611468825, "fog_distance": "0", "cloudiness": 66.76352742569563, "fog_density": 2.875490534091468, "wetness": 38.330968156844826, "precipitation_deposits": 82.91960493681766}}], "scenario_type": "Scenario39"}], "Town04": [{"available_event_configurations": [{"transform": {"pitch": "0", "x": 254.9, "y": -230.9, "yaw": 90, "z": 0}, "_start_distance": 15.939126090886854, "_actor_vel": 2.141450614033395, "_trigger_distance": 16.132818588319047, "_brake": 0.9644842418228077, "weather": {"sun_altitude_angle": 84.13230100101464, "precipitation": 71.8600142681765, "wind_intensity": 29.768188087313284, "sun_azimuth_angle": 303.73921611468825, "fog_distance": "0", "cloudiness": 66.76352742569563, "fog_density": 2.875490534091468, "wetness": 38.330968156844826, "precipitation_deposits": 82.91960493681766}}], "scenario_type": "Scenario39"}], "Town03": [{"available_event_configurations": [{"transform": {"pitch": "0", "x": -88.5, "y": -90, "yaw": 90, "z": 0}, "_start_distance": 15.939126090886854, "_actor_vel": 2.141450614033395, "_trigger_distance": 16.132818588319047, "_brake": 0.9644842418228077, "weather": {"sun_altitude_angle": 84.13230100101464, "precipitation": 71.8600142681765, "wind_intensity": 29.768188087313284, "sun_azimuth_angle": 303.73921611468825, "fog_distance": "0", "cloudiness": 66.76352742569563, "fog_density": 2.875490534091468, "wetness": 38.330968156844826, "precipitation_deposits": 82.91960493681766}}], "scenario_type": "Scenario39"}]}]}