{"available_scenarios": [{"Town05": [{"available_event_configurations": [{"transform": {"pitch": "0", "x": 35, "y": 130, "yaw": -90, "z": 0}, "_start_distance": 16.23414184892793, "_actor_vel": 2.0358844578458286, "_trigger_distance": 17.513012977424104, "_brake": 0.8827264621342643}, {"transform": {"pitch": "0", "x": 35, "y": 70, "yaw": -90, "z": 0}, "_start_distance": 16.23414184892793, "_actor_vel": 2.0358844578458286, "_trigger_distance": 17.513012977424104, "_brake": 0.8827264621342643, "weather": {"sun_altitude_angle": 62.11159519671461, "precipitation": 35.16820600457278, "wind_intensity": 95.14674624733588, "sun_azimuth_angle": 89.7672206082593, "fog_distance": "0", "cloudiness": 25.53659159788565, "fog_density": 9.697926770647245, "wetness": 38.59266324413599, "precipitation_deposits": 2.2737959933395557}}], "scenario_type": "Scenario39"}], "Town01": [{"available_event_configurations": [{"transform": {"pitch": "0", "x": 300, "y": 129, "yaw": 180, "z": 0}, "_start_distance": 16.23414184892793, "_actor_vel": 2.0358844578458286, "_trigger_distance": 17.513012977424104, "_brake": 0.8827264621342643, "weather": {"sun_altitude_angle": 62.11159519671461, "precipitation": 35.16820600457278, "wind_intensity": 95.14674624733588, "sun_azimuth_angle": 89.7672206082593, "fog_distance": "0", "cloudiness": 25.53659159788565, "fog_density": 9.697926770647245, "wetness": 38.59266324413599, "precipitation_deposits": 2.2737959933395557}}], "scenario_type": "Scenario39"}], "Town04": [{"available_event_configurations": [{"transform": {"pitch": "0", "x": 254.9, "y": -230.9, "yaw": 90, "z": 0}, "_start_distance": 16.23414184892793, "_actor_vel": 2.0358844578458286, "_trigger_distance": 17.513012977424104, "_brake": 0.8827264621342643, "weather": {"sun_altitude_angle": 62.11159519671461, "precipitation": 35.16820600457278, "wind_intensity": 95.14674624733588, "sun_azimuth_angle": 89.7672206082593, "fog_distance": "0", "cloudiness": 25.53659159788565, "fog_density": 9.697926770647245, "wetness": 38.59266324413599, "precipitation_deposits": 2.2737959933395557}}], "scenario_type": "Scenario39"}], "Town03": [{"available_event_configurations": [{"transform": {"pitch": "0", "x": -88.5, "y": -90, "yaw": 90, "z": 0}, "_start_distance": 16.23414184892793, "_actor_vel": 2.0358844578458286, "_trigger_distance": 17.513012977424104, "_brake": 0.8827264621342643, "weather": {"sun_altitude_angle": 62.11159519671461, "precipitation": 35.16820600457278, "wind_intensity": 95.14674624733588, "sun_azimuth_angle": 89.7672206082593, "fog_distance": "0", "cloudiness": 25.53659159788565, "fog_density": 9.697926770647245, "wetness": 38.59266324413599, "precipitation_deposits": 2.2737959933395557}}], "scenario_type": "Scenario39"}]}]}