{"available_scenarios": [{"Town05": [{"available_event_configurations": [{"transform": {"pitch": "0", "x": 35, "y": 130, "yaw": -90, "z": 0}, "_start_distance": 17.593303305423976, "_actor_vel": 2.056477980173057, "_trigger_distance": 15.20953597198542, "_brake": 0.8431483966404828}, {"transform": {"pitch": "0", "x": 35, "y": 70, "yaw": -90, "z": 0}, "_start_distance": 17.593303305423976, "_actor_vel": 2.056477980173057, "_trigger_distance": 15.20953597198542, "_brake": 0.8431483966404828, "weather": {"sun_altitude_angle": 14.2667427006939, "precipitation": 25.164682568715023, "wind_intensity": 40.22937778699192, "sun_azimuth_angle": 346.15607906631357, "fog_distance": "0", "cloudiness": 78.1768233443457, "fog_density": 0.04032149543588659, "wetness": 45.84278199712435, "precipitation_deposits": 37.39664354100438}}], "scenario_type": "Scenario39"}], "Town01": [{"available_event_configurations": [{"transform": {"pitch": "0", "x": 300, "y": 129, "yaw": 180, "z": 0}, "_start_distance": 17.593303305423976, "_actor_vel": 2.056477980173057, "_trigger_distance": 15.20953597198542, "_brake": 0.8431483966404828, "weather": {"sun_altitude_angle": 14.2667427006939, "precipitation": 25.164682568715023, "wind_intensity": 40.22937778699192, "sun_azimuth_angle": 346.15607906631357, "fog_distance": "0", "cloudiness": 78.1768233443457, "fog_density": 0.04032149543588659, "wetness": 45.84278199712435, "precipitation_deposits": 37.39664354100438}}], "scenario_type": "Scenario39"}], "Town04": [{"available_event_configurations": [{"transform": {"pitch": "0", "x": 254.9, "y": -230.9, "yaw": 90, "z": 0}, "_start_distance": 17.593303305423976, "_actor_vel": 2.056477980173057, "_trigger_distance": 15.20953597198542, "_brake": 0.8431483966404828, "weather": {"sun_altitude_angle": 14.2667427006939, "precipitation": 25.164682568715023, "wind_intensity": 40.22937778699192, "sun_azimuth_angle": 346.15607906631357, "fog_distance": "0", "cloudiness": 78.1768233443457, "fog_density": 0.04032149543588659, "wetness": 45.84278199712435, "precipitation_deposits": 37.39664354100438}}], "scenario_type": "Scenario39"}], "Town03": [{"available_event_configurations": [{"transform": {"pitch": "0", "x": -88.5, "y": -90, "yaw": 90, "z": 0}, "_start_distance": 17.593303305423976, "_actor_vel": 2.056477980173057, "_trigger_distance": 15.20953597198542, "_brake": 0.8431483966404828, "weather": {"sun_altitude_angle": 14.2667427006939, "precipitation": 25.164682568715023, "wind_intensity": 40.22937778699192, "sun_azimuth_angle": 346.15607906631357, "fog_distance": "0", "cloudiness": 78.1768233443457, "fog_density": 0.04032149543588659, "wetness": 45.84278199712435, "precipitation_deposits": 37.39664354100438}}], "scenario_type": "Scenario39"}]}]}