{"available_scenarios": [{"Town05": [{"available_event_configurations": [{"transform": {"pitch": "0", "x": 35, "y": 130, "yaw": -90, "z": 0}, "_start_distance": 19.48181527061997, "_actor_vel": 2.242408805396167, "_trigger_distance": 17.166850092398068, "_brake": 0.817199693289157}, {"transform": {"pitch": "0", "x": 35, "y": 70, "yaw": -90, "z": 0}, "_start_distance": 19.48181527061997, "_actor_vel": 2.242408805396167, "_trigger_distance": 17.166850092398068, "_brake": 0.817199693289157, "weather": {"sun_altitude_angle": 80.47368098990144, "precipitation": 46.48072562051, "wind_intensity": 60.943472203601765, "sun_azimuth_angle": 185.50600334738792, "fog_distance": "0", "cloudiness": 52.20107663703571, "fog_density": 9.003228718724404, "wetness": 71.0353519452218, "precipitation_deposits": 99.4278262632323}}], "scenario_type": "Scenario39"}], "Town01": [{"available_event_configurations": [{"transform": {"pitch": "0", "x": 300, "y": 129, "yaw": 180, "z": 0}, "_start_distance": 19.48181527061997, "_actor_vel": 2.242408805396167, "_trigger_distance": 17.166850092398068, "_brake": 0.817199693289157, "weather": {"sun_altitude_angle": 80.47368098990144, "precipitation": 46.48072562051, "wind_intensity": 60.943472203601765, "sun_azimuth_angle": 185.50600334738792, "fog_distance": "0", "cloudiness": 52.20107663703571, "fog_density": 9.003228718724404, "wetness": 71.0353519452218, "precipitation_deposits": 99.4278262632323}}], "scenario_type": "Scenario39"}], "Town04": [{"available_event_configurations": [{"transform": {"pitch": "0", "x": 254.9, "y": -230.9, "yaw": 90, "z": 0}, "_start_distance": 19.48181527061997, "_actor_vel": 2.242408805396167, "_trigger_distance": 17.166850092398068, "_brake": 0.817199693289157, "weather": {"sun_altitude_angle": 80.47368098990144, "precipitation": 46.48072562051, "wind_intensity": 60.943472203601765, "sun_azimuth_angle": 185.50600334738792, "fog_distance": "0", "cloudiness": 52.20107663703571, "fog_density": 9.003228718724404, "wetness": 71.0353519452218, "precipitation_deposits": 99.4278262632323}}], "scenario_type": "Scenario39"}], "Town03": [{"available_event_configurations": [{"transform": {"pitch": "0", "x": -88.5, "y": -90, "yaw": 90, "z": 0}, "_start_distance": 19.48181527061997, "_actor_vel": 2.242408805396167, "_trigger_distance": 17.166850092398068, "_brake": 0.817199693289157, "weather": {"sun_altitude_angle": 80.47368098990144, "precipitation": 46.48072562051, "wind_intensity": 60.943472203601765, "sun_azimuth_angle": 185.50600334738792, "fog_distance": "0", "cloudiness": 52.20107663703571, "fog_density": 9.003228718724404, "wetness": 71.0353519452218, "precipitation_deposits": 99.4278262632323}}], "scenario_type": "Scenario39"}]}]}