{"available_scenarios": [{"Town05": [{"available_event_configurations": [{"transform": {"pitch": "0", "x": 35, "y": 130, "yaw": -90, "z": 0}, "_start_distance": 16.777786043730078, "_actor_vel": 2.0538804183427093, "_trigger_distance": 16.80247473913339, "_brake": 0.800171007880657}, {"transform": {"pitch": "0", "x": 35, "y": 70, "yaw": -90, "z": 0}, "_start_distance": 16.777786043730078, "_actor_vel": 2.0538804183427093, "_trigger_distance": 16.80247473913339, "_brake": 0.800171007880657, "weather": {"sun_altitude_angle": 70.25727928893451, "precipitation": 60.623714860547715, "wind_intensity": 46.03625659159608, "sun_azimuth_angle": 187.01480929350032, "fog_distance": "0", "cloudiness": 82.76173778323039, "fog_density": 7.3278375073105675, "wetness": 2.228003139539947, "precipitation_deposits": 69.75360241971225}}], "scenario_type": "Scenario39"}], "Town01": [{"available_event_configurations": [{"transform": {"pitch": "0", "x": 300, "y": 129, "yaw": 180, "z": 0}, "_start_distance": 16.777786043730078, "_actor_vel": 2.0538804183427093, "_trigger_distance": 16.80247473913339, "_brake": 0.800171007880657, "weather": {"sun_altitude_angle": 70.25727928893451, "precipitation": 60.623714860547715, "wind_intensity": 46.03625659159608, "sun_azimuth_angle": 187.01480929350032, "fog_distance": "0", "cloudiness": 82.76173778323039, "fog_density": 7.3278375073105675, "wetness": 2.228003139539947, "precipitation_deposits": 69.75360241971225}}], "scenario_type": "Scenario39"}], "Town04": [{"available_event_configurations": [{"transform": {"pitch": "0", "x": 254.9, "y": -230.9, "yaw": 90, "z": 0}, "_start_distance": 16.777786043730078, "_actor_vel": 2.0538804183427093, "_trigger_distance": 16.80247473913339, "_brake": 0.800171007880657, "weather": {"sun_altitude_angle": 70.25727928893451, "precipitation": 60.623714860547715, "wind_intensity": 46.03625659159608, "sun_azimuth_angle": 187.01480929350032, "fog_distance": "0", "cloudiness": 82.76173778323039, "fog_density": 7.3278375073105675, "wetness": 2.228003139539947, "precipitation_deposits": 69.75360241971225}}], "scenario_type": "Scenario39"}], "Town03": [{"available_event_configurations": [{"transform": {"pitch": "0", "x": -88.5, "y": -90, "yaw": 90, "z": 0}, "_start_distance": 16.777786043730078, "_actor_vel": 2.0538804183427093, "_trigger_distance": 16.80247473913339, "_brake": 0.800171007880657, "weather": {"sun_altitude_angle": 70.25727928893451, "precipitation": 60.623714860547715, "wind_intensity": 46.03625659159608, "sun_azimuth_angle": 187.01480929350032, "fog_distance": "0", "cloudiness": 82.76173778323039, "fog_density": 7.3278375073105675, "wetness": 2.228003139539947, "precipitation_deposits": 69.75360241971225}}], "scenario_type": "Scenario39"}]}]}