{"available_scenarios": [{"Town05": [{"available_event_configurations": [{"transform": {"pitch": "0", "x": 35, "y": 130, "yaw": -90, "z": 0}, "_start_distance": 18.845331276588993, "_actor_vel": 2.441531423666377, "_trigger_distance": 17.327379878880564, "_brake": 0.7249961391555668}, {"transform": {"pitch": "0", "x": 35, "y": 70, "yaw": -90, "z": 0}, "_start_distance": 18.845331276588993, "_actor_vel": 2.441531423666377, "_trigger_distance": 17.327379878880564, "_brake": 0.7249961391555668, "weather": {"sun_altitude_angle": 53.97662302273433, "precipitation": 85.68153057858267, "wind_intensity": 51.22668065539241, "sun_azimuth_angle": 252.76436425990158, "fog_distance": "0", "cloudiness": 82.47210012640228, "fog_density": 8.022840036313376, "wetness": 96.28663290101167, "precipitation_deposits": 9.078527060669861}}], "scenario_type": "Scenario39"}], "Town01": [{"available_event_configurations": [{"transform": {"pitch": "0", "x": 300, "y": 129, "yaw": 180, "z": 0}, "_start_distance": 18.845331276588993, "_actor_vel": 2.441531423666377, "_trigger_distance": 17.327379878880564, "_brake": 0.7249961391555668, "weather": {"sun_altitude_angle": 53.97662302273433, "precipitation": 85.68153057858267, "wind_intensity": 51.22668065539241, "sun_azimuth_angle": 252.76436425990158, "fog_distance": "0", "cloudiness": 82.47210012640228, "fog_density": 8.022840036313376, "wetness": 96.28663290101167, "precipitation_deposits": 9.078527060669861}}], "scenario_type": "Scenario39"}], "Town04": [{"available_event_configurations": [{"transform": {"pitch": "0", "x": 254.9, "y": -230.9, "yaw": 90, "z": 0}, "_start_distance": 18.845331276588993, "_actor_vel": 2.441531423666377, "_trigger_distance": 17.327379878880564, "_brake": 0.7249961391555668, "weather": {"sun_altitude_angle": 53.97662302273433, "precipitation": 85.68153057858267, "wind_intensity": 51.22668065539241, "sun_azimuth_angle": 252.76436425990158, "fog_distance": "0", "cloudiness": 82.47210012640228, "fog_density": 8.022840036313376, "wetness": 96.28663290101167, "precipitation_deposits": 9.078527060669861}}], "scenario_type": "Scenario39"}], "Town03": [{"available_event_configurations": [{"transform": {"pitch": "0", "x": -88.5, "y": -90, "yaw": 90, "z": 0}, "_start_distance": 18.845331276588993, "_actor_vel": 2.441531423666377, "_trigger_distance": 17.327379878880564, "_brake": 0.7249961391555668, "weather": {"sun_altitude_angle": 53.97662302273433, "precipitation": 85.68153057858267, "wind_intensity": 51.22668065539241, "sun_azimuth_angle": 252.76436425990158, "fog_distance": "0", "cloudiness": 82.47210012640228, "fog_density": 8.022840036313376, "wetness": 96.28663290101167, "precipitation_deposits": 9.078527060669861}}], "scenario_type": "Scenario39"}]}]}