{"available_scenarios": [{"Town05": [{"available_event_configurations": [{"transform": {"pitch": "0", "x": 35, "y": 130, "yaw": -90, "z": 0}, "_start_distance": 18.596030375669745, "_actor_vel": 2.1149431822662024, "_trigger_distance": 17.80419221650787, "_brake": 0.6607432718662856}, {"transform": {"pitch": "0", "x": 35, "y": 70, "yaw": -90, "z": 0}, "_start_distance": 18.596030375669745, "_actor_vel": 2.1149431822662024, "_trigger_distance": 17.80419221650787, "_brake": 0.6607432718662856, "weather": {"sun_altitude_angle": 53.52665289692922, "precipitation": 0.6772118909652347, "wind_intensity": 70.74076648283342, "sun_azimuth_angle": 121.33248366770647, "fog_distance": "0", "cloudiness": 84.04633457685708, "fog_density": 3.6030724403717684, "wetness": 45.24895344566112, "precipitation_deposits": 41.43107973894173}}], "scenario_type": "Scenario39"}], "Town01": [{"available_event_configurations": [{"transform": {"pitch": "0", "x": 300, "y": 129, "yaw": 180, "z": 0}, "_start_distance": 18.596030375669745, "_actor_vel": 2.1149431822662024, "_trigger_distance": 17.80419221650787, "_brake": 0.6607432718662856, "weather": {"sun_altitude_angle": 53.52665289692922, "precipitation": 0.6772118909652347, "wind_intensity": 70.74076648283342, "sun_azimuth_angle": 121.33248366770647, "fog_distance": "0", "cloudiness": 84.04633457685708, "fog_density": 3.6030724403717684, "wetness": 45.24895344566112, "precipitation_deposits": 41.43107973894173}}], "scenario_type": "Scenario39"}], "Town04": [{"available_event_configurations": [{"transform": {"pitch": "0", "x": 254.9, "y": -230.9, "yaw": 90, "z": 0}, "_start_distance": 18.596030375669745, "_actor_vel": 2.1149431822662024, "_trigger_distance": 17.80419221650787, "_brake": 0.6607432718662856, "weather": {"sun_altitude_angle": 53.52665289692922, "precipitation": 0.6772118909652347, "wind_intensity": 70.74076648283342, "sun_azimuth_angle": 121.33248366770647, "fog_distance": "0", "cloudiness": 84.04633457685708, "fog_density": 3.6030724403717684, "wetness": 45.24895344566112, "precipitation_deposits": 41.43107973894173}}], "scenario_type": "Scenario39"}], "Town03": [{"available_event_configurations": [{"transform": {"pitch": "0", "x": -88.5, "y": -90, "yaw": 90, "z": 0}, "_start_distance": 18.596030375669745, "_actor_vel": 2.1149431822662024, "_trigger_distance": 17.80419221650787, "_brake": 0.6607432718662856, "weather": {"sun_altitude_angle": 53.52665289692922, "precipitation": 0.6772118909652347, "wind_intensity": 70.74076648283342, "sun_azimuth_angle": 121.33248366770647, "fog_distance": "0", "cloudiness": 84.04633457685708, "fog_density": 3.6030724403717684, "wetness": 45.24895344566112, "precipitation_deposits": 41.43107973894173}}], "scenario_type": "Scenario39"}]}]}