{"available_scenarios": [{"Town05": [{"available_event_configurations": [{"transform": {"pitch": "0", "x": 35, "y": 130, "yaw": -90, "z": 0}, "_start_distance": 15.034677627439725, "_actor_vel": 2.11178368646413, "_trigger_distance": 15.411758624814041, "_brake": 0.5948748410860496}, {"transform": {"pitch": "0", "x": 35, "y": 70, "yaw": -90, "z": 0}, "_start_distance": 15.034677627439725, "_actor_vel": 2.11178368646413, "_trigger_distance": 15.411758624814041, "_brake": 0.5948748410860496, "weather": {"sun_altitude_angle": 42.87104207234504, "precipitation": 15.723285654703922, "wind_intensity": 0.28732702424776324, "sun_azimuth_angle": 233.39368248367043, "fog_distance": "0", "cloudiness": 63.22841216598968, "fog_density": 9.667648529890982, "wetness": 56.93918133257979, "precipitation_deposits": 89.49906986693681}}], "scenario_type": "Scenario39"}], "Town01": [{"available_event_configurations": [{"transform": {"pitch": "0", "x": 300, "y": 129, "yaw": 180, "z": 0}, "_start_distance": 15.034677627439725, "_actor_vel": 2.11178368646413, "_trigger_distance": 15.411758624814041, "_brake": 0.5948748410860496, "weather": {"sun_altitude_angle": 42.87104207234504, "precipitation": 15.723285654703922, "wind_intensity": 0.28732702424776324, "sun_azimuth_angle": 233.39368248367043, "fog_distance": "0", "cloudiness": 63.22841216598968, "fog_density": 9.667648529890982, "wetness": 56.93918133257979, "precipitation_deposits": 89.49906986693681}}], "scenario_type": "Scenario39"}], "Town04": [{"available_event_configurations": [{"transform": {"pitch": "0", "x": 254.9, "y": -230.9, "yaw": 90, "z": 0}, "_start_distance": 15.034677627439725, "_actor_vel": 2.11178368646413, "_trigger_distance": 15.411758624814041, "_brake": 0.5948748410860496, "weather": {"sun_altitude_angle": 42.87104207234504, "precipitation": 15.723285654703922, "wind_intensity": 0.28732702424776324, "sun_azimuth_angle": 233.39368248367043, "fog_distance": "0", "cloudiness": 63.22841216598968, "fog_density": 9.667648529890982, "wetness": 56.93918133257979, "precipitation_deposits": 89.49906986693681}}], "scenario_type": "Scenario39"}], "Town03": [{"available_event_configurations": [{"transform": {"pitch": "0", "x": -88.5, "y": -90, "yaw": 90, "z": 0}, "_start_distance": 15.034677627439725, "_actor_vel": 2.11178368646413, "_trigger_distance": 15.411758624814041, "_brake": 0.5948748410860496, "weather": {"sun_altitude_angle": 42.87104207234504, "precipitation": 15.723285654703922, "wind_intensity": 0.28732702424776324, "sun_azimuth_angle": 233.39368248367043, "fog_distance": "0", "cloudiness": 63.22841216598968, "fog_density": 9.667648529890982, "wetness": 56.93918133257979, "precipitation_deposits": 89.49906986693681}}], "scenario_type": "Scenario39"}]}]}