{"available_scenarios": [{"Town05": [{"available_event_configurations": [{"transform": {"pitch": "0", "x": 35, "y": 130, "yaw": -90, "z": 0}, "_start_distance": 17.62368085773138, "_actor_vel": 2.218031311434013, "_trigger_distance": 17.329770693397, "_brake": 0.9238863249910639}, {"transform": {"pitch": "0", "x": 35, "y": 70, "yaw": -90, "z": 0}, "_start_distance": 17.62368085773138, "_actor_vel": 2.218031311434013, "_trigger_distance": 17.329770693397, "_brake": 0.9238863249910639, "weather": {"sun_altitude_angle": 72.78961205579216, "precipitation": 62.81044343996239, "wind_intensity": 65.06387967977464, "sun_azimuth_angle": 315.9653084476119, "fog_distance": "0", "cloudiness": 80.99368293770983, "fog_density": 9.09879264212779, "wetness": 10.026494659673958, "precipitation_deposits": 53.6331630548727}}], "scenario_type": "Scenario39"}], "Town01": [{"available_event_configurations": [{"transform": {"pitch": "0", "x": 300, "y": 129, "yaw": 180, "z": 0}, "_start_distance": 17.62368085773138, "_actor_vel": 2.218031311434013, "_trigger_distance": 17.329770693397, "_brake": 0.9238863249910639, "weather": {"sun_altitude_angle": 72.78961205579216, "precipitation": 62.81044343996239, "wind_intensity": 65.06387967977464, "sun_azimuth_angle": 315.9653084476119, "fog_distance": "0", "cloudiness": 80.99368293770983, "fog_density": 9.09879264212779, "wetness": 10.026494659673958, "precipitation_deposits": 53.6331630548727}}], "scenario_type": "Scenario39"}], "Town04": [{"available_event_configurations": [{"transform": {"pitch": "0", "x": 254.9, "y": -230.9, "yaw": 90, "z": 0}, "_start_distance": 17.62368085773138, "_actor_vel": 2.218031311434013, "_trigger_distance": 17.329770693397, "_brake": 0.9238863249910639, "weather": {"sun_altitude_angle": 72.78961205579216, "precipitation": 62.81044343996239, "wind_intensity": 65.06387967977464, "sun_azimuth_angle": 315.9653084476119, "fog_distance": "0", "cloudiness": 80.99368293770983, "fog_density": 9.09879264212779, "wetness": 10.026494659673958, "precipitation_deposits": 53.6331630548727}}], "scenario_type": "Scenario39"}], "Town03": [{"available_event_configurations": [{"transform": {"pitch": "0", "x": -88.5, "y": -90, "yaw": 90, "z": 0}, "_start_distance": 17.62368085773138, "_actor_vel": 2.218031311434013, "_trigger_distance": 17.329770693397, "_brake": 0.9238863249910639, "weather": {"sun_altitude_angle": 72.78961205579216, "precipitation": 62.81044343996239, "wind_intensity": 65.06387967977464, "sun_azimuth_angle": 315.9653084476119, "fog_distance": "0", "cloudiness": 80.99368293770983, "fog_density": 9.09879264212779, "wetness": 10.026494659673958, "precipitation_deposits": 53.6331630548727}}], "scenario_type": "Scenario39"}]}]}