{"available_scenarios": [{"Town05": [{"available_event_configurations": [{"transform": {"pitch": "0", "x": 35, "y": 130, "yaw": -90, "z": 0}, "_start_distance": 19.906414288214535, "_actor_vel": 2.245807410626472, "_trigger_distance": 16.894646803102887, "_brake": 0.7696648761829532}, {"transform": {"pitch": "0", "x": 35, "y": 70, "yaw": -90, "z": 0}, "_start_distance": 19.906414288214535, "_actor_vel": 2.245807410626472, "_trigger_distance": 16.894646803102887, "_brake": 0.7696648761829532, "weather": {"sun_altitude_angle": 46.305873515108495, "precipitation": 73.4985445159236, "wind_intensity": 17.230278149989044, "sun_azimuth_angle": 48.833023098784054, "fog_distance": "0", "cloudiness": 77.98234889011538, "fog_density": 6.050483844137001, "wetness": 95.35830526033327, "precipitation_deposits": 3.2007791817762143}}], "scenario_type": "Scenario39"}], "Town01": [{"available_event_configurations": [{"transform": {"pitch": "0", "x": 300, "y": 129, "yaw": 180, "z": 0}, "_start_distance": 19.906414288214535, "_actor_vel": 2.245807410626472, "_trigger_distance": 16.894646803102887, "_brake": 0.7696648761829532, "weather": {"sun_altitude_angle": 46.305873515108495, "precipitation": 73.4985445159236, "wind_intensity": 17.230278149989044, "sun_azimuth_angle": 48.833023098784054, "fog_distance": "0", "cloudiness": 77.98234889011538, "fog_density": 6.050483844137001, "wetness": 95.35830526033327, "precipitation_deposits": 3.2007791817762143}}], "scenario_type": "Scenario39"}], "Town04": [{"available_event_configurations": [{"transform": {"pitch": "0", "x": 254.9, "y": -230.9, "yaw": 90, "z": 0}, "_start_distance": 19.906414288214535, "_actor_vel": 2.245807410626472, "_trigger_distance": 16.894646803102887, "_brake": 0.7696648761829532, "weather": {"sun_altitude_angle": 46.305873515108495, "precipitation": 73.4985445159236, "wind_intensity": 17.230278149989044, "sun_azimuth_angle": 48.833023098784054, "fog_distance": "0", "cloudiness": 77.98234889011538, "fog_density": 6.050483844137001, "wetness": 95.35830526033327, "precipitation_deposits": 3.2007791817762143}}], "scenario_type": "Scenario39"}], "Town03": [{"available_event_configurations": [{"transform": {"pitch": "0", "x": -88.5, "y": -90, "yaw": 90, "z": 0}, "_start_distance": 19.906414288214535, "_actor_vel": 2.245807410626472, "_trigger_distance": 16.894646803102887, "_brake": 0.7696648761829532, "weather": {"sun_altitude_angle": 46.305873515108495, "precipitation": 73.4985445159236, "wind_intensity": 17.230278149989044, "sun_azimuth_angle": 48.833023098784054, "fog_distance": "0", "cloudiness": 77.98234889011538, "fog_density": 6.050483844137001, "wetness": 95.35830526033327, "precipitation_deposits": 3.2007791817762143}}], "scenario_type": "Scenario39"}]}]}