{"available_scenarios": [{"Town05": [{"available_event_configurations": [{"transform": {"pitch": "0", "x": 35, "y": 130, "yaw": -90, "z": 0}, "_start_distance": 19.44453855870784, "_actor_vel": 2.3388594044575104, "_trigger_distance": 16.940581358542868, "_brake": 0.6615922968102935}, {"transform": {"pitch": "0", "x": 35, "y": 70, "yaw": -90, "z": 0}, "_start_distance": 19.44453855870784, "_actor_vel": 2.3388594044575104, "_trigger_distance": 16.940581358542868, "_brake": 0.6615922968102935, "weather": {"sun_altitude_angle": 15.096386637425901, "precipitation": 47.59838572961693, "wind_intensity": 8.202195847530236, "sun_azimuth_angle": 234.5450310216274, "fog_distance": "0", "cloudiness": 77.02402942566731, "fog_density": 6.59411823597911, "wetness": 56.10136771648968, "precipitation_deposits": 62.88816722756971}}], "scenario_type": "Scenario39"}], "Town01": [{"available_event_configurations": [{"transform": {"pitch": "0", "x": 300, "y": 129, "yaw": 180, "z": 0}, "_start_distance": 19.44453855870784, "_actor_vel": 2.3388594044575104, "_trigger_distance": 16.940581358542868, "_brake": 0.6615922968102935, "weather": {"sun_altitude_angle": 15.096386637425901, "precipitation": 47.59838572961693, "wind_intensity": 8.202195847530236, "sun_azimuth_angle": 234.5450310216274, "fog_distance": "0", "cloudiness": 77.02402942566731, "fog_density": 6.59411823597911, "wetness": 56.10136771648968, "precipitation_deposits": 62.88816722756971}}], "scenario_type": "Scenario39"}], "Town04": [{"available_event_configurations": [{"transform": {"pitch": "0", "x": 254.9, "y": -230.9, "yaw": 90, "z": 0}, "_start_distance": 19.44453855870784, "_actor_vel": 2.3388594044575104, "_trigger_distance": 16.940581358542868, "_brake": 0.6615922968102935, "weather": {"sun_altitude_angle": 15.096386637425901, "precipitation": 47.59838572961693, "wind_intensity": 8.202195847530236, "sun_azimuth_angle": 234.5450310216274, "fog_distance": "0", "cloudiness": 77.02402942566731, "fog_density": 6.59411823597911, "wetness": 56.10136771648968, "precipitation_deposits": 62.88816722756971}}], "scenario_type": "Scenario39"}], "Town03": [{"available_event_configurations": [{"transform": {"pitch": "0", "x": -88.5, "y": -90, "yaw": 90, "z": 0}, "_start_distance": 19.44453855870784, "_actor_vel": 2.3388594044575104, "_trigger_distance": 16.940581358542868, "_brake": 0.6615922968102935, "weather": {"sun_altitude_angle": 15.096386637425901, "precipitation": 47.59838572961693, "wind_intensity": 8.202195847530236, "sun_azimuth_angle": 234.5450310216274, "fog_distance": "0", "cloudiness": 77.02402942566731, "fog_density": 6.59411823597911, "wetness": 56.10136771648968, "precipitation_deposits": 62.88816722756971}}], "scenario_type": "Scenario39"}]}]}