{"available_scenarios": [{"Town05": [{"available_event_configurations": [{"transform": {"pitch": "0", "x": 35, "y": 130, "yaw": -90, "z": 0}, "_start_distance": 16.957450182364727, "_actor_vel": 2.230517687331545, "_trigger_distance": 19.29261689542875, "_brake": 0.5921680410868777}, {"transform": {"pitch": "0", "x": 35, "y": 70, "yaw": -90, "z": 0}, "_start_distance": 16.957450182364727, "_actor_vel": 2.230517687331545, "_trigger_distance": 19.29261689542875, "_brake": 0.5921680410868777, "weather": {"sun_altitude_angle": 34.91477393101131, "precipitation": 4.45017261006726, "wind_intensity": 14.765125127229917, "sun_azimuth_angle": 126.03260595059326, "fog_distance": "0", "cloudiness": 12.006697291032486, "fog_density": 5.560153550328774, "wetness": 16.356238123018585, "precipitation_deposits": 15.829136262421272}}], "scenario_type": "Scenario39"}], "Town01": [{"available_event_configurations": [{"transform": {"pitch": "0", "x": 300, "y": 129, "yaw": 180, "z": 0}, "_start_distance": 16.957450182364727, "_actor_vel": 2.230517687331545, "_trigger_distance": 19.29261689542875, "_brake": 0.5921680410868777, "weather": {"sun_altitude_angle": 34.91477393101131, "precipitation": 4.45017261006726, "wind_intensity": 14.765125127229917, "sun_azimuth_angle": 126.03260595059326, "fog_distance": "0", "cloudiness": 12.006697291032486, "fog_density": 5.560153550328774, "wetness": 16.356238123018585, "precipitation_deposits": 15.829136262421272}}], "scenario_type": "Scenario39"}], "Town04": [{"available_event_configurations": [{"transform": {"pitch": "0", "x": 254.9, "y": -230.9, "yaw": 90, "z": 0}, "_start_distance": 16.957450182364727, "_actor_vel": 2.230517687331545, "_trigger_distance": 19.29261689542875, "_brake": 0.5921680410868777, "weather": {"sun_altitude_angle": 34.91477393101131, "precipitation": 4.45017261006726, "wind_intensity": 14.765125127229917, "sun_azimuth_angle": 126.03260595059326, "fog_distance": "0", "cloudiness": 12.006697291032486, "fog_density": 5.560153550328774, "wetness": 16.356238123018585, "precipitation_deposits": 15.829136262421272}}], "scenario_type": "Scenario39"}], "Town03": [{"available_event_configurations": [{"transform": {"pitch": "0", "x": -88.5, "y": -90, "yaw": 90, "z": 0}, "_start_distance": 16.957450182364727, "_actor_vel": 2.230517687331545, "_trigger_distance": 19.29261689542875, "_brake": 0.5921680410868777, "weather": {"sun_altitude_angle": 34.91477393101131, "precipitation": 4.45017261006726, "wind_intensity": 14.765125127229917, "sun_azimuth_angle": 126.03260595059326, "fog_distance": "0", "cloudiness": 12.006697291032486, "fog_density": 5.560153550328774, "wetness": 16.356238123018585, "precipitation_deposits": 15.829136262421272}}], "scenario_type": "Scenario39"}]}]}