{"available_scenarios": [{"Town05": [{"available_event_configurations": [{"transform": {"pitch": "0", "x": 35, "y": 130, "yaw": -90, "z": 0}, "_start_distance": 19.19266821900771, "_actor_vel": 2.2411773212679074, "_trigger_distance": 19.706500229930974, "_brake": 0.8516582049815378}, {"transform": {"pitch": "0", "x": 35, "y": 70, "yaw": -90, "z": 0}, "_start_distance": 19.19266821900771, "_actor_vel": 2.2411773212679074, "_trigger_distance": 19.706500229930974, "_brake": 0.8516582049815378, "weather": {"sun_altitude_angle": 22.201273060073092, "precipitation": 25.089223384169223, "wind_intensity": 14.20445603453796, "sun_azimuth_angle": 49.05477836585163, "fog_distance": "0", "cloudiness": 73.8001613033405, "fog_density": 2.433636265969433, "wetness": 80.83925844028205, "precipitation_deposits": 65.26006514733133}}], "scenario_type": "Scenario39"}], "Town01": [{"available_event_configurations": [{"transform": {"pitch": "0", "x": 300, "y": 129, "yaw": 180, "z": 0}, "_start_distance": 19.19266821900771, "_actor_vel": 2.2411773212679074, "_trigger_distance": 19.706500229930974, "_brake": 0.8516582049815378, "weather": {"sun_altitude_angle": 22.201273060073092, "precipitation": 25.089223384169223, "wind_intensity": 14.20445603453796, "sun_azimuth_angle": 49.05477836585163, "fog_distance": "0", "cloudiness": 73.8001613033405, "fog_density": 2.433636265969433, "wetness": 80.83925844028205, "precipitation_deposits": 65.26006514733133}}], "scenario_type": "Scenario39"}], "Town04": [{"available_event_configurations": [{"transform": {"pitch": "0", "x": 254.9, "y": -230.9, "yaw": 90, "z": 0}, "_start_distance": 19.19266821900771, "_actor_vel": 2.2411773212679074, "_trigger_distance": 19.706500229930974, "_brake": 0.8516582049815378, "weather": {"sun_altitude_angle": 22.201273060073092, "precipitation": 25.089223384169223, "wind_intensity": 14.20445603453796, "sun_azimuth_angle": 49.05477836585163, "fog_distance": "0", "cloudiness": 73.8001613033405, "fog_density": 2.433636265969433, "wetness": 80.83925844028205, "precipitation_deposits": 65.26006514733133}}], "scenario_type": "Scenario39"}], "Town03": [{"available_event_configurations": [{"transform": {"pitch": "0", "x": -88.5, "y": -90, "yaw": 90, "z": 0}, "_start_distance": 19.19266821900771, "_actor_vel": 2.2411773212679074, "_trigger_distance": 19.706500229930974, "_brake": 0.8516582049815378, "weather": {"sun_altitude_angle": 22.201273060073092, "precipitation": 25.089223384169223, "wind_intensity": 14.20445603453796, "sun_azimuth_angle": 49.05477836585163, "fog_distance": "0", "cloudiness": 73.8001613033405, "fog_density": 2.433636265969433, "wetness": 80.83925844028205, "precipitation_deposits": 65.26006514733133}}], "scenario_type": "Scenario39"}]}]}