{"available_scenarios": [{"Town05": [{"available_event_configurations": [{"transform": {"pitch": "0", "x": 35, "y": 130, "yaw": -90, "z": 0}, "_start_distance": 15.358513985820014, "_actor_vel": 2.373570995434182, "_trigger_distance": 18.933615751861865, "_brake": 0.6366591037113136}, {"transform": {"pitch": "0", "x": 35, "y": 70, "yaw": -90, "z": 0}, "_start_distance": 15.358513985820014, "_actor_vel": 2.373570995434182, "_trigger_distance": 18.933615751861865, "_brake": 0.6366591037113136, "weather": {"sun_altitude_angle": 23.45880657130196, "precipitation": 64.12767073138109, "wind_intensity": 75.01467855674595, "sun_azimuth_angle": 33.29043153747958, "fog_distance": "0", "cloudiness": 31.980183063319245, "fog_density": 3.1047215113977575, "wetness": 90.5468954150816, "precipitation_deposits": 4.07674926661683}}], "scenario_type": "Scenario39"}], "Town01": [{"available_event_configurations": [{"transform": {"pitch": "0", "x": 300, "y": 129, "yaw": 180, "z": 0}, "_start_distance": 15.358513985820014, "_actor_vel": 2.373570995434182, "_trigger_distance": 18.933615751861865, "_brake": 0.6366591037113136, "weather": {"sun_altitude_angle": 23.45880657130196, "precipitation": 64.12767073138109, "wind_intensity": 75.01467855674595, "sun_azimuth_angle": 33.29043153747958, "fog_distance": "0", "cloudiness": 31.980183063319245, "fog_density": 3.1047215113977575, "wetness": 90.5468954150816, "precipitation_deposits": 4.07674926661683}}], "scenario_type": "Scenario39"}], "Town04": [{"available_event_configurations": [{"transform": {"pitch": "0", "x": 254.9, "y": -230.9, "yaw": 90, "z": 0}, "_start_distance": 15.358513985820014, "_actor_vel": 2.373570995434182, "_trigger_distance": 18.933615751861865, "_brake": 0.6366591037113136, "weather": {"sun_altitude_angle": 23.45880657130196, "precipitation": 64.12767073138109, "wind_intensity": 75.01467855674595, "sun_azimuth_angle": 33.29043153747958, "fog_distance": "0", "cloudiness": 31.980183063319245, "fog_density": 3.1047215113977575, "wetness": 90.5468954150816, "precipitation_deposits": 4.07674926661683}}], "scenario_type": "Scenario39"}], "Town03": [{"available_event_configurations": [{"transform": {"pitch": "0", "x": -88.5, "y": -90, "yaw": 90, "z": 0}, "_start_distance": 15.358513985820014, "_actor_vel": 2.373570995434182, "_trigger_distance": 18.933615751861865, "_brake": 0.6366591037113136, "weather": {"sun_altitude_angle": 23.45880657130196, "precipitation": 64.12767073138109, "wind_intensity": 75.01467855674595, "sun_azimuth_angle": 33.29043153747958, "fog_distance": "0", "cloudiness": 31.980183063319245, "fog_density": 3.1047215113977575, "wetness": 90.5468954150816, "precipitation_deposits": 4.07674926661683}}], "scenario_type": "Scenario39"}]}]}