{"available_scenarios": [{"Town05": [{"available_event_configurations": [{"transform": {"pitch": "0", "x": 35, "y": 130, "yaw": -90, "z": 0}, "_start_distance": 19.557578452199458, "_actor_vel": 2.417072040691013, "_trigger_distance": 19.715326005058063, "_brake": 0.9091003849386818}, {"transform": {"pitch": "0", "x": 35, "y": 70, "yaw": -90, "z": 0}, "_start_distance": 19.557578452199458, "_actor_vel": 2.417072040691013, "_trigger_distance": 19.715326005058063, "_brake": 0.9091003849386818, "weather": {"sun_altitude_angle": 70.84130955333143, "precipitation": 74.89149832457248, "wind_intensity": 45.72951814186354, "sun_azimuth_angle": 228.254421000208, "fog_distance": "0", "cloudiness": 92.95417802335463, "fog_density": 1.204827267134726, "wetness": 49.50195900933239, "precipitation_deposits": 18.387493768484376}}], "scenario_type": "Scenario39"}], "Town01": [{"available_event_configurations": [{"transform": {"pitch": "0", "x": 300, "y": 129, "yaw": 180, "z": 0}, "_start_distance": 19.557578452199458, "_actor_vel": 2.417072040691013, "_trigger_distance": 19.715326005058063, "_brake": 0.9091003849386818, "weather": {"sun_altitude_angle": 70.84130955333143, "precipitation": 74.89149832457248, "wind_intensity": 45.72951814186354, "sun_azimuth_angle": 228.254421000208, "fog_distance": "0", "cloudiness": 92.95417802335463, "fog_density": 1.204827267134726, "wetness": 49.50195900933239, "precipitation_deposits": 18.387493768484376}}], "scenario_type": "Scenario39"}], "Town04": [{"available_event_configurations": [{"transform": {"pitch": "0", "x": 254.9, "y": -230.9, "yaw": 90, "z": 0}, "_start_distance": 19.557578452199458, "_actor_vel": 2.417072040691013, "_trigger_distance": 19.715326005058063, "_brake": 0.9091003849386818, "weather": {"sun_altitude_angle": 70.84130955333143, "precipitation": 74.89149832457248, "wind_intensity": 45.72951814186354, "sun_azimuth_angle": 228.254421000208, "fog_distance": "0", "cloudiness": 92.95417802335463, "fog_density": 1.204827267134726, "wetness": 49.50195900933239, "precipitation_deposits": 18.387493768484376}}], "scenario_type": "Scenario39"}], "Town03": [{"available_event_configurations": [{"transform": {"pitch": "0", "x": -88.5, "y": -90, "yaw": 90, "z": 0}, "_start_distance": 19.557578452199458, "_actor_vel": 2.417072040691013, "_trigger_distance": 19.715326005058063, "_brake": 0.9091003849386818, "weather": {"sun_altitude_angle": 70.84130955333143, "precipitation": 74.89149832457248, "wind_intensity": 45.72951814186354, "sun_azimuth_angle": 228.254421000208, "fog_distance": "0", "cloudiness": 92.95417802335463, "fog_density": 1.204827267134726, "wetness": 49.50195900933239, "precipitation_deposits": 18.387493768484376}}], "scenario_type": "Scenario39"}]}]}