{"available_scenarios": [{"Town05": [{"available_event_configurations": [{"transform": {"pitch": "0", "x": 35, "y": 130, "yaw": -90, "z": 0}, "_start_distance": 18.706102654579652, "_actor_vel": 2.273365242137605, "_trigger_distance": 19.160926734815423, "_brake": 0.8615339947370357}, {"transform": {"pitch": "0", "x": 35, "y": 70, "yaw": -90, "z": 0}, "_start_distance": 18.706102654579652, "_actor_vel": 2.273365242137605, "_trigger_distance": 19.160926734815423, "_brake": 0.8615339947370357, "weather": {"sun_altitude_angle": 84.19919337447732, "precipitation": 91.12633232248837, "wind_intensity": 62.781175709789096, "sun_azimuth_angle": 86.91631976864059, "fog_distance": "0", "cloudiness": 7.014869225115305, "fog_density": 8.553949968638381, "wetness": 4.4206177132152575, "precipitation_deposits": 84.08064427686516}}], "scenario_type": "Scenario39"}], "Town01": [{"available_event_configurations": [{"transform": {"pitch": "0", "x": 300, "y": 129, "yaw": 180, "z": 0}, "_start_distance": 18.706102654579652, "_actor_vel": 2.273365242137605, "_trigger_distance": 19.160926734815423, "_brake": 0.8615339947370357, "weather": {"sun_altitude_angle": 84.19919337447732, "precipitation": 91.12633232248837, "wind_intensity": 62.781175709789096, "sun_azimuth_angle": 86.91631976864059, "fog_distance": "0", "cloudiness": 7.014869225115305, "fog_density": 8.553949968638381, "wetness": 4.4206177132152575, "precipitation_deposits": 84.08064427686516}}], "scenario_type": "Scenario39"}], "Town04": [{"available_event_configurations": [{"transform": {"pitch": "0", "x": 254.9, "y": -230.9, "yaw": 90, "z": 0}, "_start_distance": 18.706102654579652, "_actor_vel": 2.273365242137605, "_trigger_distance": 19.160926734815423, "_brake": 0.8615339947370357, "weather": {"sun_altitude_angle": 84.19919337447732, "precipitation": 91.12633232248837, "wind_intensity": 62.781175709789096, "sun_azimuth_angle": 86.91631976864059, "fog_distance": "0", "cloudiness": 7.014869225115305, "fog_density": 8.553949968638381, "wetness": 4.4206177132152575, "precipitation_deposits": 84.08064427686516}}], "scenario_type": "Scenario39"}], "Town03": [{"available_event_configurations": [{"transform": {"pitch": "0", "x": -88.5, "y": -90, "yaw": 90, "z": 0}, "_start_distance": 18.706102654579652, "_actor_vel": 2.273365242137605, "_trigger_distance": 19.160926734815423, "_brake": 0.8615339947370357, "weather": {"sun_altitude_angle": 84.19919337447732, "precipitation": 91.12633232248837, "wind_intensity": 62.781175709789096, "sun_azimuth_angle": 86.91631976864059, "fog_distance": "0", "cloudiness": 7.014869225115305, "fog_density": 8.553949968638381, "wetness": 4.4206177132152575, "precipitation_deposits": 84.08064427686516}}], "scenario_type": "Scenario39"}]}]}