{"available_scenarios": [{"Town05": [{"available_event_configurations": [{"transform": {"pitch": "0", "x": 35, "y": 130, "yaw": -90, "z": 0}, "_start_distance": 15.553533030837063, "_actor_vel": 2.3740869598002785, "_trigger_distance": 15.747744588740401, "_brake": 0.8016916644492164}, {"transform": {"pitch": "0", "x": 35, "y": 70, "yaw": -90, "z": 0}, "_start_distance": 15.553533030837063, "_actor_vel": 2.3740869598002785, "_trigger_distance": 15.747744588740401, "_brake": 0.8016916644492164, "weather": {"sun_altitude_angle": 88.74522211262855, "precipitation": 16.20406528409021, "wind_intensity": 31.07675271990582, "sun_azimuth_angle": 146.319546830619, "fog_distance": "0", "cloudiness": 4.493340952639235, "fog_density": 3.2222472987786412, "wetness": 27.222267682686475, "precipitation_deposits": 80.56881375931792}}], "scenario_type": "Scenario39"}], "Town01": [{"available_event_configurations": [{"transform": {"pitch": "0", "x": 300, "y": 129, "yaw": 180, "z": 0}, "_start_distance": 15.553533030837063, "_actor_vel": 2.3740869598002785, "_trigger_distance": 15.747744588740401, "_brake": 0.8016916644492164, "weather": {"sun_altitude_angle": 88.74522211262855, "precipitation": 16.20406528409021, "wind_intensity": 31.07675271990582, "sun_azimuth_angle": 146.319546830619, "fog_distance": "0", "cloudiness": 4.493340952639235, "fog_density": 3.2222472987786412, "wetness": 27.222267682686475, "precipitation_deposits": 80.56881375931792}}], "scenario_type": "Scenario39"}], "Town04": [{"available_event_configurations": [{"transform": {"pitch": "0", "x": 254.9, "y": -230.9, "yaw": 90, "z": 0}, "_start_distance": 15.553533030837063, "_actor_vel": 2.3740869598002785, "_trigger_distance": 15.747744588740401, "_brake": 0.8016916644492164, "weather": {"sun_altitude_angle": 88.74522211262855, "precipitation": 16.20406528409021, "wind_intensity": 31.07675271990582, "sun_azimuth_angle": 146.319546830619, "fog_distance": "0", "cloudiness": 4.493340952639235, "fog_density": 3.2222472987786412, "wetness": 27.222267682686475, "precipitation_deposits": 80.56881375931792}}], "scenario_type": "Scenario39"}], "Town03": [{"available_event_configurations": [{"transform": {"pitch": "0", "x": -88.5, "y": -90, "yaw": 90, "z": 0}, "_start_distance": 15.553533030837063, "_actor_vel": 2.3740869598002785, "_trigger_distance": 15.747744588740401, "_brake": 0.8016916644492164, "weather": {"sun_altitude_angle": 88.74522211262855, "precipitation": 16.20406528409021, "wind_intensity": 31.07675271990582, "sun_azimuth_angle": 146.319546830619, "fog_distance": "0", "cloudiness": 4.493340952639235, "fog_density": 3.2222472987786412, "wetness": 27.222267682686475, "precipitation_deposits": 80.56881375931792}}], "scenario_type": "Scenario39"}]}]}