{"available_scenarios": [{"Town05": [{"available_event_configurations": [{"transform": {"pitch": "0", "x": 35, "y": 130, "yaw": -90, "z": 0}, "_start_distance": 17.740903839593486, "_actor_vel": 2.1022561463515026, "_trigger_distance": 16.31615477158544, "_brake": 0.9308267198738569}, {"transform": {"pitch": "0", "x": 35, "y": 70, "yaw": -90, "z": 0}, "_start_distance": 17.740903839593486, "_actor_vel": 2.1022561463515026, "_trigger_distance": 16.31615477158544, "_brake": 0.9308267198738569, "weather": {"sun_altitude_angle": 7.068413164910176, "precipitation": 56.8857614619767, "wind_intensity": 74.22173817154214, "sun_azimuth_angle": 196.67532181901757, "fog_distance": "0", "cloudiness": 57.943882017706905, "fog_density": 6.807119481635303, "wetness": 13.546160964753561, "precipitation_deposits": 36.961361329934974}}], "scenario_type": "Scenario39"}], "Town01": [{"available_event_configurations": [{"transform": {"pitch": "0", "x": 300, "y": 129, "yaw": 180, "z": 0}, "_start_distance": 17.740903839593486, "_actor_vel": 2.1022561463515026, "_trigger_distance": 16.31615477158544, "_brake": 0.9308267198738569, "weather": {"sun_altitude_angle": 7.068413164910176, "precipitation": 56.8857614619767, "wind_intensity": 74.22173817154214, "sun_azimuth_angle": 196.67532181901757, "fog_distance": "0", "cloudiness": 57.943882017706905, "fog_density": 6.807119481635303, "wetness": 13.546160964753561, "precipitation_deposits": 36.961361329934974}}], "scenario_type": "Scenario39"}], "Town04": [{"available_event_configurations": [{"transform": {"pitch": "0", "x": 254.9, "y": -230.9, "yaw": 90, "z": 0}, "_start_distance": 17.740903839593486, "_actor_vel": 2.1022561463515026, "_trigger_distance": 16.31615477158544, "_brake": 0.9308267198738569, "weather": {"sun_altitude_angle": 7.068413164910176, "precipitation": 56.8857614619767, "wind_intensity": 74.22173817154214, "sun_azimuth_angle": 196.67532181901757, "fog_distance": "0", "cloudiness": 57.943882017706905, "fog_density": 6.807119481635303, "wetness": 13.546160964753561, "precipitation_deposits": 36.961361329934974}}], "scenario_type": "Scenario39"}], "Town03": [{"available_event_configurations": [{"transform": {"pitch": "0", "x": -88.5, "y": -90, "yaw": 90, "z": 0}, "_start_distance": 17.740903839593486, "_actor_vel": 2.1022561463515026, "_trigger_distance": 16.31615477158544, "_brake": 0.9308267198738569, "weather": {"sun_altitude_angle": 7.068413164910176, "precipitation": 56.8857614619767, "wind_intensity": 74.22173817154214, "sun_azimuth_angle": 196.67532181901757, "fog_distance": "0", "cloudiness": 57.943882017706905, "fog_density": 6.807119481635303, "wetness": 13.546160964753561, "precipitation_deposits": 36.961361329934974}}], "scenario_type": "Scenario39"}]}]}