{"available_scenarios": [{"Town05": [{"available_event_configurations": [{"transform": {"pitch": "0", "x": 35, "y": 130, "yaw": -90, "z": 0}, "_start_distance": 18.441547176612865, "_actor_vel": 2.3655545943883074, "_trigger_distance": 18.095595470441964, "_brake": 0.5925499812718453}, {"transform": {"pitch": "0", "x": 35, "y": 70, "yaw": -90, "z": 0}, "_start_distance": 18.441547176612865, "_actor_vel": 2.3655545943883074, "_trigger_distance": 18.095595470441964, "_brake": 0.5925499812718453, "weather": {"sun_altitude_angle": 8.286859823304003, "precipitation": 12.339716053191175, "wind_intensity": 26.43171974449796, "sun_azimuth_angle": 110.02839072212589, "fog_distance": "0", "cloudiness": 45.949187724213594, "fog_density": 5.309956458900605, "wetness": 54.81221959883945, "precipitation_deposits": 22.327878167145432}}], "scenario_type": "Scenario39"}], "Town01": [{"available_event_configurations": [{"transform": {"pitch": "0", "x": 300, "y": 129, "yaw": 180, "z": 0}, "_start_distance": 18.441547176612865, "_actor_vel": 2.3655545943883074, "_trigger_distance": 18.095595470441964, "_brake": 0.5925499812718453, "weather": {"sun_altitude_angle": 8.286859823304003, "precipitation": 12.339716053191175, "wind_intensity": 26.43171974449796, "sun_azimuth_angle": 110.02839072212589, "fog_distance": "0", "cloudiness": 45.949187724213594, "fog_density": 5.309956458900605, "wetness": 54.81221959883945, "precipitation_deposits": 22.327878167145432}}], "scenario_type": "Scenario39"}], "Town04": [{"available_event_configurations": [{"transform": {"pitch": "0", "x": 254.9, "y": -230.9, "yaw": 90, "z": 0}, "_start_distance": 18.441547176612865, "_actor_vel": 2.3655545943883074, "_trigger_distance": 18.095595470441964, "_brake": 0.5925499812718453, "weather": {"sun_altitude_angle": 8.286859823304003, "precipitation": 12.339716053191175, "wind_intensity": 26.43171974449796, "sun_azimuth_angle": 110.02839072212589, "fog_distance": "0", "cloudiness": 45.949187724213594, "fog_density": 5.309956458900605, "wetness": 54.81221959883945, "precipitation_deposits": 22.327878167145432}}], "scenario_type": "Scenario39"}], "Town03": [{"available_event_configurations": [{"transform": {"pitch": "0", "x": -88.5, "y": -90, "yaw": 90, "z": 0}, "_start_distance": 18.441547176612865, "_actor_vel": 2.3655545943883074, "_trigger_distance": 18.095595470441964, "_brake": 0.5925499812718453, "weather": {"sun_altitude_angle": 8.286859823304003, "precipitation": 12.339716053191175, "wind_intensity": 26.43171974449796, "sun_azimuth_angle": 110.02839072212589, "fog_distance": "0", "cloudiness": 45.949187724213594, "fog_density": 5.309956458900605, "wetness": 54.81221959883945, "precipitation_deposits": 22.327878167145432}}], "scenario_type": "Scenario39"}]}]}