{"available_scenarios": [{"Town05": [{"available_event_configurations": [{"transform": {"pitch": "0", "x": 35, "y": 130, "yaw": -90, "z": 0}, "_start_distance": 19.778930924930556, "_actor_vel": 2.3538954736161077, "_trigger_distance": 15.367136965520444, "_brake": 0.6849814676022353}, {"transform": {"pitch": "0", "x": 35, "y": 70, "yaw": -90, "z": 0}, "_start_distance": 19.778930924930556, "_actor_vel": 2.3538954736161077, "_trigger_distance": 15.367136965520444, "_brake": 0.6849814676022353, "weather": {"sun_altitude_angle": 4.295533564272704, "precipitation": 70.82340522691271, "wind_intensity": 0.04505946900167368, "sun_azimuth_angle": 347.2681700204052, "fog_distance": "0", "cloudiness": 72.30821206968811, "fog_density": 7.290457383026789, "wetness": 91.53805759733325, "precipitation_deposits": 73.13037858170577}}], "scenario_type": "Scenario39"}], "Town01": [{"available_event_configurations": [{"transform": {"pitch": "0", "x": 300, "y": 129, "yaw": 180, "z": 0}, "_start_distance": 19.778930924930556, "_actor_vel": 2.3538954736161077, "_trigger_distance": 15.367136965520444, "_brake": 0.6849814676022353, "weather": {"sun_altitude_angle": 4.295533564272704, "precipitation": 70.82340522691271, "wind_intensity": 0.04505946900167368, "sun_azimuth_angle": 347.2681700204052, "fog_distance": "0", "cloudiness": 72.30821206968811, "fog_density": 7.290457383026789, "wetness": 91.53805759733325, "precipitation_deposits": 73.13037858170577}}], "scenario_type": "Scenario39"}], "Town04": [{"available_event_configurations": [{"transform": {"pitch": "0", "x": 254.9, "y": -230.9, "yaw": 90, "z": 0}, "_start_distance": 19.778930924930556, "_actor_vel": 2.3538954736161077, "_trigger_distance": 15.367136965520444, "_brake": 0.6849814676022353, "weather": {"sun_altitude_angle": 4.295533564272704, "precipitation": 70.82340522691271, "wind_intensity": 0.04505946900167368, "sun_azimuth_angle": 347.2681700204052, "fog_distance": "0", "cloudiness": 72.30821206968811, "fog_density": 7.290457383026789, "wetness": 91.53805759733325, "precipitation_deposits": 73.13037858170577}}], "scenario_type": "Scenario39"}], "Town03": [{"available_event_configurations": [{"transform": {"pitch": "0", "x": -88.5, "y": -90, "yaw": 90, "z": 0}, "_start_distance": 19.778930924930556, "_actor_vel": 2.3538954736161077, "_trigger_distance": 15.367136965520444, "_brake": 0.6849814676022353, "weather": {"sun_altitude_angle": 4.295533564272704, "precipitation": 70.82340522691271, "wind_intensity": 0.04505946900167368, "sun_azimuth_angle": 347.2681700204052, "fog_distance": "0", "cloudiness": 72.30821206968811, "fog_density": 7.290457383026789, "wetness": 91.53805759733325, "precipitation_deposits": 73.13037858170577}}], "scenario_type": "Scenario39"}]}]}