{"available_scenarios": [{"Town05": [{"available_event_configurations": [{"transform": {"pitch": "0", "x": 35, "y": 130, "yaw": -90, "z": 0}, "_start_distance": 17.075273761799302, "_actor_vel": 2.3301135208865067, "_trigger_distance": 15.565959775361414, "_brake": 0.7899371399858266}, {"transform": {"pitch": "0", "x": 35, "y": 70, "yaw": -90, "z": 0}, "_start_distance": 17.075273761799302, "_actor_vel": 2.3301135208865067, "_trigger_distance": 15.565959775361414, "_brake": 0.7899371399858266, "weather": {"sun_altitude_angle": 54.469832105115664, "precipitation": 71.72679844945412, "wind_intensity": 59.69361916532502, "sun_azimuth_angle": 47.30753007491069, "fog_distance": "0", "cloudiness": 8.900519406286577, "fog_density": 3.7851123206179818, "wetness": 73.48728179752028, "precipitation_deposits": 8.667750713859956}}], "scenario_type": "Scenario39"}], "Town01": [{"available_event_configurations": [{"transform": {"pitch": "0", "x": 300, "y": 129, "yaw": 180, "z": 0}, "_start_distance": 17.075273761799302, "_actor_vel": 2.3301135208865067, "_trigger_distance": 15.565959775361414, "_brake": 0.7899371399858266, "weather": {"sun_altitude_angle": 54.469832105115664, "precipitation": 71.72679844945412, "wind_intensity": 59.69361916532502, "sun_azimuth_angle": 47.30753007491069, "fog_distance": "0", "cloudiness": 8.900519406286577, "fog_density": 3.7851123206179818, "wetness": 73.48728179752028, "precipitation_deposits": 8.667750713859956}}], "scenario_type": "Scenario39"}], "Town04": [{"available_event_configurations": [{"transform": {"pitch": "0", "x": 254.9, "y": -230.9, "yaw": 90, "z": 0}, "_start_distance": 17.075273761799302, "_actor_vel": 2.3301135208865067, "_trigger_distance": 15.565959775361414, "_brake": 0.7899371399858266, "weather": {"sun_altitude_angle": 54.469832105115664, "precipitation": 71.72679844945412, "wind_intensity": 59.69361916532502, "sun_azimuth_angle": 47.30753007491069, "fog_distance": "0", "cloudiness": 8.900519406286577, "fog_density": 3.7851123206179818, "wetness": 73.48728179752028, "precipitation_deposits": 8.667750713859956}}], "scenario_type": "Scenario39"}], "Town03": [{"available_event_configurations": [{"transform": {"pitch": "0", "x": -88.5, "y": -90, "yaw": 90, "z": 0}, "_start_distance": 17.075273761799302, "_actor_vel": 2.3301135208865067, "_trigger_distance": 15.565959775361414, "_brake": 0.7899371399858266, "weather": {"sun_altitude_angle": 54.469832105115664, "precipitation": 71.72679844945412, "wind_intensity": 59.69361916532502, "sun_azimuth_angle": 47.30753007491069, "fog_distance": "0", "cloudiness": 8.900519406286577, "fog_density": 3.7851123206179818, "wetness": 73.48728179752028, "precipitation_deposits": 8.667750713859956}}], "scenario_type": "Scenario39"}]}]}