{"available_scenarios": [{"Town05": [{"available_event_configurations": [{"transform": {"pitch": "0", "x": 35, "y": 130, "yaw": -90, "z": 0}, "_start_distance": 15.866544497576635, "_actor_vel": 2.1992248502338296, "_trigger_distance": 16.94085407015958, "_brake": 0.5150291906142559}, {"transform": {"pitch": "0", "x": 35, "y": 70, "yaw": -90, "z": 0}, "_start_distance": 15.866544497576635, "_actor_vel": 2.1992248502338296, "_trigger_distance": 16.94085407015958, "_brake": 0.5150291906142559, "weather": {"sun_altitude_angle": 70.8460517940077, "precipitation": 77.04320292840602, "wind_intensity": 0.4097044785317805, "sun_azimuth_angle": 311.10952209731465, "fog_distance": "0", "cloudiness": 84.06240229226675, "fog_density": 8.152181857469582, "wetness": 85.53421573315252, "precipitation_deposits": 24.882974527572287}}], "scenario_type": "Scenario39"}], "Town01": [{"available_event_configurations": [{"transform": {"pitch": "0", "x": 300, "y": 129, "yaw": 180, "z": 0}, "_start_distance": 15.866544497576635, "_actor_vel": 2.1992248502338296, "_trigger_distance": 16.94085407015958, "_brake": 0.5150291906142559, "weather": {"sun_altitude_angle": 70.8460517940077, "precipitation": 77.04320292840602, "wind_intensity": 0.4097044785317805, "sun_azimuth_angle": 311.10952209731465, "fog_distance": "0", "cloudiness": 84.06240229226675, "fog_density": 8.152181857469582, "wetness": 85.53421573315252, "precipitation_deposits": 24.882974527572287}}], "scenario_type": "Scenario39"}], "Town04": [{"available_event_configurations": [{"transform": {"pitch": "0", "x": 254.9, "y": -230.9, "yaw": 90, "z": 0}, "_start_distance": 15.866544497576635, "_actor_vel": 2.1992248502338296, "_trigger_distance": 16.94085407015958, "_brake": 0.5150291906142559, "weather": {"sun_altitude_angle": 70.8460517940077, "precipitation": 77.04320292840602, "wind_intensity": 0.4097044785317805, "sun_azimuth_angle": 311.10952209731465, "fog_distance": "0", "cloudiness": 84.06240229226675, "fog_density": 8.152181857469582, "wetness": 85.53421573315252, "precipitation_deposits": 24.882974527572287}}], "scenario_type": "Scenario39"}], "Town03": [{"available_event_configurations": [{"transform": {"pitch": "0", "x": -88.5, "y": -90, "yaw": 90, "z": 0}, "_start_distance": 15.866544497576635, "_actor_vel": 2.1992248502338296, "_trigger_distance": 16.94085407015958, "_brake": 0.5150291906142559, "weather": {"sun_altitude_angle": 70.8460517940077, "precipitation": 77.04320292840602, "wind_intensity": 0.4097044785317805, "sun_azimuth_angle": 311.10952209731465, "fog_distance": "0", "cloudiness": 84.06240229226675, "fog_density": 8.152181857469582, "wetness": 85.53421573315252, "precipitation_deposits": 24.882974527572287}}], "scenario_type": "Scenario39"}]}]}