{"available_scenarios": [{"Town05": [{"available_event_configurations": [{"transform": {"pitch": "0", "x": 35, "y": 130, "yaw": -90, "z": 0}, "_start_distance": 19.09898791683434, "_actor_vel": 2.0106994239078047, "_trigger_distance": 18.533908123322057, "_brake": 0.5340745031490286}, {"transform": {"pitch": "0", "x": 35, "y": 70, "yaw": -90, "z": 0}, "_start_distance": 19.09898791683434, "_actor_vel": 2.0106994239078047, "_trigger_distance": 18.533908123322057, "_brake": 0.5340745031490286, "weather": {"sun_altitude_angle": 89.43687066666372, "precipitation": 64.51442847908993, "wind_intensity": 27.510382605535966, "sun_azimuth_angle": 11.470407153755154, "fog_distance": "0", "cloudiness": 35.07805875182599, "fog_density": 1.0774086287842866, "wetness": 96.61370263391602, "precipitation_deposits": 62.581840098896095}}], "scenario_type": "Scenario39"}], "Town01": [{"available_event_configurations": [{"transform": {"pitch": "0", "x": 300, "y": 129, "yaw": 180, "z": 0}, "_start_distance": 19.09898791683434, "_actor_vel": 2.0106994239078047, "_trigger_distance": 18.533908123322057, "_brake": 0.5340745031490286, "weather": {"sun_altitude_angle": 89.43687066666372, "precipitation": 64.51442847908993, "wind_intensity": 27.510382605535966, "sun_azimuth_angle": 11.470407153755154, "fog_distance": "0", "cloudiness": 35.07805875182599, "fog_density": 1.0774086287842866, "wetness": 96.61370263391602, "precipitation_deposits": 62.581840098896095}}], "scenario_type": "Scenario39"}], "Town04": [{"available_event_configurations": [{"transform": {"pitch": "0", "x": 254.9, "y": -230.9, "yaw": 90, "z": 0}, "_start_distance": 19.09898791683434, "_actor_vel": 2.0106994239078047, "_trigger_distance": 18.533908123322057, "_brake": 0.5340745031490286, "weather": {"sun_altitude_angle": 89.43687066666372, "precipitation": 64.51442847908993, "wind_intensity": 27.510382605535966, "sun_azimuth_angle": 11.470407153755154, "fog_distance": "0", "cloudiness": 35.07805875182599, "fog_density": 1.0774086287842866, "wetness": 96.61370263391602, "precipitation_deposits": 62.581840098896095}}], "scenario_type": "Scenario39"}], "Town03": [{"available_event_configurations": [{"transform": {"pitch": "0", "x": -88.5, "y": -90, "yaw": 90, "z": 0}, "_start_distance": 19.09898791683434, "_actor_vel": 2.0106994239078047, "_trigger_distance": 18.533908123322057, "_brake": 0.5340745031490286, "weather": {"sun_altitude_angle": 89.43687066666372, "precipitation": 64.51442847908993, "wind_intensity": 27.510382605535966, "sun_azimuth_angle": 11.470407153755154, "fog_distance": "0", "cloudiness": 35.07805875182599, "fog_density": 1.0774086287842866, "wetness": 96.61370263391602, "precipitation_deposits": 62.581840098896095}}], "scenario_type": "Scenario39"}]}]}