{"available_scenarios": [{"Town05": [{"available_event_configurations": [{"transform": {"pitch": "0", "x": 35, "y": 130, "yaw": -90, "z": 0}, "_start_distance": 16.42572244165738, "_actor_vel": 2.184054783382051, "_trigger_distance": 16.85107881473314, "_brake": 0.9531228976417038}, {"transform": {"pitch": "0", "x": 35, "y": 70, "yaw": -90, "z": 0}, "_start_distance": 16.42572244165738, "_actor_vel": 2.184054783382051, "_trigger_distance": 16.85107881473314, "_brake": 0.9531228976417038, "weather": {"sun_altitude_angle": 63.8506399422661, "precipitation": 67.58592989672756, "wind_intensity": 23.69091108669569, "sun_azimuth_angle": 28.70693908001676, "fog_distance": "0", "cloudiness": 99.48921577767675, "fog_density": 4.532795204003005, "wetness": 85.66851987590644, "precipitation_deposits": 63.20194483483049}}], "scenario_type": "Scenario39"}], "Town01": [{"available_event_configurations": [{"transform": {"pitch": "0", "x": 300, "y": 129, "yaw": 180, "z": 0}, "_start_distance": 16.42572244165738, "_actor_vel": 2.184054783382051, "_trigger_distance": 16.85107881473314, "_brake": 0.9531228976417038, "weather": {"sun_altitude_angle": 63.8506399422661, "precipitation": 67.58592989672756, "wind_intensity": 23.69091108669569, "sun_azimuth_angle": 28.70693908001676, "fog_distance": "0", "cloudiness": 99.48921577767675, "fog_density": 4.532795204003005, "wetness": 85.66851987590644, "precipitation_deposits": 63.20194483483049}}], "scenario_type": "Scenario39"}], "Town04": [{"available_event_configurations": [{"transform": {"pitch": "0", "x": 254.9, "y": -230.9, "yaw": 90, "z": 0}, "_start_distance": 16.42572244165738, "_actor_vel": 2.184054783382051, "_trigger_distance": 16.85107881473314, "_brake": 0.9531228976417038, "weather": {"sun_altitude_angle": 63.8506399422661, "precipitation": 67.58592989672756, "wind_intensity": 23.69091108669569, "sun_azimuth_angle": 28.70693908001676, "fog_distance": "0", "cloudiness": 99.48921577767675, "fog_density": 4.532795204003005, "wetness": 85.66851987590644, "precipitation_deposits": 63.20194483483049}}], "scenario_type": "Scenario39"}], "Town03": [{"available_event_configurations": [{"transform": {"pitch": "0", "x": -88.5, "y": -90, "yaw": 90, "z": 0}, "_start_distance": 16.42572244165738, "_actor_vel": 2.184054783382051, "_trigger_distance": 16.85107881473314, "_brake": 0.9531228976417038, "weather": {"sun_altitude_angle": 63.8506399422661, "precipitation": 67.58592989672756, "wind_intensity": 23.69091108669569, "sun_azimuth_angle": 28.70693908001676, "fog_distance": "0", "cloudiness": 99.48921577767675, "fog_density": 4.532795204003005, "wetness": 85.66851987590644, "precipitation_deposits": 63.20194483483049}}], "scenario_type": "Scenario39"}]}]}