{"available_scenarios": [{"Town05": [{"available_event_configurations": [{"transform": {"pitch": "0", "x": 35, "y": 130, "yaw": -90, "z": 0}, "_start_distance": 15.510884678188336, "_actor_vel": 2.0560791776323133, "_trigger_distance": 19.203363385292242, "_brake": 0.9829390809762588}, {"transform": {"pitch": "0", "x": 35, "y": 70, "yaw": -90, "z": 0}, "_start_distance": 15.510884678188336, "_actor_vel": 2.0560791776323133, "_trigger_distance": 19.203363385292242, "_brake": 0.9829390809762588, "weather": {"sun_altitude_angle": 34.37653071373713, "precipitation": 60.63063303707356, "wind_intensity": 41.95649385438062, "sun_azimuth_angle": 277.72770276020424, "fog_distance": "0", "cloudiness": 8.414591077547284, "fog_density": 1.9050728811991513, "wetness": 1.4304726211234575, "precipitation_deposits": 61.09892763484018}}], "scenario_type": "Scenario39"}], "Town01": [{"available_event_configurations": [{"transform": {"pitch": "0", "x": 300, "y": 129, "yaw": 180, "z": 0}, "_start_distance": 15.510884678188336, "_actor_vel": 2.0560791776323133, "_trigger_distance": 19.203363385292242, "_brake": 0.9829390809762588, "weather": {"sun_altitude_angle": 34.37653071373713, "precipitation": 60.63063303707356, "wind_intensity": 41.95649385438062, "sun_azimuth_angle": 277.72770276020424, "fog_distance": "0", "cloudiness": 8.414591077547284, "fog_density": 1.9050728811991513, "wetness": 1.4304726211234575, "precipitation_deposits": 61.09892763484018}}], "scenario_type": "Scenario39"}], "Town04": [{"available_event_configurations": [{"transform": {"pitch": "0", "x": 254.9, "y": -230.9, "yaw": 90, "z": 0}, "_start_distance": 15.510884678188336, "_actor_vel": 2.0560791776323133, "_trigger_distance": 19.203363385292242, "_brake": 0.9829390809762588, "weather": {"sun_altitude_angle": 34.37653071373713, "precipitation": 60.63063303707356, "wind_intensity": 41.95649385438062, "sun_azimuth_angle": 277.72770276020424, "fog_distance": "0", "cloudiness": 8.414591077547284, "fog_density": 1.9050728811991513, "wetness": 1.4304726211234575, "precipitation_deposits": 61.09892763484018}}], "scenario_type": "Scenario39"}], "Town03": [{"available_event_configurations": [{"transform": {"pitch": "0", "x": -88.5, "y": -90, "yaw": 90, "z": 0}, "_start_distance": 15.510884678188336, "_actor_vel": 2.0560791776323133, "_trigger_distance": 19.203363385292242, "_brake": 0.9829390809762588, "weather": {"sun_altitude_angle": 34.37653071373713, "precipitation": 60.63063303707356, "wind_intensity": 41.95649385438062, "sun_azimuth_angle": 277.72770276020424, "fog_distance": "0", "cloudiness": 8.414591077547284, "fog_density": 1.9050728811991513, "wetness": 1.4304726211234575, "precipitation_deposits": 61.09892763484018}}], "scenario_type": "Scenario39"}]}]}