{"available_scenarios": [{"Town05": [{"available_event_configurations": [{"transform": {"pitch": "0", "x": 35, "y": 130, "yaw": -90, "z": 0}, "_start_distance": 19.194969606429375, "_actor_vel": 2.263146711445808, "_trigger_distance": 17.20272977829677, "_brake": 0.8208663705775856}, {"transform": {"pitch": "0", "x": 35, "y": 70, "yaw": -90, "z": 0}, "_start_distance": 19.194969606429375, "_actor_vel": 2.263146711445808, "_trigger_distance": 17.20272977829677, "_brake": 0.8208663705775856, "weather": {"sun_altitude_angle": 42.161065202765435, "precipitation": 53.63569466458844, "wind_intensity": 29.64077104679046, "sun_azimuth_angle": 78.13678541744662, "fog_distance": "0", "cloudiness": 39.48535236194927, "fog_density": 9.118808455860641, "wetness": 78.15278749215652, "precipitation_deposits": 70.84154297795637}}], "scenario_type": "Scenario39"}], "Town01": [{"available_event_configurations": [{"transform": {"pitch": "0", "x": 300, "y": 129, "yaw": 180, "z": 0}, "_start_distance": 19.194969606429375, "_actor_vel": 2.263146711445808, "_trigger_distance": 17.20272977829677, "_brake": 0.8208663705775856, "weather": {"sun_altitude_angle": 42.161065202765435, "precipitation": 53.63569466458844, "wind_intensity": 29.64077104679046, "sun_azimuth_angle": 78.13678541744662, "fog_distance": "0", "cloudiness": 39.48535236194927, "fog_density": 9.118808455860641, "wetness": 78.15278749215652, "precipitation_deposits": 70.84154297795637}}], "scenario_type": "Scenario39"}], "Town04": [{"available_event_configurations": [{"transform": {"pitch": "0", "x": 254.9, "y": -230.9, "yaw": 90, "z": 0}, "_start_distance": 19.194969606429375, "_actor_vel": 2.263146711445808, "_trigger_distance": 17.20272977829677, "_brake": 0.8208663705775856, "weather": {"sun_altitude_angle": 42.161065202765435, "precipitation": 53.63569466458844, "wind_intensity": 29.64077104679046, "sun_azimuth_angle": 78.13678541744662, "fog_distance": "0", "cloudiness": 39.48535236194927, "fog_density": 9.118808455860641, "wetness": 78.15278749215652, "precipitation_deposits": 70.84154297795637}}], "scenario_type": "Scenario39"}], "Town03": [{"available_event_configurations": [{"transform": {"pitch": "0", "x": -88.5, "y": -90, "yaw": 90, "z": 0}, "_start_distance": 19.194969606429375, "_actor_vel": 2.263146711445808, "_trigger_distance": 17.20272977829677, "_brake": 0.8208663705775856, "weather": {"sun_altitude_angle": 42.161065202765435, "precipitation": 53.63569466458844, "wind_intensity": 29.64077104679046, "sun_azimuth_angle": 78.13678541744662, "fog_distance": "0", "cloudiness": 39.48535236194927, "fog_density": 9.118808455860641, "wetness": 78.15278749215652, "precipitation_deposits": 70.84154297795637}}], "scenario_type": "Scenario39"}]}]}