{"available_scenarios": [{"Town05": [{"available_event_configurations": [{"transform": {"pitch": "0", "x": 35, "y": 130, "yaw": -90, "z": 0}, "_start_distance": 15.680229017595437, "_actor_vel": 2.119167036856333, "_trigger_distance": 15.273395910665288, "_brake": 0.7624353461872799}, {"transform": {"pitch": "0", "x": 35, "y": 70, "yaw": -90, "z": 0}, "_start_distance": 15.680229017595437, "_actor_vel": 2.119167036856333, "_trigger_distance": 15.273395910665288, "_brake": 0.7624353461872799, "weather": {"sun_altitude_angle": 22.261827961780348, "precipitation": 45.201596015608445, "wind_intensity": 18.355667469593918, "sun_azimuth_angle": 11.858181666706384, "fog_distance": "0", "cloudiness": 52.91026405410175, "fog_density": 3.517421741629433, "wetness": 14.145574952224571, "precipitation_deposits": 31.78250887262033}}], "scenario_type": "Scenario39"}], "Town01": [{"available_event_configurations": [{"transform": {"pitch": "0", "x": 300, "y": 129, "yaw": 180, "z": 0}, "_start_distance": 15.680229017595437, "_actor_vel": 2.119167036856333, "_trigger_distance": 15.273395910665288, "_brake": 0.7624353461872799, "weather": {"sun_altitude_angle": 22.261827961780348, "precipitation": 45.201596015608445, "wind_intensity": 18.355667469593918, "sun_azimuth_angle": 11.858181666706384, "fog_distance": "0", "cloudiness": 52.91026405410175, "fog_density": 3.517421741629433, "wetness": 14.145574952224571, "precipitation_deposits": 31.78250887262033}}], "scenario_type": "Scenario39"}], "Town04": [{"available_event_configurations": [{"transform": {"pitch": "0", "x": 254.9, "y": -230.9, "yaw": 90, "z": 0}, "_start_distance": 15.680229017595437, "_actor_vel": 2.119167036856333, "_trigger_distance": 15.273395910665288, "_brake": 0.7624353461872799, "weather": {"sun_altitude_angle": 22.261827961780348, "precipitation": 45.201596015608445, "wind_intensity": 18.355667469593918, "sun_azimuth_angle": 11.858181666706384, "fog_distance": "0", "cloudiness": 52.91026405410175, "fog_density": 3.517421741629433, "wetness": 14.145574952224571, "precipitation_deposits": 31.78250887262033}}], "scenario_type": "Scenario39"}], "Town03": [{"available_event_configurations": [{"transform": {"pitch": "0", "x": -88.5, "y": -90, "yaw": 90, "z": 0}, "_start_distance": 15.680229017595437, "_actor_vel": 2.119167036856333, "_trigger_distance": 15.273395910665288, "_brake": 0.7624353461872799, "weather": {"sun_altitude_angle": 22.261827961780348, "precipitation": 45.201596015608445, "wind_intensity": 18.355667469593918, "sun_azimuth_angle": 11.858181666706384, "fog_distance": "0", "cloudiness": 52.91026405410175, "fog_density": 3.517421741629433, "wetness": 14.145574952224571, "precipitation_deposits": 31.78250887262033}}], "scenario_type": "Scenario39"}]}]}