{"available_scenarios": [{"Town05": [{"available_event_configurations": [{"transform": {"pitch": "0", "x": 35, "y": 130, "yaw": -90, "z": 0}, "_start_distance": 16.861091046818945, "_actor_vel": 2.2032445239648957, "_trigger_distance": 18.337420964669526, "_brake": 0.6469469997870863}, {"transform": {"pitch": "0", "x": 35, "y": 70, "yaw": -90, "z": 0}, "_start_distance": 16.861091046818945, "_actor_vel": 2.2032445239648957, "_trigger_distance": 18.337420964669526, "_brake": 0.6469469997870863, "weather": {"sun_altitude_angle": 29.77846416046464, "precipitation": 92.000034237491, "wind_intensity": 52.292844277002416, "sun_azimuth_angle": 208.01821501817528, "fog_distance": "0", "cloudiness": 63.190442139417, "fog_density": 6.148260393140889, "wetness": 87.45320066523277, "precipitation_deposits": 96.26599044347617}}], "scenario_type": "Scenario39"}], "Town01": [{"available_event_configurations": [{"transform": {"pitch": "0", "x": 300, "y": 129, "yaw": 180, "z": 0}, "_start_distance": 16.861091046818945, "_actor_vel": 2.2032445239648957, "_trigger_distance": 18.337420964669526, "_brake": 0.6469469997870863, "weather": {"sun_altitude_angle": 29.77846416046464, "precipitation": 92.000034237491, "wind_intensity": 52.292844277002416, "sun_azimuth_angle": 208.01821501817528, "fog_distance": "0", "cloudiness": 63.190442139417, "fog_density": 6.148260393140889, "wetness": 87.45320066523277, "precipitation_deposits": 96.26599044347617}}], "scenario_type": "Scenario39"}], "Town04": [{"available_event_configurations": [{"transform": {"pitch": "0", "x": 254.9, "y": -230.9, "yaw": 90, "z": 0}, "_start_distance": 16.861091046818945, "_actor_vel": 2.2032445239648957, "_trigger_distance": 18.337420964669526, "_brake": 0.6469469997870863, "weather": {"sun_altitude_angle": 29.77846416046464, "precipitation": 92.000034237491, "wind_intensity": 52.292844277002416, "sun_azimuth_angle": 208.01821501817528, "fog_distance": "0", "cloudiness": 63.190442139417, "fog_density": 6.148260393140889, "wetness": 87.45320066523277, "precipitation_deposits": 96.26599044347617}}], "scenario_type": "Scenario39"}], "Town03": [{"available_event_configurations": [{"transform": {"pitch": "0", "x": -88.5, "y": -90, "yaw": 90, "z": 0}, "_start_distance": 16.861091046818945, "_actor_vel": 2.2032445239648957, "_trigger_distance": 18.337420964669526, "_brake": 0.6469469997870863, "weather": {"sun_altitude_angle": 29.77846416046464, "precipitation": 92.000034237491, "wind_intensity": 52.292844277002416, "sun_azimuth_angle": 208.01821501817528, "fog_distance": "0", "cloudiness": 63.190442139417, "fog_density": 6.148260393140889, "wetness": 87.45320066523277, "precipitation_deposits": 96.26599044347617}}], "scenario_type": "Scenario39"}]}]}