{"available_scenarios": [{"Town05": [{"available_event_configurations": [{"transform": {"pitch": "0", "x": 35, "y": 130, "yaw": -90, "z": 0}, "_start_distance": 15.455257188624714, "_actor_vel": 2.3288958058963245, "_trigger_distance": 15.788935165047373, "_brake": 0.8026027894869037}, {"transform": {"pitch": "0", "x": 35, "y": 70, "yaw": -90, "z": 0}, "_start_distance": 15.455257188624714, "_actor_vel": 2.3288958058963245, "_trigger_distance": 15.788935165047373, "_brake": 0.8026027894869037, "weather": {"sun_altitude_angle": 46.77507436095098, "precipitation": 5.444067115635908, "wind_intensity": 64.63491372786643, "sun_azimuth_angle": 349.6184488742014, "fog_distance": "0", "cloudiness": 20.878384986838803, "fog_density": 7.705270239111574, "wetness": 11.81214742451523, "precipitation_deposits": 96.89773763365534}}], "scenario_type": "Scenario39"}], "Town01": [{"available_event_configurations": [{"transform": {"pitch": "0", "x": 300, "y": 129, "yaw": 180, "z": 0}, "_start_distance": 15.455257188624714, "_actor_vel": 2.3288958058963245, "_trigger_distance": 15.788935165047373, "_brake": 0.8026027894869037, "weather": {"sun_altitude_angle": 46.77507436095098, "precipitation": 5.444067115635908, "wind_intensity": 64.63491372786643, "sun_azimuth_angle": 349.6184488742014, "fog_distance": "0", "cloudiness": 20.878384986838803, "fog_density": 7.705270239111574, "wetness": 11.81214742451523, "precipitation_deposits": 96.89773763365534}}], "scenario_type": "Scenario39"}], "Town04": [{"available_event_configurations": [{"transform": {"pitch": "0", "x": 254.9, "y": -230.9, "yaw": 90, "z": 0}, "_start_distance": 15.455257188624714, "_actor_vel": 2.3288958058963245, "_trigger_distance": 15.788935165047373, "_brake": 0.8026027894869037, "weather": {"sun_altitude_angle": 46.77507436095098, "precipitation": 5.444067115635908, "wind_intensity": 64.63491372786643, "sun_azimuth_angle": 349.6184488742014, "fog_distance": "0", "cloudiness": 20.878384986838803, "fog_density": 7.705270239111574, "wetness": 11.81214742451523, "precipitation_deposits": 96.89773763365534}}], "scenario_type": "Scenario39"}], "Town03": [{"available_event_configurations": [{"transform": {"pitch": "0", "x": -88.5, "y": -90, "yaw": 90, "z": 0}, "_start_distance": 15.455257188624714, "_actor_vel": 2.3288958058963245, "_trigger_distance": 15.788935165047373, "_brake": 0.8026027894869037, "weather": {"sun_altitude_angle": 46.77507436095098, "precipitation": 5.444067115635908, "wind_intensity": 64.63491372786643, "sun_azimuth_angle": 349.6184488742014, "fog_distance": "0", "cloudiness": 20.878384986838803, "fog_density": 7.705270239111574, "wetness": 11.81214742451523, "precipitation_deposits": 96.89773763365534}}], "scenario_type": "Scenario39"}]}]}