{"available_scenarios": [{"Town05": [{"available_event_configurations": [{"transform": {"pitch": "0", "x": 35, "y": 130, "yaw": -90, "z": 0}, "_start_distance": 19.684101001004827, "_actor_vel": 2.100752847135274, "_trigger_distance": 15.600982265064, "_brake": 0.7029031091787019}, {"transform": {"pitch": "0", "x": 35, "y": 70, "yaw": -90, "z": 0}, "_start_distance": 19.684101001004827, "_actor_vel": 2.100752847135274, "_trigger_distance": 15.600982265064, "_brake": 0.7029031091787019, "weather": {"sun_altitude_angle": 78.17814900588394, "precipitation": 53.91883843090257, "wind_intensity": 40.93005700580651, "sun_azimuth_angle": 174.80532494254444, "fog_distance": "0", "cloudiness": 5.154750062367308, "fog_density": 5.3852881835163, "wetness": 55.24921761856548, "precipitation_deposits": 55.0428601449632}}], "scenario_type": "Scenario39"}], "Town01": [{"available_event_configurations": [{"transform": {"pitch": "0", "x": 300, "y": 129, "yaw": 180, "z": 0}, "_start_distance": 19.684101001004827, "_actor_vel": 2.100752847135274, "_trigger_distance": 15.600982265064, "_brake": 0.7029031091787019, "weather": {"sun_altitude_angle": 78.17814900588394, "precipitation": 53.91883843090257, "wind_intensity": 40.93005700580651, "sun_azimuth_angle": 174.80532494254444, "fog_distance": "0", "cloudiness": 5.154750062367308, "fog_density": 5.3852881835163, "wetness": 55.24921761856548, "precipitation_deposits": 55.0428601449632}}], "scenario_type": "Scenario39"}], "Town04": [{"available_event_configurations": [{"transform": {"pitch": "0", "x": 254.9, "y": -230.9, "yaw": 90, "z": 0}, "_start_distance": 19.684101001004827, "_actor_vel": 2.100752847135274, "_trigger_distance": 15.600982265064, "_brake": 0.7029031091787019, "weather": {"sun_altitude_angle": 78.17814900588394, "precipitation": 53.91883843090257, "wind_intensity": 40.93005700580651, "sun_azimuth_angle": 174.80532494254444, "fog_distance": "0", "cloudiness": 5.154750062367308, "fog_density": 5.3852881835163, "wetness": 55.24921761856548, "precipitation_deposits": 55.0428601449632}}], "scenario_type": "Scenario39"}], "Town03": [{"available_event_configurations": [{"transform": {"pitch": "0", "x": -88.5, "y": -90, "yaw": 90, "z": 0}, "_start_distance": 19.684101001004827, "_actor_vel": 2.100752847135274, "_trigger_distance": 15.600982265064, "_brake": 0.7029031091787019, "weather": {"sun_altitude_angle": 78.17814900588394, "precipitation": 53.91883843090257, "wind_intensity": 40.93005700580651, "sun_azimuth_angle": 174.80532494254444, "fog_distance": "0", "cloudiness": 5.154750062367308, "fog_density": 5.3852881835163, "wetness": 55.24921761856548, "precipitation_deposits": 55.0428601449632}}], "scenario_type": "Scenario39"}]}]}