{"available_scenarios": [{"Town05": [{"available_event_configurations": [{"transform": {"pitch": "0", "x": 35, "y": 130, "yaw": -90, "z": 0}, "_start_distance": 15.182927397584528, "_actor_vel": 2.059559772643416, "_trigger_distance": 15.186129561835461, "_brake": 0.5462065325083216}, {"transform": {"pitch": "0", "x": 35, "y": 70, "yaw": -90, "z": 0}, "_start_distance": 15.182927397584528, "_actor_vel": 2.059559772643416, "_trigger_distance": 15.186129561835461, "_brake": 0.5462065325083216, "weather": {"sun_altitude_angle": 4.882114272171484, "precipitation": 38.21307240177574, "wind_intensity": 60.89020655995634, "sun_azimuth_angle": 146.12957329331735, "fog_distance": "0", "cloudiness": 36.10896032744352, "fog_density": 5.781095910545686, "wetness": 3.754195746769995, "precipitation_deposits": 34.007199631275434}}], "scenario_type": "Scenario39"}], "Town01": [{"available_event_configurations": [{"transform": {"pitch": "0", "x": 300, "y": 129, "yaw": 180, "z": 0}, "_start_distance": 15.182927397584528, "_actor_vel": 2.059559772643416, "_trigger_distance": 15.186129561835461, "_brake": 0.5462065325083216, "weather": {"sun_altitude_angle": 4.882114272171484, "precipitation": 38.21307240177574, "wind_intensity": 60.89020655995634, "sun_azimuth_angle": 146.12957329331735, "fog_distance": "0", "cloudiness": 36.10896032744352, "fog_density": 5.781095910545686, "wetness": 3.754195746769995, "precipitation_deposits": 34.007199631275434}}], "scenario_type": "Scenario39"}], "Town04": [{"available_event_configurations": [{"transform": {"pitch": "0", "x": 254.9, "y": -230.9, "yaw": 90, "z": 0}, "_start_distance": 15.182927397584528, "_actor_vel": 2.059559772643416, "_trigger_distance": 15.186129561835461, "_brake": 0.5462065325083216, "weather": {"sun_altitude_angle": 4.882114272171484, "precipitation": 38.21307240177574, "wind_intensity": 60.89020655995634, "sun_azimuth_angle": 146.12957329331735, "fog_distance": "0", "cloudiness": 36.10896032744352, "fog_density": 5.781095910545686, "wetness": 3.754195746769995, "precipitation_deposits": 34.007199631275434}}], "scenario_type": "Scenario39"}], "Town03": [{"available_event_configurations": [{"transform": {"pitch": "0", "x": -88.5, "y": -90, "yaw": 90, "z": 0}, "_start_distance": 15.182927397584528, "_actor_vel": 2.059559772643416, "_trigger_distance": 15.186129561835461, "_brake": 0.5462065325083216, "weather": {"sun_altitude_angle": 4.882114272171484, "precipitation": 38.21307240177574, "wind_intensity": 60.89020655995634, "sun_azimuth_angle": 146.12957329331735, "fog_distance": "0", "cloudiness": 36.10896032744352, "fog_density": 5.781095910545686, "wetness": 3.754195746769995, "precipitation_deposits": 34.007199631275434}}], "scenario_type": "Scenario39"}]}]}