{"available_scenarios": [{"Town05": [{"available_event_configurations": [{"transform": {"pitch": "0", "x": 35, "y": 130, "yaw": -90, "z": 0}, "_start_distance": 19.252377756280545, "_actor_vel": 2.120598500990965, "_trigger_distance": 16.27976125322637, "_brake": 0.6256815798564721}, {"transform": {"pitch": "0", "x": 35, "y": 70, "yaw": -90, "z": 0}, "_start_distance": 19.252377756280545, "_actor_vel": 2.120598500990965, "_trigger_distance": 16.27976125322637, "_brake": 0.6256815798564721, "weather": {"sun_altitude_angle": 59.696321384543474, "precipitation": 33.65295447677871, "wind_intensity": 81.14197088621665, "sun_azimuth_angle": 69.2388221512223, "fog_distance": "0", "cloudiness": 56.95209911989656, "fog_density": 7.743102978998636, "wetness": 91.75185013982583, "precipitation_deposits": 64.37528786157571}}], "scenario_type": "Scenario39"}], "Town01": [{"available_event_configurations": [{"transform": {"pitch": "0", "x": 300, "y": 129, "yaw": 180, "z": 0}, "_start_distance": 19.252377756280545, "_actor_vel": 2.120598500990965, "_trigger_distance": 16.27976125322637, "_brake": 0.6256815798564721, "weather": {"sun_altitude_angle": 59.696321384543474, "precipitation": 33.65295447677871, "wind_intensity": 81.14197088621665, "sun_azimuth_angle": 69.2388221512223, "fog_distance": "0", "cloudiness": 56.95209911989656, "fog_density": 7.743102978998636, "wetness": 91.75185013982583, "precipitation_deposits": 64.37528786157571}}], "scenario_type": "Scenario39"}], "Town04": [{"available_event_configurations": [{"transform": {"pitch": "0", "x": 254.9, "y": -230.9, "yaw": 90, "z": 0}, "_start_distance": 19.252377756280545, "_actor_vel": 2.120598500990965, "_trigger_distance": 16.27976125322637, "_brake": 0.6256815798564721, "weather": {"sun_altitude_angle": 59.696321384543474, "precipitation": 33.65295447677871, "wind_intensity": 81.14197088621665, "sun_azimuth_angle": 69.2388221512223, "fog_distance": "0", "cloudiness": 56.95209911989656, "fog_density": 7.743102978998636, "wetness": 91.75185013982583, "precipitation_deposits": 64.37528786157571}}], "scenario_type": "Scenario39"}], "Town03": [{"available_event_configurations": [{"transform": {"pitch": "0", "x": -88.5, "y": -90, "yaw": 90, "z": 0}, "_start_distance": 19.252377756280545, "_actor_vel": 2.120598500990965, "_trigger_distance": 16.27976125322637, "_brake": 0.6256815798564721, "weather": {"sun_altitude_angle": 59.696321384543474, "precipitation": 33.65295447677871, "wind_intensity": 81.14197088621665, "sun_azimuth_angle": 69.2388221512223, "fog_distance": "0", "cloudiness": 56.95209911989656, "fog_density": 7.743102978998636, "wetness": 91.75185013982583, "precipitation_deposits": 64.37528786157571}}], "scenario_type": "Scenario39"}]}]}