{"available_scenarios": [{"Town05": [{"available_event_configurations": [{"transform": {"pitch": "0", "x": 35, "y": 130, "yaw": -90, "z": 0}, "_start_distance": 16.440246412806456, "_actor_vel": 2.1976683408366213, "_trigger_distance": 15.858678819946222, "_brake": 0.7360572867822086}, {"transform": {"pitch": "0", "x": 35, "y": 70, "yaw": -90, "z": 0}, "_start_distance": 16.440246412806456, "_actor_vel": 2.1976683408366213, "_trigger_distance": 15.858678819946222, "_brake": 0.7360572867822086, "weather": {"sun_altitude_angle": 72.76038638095575, "precipitation": 37.51091890687592, "wind_intensity": 74.3442977167797, "sun_azimuth_angle": 265.87112886447227, "fog_distance": "0", "cloudiness": 67.07737217354475, "fog_density": 4.002353301517049, "wetness": 74.68699793113845, "precipitation_deposits": 61.86344954514088}}], "scenario_type": "Scenario39"}], "Town01": [{"available_event_configurations": [{"transform": {"pitch": "0", "x": 300, "y": 129, "yaw": 180, "z": 0}, "_start_distance": 16.440246412806456, "_actor_vel": 2.1976683408366213, "_trigger_distance": 15.858678819946222, "_brake": 0.7360572867822086, "weather": {"sun_altitude_angle": 72.76038638095575, "precipitation": 37.51091890687592, "wind_intensity": 74.3442977167797, "sun_azimuth_angle": 265.87112886447227, "fog_distance": "0", "cloudiness": 67.07737217354475, "fog_density": 4.002353301517049, "wetness": 74.68699793113845, "precipitation_deposits": 61.86344954514088}}], "scenario_type": "Scenario39"}], "Town04": [{"available_event_configurations": [{"transform": {"pitch": "0", "x": 254.9, "y": -230.9, "yaw": 90, "z": 0}, "_start_distance": 16.440246412806456, "_actor_vel": 2.1976683408366213, "_trigger_distance": 15.858678819946222, "_brake": 0.7360572867822086, "weather": {"sun_altitude_angle": 72.76038638095575, "precipitation": 37.51091890687592, "wind_intensity": 74.3442977167797, "sun_azimuth_angle": 265.87112886447227, "fog_distance": "0", "cloudiness": 67.07737217354475, "fog_density": 4.002353301517049, "wetness": 74.68699793113845, "precipitation_deposits": 61.86344954514088}}], "scenario_type": "Scenario39"}], "Town03": [{"available_event_configurations": [{"transform": {"pitch": "0", "x": -88.5, "y": -90, "yaw": 90, "z": 0}, "_start_distance": 16.440246412806456, "_actor_vel": 2.1976683408366213, "_trigger_distance": 15.858678819946222, "_brake": 0.7360572867822086, "weather": {"sun_altitude_angle": 72.76038638095575, "precipitation": 37.51091890687592, "wind_intensity": 74.3442977167797, "sun_azimuth_angle": 265.87112886447227, "fog_distance": "0", "cloudiness": 67.07737217354475, "fog_density": 4.002353301517049, "wetness": 74.68699793113845, "precipitation_deposits": 61.86344954514088}}], "scenario_type": "Scenario39"}]}]}