{"available_scenarios": [{"Town05": [{"available_event_configurations": [{"transform": {"pitch": "0", "x": 35, "y": 130, "yaw": -90, "z": 0}, "_start_distance": 17.65183070342895, "_actor_vel": 2.2291499206884096, "_trigger_distance": 16.646745793273183, "_brake": 0.8551790358215008}, {"transform": {"pitch": "0", "x": 35, "y": 70, "yaw": -90, "z": 0}, "_start_distance": 17.65183070342895, "_actor_vel": 2.2291499206884096, "_trigger_distance": 16.646745793273183, "_brake": 0.8551790358215008, "weather": {"sun_altitude_angle": 71.83606315717783, "precipitation": 25.87047954451617, "wind_intensity": 44.20028660133738, "sun_azimuth_angle": 241.24482843679758, "fog_distance": "0", "cloudiness": 65.55550569088321, "fog_density": 9.656897347353178, "wetness": 10.996476297538283, "precipitation_deposits": 81.34822516824326}}], "scenario_type": "Scenario39"}], "Town01": [{"available_event_configurations": [{"transform": {"pitch": "0", "x": 300, "y": 129, "yaw": 180, "z": 0}, "_start_distance": 17.65183070342895, "_actor_vel": 2.2291499206884096, "_trigger_distance": 16.646745793273183, "_brake": 0.8551790358215008, "weather": {"sun_altitude_angle": 71.83606315717783, "precipitation": 25.87047954451617, "wind_intensity": 44.20028660133738, "sun_azimuth_angle": 241.24482843679758, "fog_distance": "0", "cloudiness": 65.55550569088321, "fog_density": 9.656897347353178, "wetness": 10.996476297538283, "precipitation_deposits": 81.34822516824326}}], "scenario_type": "Scenario39"}], "Town04": [{"available_event_configurations": [{"transform": {"pitch": "0", "x": 254.9, "y": -230.9, "yaw": 90, "z": 0}, "_start_distance": 17.65183070342895, "_actor_vel": 2.2291499206884096, "_trigger_distance": 16.646745793273183, "_brake": 0.8551790358215008, "weather": {"sun_altitude_angle": 71.83606315717783, "precipitation": 25.87047954451617, "wind_intensity": 44.20028660133738, "sun_azimuth_angle": 241.24482843679758, "fog_distance": "0", "cloudiness": 65.55550569088321, "fog_density": 9.656897347353178, "wetness": 10.996476297538283, "precipitation_deposits": 81.34822516824326}}], "scenario_type": "Scenario39"}], "Town03": [{"available_event_configurations": [{"transform": {"pitch": "0", "x": -88.5, "y": -90, "yaw": 90, "z": 0}, "_start_distance": 17.65183070342895, "_actor_vel": 2.2291499206884096, "_trigger_distance": 16.646745793273183, "_brake": 0.8551790358215008, "weather": {"sun_altitude_angle": 71.83606315717783, "precipitation": 25.87047954451617, "wind_intensity": 44.20028660133738, "sun_azimuth_angle": 241.24482843679758, "fog_distance": "0", "cloudiness": 65.55550569088321, "fog_density": 9.656897347353178, "wetness": 10.996476297538283, "precipitation_deposits": 81.34822516824326}}], "scenario_type": "Scenario39"}]}]}