{"available_scenarios": [{"Town05": [{"available_event_configurations": [{"transform": {"pitch": "0", "x": 35, "y": 130, "yaw": -90, "z": 0}, "_start_distance": 19.487151222468515, "_actor_vel": 2.1369971116859414, "_trigger_distance": 16.741194349621324, "_brake": 0.652900149345554}, {"transform": {"pitch": "0", "x": 35, "y": 70, "yaw": -90, "z": 0}, "_start_distance": 19.487151222468515, "_actor_vel": 2.1369971116859414, "_trigger_distance": 16.741194349621324, "_brake": 0.652900149345554, "weather": {"sun_altitude_angle": 48.427367995768016, "precipitation": 40.532694840782, "wind_intensity": 76.34530958784951, "sun_azimuth_angle": 229.03172667089837, "fog_distance": "0", "cloudiness": 77.21969784001507, "fog_density": 2.404213894381444, "wetness": 84.56961830469528, "precipitation_deposits": 33.6478302451074}}], "scenario_type": "Scenario39"}], "Town01": [{"available_event_configurations": [{"transform": {"pitch": "0", "x": 300, "y": 129, "yaw": 180, "z": 0}, "_start_distance": 19.487151222468515, "_actor_vel": 2.1369971116859414, "_trigger_distance": 16.741194349621324, "_brake": 0.652900149345554, "weather": {"sun_altitude_angle": 48.427367995768016, "precipitation": 40.532694840782, "wind_intensity": 76.34530958784951, "sun_azimuth_angle": 229.03172667089837, "fog_distance": "0", "cloudiness": 77.21969784001507, "fog_density": 2.404213894381444, "wetness": 84.56961830469528, "precipitation_deposits": 33.6478302451074}}], "scenario_type": "Scenario39"}], "Town04": [{"available_event_configurations": [{"transform": {"pitch": "0", "x": 254.9, "y": -230.9, "yaw": 90, "z": 0}, "_start_distance": 19.487151222468515, "_actor_vel": 2.1369971116859414, "_trigger_distance": 16.741194349621324, "_brake": 0.652900149345554, "weather": {"sun_altitude_angle": 48.427367995768016, "precipitation": 40.532694840782, "wind_intensity": 76.34530958784951, "sun_azimuth_angle": 229.03172667089837, "fog_distance": "0", "cloudiness": 77.21969784001507, "fog_density": 2.404213894381444, "wetness": 84.56961830469528, "precipitation_deposits": 33.6478302451074}}], "scenario_type": "Scenario39"}], "Town03": [{"available_event_configurations": [{"transform": {"pitch": "0", "x": -88.5, "y": -90, "yaw": 90, "z": 0}, "_start_distance": 19.487151222468515, "_actor_vel": 2.1369971116859414, "_trigger_distance": 16.741194349621324, "_brake": 0.652900149345554, "weather": {"sun_altitude_angle": 48.427367995768016, "precipitation": 40.532694840782, "wind_intensity": 76.34530958784951, "sun_azimuth_angle": 229.03172667089837, "fog_distance": "0", "cloudiness": 77.21969784001507, "fog_density": 2.404213894381444, "wetness": 84.56961830469528, "precipitation_deposits": 33.6478302451074}}], "scenario_type": "Scenario39"}]}]}