{"available_scenarios": [{"Town05": [{"available_event_configurations": [{"transform": {"pitch": "0", "x": 35, "y": 130, "yaw": -90, "z": 0}, "_start_distance": 17.311722136434156, "_actor_vel": 2.4125432744831246, "_trigger_distance": 17.62194195608601, "_brake": 0.7983303005516692}, {"transform": {"pitch": "0", "x": 35, "y": 70, "yaw": -90, "z": 0}, "_start_distance": 17.311722136434156, "_actor_vel": 2.4125432744831246, "_trigger_distance": 17.62194195608601, "_brake": 0.7983303005516692, "weather": {"sun_altitude_angle": 77.47595793935791, "precipitation": 44.33281779484957, "wind_intensity": 2.9101195799460244, "sun_azimuth_angle": 343.23271721708915, "fog_distance": "0", "cloudiness": 68.08346089031295, "fog_density": 4.4881219606762865, "wetness": 33.63811662786587, "precipitation_deposits": 48.60203643633103}}], "scenario_type": "Scenario39"}], "Town01": [{"available_event_configurations": [{"transform": {"pitch": "0", "x": 300, "y": 129, "yaw": 180, "z": 0}, "_start_distance": 17.311722136434156, "_actor_vel": 2.4125432744831246, "_trigger_distance": 17.62194195608601, "_brake": 0.7983303005516692, "weather": {"sun_altitude_angle": 77.47595793935791, "precipitation": 44.33281779484957, "wind_intensity": 2.9101195799460244, "sun_azimuth_angle": 343.23271721708915, "fog_distance": "0", "cloudiness": 68.08346089031295, "fog_density": 4.4881219606762865, "wetness": 33.63811662786587, "precipitation_deposits": 48.60203643633103}}], "scenario_type": "Scenario39"}], "Town04": [{"available_event_configurations": [{"transform": {"pitch": "0", "x": 254.9, "y": -230.9, "yaw": 90, "z": 0}, "_start_distance": 17.311722136434156, "_actor_vel": 2.4125432744831246, "_trigger_distance": 17.62194195608601, "_brake": 0.7983303005516692, "weather": {"sun_altitude_angle": 77.47595793935791, "precipitation": 44.33281779484957, "wind_intensity": 2.9101195799460244, "sun_azimuth_angle": 343.23271721708915, "fog_distance": "0", "cloudiness": 68.08346089031295, "fog_density": 4.4881219606762865, "wetness": 33.63811662786587, "precipitation_deposits": 48.60203643633103}}], "scenario_type": "Scenario39"}], "Town03": [{"available_event_configurations": [{"transform": {"pitch": "0", "x": -88.5, "y": -90, "yaw": 90, "z": 0}, "_start_distance": 17.311722136434156, "_actor_vel": 2.4125432744831246, "_trigger_distance": 17.62194195608601, "_brake": 0.7983303005516692, "weather": {"sun_altitude_angle": 77.47595793935791, "precipitation": 44.33281779484957, "wind_intensity": 2.9101195799460244, "sun_azimuth_angle": 343.23271721708915, "fog_distance": "0", "cloudiness": 68.08346089031295, "fog_density": 4.4881219606762865, "wetness": 33.63811662786587, "precipitation_deposits": 48.60203643633103}}], "scenario_type": "Scenario39"}]}]}