{"available_scenarios": [{"Town05": [{"available_event_configurations": [{"transform": {"pitch": "0", "x": 35, "y": 130, "yaw": -90, "z": 0}, "_start_distance": 18.908142122211853, "_actor_vel": 2.0845508467533476, "_trigger_distance": 15.286542921373517, "_brake": 0.5972116204035224}, {"transform": {"pitch": "0", "x": 35, "y": 70, "yaw": -90, "z": 0}, "_start_distance": 18.908142122211853, "_actor_vel": 2.0845508467533476, "_trigger_distance": 15.286542921373517, "_brake": 0.5972116204035224, "weather": {"sun_altitude_angle": 76.27545081805003, "precipitation": 60.1970049764853, "wind_intensity": 69.71048765911362, "sun_azimuth_angle": 188.1235974769007, "fog_distance": "0", "cloudiness": 37.1072054241946, "fog_density": 1.2777267775511825, "wetness": 97.0866874008719, "precipitation_deposits": 32.46394928024633}}], "scenario_type": "Scenario39"}], "Town01": [{"available_event_configurations": [{"transform": {"pitch": "0", "x": 300, "y": 129, "yaw": 180, "z": 0}, "_start_distance": 18.908142122211853, "_actor_vel": 2.0845508467533476, "_trigger_distance": 15.286542921373517, "_brake": 0.5972116204035224, "weather": {"sun_altitude_angle": 76.27545081805003, "precipitation": 60.1970049764853, "wind_intensity": 69.71048765911362, "sun_azimuth_angle": 188.1235974769007, "fog_distance": "0", "cloudiness": 37.1072054241946, "fog_density": 1.2777267775511825, "wetness": 97.0866874008719, "precipitation_deposits": 32.46394928024633}}], "scenario_type": "Scenario39"}], "Town04": [{"available_event_configurations": [{"transform": {"pitch": "0", "x": 254.9, "y": -230.9, "yaw": 90, "z": 0}, "_start_distance": 18.908142122211853, "_actor_vel": 2.0845508467533476, "_trigger_distance": 15.286542921373517, "_brake": 0.5972116204035224, "weather": {"sun_altitude_angle": 76.27545081805003, "precipitation": 60.1970049764853, "wind_intensity": 69.71048765911362, "sun_azimuth_angle": 188.1235974769007, "fog_distance": "0", "cloudiness": 37.1072054241946, "fog_density": 1.2777267775511825, "wetness": 97.0866874008719, "precipitation_deposits": 32.46394928024633}}], "scenario_type": "Scenario39"}], "Town03": [{"available_event_configurations": [{"transform": {"pitch": "0", "x": -88.5, "y": -90, "yaw": 90, "z": 0}, "_start_distance": 18.908142122211853, "_actor_vel": 2.0845508467533476, "_trigger_distance": 15.286542921373517, "_brake": 0.5972116204035224, "weather": {"sun_altitude_angle": 76.27545081805003, "precipitation": 60.1970049764853, "wind_intensity": 69.71048765911362, "sun_azimuth_angle": 188.1235974769007, "fog_distance": "0", "cloudiness": 37.1072054241946, "fog_density": 1.2777267775511825, "wetness": 97.0866874008719, "precipitation_deposits": 32.46394928024633}}], "scenario_type": "Scenario39"}]}]}