{"available_scenarios": [{"Town05": [{"available_event_configurations": [{"transform": {"pitch": "0", "x": 35, "y": 130, "yaw": -90, "z": 0}, "_start_distance": 19.12394605432905, "_actor_vel": 2.4898987961311665, "_trigger_distance": 19.481718646750707, "_brake": 0.6743569695387768}, {"transform": {"pitch": "0", "x": 35, "y": 70, "yaw": -90, "z": 0}, "_start_distance": 19.12394605432905, "_actor_vel": 2.4898987961311665, "_trigger_distance": 19.481718646750707, "_brake": 0.6743569695387768, "weather": {"sun_altitude_angle": 84.38914669037618, "precipitation": 64.2230795941926, "wind_intensity": 84.33401826609852, "sun_azimuth_angle": 98.72007312611046, "fog_distance": "0", "cloudiness": 13.412800262195345, "fog_density": 4.818726367569695, "wetness": 25.823630649001707, "precipitation_deposits": 59.66658432642779}}], "scenario_type": "Scenario39"}], "Town01": [{"available_event_configurations": [{"transform": {"pitch": "0", "x": 300, "y": 129, "yaw": 180, "z": 0}, "_start_distance": 19.12394605432905, "_actor_vel": 2.4898987961311665, "_trigger_distance": 19.481718646750707, "_brake": 0.6743569695387768, "weather": {"sun_altitude_angle": 84.38914669037618, "precipitation": 64.2230795941926, "wind_intensity": 84.33401826609852, "sun_azimuth_angle": 98.72007312611046, "fog_distance": "0", "cloudiness": 13.412800262195345, "fog_density": 4.818726367569695, "wetness": 25.823630649001707, "precipitation_deposits": 59.66658432642779}}], "scenario_type": "Scenario39"}], "Town04": [{"available_event_configurations": [{"transform": {"pitch": "0", "x": 254.9, "y": -230.9, "yaw": 90, "z": 0}, "_start_distance": 19.12394605432905, "_actor_vel": 2.4898987961311665, "_trigger_distance": 19.481718646750707, "_brake": 0.6743569695387768, "weather": {"sun_altitude_angle": 84.38914669037618, "precipitation": 64.2230795941926, "wind_intensity": 84.33401826609852, "sun_azimuth_angle": 98.72007312611046, "fog_distance": "0", "cloudiness": 13.412800262195345, "fog_density": 4.818726367569695, "wetness": 25.823630649001707, "precipitation_deposits": 59.66658432642779}}], "scenario_type": "Scenario39"}], "Town03": [{"available_event_configurations": [{"transform": {"pitch": "0", "x": -88.5, "y": -90, "yaw": 90, "z": 0}, "_start_distance": 19.12394605432905, "_actor_vel": 2.4898987961311665, "_trigger_distance": 19.481718646750707, "_brake": 0.6743569695387768, "weather": {"sun_altitude_angle": 84.38914669037618, "precipitation": 64.2230795941926, "wind_intensity": 84.33401826609852, "sun_azimuth_angle": 98.72007312611046, "fog_distance": "0", "cloudiness": 13.412800262195345, "fog_density": 4.818726367569695, "wetness": 25.823630649001707, "precipitation_deposits": 59.66658432642779}}], "scenario_type": "Scenario39"}]}]}