{"available_scenarios": [{"Town05": [{"available_event_configurations": [{"transform": {"pitch": "0", "x": 35, "y": 130, "yaw": -90, "z": 0}, "_start_distance": 17.08727741291421, "_actor_vel": 2.4759254242589197, "_trigger_distance": 19.796676113194433, "_brake": 0.8090833053204867}, {"transform": {"pitch": "0", "x": 35, "y": 70, "yaw": -90, "z": 0}, "_start_distance": 17.08727741291421, "_actor_vel": 2.4759254242589197, "_trigger_distance": 19.796676113194433, "_brake": 0.8090833053204867, "weather": {"sun_altitude_angle": 86.53199622152945, "precipitation": 26.307226366793667, "wind_intensity": 12.653420915420643, "sun_azimuth_angle": 243.12107053870145, "fog_distance": "0", "cloudiness": 71.74692106832299, "fog_density": 0.13467890844122032, "wetness": 6.787665690997747, "precipitation_deposits": 0.7554873391561023}}], "scenario_type": "Scenario39"}], "Town01": [{"available_event_configurations": [{"transform": {"pitch": "0", "x": 300, "y": 129, "yaw": 180, "z": 0}, "_start_distance": 17.08727741291421, "_actor_vel": 2.4759254242589197, "_trigger_distance": 19.796676113194433, "_brake": 0.8090833053204867, "weather": {"sun_altitude_angle": 86.53199622152945, "precipitation": 26.307226366793667, "wind_intensity": 12.653420915420643, "sun_azimuth_angle": 243.12107053870145, "fog_distance": "0", "cloudiness": 71.74692106832299, "fog_density": 0.13467890844122032, "wetness": 6.787665690997747, "precipitation_deposits": 0.7554873391561023}}], "scenario_type": "Scenario39"}], "Town04": [{"available_event_configurations": [{"transform": {"pitch": "0", "x": 254.9, "y": -230.9, "yaw": 90, "z": 0}, "_start_distance": 17.08727741291421, "_actor_vel": 2.4759254242589197, "_trigger_distance": 19.796676113194433, "_brake": 0.8090833053204867, "weather": {"sun_altitude_angle": 86.53199622152945, "precipitation": 26.307226366793667, "wind_intensity": 12.653420915420643, "sun_azimuth_angle": 243.12107053870145, "fog_distance": "0", "cloudiness": 71.74692106832299, "fog_density": 0.13467890844122032, "wetness": 6.787665690997747, "precipitation_deposits": 0.7554873391561023}}], "scenario_type": "Scenario39"}], "Town03": [{"available_event_configurations": [{"transform": {"pitch": "0", "x": -88.5, "y": -90, "yaw": 90, "z": 0}, "_start_distance": 17.08727741291421, "_actor_vel": 2.4759254242589197, "_trigger_distance": 19.796676113194433, "_brake": 0.8090833053204867, "weather": {"sun_altitude_angle": 86.53199622152945, "precipitation": 26.307226366793667, "wind_intensity": 12.653420915420643, "sun_azimuth_angle": 243.12107053870145, "fog_distance": "0", "cloudiness": 71.74692106832299, "fog_density": 0.13467890844122032, "wetness": 6.787665690997747, "precipitation_deposits": 0.7554873391561023}}], "scenario_type": "Scenario39"}]}]}