{"available_scenarios": [{"Town05": [{"available_event_configurations": [{"transform": {"pitch": "0", "x": 35, "y": 130, "yaw": -90, "z": 0}, "_start_distance": 16.70797602574437, "_actor_vel": 2.2676985004819636, "_trigger_distance": 16.540217044672033, "_brake": 0.9652345153105701}, {"transform": {"pitch": "0", "x": 35, "y": 70, "yaw": -90, "z": 0}, "_start_distance": 16.70797602574437, "_actor_vel": 2.2676985004819636, "_trigger_distance": 16.540217044672033, "_brake": 0.9652345153105701, "weather": {"sun_altitude_angle": 88.51032121442447, "precipitation": 11.697193206602174, "wind_intensity": 5.335166496872756, "sun_azimuth_angle": 48.1118641055386, "fog_distance": "0", "cloudiness": 93.19867962978185, "fog_density": 2.8524933779293313, "wetness": 37.56876069064877, "precipitation_deposits": 6.485290287345458}}], "scenario_type": "Scenario39"}], "Town01": [{"available_event_configurations": [{"transform": {"pitch": "0", "x": 300, "y": 129, "yaw": 180, "z": 0}, "_start_distance": 16.70797602574437, "_actor_vel": 2.2676985004819636, "_trigger_distance": 16.540217044672033, "_brake": 0.9652345153105701, "weather": {"sun_altitude_angle": 88.51032121442447, "precipitation": 11.697193206602174, "wind_intensity": 5.335166496872756, "sun_azimuth_angle": 48.1118641055386, "fog_distance": "0", "cloudiness": 93.19867962978185, "fog_density": 2.8524933779293313, "wetness": 37.56876069064877, "precipitation_deposits": 6.485290287345458}}], "scenario_type": "Scenario39"}], "Town04": [{"available_event_configurations": [{"transform": {"pitch": "0", "x": 254.9, "y": -230.9, "yaw": 90, "z": 0}, "_start_distance": 16.70797602574437, "_actor_vel": 2.2676985004819636, "_trigger_distance": 16.540217044672033, "_brake": 0.9652345153105701, "weather": {"sun_altitude_angle": 88.51032121442447, "precipitation": 11.697193206602174, "wind_intensity": 5.335166496872756, "sun_azimuth_angle": 48.1118641055386, "fog_distance": "0", "cloudiness": 93.19867962978185, "fog_density": 2.8524933779293313, "wetness": 37.56876069064877, "precipitation_deposits": 6.485290287345458}}], "scenario_type": "Scenario39"}], "Town03": [{"available_event_configurations": [{"transform": {"pitch": "0", "x": -88.5, "y": -90, "yaw": 90, "z": 0}, "_start_distance": 16.70797602574437, "_actor_vel": 2.2676985004819636, "_trigger_distance": 16.540217044672033, "_brake": 0.9652345153105701, "weather": {"sun_altitude_angle": 88.51032121442447, "precipitation": 11.697193206602174, "wind_intensity": 5.335166496872756, "sun_azimuth_angle": 48.1118641055386, "fog_distance": "0", "cloudiness": 93.19867962978185, "fog_density": 2.8524933779293313, "wetness": 37.56876069064877, "precipitation_deposits": 6.485290287345458}}], "scenario_type": "Scenario39"}]}]}