{"available_scenarios": [{"Town05": [{"available_event_configurations": [{"transform": {"pitch": "0", "x": 35, "y": 130, "yaw": -90, "z": 0}, "_start_distance": 16.395261473141442, "_actor_vel": 2.089369890911823, "_trigger_distance": 18.51856938877122, "_brake": 0.9859013009427591}, {"transform": {"pitch": "0", "x": 35, "y": 70, "yaw": -90, "z": 0}, "_start_distance": 16.395261473141442, "_actor_vel": 2.089369890911823, "_trigger_distance": 18.51856938877122, "_brake": 0.9859013009427591, "weather": {"sun_altitude_angle": 16.928423510293023, "precipitation": 62.634727596249206, "wind_intensity": 36.753323493825675, "sun_azimuth_angle": 170.15794715503236, "fog_distance": "0", "cloudiness": 7.970308320835484, "fog_density": 6.706110146493892, "wetness": 78.69767921389555, "precipitation_deposits": 36.50167108164064}}], "scenario_type": "Scenario39"}], "Town01": [{"available_event_configurations": [{"transform": {"pitch": "0", "x": 300, "y": 129, "yaw": 180, "z": 0}, "_start_distance": 16.395261473141442, "_actor_vel": 2.089369890911823, "_trigger_distance": 18.51856938877122, "_brake": 0.9859013009427591, "weather": {"sun_altitude_angle": 16.928423510293023, "precipitation": 62.634727596249206, "wind_intensity": 36.753323493825675, "sun_azimuth_angle": 170.15794715503236, "fog_distance": "0", "cloudiness": 7.970308320835484, "fog_density": 6.706110146493892, "wetness": 78.69767921389555, "precipitation_deposits": 36.50167108164064}}], "scenario_type": "Scenario39"}], "Town04": [{"available_event_configurations": [{"transform": {"pitch": "0", "x": 254.9, "y": -230.9, "yaw": 90, "z": 0}, "_start_distance": 16.395261473141442, "_actor_vel": 2.089369890911823, "_trigger_distance": 18.51856938877122, "_brake": 0.9859013009427591, "weather": {"sun_altitude_angle": 16.928423510293023, "precipitation": 62.634727596249206, "wind_intensity": 36.753323493825675, "sun_azimuth_angle": 170.15794715503236, "fog_distance": "0", "cloudiness": 7.970308320835484, "fog_density": 6.706110146493892, "wetness": 78.69767921389555, "precipitation_deposits": 36.50167108164064}}], "scenario_type": "Scenario39"}], "Town03": [{"available_event_configurations": [{"transform": {"pitch": "0", "x": -88.5, "y": -90, "yaw": 90, "z": 0}, "_start_distance": 16.395261473141442, "_actor_vel": 2.089369890911823, "_trigger_distance": 18.51856938877122, "_brake": 0.9859013009427591, "weather": {"sun_altitude_angle": 16.928423510293023, "precipitation": 62.634727596249206, "wind_intensity": 36.753323493825675, "sun_azimuth_angle": 170.15794715503236, "fog_distance": "0", "cloudiness": 7.970308320835484, "fog_density": 6.706110146493892, "wetness": 78.69767921389555, "precipitation_deposits": 36.50167108164064}}], "scenario_type": "Scenario39"}]}]}