{"available_scenarios": [{"Town05": [{"available_event_configurations": [{"transform": {"pitch": "0", "x": 35, "y": 130, "yaw": -90, "z": 0}, "_start_distance": 16.330470695961143, "_actor_vel": 2.463303336962973, "_trigger_distance": 15.729568628806952, "_brake": 0.7846286434301648}, {"transform": {"pitch": "0", "x": 35, "y": 70, "yaw": -90, "z": 0}, "_start_distance": 16.330470695961143, "_actor_vel": 2.463303336962973, "_trigger_distance": 15.729568628806952, "_brake": 0.7846286434301648, "weather": {"sun_altitude_angle": 31.691559308164383, "precipitation": 56.85039697347335, "wind_intensity": 58.205522971060596, "sun_azimuth_angle": 158.84123851859707, "fog_distance": "0", "cloudiness": 90.64300845181346, "fog_density": 2.929499638580894, "wetness": 24.733394843741742, "precipitation_deposits": 51.813450253862506}}], "scenario_type": "Scenario39"}], "Town01": [{"available_event_configurations": [{"transform": {"pitch": "0", "x": 300, "y": 129, "yaw": 180, "z": 0}, "_start_distance": 16.330470695961143, "_actor_vel": 2.463303336962973, "_trigger_distance": 15.729568628806952, "_brake": 0.7846286434301648, "weather": {"sun_altitude_angle": 31.691559308164383, "precipitation": 56.85039697347335, "wind_intensity": 58.205522971060596, "sun_azimuth_angle": 158.84123851859707, "fog_distance": "0", "cloudiness": 90.64300845181346, "fog_density": 2.929499638580894, "wetness": 24.733394843741742, "precipitation_deposits": 51.813450253862506}}], "scenario_type": "Scenario39"}], "Town04": [{"available_event_configurations": [{"transform": {"pitch": "0", "x": 254.9, "y": -230.9, "yaw": 90, "z": 0}, "_start_distance": 16.330470695961143, "_actor_vel": 2.463303336962973, "_trigger_distance": 15.729568628806952, "_brake": 0.7846286434301648, "weather": {"sun_altitude_angle": 31.691559308164383, "precipitation": 56.85039697347335, "wind_intensity": 58.205522971060596, "sun_azimuth_angle": 158.84123851859707, "fog_distance": "0", "cloudiness": 90.64300845181346, "fog_density": 2.929499638580894, "wetness": 24.733394843741742, "precipitation_deposits": 51.813450253862506}}], "scenario_type": "Scenario39"}], "Town03": [{"available_event_configurations": [{"transform": {"pitch": "0", "x": -88.5, "y": -90, "yaw": 90, "z": 0}, "_start_distance": 16.330470695961143, "_actor_vel": 2.463303336962973, "_trigger_distance": 15.729568628806952, "_brake": 0.7846286434301648, "weather": {"sun_altitude_angle": 31.691559308164383, "precipitation": 56.85039697347335, "wind_intensity": 58.205522971060596, "sun_azimuth_angle": 158.84123851859707, "fog_distance": "0", "cloudiness": 90.64300845181346, "fog_density": 2.929499638580894, "wetness": 24.733394843741742, "precipitation_deposits": 51.813450253862506}}], "scenario_type": "Scenario39"}]}]}