{"available_scenarios": [{"Town05": [{"available_event_configurations": [{"transform": {"pitch": "0", "x": 35, "y": 130, "yaw": -90, "z": 0}, "_start_distance": 19.129497926477185, "_actor_vel": 2.395762727017279, "_trigger_distance": 16.695789027362352, "_brake": 0.5387740653460757}, {"transform": {"pitch": "0", "x": 35, "y": 70, "yaw": -90, "z": 0}, "_start_distance": 19.129497926477185, "_actor_vel": 2.395762727017279, "_trigger_distance": 16.695789027362352, "_brake": 0.5387740653460757, "weather": {"sun_altitude_angle": 60.03459255113155, "precipitation": 69.7473557847734, "wind_intensity": 86.57034317730329, "sun_azimuth_angle": 249.36641154062426, "fog_distance": "0", "cloudiness": 90.05167494138333, "fog_density": 1.2537952188063284, "wetness": 97.00778840396038, "precipitation_deposits": 35.47482468112153}}], "scenario_type": "Scenario39"}], "Town01": [{"available_event_configurations": [{"transform": {"pitch": "0", "x": 300, "y": 129, "yaw": 180, "z": 0}, "_start_distance": 19.129497926477185, "_actor_vel": 2.395762727017279, "_trigger_distance": 16.695789027362352, "_brake": 0.5387740653460757, "weather": {"sun_altitude_angle": 60.03459255113155, "precipitation": 69.7473557847734, "wind_intensity": 86.57034317730329, "sun_azimuth_angle": 249.36641154062426, "fog_distance": "0", "cloudiness": 90.05167494138333, "fog_density": 1.2537952188063284, "wetness": 97.00778840396038, "precipitation_deposits": 35.47482468112153}}], "scenario_type": "Scenario39"}], "Town04": [{"available_event_configurations": [{"transform": {"pitch": "0", "x": 254.9, "y": -230.9, "yaw": 90, "z": 0}, "_start_distance": 19.129497926477185, "_actor_vel": 2.395762727017279, "_trigger_distance": 16.695789027362352, "_brake": 0.5387740653460757, "weather": {"sun_altitude_angle": 60.03459255113155, "precipitation": 69.7473557847734, "wind_intensity": 86.57034317730329, "sun_azimuth_angle": 249.36641154062426, "fog_distance": "0", "cloudiness": 90.05167494138333, "fog_density": 1.2537952188063284, "wetness": 97.00778840396038, "precipitation_deposits": 35.47482468112153}}], "scenario_type": "Scenario39"}], "Town03": [{"available_event_configurations": [{"transform": {"pitch": "0", "x": -88.5, "y": -90, "yaw": 90, "z": 0}, "_start_distance": 19.129497926477185, "_actor_vel": 2.395762727017279, "_trigger_distance": 16.695789027362352, "_brake": 0.5387740653460757, "weather": {"sun_altitude_angle": 60.03459255113155, "precipitation": 69.7473557847734, "wind_intensity": 86.57034317730329, "sun_azimuth_angle": 249.36641154062426, "fog_distance": "0", "cloudiness": 90.05167494138333, "fog_density": 1.2537952188063284, "wetness": 97.00778840396038, "precipitation_deposits": 35.47482468112153}}], "scenario_type": "Scenario39"}]}]}