{"available_scenarios": [{"Town05": [{"available_event_configurations": [{"transform": {"pitch": "0", "x": 35, "y": 130, "yaw": -90, "z": 0}, "_start_distance": 16.63951520088353, "_actor_vel": 2.1691212864205722, "_trigger_distance": 17.27341366149517, "_brake": 0.529705345784054}, {"transform": {"pitch": "0", "x": 35, "y": 70, "yaw": -90, "z": 0}, "_start_distance": 16.63951520088353, "_actor_vel": 2.1691212864205722, "_trigger_distance": 17.27341366149517, "_brake": 0.529705345784054, "weather": {"sun_altitude_angle": 63.13855520234312, "precipitation": 79.8926877791389, "wind_intensity": 48.938506657044044, "sun_azimuth_angle": 344.3690530000811, "fog_distance": "0", "cloudiness": 13.903829061412099, "fog_density": 2.7203081494559944, "wetness": 66.98042577759963, "precipitation_deposits": 62.26544238632577}}], "scenario_type": "Scenario39"}], "Town01": [{"available_event_configurations": [{"transform": {"pitch": "0", "x": 300, "y": 129, "yaw": 180, "z": 0}, "_start_distance": 16.63951520088353, "_actor_vel": 2.1691212864205722, "_trigger_distance": 17.27341366149517, "_brake": 0.529705345784054, "weather": {"sun_altitude_angle": 63.13855520234312, "precipitation": 79.8926877791389, "wind_intensity": 48.938506657044044, "sun_azimuth_angle": 344.3690530000811, "fog_distance": "0", "cloudiness": 13.903829061412099, "fog_density": 2.7203081494559944, "wetness": 66.98042577759963, "precipitation_deposits": 62.26544238632577}}], "scenario_type": "Scenario39"}], "Town04": [{"available_event_configurations": [{"transform": {"pitch": "0", "x": 254.9, "y": -230.9, "yaw": 90, "z": 0}, "_start_distance": 16.63951520088353, "_actor_vel": 2.1691212864205722, "_trigger_distance": 17.27341366149517, "_brake": 0.529705345784054, "weather": {"sun_altitude_angle": 63.13855520234312, "precipitation": 79.8926877791389, "wind_intensity": 48.938506657044044, "sun_azimuth_angle": 344.3690530000811, "fog_distance": "0", "cloudiness": 13.903829061412099, "fog_density": 2.7203081494559944, "wetness": 66.98042577759963, "precipitation_deposits": 62.26544238632577}}], "scenario_type": "Scenario39"}], "Town03": [{"available_event_configurations": [{"transform": {"pitch": "0", "x": -88.5, "y": -90, "yaw": 90, "z": 0}, "_start_distance": 16.63951520088353, "_actor_vel": 2.1691212864205722, "_trigger_distance": 17.27341366149517, "_brake": 0.529705345784054, "weather": {"sun_altitude_angle": 63.13855520234312, "precipitation": 79.8926877791389, "wind_intensity": 48.938506657044044, "sun_azimuth_angle": 344.3690530000811, "fog_distance": "0", "cloudiness": 13.903829061412099, "fog_density": 2.7203081494559944, "wetness": 66.98042577759963, "precipitation_deposits": 62.26544238632577}}], "scenario_type": "Scenario39"}]}]}