{"available_scenarios": [{"Town05": [{"available_event_configurations": [{"transform": {"pitch": "0", "x": 35, "y": 130, "yaw": -90, "z": 0}, "_start_distance": 16.12072947002464, "_actor_vel": 2.363342807884018, "_trigger_distance": 16.49417643758771, "_brake": 0.9199259317911995}, {"transform": {"pitch": "0", "x": 35, "y": 70, "yaw": -90, "z": 0}, "_start_distance": 16.12072947002464, "_actor_vel": 2.363342807884018, "_trigger_distance": 16.49417643758771, "_brake": 0.9199259317911995, "weather": {"sun_altitude_angle": 89.52677112873609, "precipitation": 89.50901855141609, "wind_intensity": 24.62132426378567, "sun_azimuth_angle": 116.62874388887057, "fog_distance": "0", "cloudiness": 82.79257184251578, "fog_density": 3.55563451252214, "wetness": 76.68669789839126, "precipitation_deposits": 99.81432575032879}}], "scenario_type": "Scenario39"}], "Town01": [{"available_event_configurations": [{"transform": {"pitch": "0", "x": 300, "y": 129, "yaw": 180, "z": 0}, "_start_distance": 16.12072947002464, "_actor_vel": 2.363342807884018, "_trigger_distance": 16.49417643758771, "_brake": 0.9199259317911995, "weather": {"sun_altitude_angle": 89.52677112873609, "precipitation": 89.50901855141609, "wind_intensity": 24.62132426378567, "sun_azimuth_angle": 116.62874388887057, "fog_distance": "0", "cloudiness": 82.79257184251578, "fog_density": 3.55563451252214, "wetness": 76.68669789839126, "precipitation_deposits": 99.81432575032879}}], "scenario_type": "Scenario39"}], "Town04": [{"available_event_configurations": [{"transform": {"pitch": "0", "x": 254.9, "y": -230.9, "yaw": 90, "z": 0}, "_start_distance": 16.12072947002464, "_actor_vel": 2.363342807884018, "_trigger_distance": 16.49417643758771, "_brake": 0.9199259317911995, "weather": {"sun_altitude_angle": 89.52677112873609, "precipitation": 89.50901855141609, "wind_intensity": 24.62132426378567, "sun_azimuth_angle": 116.62874388887057, "fog_distance": "0", "cloudiness": 82.79257184251578, "fog_density": 3.55563451252214, "wetness": 76.68669789839126, "precipitation_deposits": 99.81432575032879}}], "scenario_type": "Scenario39"}], "Town03": [{"available_event_configurations": [{"transform": {"pitch": "0", "x": -88.5, "y": -90, "yaw": 90, "z": 0}, "_start_distance": 16.12072947002464, "_actor_vel": 2.363342807884018, "_trigger_distance": 16.49417643758771, "_brake": 0.9199259317911995, "weather": {"sun_altitude_angle": 89.52677112873609, "precipitation": 89.50901855141609, "wind_intensity": 24.62132426378567, "sun_azimuth_angle": 116.62874388887057, "fog_distance": "0", "cloudiness": 82.79257184251578, "fog_density": 3.55563451252214, "wetness": 76.68669789839126, "precipitation_deposits": 99.81432575032879}}], "scenario_type": "Scenario39"}]}]}