{"available_scenarios": [{"Town05": [{"available_event_configurations": [{"transform": {"pitch": "0", "x": 35, "y": 130, "yaw": -90, "z": 0}, "_start_distance": 17.152122567312347, "_actor_vel": 2.1380044078018705, "_trigger_distance": 18.449875928012688, "_brake": 0.6881164597347278}, {"transform": {"pitch": "0", "x": 35, "y": 70, "yaw": -90, "z": 0}, "_start_distance": 17.152122567312347, "_actor_vel": 2.1380044078018705, "_trigger_distance": 18.449875928012688, "_brake": 0.6881164597347278, "weather": {"sun_altitude_angle": 17.851372507629712, "precipitation": 74.88469024414478, "wind_intensity": 43.54165436366929, "sun_azimuth_angle": 343.1486884690728, "fog_distance": "0", "cloudiness": 24.562825376417152, "fog_density": 0.07219989872248811, "wetness": 8.351365175860836, "precipitation_deposits": 46.45203697643011}}], "scenario_type": "Scenario39"}], "Town01": [{"available_event_configurations": [{"transform": {"pitch": "0", "x": 300, "y": 129, "yaw": 180, "z": 0}, "_start_distance": 17.152122567312347, "_actor_vel": 2.1380044078018705, "_trigger_distance": 18.449875928012688, "_brake": 0.6881164597347278, "weather": {"sun_altitude_angle": 17.851372507629712, "precipitation": 74.88469024414478, "wind_intensity": 43.54165436366929, "sun_azimuth_angle": 343.1486884690728, "fog_distance": "0", "cloudiness": 24.562825376417152, "fog_density": 0.07219989872248811, "wetness": 8.351365175860836, "precipitation_deposits": 46.45203697643011}}], "scenario_type": "Scenario39"}], "Town04": [{"available_event_configurations": [{"transform": {"pitch": "0", "x": 254.9, "y": -230.9, "yaw": 90, "z": 0}, "_start_distance": 17.152122567312347, "_actor_vel": 2.1380044078018705, "_trigger_distance": 18.449875928012688, "_brake": 0.6881164597347278, "weather": {"sun_altitude_angle": 17.851372507629712, "precipitation": 74.88469024414478, "wind_intensity": 43.54165436366929, "sun_azimuth_angle": 343.1486884690728, "fog_distance": "0", "cloudiness": 24.562825376417152, "fog_density": 0.07219989872248811, "wetness": 8.351365175860836, "precipitation_deposits": 46.45203697643011}}], "scenario_type": "Scenario39"}], "Town03": [{"available_event_configurations": [{"transform": {"pitch": "0", "x": -88.5, "y": -90, "yaw": 90, "z": 0}, "_start_distance": 17.152122567312347, "_actor_vel": 2.1380044078018705, "_trigger_distance": 18.449875928012688, "_brake": 0.6881164597347278, "weather": {"sun_altitude_angle": 17.851372507629712, "precipitation": 74.88469024414478, "wind_intensity": 43.54165436366929, "sun_azimuth_angle": 343.1486884690728, "fog_distance": "0", "cloudiness": 24.562825376417152, "fog_density": 0.07219989872248811, "wetness": 8.351365175860836, "precipitation_deposits": 46.45203697643011}}], "scenario_type": "Scenario39"}]}]}