{"available_scenarios": [{"Town05": [{"available_event_configurations": [{"transform": {"pitch": "0", "x": 35, "y": 130, "yaw": -90, "z": 0}, "_start_distance": 17.35888364855427, "_actor_vel": 2.155257732734796, "_trigger_distance": 15.36158277574153, "_brake": 0.6130343886751819}, {"transform": {"pitch": "0", "x": 35, "y": 70, "yaw": -90, "z": 0}, "_start_distance": 17.35888364855427, "_actor_vel": 2.155257732734796, "_trigger_distance": 15.36158277574153, "_brake": 0.6130343886751819, "weather": {"sun_altitude_angle": 9.535815177740965, "precipitation": 40.419319376326946, "wind_intensity": 2.9089228263635247, "sun_azimuth_angle": 113.13469911684354, "fog_distance": "0", "cloudiness": 93.38597258908834, "fog_density": 7.64228226098178, "wetness": 70.699542939874, "precipitation_deposits": 89.25337837076826}}], "scenario_type": "Scenario39"}], "Town01": [{"available_event_configurations": [{"transform": {"pitch": "0", "x": 300, "y": 129, "yaw": 180, "z": 0}, "_start_distance": 17.35888364855427, "_actor_vel": 2.155257732734796, "_trigger_distance": 15.36158277574153, "_brake": 0.6130343886751819, "weather": {"sun_altitude_angle": 9.535815177740965, "precipitation": 40.419319376326946, "wind_intensity": 2.9089228263635247, "sun_azimuth_angle": 113.13469911684354, "fog_distance": "0", "cloudiness": 93.38597258908834, "fog_density": 7.64228226098178, "wetness": 70.699542939874, "precipitation_deposits": 89.25337837076826}}], "scenario_type": "Scenario39"}], "Town04": [{"available_event_configurations": [{"transform": {"pitch": "0", "x": 254.9, "y": -230.9, "yaw": 90, "z": 0}, "_start_distance": 17.35888364855427, "_actor_vel": 2.155257732734796, "_trigger_distance": 15.36158277574153, "_brake": 0.6130343886751819, "weather": {"sun_altitude_angle": 9.535815177740965, "precipitation": 40.419319376326946, "wind_intensity": 2.9089228263635247, "sun_azimuth_angle": 113.13469911684354, "fog_distance": "0", "cloudiness": 93.38597258908834, "fog_density": 7.64228226098178, "wetness": 70.699542939874, "precipitation_deposits": 89.25337837076826}}], "scenario_type": "Scenario39"}], "Town03": [{"available_event_configurations": [{"transform": {"pitch": "0", "x": -88.5, "y": -90, "yaw": 90, "z": 0}, "_start_distance": 17.35888364855427, "_actor_vel": 2.155257732734796, "_trigger_distance": 15.36158277574153, "_brake": 0.6130343886751819, "weather": {"sun_altitude_angle": 9.535815177740965, "precipitation": 40.419319376326946, "wind_intensity": 2.9089228263635247, "sun_azimuth_angle": 113.13469911684354, "fog_distance": "0", "cloudiness": 93.38597258908834, "fog_density": 7.64228226098178, "wetness": 70.699542939874, "precipitation_deposits": 89.25337837076826}}], "scenario_type": "Scenario39"}]}]}