{"available_scenarios": [{"Town05": [{"available_event_configurations": [{"transform": {"pitch": "0", "x": 35, "y": 130, "yaw": -90, "z": 0}, "_start_distance": 17.943860239794727, "_actor_vel": 2.2450698598660583, "_trigger_distance": 15.368193204858034, "_brake": 0.962815004034528}, {"transform": {"pitch": "0", "x": 35, "y": 70, "yaw": -90, "z": 0}, "_start_distance": 17.943860239794727, "_actor_vel": 2.2450698598660583, "_trigger_distance": 15.368193204858034, "_brake": 0.962815004034528, "weather": {"sun_altitude_angle": 59.13024983719445, "precipitation": 94.1134254023947, "wind_intensity": 56.613340550264226, "sun_azimuth_angle": 210.1250907143541, "fog_distance": "0", "cloudiness": 36.6034278357717, "fog_density": 7.0166045571871605, "wetness": 88.28074865710595, "precipitation_deposits": 12.839276035544}}], "scenario_type": "Scenario39"}], "Town01": [{"available_event_configurations": [{"transform": {"pitch": "0", "x": 300, "y": 129, "yaw": 180, "z": 0}, "_start_distance": 17.943860239794727, "_actor_vel": 2.2450698598660583, "_trigger_distance": 15.368193204858034, "_brake": 0.962815004034528, "weather": {"sun_altitude_angle": 59.13024983719445, "precipitation": 94.1134254023947, "wind_intensity": 56.613340550264226, "sun_azimuth_angle": 210.1250907143541, "fog_distance": "0", "cloudiness": 36.6034278357717, "fog_density": 7.0166045571871605, "wetness": 88.28074865710595, "precipitation_deposits": 12.839276035544}}], "scenario_type": "Scenario39"}], "Town04": [{"available_event_configurations": [{"transform": {"pitch": "0", "x": 254.9, "y": -230.9, "yaw": 90, "z": 0}, "_start_distance": 17.943860239794727, "_actor_vel": 2.2450698598660583, "_trigger_distance": 15.368193204858034, "_brake": 0.962815004034528, "weather": {"sun_altitude_angle": 59.13024983719445, "precipitation": 94.1134254023947, "wind_intensity": 56.613340550264226, "sun_azimuth_angle": 210.1250907143541, "fog_distance": "0", "cloudiness": 36.6034278357717, "fog_density": 7.0166045571871605, "wetness": 88.28074865710595, "precipitation_deposits": 12.839276035544}}], "scenario_type": "Scenario39"}], "Town03": [{"available_event_configurations": [{"transform": {"pitch": "0", "x": -88.5, "y": -90, "yaw": 90, "z": 0}, "_start_distance": 17.943860239794727, "_actor_vel": 2.2450698598660583, "_trigger_distance": 15.368193204858034, "_brake": 0.962815004034528, "weather": {"sun_altitude_angle": 59.13024983719445, "precipitation": 94.1134254023947, "wind_intensity": 56.613340550264226, "sun_azimuth_angle": 210.1250907143541, "fog_distance": "0", "cloudiness": 36.6034278357717, "fog_density": 7.0166045571871605, "wetness": 88.28074865710595, "precipitation_deposits": 12.839276035544}}], "scenario_type": "Scenario39"}]}]}