{"available_scenarios": [{"Town05": [{"available_event_configurations": [{"transform": {"pitch": "0", "x": 35, "y": 130, "yaw": -90, "z": 0}, "_start_distance": 18.37779648943094, "_actor_vel": 2.435105133272192, "_trigger_distance": 15.739010138748588, "_brake": 0.9416503807983136}, {"transform": {"pitch": "0", "x": 35, "y": 70, "yaw": -90, "z": 0}, "_start_distance": 18.37779648943094, "_actor_vel": 2.435105133272192, "_trigger_distance": 15.739010138748588, "_brake": 0.9416503807983136, "weather": {"sun_altitude_angle": 60.8714225807835, "precipitation": 54.459416177401756, "wind_intensity": 90.63334842248064, "sun_azimuth_angle": 235.56186603854567, "fog_distance": "0", "cloudiness": 88.02168710352412, "fog_density": 3.7113164491093853, "wetness": 83.87058038226816, "precipitation_deposits": 34.06225471479599}}], "scenario_type": "Scenario39"}], "Town01": [{"available_event_configurations": [{"transform": {"pitch": "0", "x": 300, "y": 129, "yaw": 180, "z": 0}, "_start_distance": 18.37779648943094, "_actor_vel": 2.435105133272192, "_trigger_distance": 15.739010138748588, "_brake": 0.9416503807983136, "weather": {"sun_altitude_angle": 60.8714225807835, "precipitation": 54.459416177401756, "wind_intensity": 90.63334842248064, "sun_azimuth_angle": 235.56186603854567, "fog_distance": "0", "cloudiness": 88.02168710352412, "fog_density": 3.7113164491093853, "wetness": 83.87058038226816, "precipitation_deposits": 34.06225471479599}}], "scenario_type": "Scenario39"}], "Town04": [{"available_event_configurations": [{"transform": {"pitch": "0", "x": 254.9, "y": -230.9, "yaw": 90, "z": 0}, "_start_distance": 18.37779648943094, "_actor_vel": 2.435105133272192, "_trigger_distance": 15.739010138748588, "_brake": 0.9416503807983136, "weather": {"sun_altitude_angle": 60.8714225807835, "precipitation": 54.459416177401756, "wind_intensity": 90.63334842248064, "sun_azimuth_angle": 235.56186603854567, "fog_distance": "0", "cloudiness": 88.02168710352412, "fog_density": 3.7113164491093853, "wetness": 83.87058038226816, "precipitation_deposits": 34.06225471479599}}], "scenario_type": "Scenario39"}], "Town03": [{"available_event_configurations": [{"transform": {"pitch": "0", "x": -88.5, "y": -90, "yaw": 90, "z": 0}, "_start_distance": 18.37779648943094, "_actor_vel": 2.435105133272192, "_trigger_distance": 15.739010138748588, "_brake": 0.9416503807983136, "weather": {"sun_altitude_angle": 60.8714225807835, "precipitation": 54.459416177401756, "wind_intensity": 90.63334842248064, "sun_azimuth_angle": 235.56186603854567, "fog_distance": "0", "cloudiness": 88.02168710352412, "fog_density": 3.7113164491093853, "wetness": 83.87058038226816, "precipitation_deposits": 34.06225471479599}}], "scenario_type": "Scenario39"}]}]}