{"available_scenarios": [{"Town05": [{"available_event_configurations": [{"transform": {"pitch": "0", "x": 35, "y": 130, "yaw": -90, "z": 0}, "_start_distance": 17.325973872652504, "_actor_vel": 2.2297905736690846, "_trigger_distance": 19.70268059575647, "_brake": 0.5726177997762008}, {"transform": {"pitch": "0", "x": 35, "y": 70, "yaw": -90, "z": 0}, "_start_distance": 17.325973872652504, "_actor_vel": 2.2297905736690846, "_trigger_distance": 19.70268059575647, "_brake": 0.5726177997762008, "weather": {"sun_altitude_angle": 19.6110055526727, "precipitation": 77.15457232262028, "wind_intensity": 52.28416401213557, "sun_azimuth_angle": 283.32737168495606, "fog_distance": "0", "cloudiness": 10.370712441393003, "fog_density": 0.7673464908599537, "wetness": 6.005911344024872, "precipitation_deposits": 76.9322744034832}}], "scenario_type": "Scenario39"}], "Town01": [{"available_event_configurations": [{"transform": {"pitch": "0", "x": 300, "y": 129, "yaw": 180, "z": 0}, "_start_distance": 17.325973872652504, "_actor_vel": 2.2297905736690846, "_trigger_distance": 19.70268059575647, "_brake": 0.5726177997762008, "weather": {"sun_altitude_angle": 19.6110055526727, "precipitation": 77.15457232262028, "wind_intensity": 52.28416401213557, "sun_azimuth_angle": 283.32737168495606, "fog_distance": "0", "cloudiness": 10.370712441393003, "fog_density": 0.7673464908599537, "wetness": 6.005911344024872, "precipitation_deposits": 76.9322744034832}}], "scenario_type": "Scenario39"}], "Town04": [{"available_event_configurations": [{"transform": {"pitch": "0", "x": 254.9, "y": -230.9, "yaw": 90, "z": 0}, "_start_distance": 17.325973872652504, "_actor_vel": 2.2297905736690846, "_trigger_distance": 19.70268059575647, "_brake": 0.5726177997762008, "weather": {"sun_altitude_angle": 19.6110055526727, "precipitation": 77.15457232262028, "wind_intensity": 52.28416401213557, "sun_azimuth_angle": 283.32737168495606, "fog_distance": "0", "cloudiness": 10.370712441393003, "fog_density": 0.7673464908599537, "wetness": 6.005911344024872, "precipitation_deposits": 76.9322744034832}}], "scenario_type": "Scenario39"}], "Town03": [{"available_event_configurations": [{"transform": {"pitch": "0", "x": -88.5, "y": -90, "yaw": 90, "z": 0}, "_start_distance": 17.325973872652504, "_actor_vel": 2.2297905736690846, "_trigger_distance": 19.70268059575647, "_brake": 0.5726177997762008, "weather": {"sun_altitude_angle": 19.6110055526727, "precipitation": 77.15457232262028, "wind_intensity": 52.28416401213557, "sun_azimuth_angle": 283.32737168495606, "fog_distance": "0", "cloudiness": 10.370712441393003, "fog_density": 0.7673464908599537, "wetness": 6.005911344024872, "precipitation_deposits": 76.9322744034832}}], "scenario_type": "Scenario39"}]}]}