{"available_scenarios": [{"Town05": [{"available_event_configurations": [{"transform": {"pitch": "0", "x": 35, "y": 130, "yaw": -90, "z": 0}, "_start_distance": 17.868168968474365, "_actor_vel": 2.110282206343565, "_trigger_distance": 18.391952651811, "_brake": 0.53793414264957}, {"transform": {"pitch": "0", "x": 35, "y": 70, "yaw": -90, "z": 0}, "_start_distance": 17.868168968474365, "_actor_vel": 2.110282206343565, "_trigger_distance": 18.391952651811, "_brake": 0.53793414264957, "weather": {"sun_altitude_angle": 47.29243557039234, "precipitation": 10.021687522365475, "wind_intensity": 97.55180603305178, "sun_azimuth_angle": 351.7377741676054, "fog_distance": "0", "cloudiness": 75.98692541373714, "fog_density": 2.408023895612076, "wetness": 32.66035627303503, "precipitation_deposits": 8.241358021175603}}], "scenario_type": "Scenario39"}], "Town01": [{"available_event_configurations": [{"transform": {"pitch": "0", "x": 300, "y": 129, "yaw": 180, "z": 0}, "_start_distance": 17.868168968474365, "_actor_vel": 2.110282206343565, "_trigger_distance": 18.391952651811, "_brake": 0.53793414264957, "weather": {"sun_altitude_angle": 47.29243557039234, "precipitation": 10.021687522365475, "wind_intensity": 97.55180603305178, "sun_azimuth_angle": 351.7377741676054, "fog_distance": "0", "cloudiness": 75.98692541373714, "fog_density": 2.408023895612076, "wetness": 32.66035627303503, "precipitation_deposits": 8.241358021175603}}], "scenario_type": "Scenario39"}], "Town04": [{"available_event_configurations": [{"transform": {"pitch": "0", "x": 254.9, "y": -230.9, "yaw": 90, "z": 0}, "_start_distance": 17.868168968474365, "_actor_vel": 2.110282206343565, "_trigger_distance": 18.391952651811, "_brake": 0.53793414264957, "weather": {"sun_altitude_angle": 47.29243557039234, "precipitation": 10.021687522365475, "wind_intensity": 97.55180603305178, "sun_azimuth_angle": 351.7377741676054, "fog_distance": "0", "cloudiness": 75.98692541373714, "fog_density": 2.408023895612076, "wetness": 32.66035627303503, "precipitation_deposits": 8.241358021175603}}], "scenario_type": "Scenario39"}], "Town03": [{"available_event_configurations": [{"transform": {"pitch": "0", "x": -88.5, "y": -90, "yaw": 90, "z": 0}, "_start_distance": 17.868168968474365, "_actor_vel": 2.110282206343565, "_trigger_distance": 18.391952651811, "_brake": 0.53793414264957, "weather": {"sun_altitude_angle": 47.29243557039234, "precipitation": 10.021687522365475, "wind_intensity": 97.55180603305178, "sun_azimuth_angle": 351.7377741676054, "fog_distance": "0", "cloudiness": 75.98692541373714, "fog_density": 2.408023895612076, "wetness": 32.66035627303503, "precipitation_deposits": 8.241358021175603}}], "scenario_type": "Scenario39"}]}]}