{"available_scenarios": [{"Town05": [{"available_event_configurations": [{"transform": {"pitch": "0", "x": 35, "y": 130, "yaw": -90, "z": 0}, "_start_distance": 16.83877219201963, "_actor_vel": 2.112295744782714, "_trigger_distance": 16.722234814415774, "_brake": 0.6437949193778505}, {"transform": {"pitch": "0", "x": 35, "y": 70, "yaw": -90, "z": 0}, "_start_distance": 16.83877219201963, "_actor_vel": 2.112295744782714, "_trigger_distance": 16.722234814415774, "_brake": 0.6437949193778505, "weather": {"sun_altitude_angle": 43.746174206623515, "precipitation": 54.05792679973354, "wind_intensity": 94.34325186558934, "sun_azimuth_angle": 156.8235537979461, "fog_distance": "0", "cloudiness": 52.405105187554454, "fog_density": 3.1016627974911923, "wetness": 57.38194210881621, "precipitation_deposits": 14.440748250754387}}], "scenario_type": "Scenario39"}], "Town01": [{"available_event_configurations": [{"transform": {"pitch": "0", "x": 300, "y": 129, "yaw": 180, "z": 0}, "_start_distance": 16.83877219201963, "_actor_vel": 2.112295744782714, "_trigger_distance": 16.722234814415774, "_brake": 0.6437949193778505, "weather": {"sun_altitude_angle": 43.746174206623515, "precipitation": 54.05792679973354, "wind_intensity": 94.34325186558934, "sun_azimuth_angle": 156.8235537979461, "fog_distance": "0", "cloudiness": 52.405105187554454, "fog_density": 3.1016627974911923, "wetness": 57.38194210881621, "precipitation_deposits": 14.440748250754387}}], "scenario_type": "Scenario39"}], "Town04": [{"available_event_configurations": [{"transform": {"pitch": "0", "x": 254.9, "y": -230.9, "yaw": 90, "z": 0}, "_start_distance": 16.83877219201963, "_actor_vel": 2.112295744782714, "_trigger_distance": 16.722234814415774, "_brake": 0.6437949193778505, "weather": {"sun_altitude_angle": 43.746174206623515, "precipitation": 54.05792679973354, "wind_intensity": 94.34325186558934, "sun_azimuth_angle": 156.8235537979461, "fog_distance": "0", "cloudiness": 52.405105187554454, "fog_density": 3.1016627974911923, "wetness": 57.38194210881621, "precipitation_deposits": 14.440748250754387}}], "scenario_type": "Scenario39"}], "Town03": [{"available_event_configurations": [{"transform": {"pitch": "0", "x": -88.5, "y": -90, "yaw": 90, "z": 0}, "_start_distance": 16.83877219201963, "_actor_vel": 2.112295744782714, "_trigger_distance": 16.722234814415774, "_brake": 0.6437949193778505, "weather": {"sun_altitude_angle": 43.746174206623515, "precipitation": 54.05792679973354, "wind_intensity": 94.34325186558934, "sun_azimuth_angle": 156.8235537979461, "fog_distance": "0", "cloudiness": 52.405105187554454, "fog_density": 3.1016627974911923, "wetness": 57.38194210881621, "precipitation_deposits": 14.440748250754387}}], "scenario_type": "Scenario39"}]}]}