{"available_scenarios": [{"Town05": [{"available_event_configurations": [{"transform": {"pitch": "0", "x": 35, "y": 130, "yaw": -90, "z": 0}, "_start_distance": 16.863004747813612, "_actor_vel": 2.320316664583946, "_trigger_distance": 19.763477921409315, "_brake": 0.8783864499589116}, {"transform": {"pitch": "0", "x": 35, "y": 70, "yaw": -90, "z": 0}, "_start_distance": 16.863004747813612, "_actor_vel": 2.320316664583946, "_trigger_distance": 19.763477921409315, "_brake": 0.8783864499589116, "weather": {"sun_altitude_angle": 43.18207748559742, "precipitation": 34.329334140415455, "wind_intensity": 82.52914384085558, "sun_azimuth_angle": 232.80625683861427, "fog_distance": "0", "cloudiness": 46.255940405161134, "fog_density": 6.862738711206533, "wetness": 23.681586454005465, "precipitation_deposits": 77.3774929397001}}], "scenario_type": "Scenario39"}], "Town01": [{"available_event_configurations": [{"transform": {"pitch": "0", "x": 300, "y": 129, "yaw": 180, "z": 0}, "_start_distance": 16.863004747813612, "_actor_vel": 2.320316664583946, "_trigger_distance": 19.763477921409315, "_brake": 0.8783864499589116, "weather": {"sun_altitude_angle": 43.18207748559742, "precipitation": 34.329334140415455, "wind_intensity": 82.52914384085558, "sun_azimuth_angle": 232.80625683861427, "fog_distance": "0", "cloudiness": 46.255940405161134, "fog_density": 6.862738711206533, "wetness": 23.681586454005465, "precipitation_deposits": 77.3774929397001}}], "scenario_type": "Scenario39"}], "Town04": [{"available_event_configurations": [{"transform": {"pitch": "0", "x": 254.9, "y": -230.9, "yaw": 90, "z": 0}, "_start_distance": 16.863004747813612, "_actor_vel": 2.320316664583946, "_trigger_distance": 19.763477921409315, "_brake": 0.8783864499589116, "weather": {"sun_altitude_angle": 43.18207748559742, "precipitation": 34.329334140415455, "wind_intensity": 82.52914384085558, "sun_azimuth_angle": 232.80625683861427, "fog_distance": "0", "cloudiness": 46.255940405161134, "fog_density": 6.862738711206533, "wetness": 23.681586454005465, "precipitation_deposits": 77.3774929397001}}], "scenario_type": "Scenario39"}], "Town03": [{"available_event_configurations": [{"transform": {"pitch": "0", "x": -88.5, "y": -90, "yaw": 90, "z": 0}, "_start_distance": 16.863004747813612, "_actor_vel": 2.320316664583946, "_trigger_distance": 19.763477921409315, "_brake": 0.8783864499589116, "weather": {"sun_altitude_angle": 43.18207748559742, "precipitation": 34.329334140415455, "wind_intensity": 82.52914384085558, "sun_azimuth_angle": 232.80625683861427, "fog_distance": "0", "cloudiness": 46.255940405161134, "fog_density": 6.862738711206533, "wetness": 23.681586454005465, "precipitation_deposits": 77.3774929397001}}], "scenario_type": "Scenario39"}]}]}