{"available_scenarios": [{"Town05": [{"available_event_configurations": [{"transform": {"pitch": "0", "x": 35, "y": 130, "yaw": -90, "z": 0}, "_start_distance": 19.017042703552868, "_actor_vel": 2.4449017890355575, "_trigger_distance": 15.555212667447421, "_brake": 0.5207590968804334}, {"transform": {"pitch": "0", "x": 35, "y": 70, "yaw": -90, "z": 0}, "_start_distance": 19.017042703552868, "_actor_vel": 2.4449017890355575, "_trigger_distance": 15.555212667447421, "_brake": 0.5207590968804334, "weather": {"sun_altitude_angle": 63.04940380916862, "precipitation": 16.015023302409325, "wind_intensity": 11.534115697877445, "sun_azimuth_angle": 79.543780165061, "fog_distance": "0", "cloudiness": 95.55642243593773, "fog_density": 3.178966076481874, "wetness": 52.30142157111487, "precipitation_deposits": 90.33843863852778}}], "scenario_type": "Scenario39"}], "Town01": [{"available_event_configurations": [{"transform": {"pitch": "0", "x": 300, "y": 129, "yaw": 180, "z": 0}, "_start_distance": 19.017042703552868, "_actor_vel": 2.4449017890355575, "_trigger_distance": 15.555212667447421, "_brake": 0.5207590968804334, "weather": {"sun_altitude_angle": 63.04940380916862, "precipitation": 16.015023302409325, "wind_intensity": 11.534115697877445, "sun_azimuth_angle": 79.543780165061, "fog_distance": "0", "cloudiness": 95.55642243593773, "fog_density": 3.178966076481874, "wetness": 52.30142157111487, "precipitation_deposits": 90.33843863852778}}], "scenario_type": "Scenario39"}], "Town04": [{"available_event_configurations": [{"transform": {"pitch": "0", "x": 254.9, "y": -230.9, "yaw": 90, "z": 0}, "_start_distance": 19.017042703552868, "_actor_vel": 2.4449017890355575, "_trigger_distance": 15.555212667447421, "_brake": 0.5207590968804334, "weather": {"sun_altitude_angle": 63.04940380916862, "precipitation": 16.015023302409325, "wind_intensity": 11.534115697877445, "sun_azimuth_angle": 79.543780165061, "fog_distance": "0", "cloudiness": 95.55642243593773, "fog_density": 3.178966076481874, "wetness": 52.30142157111487, "precipitation_deposits": 90.33843863852778}}], "scenario_type": "Scenario39"}], "Town03": [{"available_event_configurations": [{"transform": {"pitch": "0", "x": -88.5, "y": -90, "yaw": 90, "z": 0}, "_start_distance": 19.017042703552868, "_actor_vel": 2.4449017890355575, "_trigger_distance": 15.555212667447421, "_brake": 0.5207590968804334, "weather": {"sun_altitude_angle": 63.04940380916862, "precipitation": 16.015023302409325, "wind_intensity": 11.534115697877445, "sun_azimuth_angle": 79.543780165061, "fog_distance": "0", "cloudiness": 95.55642243593773, "fog_density": 3.178966076481874, "wetness": 52.30142157111487, "precipitation_deposits": 90.33843863852778}}], "scenario_type": "Scenario39"}]}]}