{"available_scenarios": [{"Town05": [{"available_event_configurations": [{"transform": {"pitch": "0", "x": 35, "y": 130, "yaw": -90, "z": 0}, "_start_distance": 16.671480745312977, "_actor_vel": 2.0153375934280335, "_trigger_distance": 17.832556030705078, "_brake": 0.6336967962403874}, {"transform": {"pitch": "0", "x": 35, "y": 70, "yaw": -90, "z": 0}, "_start_distance": 16.671480745312977, "_actor_vel": 2.0153375934280335, "_trigger_distance": 17.832556030705078, "_brake": 0.6336967962403874, "weather": {"sun_altitude_angle": 60.66521317758171, "precipitation": 58.1029108920263, "wind_intensity": 37.50117445393786, "sun_azimuth_angle": 42.18378135171406, "fog_distance": "0", "cloudiness": 27.06179390835901, "fog_density": 3.822660752984345, "wetness": 23.360576818751213, "precipitation_deposits": 31.629021845942475}}], "scenario_type": "Scenario39"}], "Town01": [{"available_event_configurations": [{"transform": {"pitch": "0", "x": 300, "y": 129, "yaw": 180, "z": 0}, "_start_distance": 16.671480745312977, "_actor_vel": 2.0153375934280335, "_trigger_distance": 17.832556030705078, "_brake": 0.6336967962403874, "weather": {"sun_altitude_angle": 60.66521317758171, "precipitation": 58.1029108920263, "wind_intensity": 37.50117445393786, "sun_azimuth_angle": 42.18378135171406, "fog_distance": "0", "cloudiness": 27.06179390835901, "fog_density": 3.822660752984345, "wetness": 23.360576818751213, "precipitation_deposits": 31.629021845942475}}], "scenario_type": "Scenario39"}], "Town04": [{"available_event_configurations": [{"transform": {"pitch": "0", "x": 254.9, "y": -230.9, "yaw": 90, "z": 0}, "_start_distance": 16.671480745312977, "_actor_vel": 2.0153375934280335, "_trigger_distance": 17.832556030705078, "_brake": 0.6336967962403874, "weather": {"sun_altitude_angle": 60.66521317758171, "precipitation": 58.1029108920263, "wind_intensity": 37.50117445393786, "sun_azimuth_angle": 42.18378135171406, "fog_distance": "0", "cloudiness": 27.06179390835901, "fog_density": 3.822660752984345, "wetness": 23.360576818751213, "precipitation_deposits": 31.629021845942475}}], "scenario_type": "Scenario39"}], "Town03": [{"available_event_configurations": [{"transform": {"pitch": "0", "x": -88.5, "y": -90, "yaw": 90, "z": 0}, "_start_distance": 16.671480745312977, "_actor_vel": 2.0153375934280335, "_trigger_distance": 17.832556030705078, "_brake": 0.6336967962403874, "weather": {"sun_altitude_angle": 60.66521317758171, "precipitation": 58.1029108920263, "wind_intensity": 37.50117445393786, "sun_azimuth_angle": 42.18378135171406, "fog_distance": "0", "cloudiness": 27.06179390835901, "fog_density": 3.822660752984345, "wetness": 23.360576818751213, "precipitation_deposits": 31.629021845942475}}], "scenario_type": "Scenario39"}]}]}