{"available_scenarios": [{"Town05": [{"available_event_configurations": [{"transform": {"pitch": "0", "x": 35, "y": 130, "yaw": -90, "z": 0}, "_start_distance": 15.250590972828766, "_actor_vel": 2.441384031138812, "_trigger_distance": 16.903117693504022, "_brake": 0.8126962517232156}, {"transform": {"pitch": "0", "x": 35, "y": 70, "yaw": -90, "z": 0}, "_start_distance": 15.250590972828766, "_actor_vel": 2.441384031138812, "_trigger_distance": 16.903117693504022, "_brake": 0.8126962517232156, "weather": {"sun_altitude_angle": 68.27378237149236, "precipitation": 75.57384355065177, "wind_intensity": 40.93870930005249, "sun_azimuth_angle": 176.3806611391053, "fog_distance": "0", "cloudiness": 83.36642079406394, "fog_density": 6.404638067748971, "wetness": 20.507834635367583, "precipitation_deposits": 57.681205058729375}}], "scenario_type": "Scenario39"}], "Town01": [{"available_event_configurations": [{"transform": {"pitch": "0", "x": 300, "y": 129, "yaw": 180, "z": 0}, "_start_distance": 15.250590972828766, "_actor_vel": 2.441384031138812, "_trigger_distance": 16.903117693504022, "_brake": 0.8126962517232156, "weather": {"sun_altitude_angle": 68.27378237149236, "precipitation": 75.57384355065177, "wind_intensity": 40.93870930005249, "sun_azimuth_angle": 176.3806611391053, "fog_distance": "0", "cloudiness": 83.36642079406394, "fog_density": 6.404638067748971, "wetness": 20.507834635367583, "precipitation_deposits": 57.681205058729375}}], "scenario_type": "Scenario39"}], "Town04": [{"available_event_configurations": [{"transform": {"pitch": "0", "x": 254.9, "y": -230.9, "yaw": 90, "z": 0}, "_start_distance": 15.250590972828766, "_actor_vel": 2.441384031138812, "_trigger_distance": 16.903117693504022, "_brake": 0.8126962517232156, "weather": {"sun_altitude_angle": 68.27378237149236, "precipitation": 75.57384355065177, "wind_intensity": 40.93870930005249, "sun_azimuth_angle": 176.3806611391053, "fog_distance": "0", "cloudiness": 83.36642079406394, "fog_density": 6.404638067748971, "wetness": 20.507834635367583, "precipitation_deposits": 57.681205058729375}}], "scenario_type": "Scenario39"}], "Town03": [{"available_event_configurations": [{"transform": {"pitch": "0", "x": -88.5, "y": -90, "yaw": 90, "z": 0}, "_start_distance": 15.250590972828766, "_actor_vel": 2.441384031138812, "_trigger_distance": 16.903117693504022, "_brake": 0.8126962517232156, "weather": {"sun_altitude_angle": 68.27378237149236, "precipitation": 75.57384355065177, "wind_intensity": 40.93870930005249, "sun_azimuth_angle": 176.3806611391053, "fog_distance": "0", "cloudiness": 83.36642079406394, "fog_density": 6.404638067748971, "wetness": 20.507834635367583, "precipitation_deposits": 57.681205058729375}}], "scenario_type": "Scenario39"}]}]}