{"available_scenarios": [{"Town05": [{"available_event_configurations": [{"transform": {"pitch": "0", "x": 35, "y": 130, "yaw": -90, "z": 0}, "_start_distance": 16.825529103827197, "_actor_vel": 2.334424870074733, "_trigger_distance": 19.81539616057541, "_brake": 0.6827865143385257}, {"transform": {"pitch": "0", "x": 35, "y": 70, "yaw": -90, "z": 0}, "_start_distance": 16.825529103827197, "_actor_vel": 2.334424870074733, "_trigger_distance": 19.81539616057541, "_brake": 0.6827865143385257, "weather": {"sun_altitude_angle": 79.05825671047937, "precipitation": 48.99816932741016, "wind_intensity": 9.38835238431609, "sun_azimuth_angle": 270.79901493228283, "fog_distance": "0", "cloudiness": 3.0072244840063322, "fog_density": 7.754324395264326, "wetness": 8.600757882740162, "precipitation_deposits": 16.755208369796215}}], "scenario_type": "Scenario39"}], "Town01": [{"available_event_configurations": [{"transform": {"pitch": "0", "x": 300, "y": 129, "yaw": 180, "z": 0}, "_start_distance": 16.825529103827197, "_actor_vel": 2.334424870074733, "_trigger_distance": 19.81539616057541, "_brake": 0.6827865143385257, "weather": {"sun_altitude_angle": 79.05825671047937, "precipitation": 48.99816932741016, "wind_intensity": 9.38835238431609, "sun_azimuth_angle": 270.79901493228283, "fog_distance": "0", "cloudiness": 3.0072244840063322, "fog_density": 7.754324395264326, "wetness": 8.600757882740162, "precipitation_deposits": 16.755208369796215}}], "scenario_type": "Scenario39"}], "Town04": [{"available_event_configurations": [{"transform": {"pitch": "0", "x": 254.9, "y": -230.9, "yaw": 90, "z": 0}, "_start_distance": 16.825529103827197, "_actor_vel": 2.334424870074733, "_trigger_distance": 19.81539616057541, "_brake": 0.6827865143385257, "weather": {"sun_altitude_angle": 79.05825671047937, "precipitation": 48.99816932741016, "wind_intensity": 9.38835238431609, "sun_azimuth_angle": 270.79901493228283, "fog_distance": "0", "cloudiness": 3.0072244840063322, "fog_density": 7.754324395264326, "wetness": 8.600757882740162, "precipitation_deposits": 16.755208369796215}}], "scenario_type": "Scenario39"}], "Town03": [{"available_event_configurations": [{"transform": {"pitch": "0", "x": -88.5, "y": -90, "yaw": 90, "z": 0}, "_start_distance": 16.825529103827197, "_actor_vel": 2.334424870074733, "_trigger_distance": 19.81539616057541, "_brake": 0.6827865143385257, "weather": {"sun_altitude_angle": 79.05825671047937, "precipitation": 48.99816932741016, "wind_intensity": 9.38835238431609, "sun_azimuth_angle": 270.79901493228283, "fog_distance": "0", "cloudiness": 3.0072244840063322, "fog_density": 7.754324395264326, "wetness": 8.600757882740162, "precipitation_deposits": 16.755208369796215}}], "scenario_type": "Scenario39"}]}]}