{"available_scenarios": [{"Town05": [{"available_event_configurations": [{"transform": {"pitch": "0", "x": 35, "y": 130, "yaw": -90, "z": 0}, "_start_distance": 16.78892012324048, "_actor_vel": 2.0975859223949267, "_trigger_distance": 16.2751264344456, "_brake": 0.9984576680555128}, {"transform": {"pitch": "0", "x": 35, "y": 70, "yaw": -90, "z": 0}, "_start_distance": 16.78892012324048, "_actor_vel": 2.0975859223949267, "_trigger_distance": 16.2751264344456, "_brake": 0.9984576680555128, "weather": {"sun_altitude_angle": 61.336984306809185, "precipitation": 26.968152870356022, "wind_intensity": 64.42378754940394, "sun_azimuth_angle": 169.9486333884251, "fog_distance": "0", "cloudiness": 21.810107806147617, "fog_density": 4.32485600846197, "wetness": 17.676422599545493, "precipitation_deposits": 48.50492057320578}}], "scenario_type": "Scenario39"}], "Town01": [{"available_event_configurations": [{"transform": {"pitch": "0", "x": 300, "y": 129, "yaw": 180, "z": 0}, "_start_distance": 16.78892012324048, "_actor_vel": 2.0975859223949267, "_trigger_distance": 16.2751264344456, "_brake": 0.9984576680555128, "weather": {"sun_altitude_angle": 61.336984306809185, "precipitation": 26.968152870356022, "wind_intensity": 64.42378754940394, "sun_azimuth_angle": 169.9486333884251, "fog_distance": "0", "cloudiness": 21.810107806147617, "fog_density": 4.32485600846197, "wetness": 17.676422599545493, "precipitation_deposits": 48.50492057320578}}], "scenario_type": "Scenario39"}], "Town04": [{"available_event_configurations": [{"transform": {"pitch": "0", "x": 254.9, "y": -230.9, "yaw": 90, "z": 0}, "_start_distance": 16.78892012324048, "_actor_vel": 2.0975859223949267, "_trigger_distance": 16.2751264344456, "_brake": 0.9984576680555128, "weather": {"sun_altitude_angle": 61.336984306809185, "precipitation": 26.968152870356022, "wind_intensity": 64.42378754940394, "sun_azimuth_angle": 169.9486333884251, "fog_distance": "0", "cloudiness": 21.810107806147617, "fog_density": 4.32485600846197, "wetness": 17.676422599545493, "precipitation_deposits": 48.50492057320578}}], "scenario_type": "Scenario39"}], "Town03": [{"available_event_configurations": [{"transform": {"pitch": "0", "x": -88.5, "y": -90, "yaw": 90, "z": 0}, "_start_distance": 16.78892012324048, "_actor_vel": 2.0975859223949267, "_trigger_distance": 16.2751264344456, "_brake": 0.9984576680555128, "weather": {"sun_altitude_angle": 61.336984306809185, "precipitation": 26.968152870356022, "wind_intensity": 64.42378754940394, "sun_azimuth_angle": 169.9486333884251, "fog_distance": "0", "cloudiness": 21.810107806147617, "fog_density": 4.32485600846197, "wetness": 17.676422599545493, "precipitation_deposits": 48.50492057320578}}], "scenario_type": "Scenario39"}]}]}