{"available_scenarios": [{"Town05": [{"available_event_configurations": [{"transform": {"pitch": "0", "x": 35, "y": 130, "yaw": -90, "z": 0}, "_start_distance": 17.357165175971087, "_actor_vel": 2.0677563261478182, "_trigger_distance": 18.425691120712422, "_brake": 0.6091588737230722}, {"transform": {"pitch": "0", "x": 35, "y": 70, "yaw": -90, "z": 0}, "_start_distance": 17.357165175971087, "_actor_vel": 2.0677563261478182, "_trigger_distance": 18.425691120712422, "_brake": 0.6091588737230722, "weather": {"sun_altitude_angle": 79.7287457782267, "precipitation": 26.39326988763355, "wind_intensity": 67.18132726904093, "sun_azimuth_angle": 149.51738494678196, "fog_distance": "0", "cloudiness": 25.96554326302829, "fog_density": 3.425357451482023, "wetness": 61.22898851647034, "precipitation_deposits": 11.240731247143787}}], "scenario_type": "Scenario39"}], "Town01": [{"available_event_configurations": [{"transform": {"pitch": "0", "x": 300, "y": 129, "yaw": 180, "z": 0}, "_start_distance": 17.357165175971087, "_actor_vel": 2.0677563261478182, "_trigger_distance": 18.425691120712422, "_brake": 0.6091588737230722, "weather": {"sun_altitude_angle": 79.7287457782267, "precipitation": 26.39326988763355, "wind_intensity": 67.18132726904093, "sun_azimuth_angle": 149.51738494678196, "fog_distance": "0", "cloudiness": 25.96554326302829, "fog_density": 3.425357451482023, "wetness": 61.22898851647034, "precipitation_deposits": 11.240731247143787}}], "scenario_type": "Scenario39"}], "Town04": [{"available_event_configurations": [{"transform": {"pitch": "0", "x": 254.9, "y": -230.9, "yaw": 90, "z": 0}, "_start_distance": 17.357165175971087, "_actor_vel": 2.0677563261478182, "_trigger_distance": 18.425691120712422, "_brake": 0.6091588737230722, "weather": {"sun_altitude_angle": 79.7287457782267, "precipitation": 26.39326988763355, "wind_intensity": 67.18132726904093, "sun_azimuth_angle": 149.51738494678196, "fog_distance": "0", "cloudiness": 25.96554326302829, "fog_density": 3.425357451482023, "wetness": 61.22898851647034, "precipitation_deposits": 11.240731247143787}}], "scenario_type": "Scenario39"}], "Town03": [{"available_event_configurations": [{"transform": {"pitch": "0", "x": -88.5, "y": -90, "yaw": 90, "z": 0}, "_start_distance": 17.357165175971087, "_actor_vel": 2.0677563261478182, "_trigger_distance": 18.425691120712422, "_brake": 0.6091588737230722, "weather": {"sun_altitude_angle": 79.7287457782267, "precipitation": 26.39326988763355, "wind_intensity": 67.18132726904093, "sun_azimuth_angle": 149.51738494678196, "fog_distance": "0", "cloudiness": 25.96554326302829, "fog_density": 3.425357451482023, "wetness": 61.22898851647034, "precipitation_deposits": 11.240731247143787}}], "scenario_type": "Scenario39"}]}]}