{"available_scenarios": [{"Town05": [{"available_event_configurations": [{"transform": {"pitch": "0", "x": 35, "y": 130, "yaw": -90, "z": 0}, "_start_distance": 15.895853446755504, "_actor_vel": 2.440356847235896, "_trigger_distance": 19.08260000117044, "_brake": 0.7120021443366491}, {"transform": {"pitch": "0", "x": 35, "y": 70, "yaw": -90, "z": 0}, "_start_distance": 15.895853446755504, "_actor_vel": 2.440356847235896, "_trigger_distance": 19.08260000117044, "_brake": 0.7120021443366491, "weather": {"sun_altitude_angle": 89.59719543387615, "precipitation": 42.96684379760022, "wind_intensity": 86.73236920196989, "sun_azimuth_angle": 183.953394048509, "fog_distance": "0", "cloudiness": 73.66284716933684, "fog_density": 5.657404708531905, "wetness": 74.32657738498314, "precipitation_deposits": 31.88786854854645}}], "scenario_type": "Scenario39"}], "Town01": [{"available_event_configurations": [{"transform": {"pitch": "0", "x": 300, "y": 129, "yaw": 180, "z": 0}, "_start_distance": 15.895853446755504, "_actor_vel": 2.440356847235896, "_trigger_distance": 19.08260000117044, "_brake": 0.7120021443366491, "weather": {"sun_altitude_angle": 89.59719543387615, "precipitation": 42.96684379760022, "wind_intensity": 86.73236920196989, "sun_azimuth_angle": 183.953394048509, "fog_distance": "0", "cloudiness": 73.66284716933684, "fog_density": 5.657404708531905, "wetness": 74.32657738498314, "precipitation_deposits": 31.88786854854645}}], "scenario_type": "Scenario39"}], "Town04": [{"available_event_configurations": [{"transform": {"pitch": "0", "x": 254.9, "y": -230.9, "yaw": 90, "z": 0}, "_start_distance": 15.895853446755504, "_actor_vel": 2.440356847235896, "_trigger_distance": 19.08260000117044, "_brake": 0.7120021443366491, "weather": {"sun_altitude_angle": 89.59719543387615, "precipitation": 42.96684379760022, "wind_intensity": 86.73236920196989, "sun_azimuth_angle": 183.953394048509, "fog_distance": "0", "cloudiness": 73.66284716933684, "fog_density": 5.657404708531905, "wetness": 74.32657738498314, "precipitation_deposits": 31.88786854854645}}], "scenario_type": "Scenario39"}], "Town03": [{"available_event_configurations": [{"transform": {"pitch": "0", "x": -88.5, "y": -90, "yaw": 90, "z": 0}, "_start_distance": 15.895853446755504, "_actor_vel": 2.440356847235896, "_trigger_distance": 19.08260000117044, "_brake": 0.7120021443366491, "weather": {"sun_altitude_angle": 89.59719543387615, "precipitation": 42.96684379760022, "wind_intensity": 86.73236920196989, "sun_azimuth_angle": 183.953394048509, "fog_distance": "0", "cloudiness": 73.66284716933684, "fog_density": 5.657404708531905, "wetness": 74.32657738498314, "precipitation_deposits": 31.88786854854645}}], "scenario_type": "Scenario39"}]}]}