{"available_scenarios": [{"Town05": [{"available_event_configurations": [{"transform": {"pitch": "0", "x": 35, "y": 130, "yaw": -90, "z": 0}, "_start_distance": 19.257997067496706, "_actor_vel": 2.489341626952527, "_trigger_distance": 15.030661212580403, "_brake": 0.6108530021880243}, {"transform": {"pitch": "0", "x": 35, "y": 70, "yaw": -90, "z": 0}, "_start_distance": 19.257997067496706, "_actor_vel": 2.489341626952527, "_trigger_distance": 15.030661212580403, "_brake": 0.6108530021880243, "weather": {"sun_altitude_angle": 8.59605510759165, "precipitation": 9.416229784513186, "wind_intensity": 36.80620903438675, "sun_azimuth_angle": 274.6676296546561, "fog_distance": "0", "cloudiness": 24.019898291946017, "fog_density": 2.3906179842962527, "wetness": 70.37039899507143, "precipitation_deposits": 4.224643923676719}}], "scenario_type": "Scenario39"}], "Town01": [{"available_event_configurations": [{"transform": {"pitch": "0", "x": 300, "y": 129, "yaw": 180, "z": 0}, "_start_distance": 19.257997067496706, "_actor_vel": 2.489341626952527, "_trigger_distance": 15.030661212580403, "_brake": 0.6108530021880243, "weather": {"sun_altitude_angle": 8.59605510759165, "precipitation": 9.416229784513186, "wind_intensity": 36.80620903438675, "sun_azimuth_angle": 274.6676296546561, "fog_distance": "0", "cloudiness": 24.019898291946017, "fog_density": 2.3906179842962527, "wetness": 70.37039899507143, "precipitation_deposits": 4.224643923676719}}], "scenario_type": "Scenario39"}], "Town04": [{"available_event_configurations": [{"transform": {"pitch": "0", "x": 254.9, "y": -230.9, "yaw": 90, "z": 0}, "_start_distance": 19.257997067496706, "_actor_vel": 2.489341626952527, "_trigger_distance": 15.030661212580403, "_brake": 0.6108530021880243, "weather": {"sun_altitude_angle": 8.59605510759165, "precipitation": 9.416229784513186, "wind_intensity": 36.80620903438675, "sun_azimuth_angle": 274.6676296546561, "fog_distance": "0", "cloudiness": 24.019898291946017, "fog_density": 2.3906179842962527, "wetness": 70.37039899507143, "precipitation_deposits": 4.224643923676719}}], "scenario_type": "Scenario39"}], "Town03": [{"available_event_configurations": [{"transform": {"pitch": "0", "x": -88.5, "y": -90, "yaw": 90, "z": 0}, "_start_distance": 19.257997067496706, "_actor_vel": 2.489341626952527, "_trigger_distance": 15.030661212580403, "_brake": 0.6108530021880243, "weather": {"sun_altitude_angle": 8.59605510759165, "precipitation": 9.416229784513186, "wind_intensity": 36.80620903438675, "sun_azimuth_angle": 274.6676296546561, "fog_distance": "0", "cloudiness": 24.019898291946017, "fog_density": 2.3906179842962527, "wetness": 70.37039899507143, "precipitation_deposits": 4.224643923676719}}], "scenario_type": "Scenario39"}]}]}