{"available_scenarios": [{"Town05": [{"available_event_configurations": [{"transform": {"pitch": "0", "x": 35, "y": 130, "yaw": -90, "z": 0}, "_start_distance": 15.093894091448593, "_actor_vel": 2.4715509666064035, "_trigger_distance": 16.41045234001443, "_brake": 0.6318078657642613}, {"transform": {"pitch": "0", "x": 35, "y": 70, "yaw": -90, "z": 0}, "_start_distance": 15.093894091448593, "_actor_vel": 2.4715509666064035, "_trigger_distance": 16.41045234001443, "_brake": 0.6318078657642613, "weather": {"sun_altitude_angle": 80.7247138798465, "precipitation": 56.42445163686255, "wind_intensity": 74.95887275663124, "sun_azimuth_angle": 85.33034972862144, "fog_distance": "0", "cloudiness": 49.77146567760376, "fog_density": 7.569668911892268, "wetness": 16.08427677550108, "precipitation_deposits": 58.187266765212975}}], "scenario_type": "Scenario39"}], "Town01": [{"available_event_configurations": [{"transform": {"pitch": "0", "x": 300, "y": 129, "yaw": 180, "z": 0}, "_start_distance": 15.093894091448593, "_actor_vel": 2.4715509666064035, "_trigger_distance": 16.41045234001443, "_brake": 0.6318078657642613, "weather": {"sun_altitude_angle": 80.7247138798465, "precipitation": 56.42445163686255, "wind_intensity": 74.95887275663124, "sun_azimuth_angle": 85.33034972862144, "fog_distance": "0", "cloudiness": 49.77146567760376, "fog_density": 7.569668911892268, "wetness": 16.08427677550108, "precipitation_deposits": 58.187266765212975}}], "scenario_type": "Scenario39"}], "Town04": [{"available_event_configurations": [{"transform": {"pitch": "0", "x": 254.9, "y": -230.9, "yaw": 90, "z": 0}, "_start_distance": 15.093894091448593, "_actor_vel": 2.4715509666064035, "_trigger_distance": 16.41045234001443, "_brake": 0.6318078657642613, "weather": {"sun_altitude_angle": 80.7247138798465, "precipitation": 56.42445163686255, "wind_intensity": 74.95887275663124, "sun_azimuth_angle": 85.33034972862144, "fog_distance": "0", "cloudiness": 49.77146567760376, "fog_density": 7.569668911892268, "wetness": 16.08427677550108, "precipitation_deposits": 58.187266765212975}}], "scenario_type": "Scenario39"}], "Town03": [{"available_event_configurations": [{"transform": {"pitch": "0", "x": -88.5, "y": -90, "yaw": 90, "z": 0}, "_start_distance": 15.093894091448593, "_actor_vel": 2.4715509666064035, "_trigger_distance": 16.41045234001443, "_brake": 0.6318078657642613, "weather": {"sun_altitude_angle": 80.7247138798465, "precipitation": 56.42445163686255, "wind_intensity": 74.95887275663124, "sun_azimuth_angle": 85.33034972862144, "fog_distance": "0", "cloudiness": 49.77146567760376, "fog_density": 7.569668911892268, "wetness": 16.08427677550108, "precipitation_deposits": 58.187266765212975}}], "scenario_type": "Scenario39"}]}]}