{"available_scenarios": [{"Town05": [{"available_event_configurations": [{"transform": {"pitch": "0", "x": 35, "y": 130, "yaw": -90, "z": 0}, "_start_distance": 17.895622685064282, "_actor_vel": 2.182489379944187, "_trigger_distance": 17.89887063113345, "_brake": 0.7040139590090339}, {"transform": {"pitch": "0", "x": 35, "y": 70, "yaw": -90, "z": 0}, "_start_distance": 17.895622685064282, "_actor_vel": 2.182489379944187, "_trigger_distance": 17.89887063113345, "_brake": 0.7040139590090339, "weather": {"sun_altitude_angle": 3.2561312192358747, "precipitation": 61.42467800382213, "wind_intensity": 40.884852451247475, "sun_azimuth_angle": 123.02864461461296, "fog_distance": "0", "cloudiness": 72.06630813507996, "fog_density": 9.534982541687988, "wetness": 60.24485782972425, "precipitation_deposits": 61.25970700021316}}], "scenario_type": "Scenario39"}], "Town01": [{"available_event_configurations": [{"transform": {"pitch": "0", "x": 300, "y": 129, "yaw": 180, "z": 0}, "_start_distance": 17.895622685064282, "_actor_vel": 2.182489379944187, "_trigger_distance": 17.89887063113345, "_brake": 0.7040139590090339, "weather": {"sun_altitude_angle": 3.2561312192358747, "precipitation": 61.42467800382213, "wind_intensity": 40.884852451247475, "sun_azimuth_angle": 123.02864461461296, "fog_distance": "0", "cloudiness": 72.06630813507996, "fog_density": 9.534982541687988, "wetness": 60.24485782972425, "precipitation_deposits": 61.25970700021316}}], "scenario_type": "Scenario39"}], "Town04": [{"available_event_configurations": [{"transform": {"pitch": "0", "x": 254.9, "y": -230.9, "yaw": 90, "z": 0}, "_start_distance": 17.895622685064282, "_actor_vel": 2.182489379944187, "_trigger_distance": 17.89887063113345, "_brake": 0.7040139590090339, "weather": {"sun_altitude_angle": 3.2561312192358747, "precipitation": 61.42467800382213, "wind_intensity": 40.884852451247475, "sun_azimuth_angle": 123.02864461461296, "fog_distance": "0", "cloudiness": 72.06630813507996, "fog_density": 9.534982541687988, "wetness": 60.24485782972425, "precipitation_deposits": 61.25970700021316}}], "scenario_type": "Scenario39"}], "Town03": [{"available_event_configurations": [{"transform": {"pitch": "0", "x": -88.5, "y": -90, "yaw": 90, "z": 0}, "_start_distance": 17.895622685064282, "_actor_vel": 2.182489379944187, "_trigger_distance": 17.89887063113345, "_brake": 0.7040139590090339, "weather": {"sun_altitude_angle": 3.2561312192358747, "precipitation": 61.42467800382213, "wind_intensity": 40.884852451247475, "sun_azimuth_angle": 123.02864461461296, "fog_distance": "0", "cloudiness": 72.06630813507996, "fog_density": 9.534982541687988, "wetness": 60.24485782972425, "precipitation_deposits": 61.25970700021316}}], "scenario_type": "Scenario39"}]}]}