{"available_scenarios": [{"Town05": [{"available_event_configurations": [{"transform": {"pitch": "0", "x": 35, "y": 130, "yaw": -90, "z": 0}, "_start_distance": 19.785047172422892, "_actor_vel": 2.4163391255339066, "_trigger_distance": 19.76084571487032, "_brake": 0.546822637887342}, {"transform": {"pitch": "0", "x": 35, "y": 70, "yaw": -90, "z": 0}, "_start_distance": 19.785047172422892, "_actor_vel": 2.4163391255339066, "_trigger_distance": 19.76084571487032, "_brake": 0.546822637887342, "weather": {"sun_altitude_angle": 15.523017382891451, "precipitation": 59.26152963034866, "wind_intensity": 62.308199334397194, "sun_azimuth_angle": 231.48350339102518, "fog_distance": "0", "cloudiness": 67.59603573653047, "fog_density": 7.984844171540249, "wetness": 15.439537183480546, "precipitation_deposits": 38.92395281561583}}], "scenario_type": "Scenario39"}], "Town01": [{"available_event_configurations": [{"transform": {"pitch": "0", "x": 300, "y": 129, "yaw": 180, "z": 0}, "_start_distance": 19.785047172422892, "_actor_vel": 2.4163391255339066, "_trigger_distance": 19.76084571487032, "_brake": 0.546822637887342, "weather": {"sun_altitude_angle": 15.523017382891451, "precipitation": 59.26152963034866, "wind_intensity": 62.308199334397194, "sun_azimuth_angle": 231.48350339102518, "fog_distance": "0", "cloudiness": 67.59603573653047, "fog_density": 7.984844171540249, "wetness": 15.439537183480546, "precipitation_deposits": 38.92395281561583}}], "scenario_type": "Scenario39"}], "Town04": [{"available_event_configurations": [{"transform": {"pitch": "0", "x": 254.9, "y": -230.9, "yaw": 90, "z": 0}, "_start_distance": 19.785047172422892, "_actor_vel": 2.4163391255339066, "_trigger_distance": 19.76084571487032, "_brake": 0.546822637887342, "weather": {"sun_altitude_angle": 15.523017382891451, "precipitation": 59.26152963034866, "wind_intensity": 62.308199334397194, "sun_azimuth_angle": 231.48350339102518, "fog_distance": "0", "cloudiness": 67.59603573653047, "fog_density": 7.984844171540249, "wetness": 15.439537183480546, "precipitation_deposits": 38.92395281561583}}], "scenario_type": "Scenario39"}], "Town03": [{"available_event_configurations": [{"transform": {"pitch": "0", "x": -88.5, "y": -90, "yaw": 90, "z": 0}, "_start_distance": 19.785047172422892, "_actor_vel": 2.4163391255339066, "_trigger_distance": 19.76084571487032, "_brake": 0.546822637887342, "weather": {"sun_altitude_angle": 15.523017382891451, "precipitation": 59.26152963034866, "wind_intensity": 62.308199334397194, "sun_azimuth_angle": 231.48350339102518, "fog_distance": "0", "cloudiness": 67.59603573653047, "fog_density": 7.984844171540249, "wetness": 15.439537183480546, "precipitation_deposits": 38.92395281561583}}], "scenario_type": "Scenario39"}]}]}