{"available_scenarios": [{"Town05": [{"available_event_configurations": [{"transform": {"pitch": "0", "x": 35, "y": 130, "yaw": -90, "z": 0}, "_start_distance": 18.537500379597486, "_actor_vel": 2.0638086938937805, "_trigger_distance": 16.290317893837113, "_brake": 0.5283424792781364}, {"transform": {"pitch": "0", "x": 35, "y": 70, "yaw": -90, "z": 0}, "_start_distance": 18.537500379597486, "_actor_vel": 2.0638086938937805, "_trigger_distance": 16.290317893837113, "_brake": 0.5283424792781364, "weather": {"sun_altitude_angle": 55.141916644032435, "precipitation": 91.23343797795413, "wind_intensity": 79.24845242998946, "sun_azimuth_angle": 105.0651686953089, "fog_distance": "0", "cloudiness": 74.24550825249818, "fog_density": 8.939244452651705, "wetness": 58.235067257234185, "precipitation_deposits": 75.06470551711435}}], "scenario_type": "Scenario39"}], "Town01": [{"available_event_configurations": [{"transform": {"pitch": "0", "x": 300, "y": 129, "yaw": 180, "z": 0}, "_start_distance": 18.537500379597486, "_actor_vel": 2.0638086938937805, "_trigger_distance": 16.290317893837113, "_brake": 0.5283424792781364, "weather": {"sun_altitude_angle": 55.141916644032435, "precipitation": 91.23343797795413, "wind_intensity": 79.24845242998946, "sun_azimuth_angle": 105.0651686953089, "fog_distance": "0", "cloudiness": 74.24550825249818, "fog_density": 8.939244452651705, "wetness": 58.235067257234185, "precipitation_deposits": 75.06470551711435}}], "scenario_type": "Scenario39"}], "Town04": [{"available_event_configurations": [{"transform": {"pitch": "0", "x": 254.9, "y": -230.9, "yaw": 90, "z": 0}, "_start_distance": 18.537500379597486, "_actor_vel": 2.0638086938937805, "_trigger_distance": 16.290317893837113, "_brake": 0.5283424792781364, "weather": {"sun_altitude_angle": 55.141916644032435, "precipitation": 91.23343797795413, "wind_intensity": 79.24845242998946, "sun_azimuth_angle": 105.0651686953089, "fog_distance": "0", "cloudiness": 74.24550825249818, "fog_density": 8.939244452651705, "wetness": 58.235067257234185, "precipitation_deposits": 75.06470551711435}}], "scenario_type": "Scenario39"}], "Town03": [{"available_event_configurations": [{"transform": {"pitch": "0", "x": -88.5, "y": -90, "yaw": 90, "z": 0}, "_start_distance": 18.537500379597486, "_actor_vel": 2.0638086938937805, "_trigger_distance": 16.290317893837113, "_brake": 0.5283424792781364, "weather": {"sun_altitude_angle": 55.141916644032435, "precipitation": 91.23343797795413, "wind_intensity": 79.24845242998946, "sun_azimuth_angle": 105.0651686953089, "fog_distance": "0", "cloudiness": 74.24550825249818, "fog_density": 8.939244452651705, "wetness": 58.235067257234185, "precipitation_deposits": 75.06470551711435}}], "scenario_type": "Scenario39"}]}]}