{"available_scenarios": [{"Town05": [{"available_event_configurations": [{"transform": {"pitch": "0", "x": 35, "y": 130, "yaw": -90, "z": 0}, "_start_distance": 18.842221217733886, "_actor_vel": 2.350857989421681, "_trigger_distance": 18.97212927167992, "_brake": 0.5852582492393004}, {"transform": {"pitch": "0", "x": 35, "y": 70, "yaw": -90, "z": 0}, "_start_distance": 18.842221217733886, "_actor_vel": 2.350857989421681, "_trigger_distance": 18.97212927167992, "_brake": 0.5852582492393004, "weather": {"sun_altitude_angle": 55.22161609207112, "precipitation": 82.21643735149001, "wind_intensity": 44.134501356923714, "sun_azimuth_angle": 338.9194272071254, "fog_distance": "0", "cloudiness": 73.19163590004484, "fog_density": 5.001687491982826, "wetness": 24.70582661926416, "precipitation_deposits": 57.225669985740915}}], "scenario_type": "Scenario39"}], "Town01": [{"available_event_configurations": [{"transform": {"pitch": "0", "x": 300, "y": 129, "yaw": 180, "z": 0}, "_start_distance": 18.842221217733886, "_actor_vel": 2.350857989421681, "_trigger_distance": 18.97212927167992, "_brake": 0.5852582492393004, "weather": {"sun_altitude_angle": 55.22161609207112, "precipitation": 82.21643735149001, "wind_intensity": 44.134501356923714, "sun_azimuth_angle": 338.9194272071254, "fog_distance": "0", "cloudiness": 73.19163590004484, "fog_density": 5.001687491982826, "wetness": 24.70582661926416, "precipitation_deposits": 57.225669985740915}}], "scenario_type": "Scenario39"}], "Town04": [{"available_event_configurations": [{"transform": {"pitch": "0", "x": 254.9, "y": -230.9, "yaw": 90, "z": 0}, "_start_distance": 18.842221217733886, "_actor_vel": 2.350857989421681, "_trigger_distance": 18.97212927167992, "_brake": 0.5852582492393004, "weather": {"sun_altitude_angle": 55.22161609207112, "precipitation": 82.21643735149001, "wind_intensity": 44.134501356923714, "sun_azimuth_angle": 338.9194272071254, "fog_distance": "0", "cloudiness": 73.19163590004484, "fog_density": 5.001687491982826, "wetness": 24.70582661926416, "precipitation_deposits": 57.225669985740915}}], "scenario_type": "Scenario39"}], "Town03": [{"available_event_configurations": [{"transform": {"pitch": "0", "x": -88.5, "y": -90, "yaw": 90, "z": 0}, "_start_distance": 18.842221217733886, "_actor_vel": 2.350857989421681, "_trigger_distance": 18.97212927167992, "_brake": 0.5852582492393004, "weather": {"sun_altitude_angle": 55.22161609207112, "precipitation": 82.21643735149001, "wind_intensity": 44.134501356923714, "sun_azimuth_angle": 338.9194272071254, "fog_distance": "0", "cloudiness": 73.19163590004484, "fog_density": 5.001687491982826, "wetness": 24.70582661926416, "precipitation_deposits": 57.225669985740915}}], "scenario_type": "Scenario39"}]}]}