{"available_scenarios": [{"Town05": [{"available_event_configurations": [{"transform": {"pitch": "0", "x": 35, "y": 130, "yaw": -90, "z": 0}, "_start_distance": 16.97278424446026, "_actor_vel": 2.0375346429054524, "_trigger_distance": 17.876549056041128, "_brake": 0.9127458009963553}, {"transform": {"pitch": "0", "x": 35, "y": 70, "yaw": -90, "z": 0}, "_start_distance": 16.97278424446026, "_actor_vel": 2.0375346429054524, "_trigger_distance": 17.876549056041128, "_brake": 0.9127458009963553, "weather": {"sun_altitude_angle": 44.36178625466094, "precipitation": 34.241808697843034, "wind_intensity": 5.0503126495013095, "sun_azimuth_angle": 209.46735075755723, "fog_distance": "0", "cloudiness": 79.14660393221627, "fog_density": 1.872350728571689, "wetness": 75.10661543383294, "precipitation_deposits": 20.82568370856196}}], "scenario_type": "Scenario39"}], "Town01": [{"available_event_configurations": [{"transform": {"pitch": "0", "x": 300, "y": 129, "yaw": 180, "z": 0}, "_start_distance": 16.97278424446026, "_actor_vel": 2.0375346429054524, "_trigger_distance": 17.876549056041128, "_brake": 0.9127458009963553, "weather": {"sun_altitude_angle": 44.36178625466094, "precipitation": 34.241808697843034, "wind_intensity": 5.0503126495013095, "sun_azimuth_angle": 209.46735075755723, "fog_distance": "0", "cloudiness": 79.14660393221627, "fog_density": 1.872350728571689, "wetness": 75.10661543383294, "precipitation_deposits": 20.82568370856196}}], "scenario_type": "Scenario39"}], "Town04": [{"available_event_configurations": [{"transform": {"pitch": "0", "x": 254.9, "y": -230.9, "yaw": 90, "z": 0}, "_start_distance": 16.97278424446026, "_actor_vel": 2.0375346429054524, "_trigger_distance": 17.876549056041128, "_brake": 0.9127458009963553, "weather": {"sun_altitude_angle": 44.36178625466094, "precipitation": 34.241808697843034, "wind_intensity": 5.0503126495013095, "sun_azimuth_angle": 209.46735075755723, "fog_distance": "0", "cloudiness": 79.14660393221627, "fog_density": 1.872350728571689, "wetness": 75.10661543383294, "precipitation_deposits": 20.82568370856196}}], "scenario_type": "Scenario39"}], "Town03": [{"available_event_configurations": [{"transform": {"pitch": "0", "x": -88.5, "y": -90, "yaw": 90, "z": 0}, "_start_distance": 16.97278424446026, "_actor_vel": 2.0375346429054524, "_trigger_distance": 17.876549056041128, "_brake": 0.9127458009963553, "weather": {"sun_altitude_angle": 44.36178625466094, "precipitation": 34.241808697843034, "wind_intensity": 5.0503126495013095, "sun_azimuth_angle": 209.46735075755723, "fog_distance": "0", "cloudiness": 79.14660393221627, "fog_density": 1.872350728571689, "wetness": 75.10661543383294, "precipitation_deposits": 20.82568370856196}}], "scenario_type": "Scenario39"}]}]}