{"available_scenarios": [{"Town05": [{"available_event_configurations": [{"transform": {"pitch": "0", "x": 35, "y": 130, "yaw": -90, "z": 0}, "_start_distance": 19.648745524112528, "_actor_vel": 2.0092210854233787, "_trigger_distance": 16.833541697824376, "_brake": 0.6787133513352231}, {"transform": {"pitch": "0", "x": 35, "y": 70, "yaw": -90, "z": 0}, "_start_distance": 19.648745524112528, "_actor_vel": 2.0092210854233787, "_trigger_distance": 16.833541697824376, "_brake": 0.6787133513352231, "weather": {"sun_altitude_angle": 73.28601899754122, "precipitation": 74.18193296393792, "wind_intensity": 48.52262627714525, "sun_azimuth_angle": 43.814732806920766, "fog_distance": "0", "cloudiness": 91.0907422344789, "fog_density": 7.858684796329275, "wetness": 52.08999357856828, "precipitation_deposits": 9.12019776625156}}], "scenario_type": "Scenario39"}], "Town01": [{"available_event_configurations": [{"transform": {"pitch": "0", "x": 300, "y": 129, "yaw": 180, "z": 0}, "_start_distance": 19.648745524112528, "_actor_vel": 2.0092210854233787, "_trigger_distance": 16.833541697824376, "_brake": 0.6787133513352231, "weather": {"sun_altitude_angle": 73.28601899754122, "precipitation": 74.18193296393792, "wind_intensity": 48.52262627714525, "sun_azimuth_angle": 43.814732806920766, "fog_distance": "0", "cloudiness": 91.0907422344789, "fog_density": 7.858684796329275, "wetness": 52.08999357856828, "precipitation_deposits": 9.12019776625156}}], "scenario_type": "Scenario39"}], "Town04": [{"available_event_configurations": [{"transform": {"pitch": "0", "x": 254.9, "y": -230.9, "yaw": 90, "z": 0}, "_start_distance": 19.648745524112528, "_actor_vel": 2.0092210854233787, "_trigger_distance": 16.833541697824376, "_brake": 0.6787133513352231, "weather": {"sun_altitude_angle": 73.28601899754122, "precipitation": 74.18193296393792, "wind_intensity": 48.52262627714525, "sun_azimuth_angle": 43.814732806920766, "fog_distance": "0", "cloudiness": 91.0907422344789, "fog_density": 7.858684796329275, "wetness": 52.08999357856828, "precipitation_deposits": 9.12019776625156}}], "scenario_type": "Scenario39"}], "Town03": [{"available_event_configurations": [{"transform": {"pitch": "0", "x": -88.5, "y": -90, "yaw": 90, "z": 0}, "_start_distance": 19.648745524112528, "_actor_vel": 2.0092210854233787, "_trigger_distance": 16.833541697824376, "_brake": 0.6787133513352231, "weather": {"sun_altitude_angle": 73.28601899754122, "precipitation": 74.18193296393792, "wind_intensity": 48.52262627714525, "sun_azimuth_angle": 43.814732806920766, "fog_distance": "0", "cloudiness": 91.0907422344789, "fog_density": 7.858684796329275, "wetness": 52.08999357856828, "precipitation_deposits": 9.12019776625156}}], "scenario_type": "Scenario39"}]}]}