{"available_scenarios": [{"Town05": [{"available_event_configurations": [{"transform": {"pitch": "0", "x": 35, "y": 130, "yaw": -90, "z": 0}, "_start_distance": 17.344379979360877, "_actor_vel": 2.1792120323909363, "_trigger_distance": 18.146640922944677, "_brake": 0.7711294009806925}, {"transform": {"pitch": "0", "x": 35, "y": 70, "yaw": -90, "z": 0}, "_start_distance": 17.344379979360877, "_actor_vel": 2.1792120323909363, "_trigger_distance": 18.146640922944677, "_brake": 0.7711294009806925, "weather": {"sun_altitude_angle": 21.19465463219456, "precipitation": 37.94414982397903, "wind_intensity": 18.594748967991492, "sun_azimuth_angle": 160.33897277621847, "fog_distance": "0", "cloudiness": 54.5932781050534, "fog_density": 6.967915689366077, "wetness": 91.8896738891121, "precipitation_deposits": 34.56074742443499}}], "scenario_type": "Scenario39"}], "Town01": [{"available_event_configurations": [{"transform": {"pitch": "0", "x": 300, "y": 129, "yaw": 180, "z": 0}, "_start_distance": 17.344379979360877, "_actor_vel": 2.1792120323909363, "_trigger_distance": 18.146640922944677, "_brake": 0.7711294009806925, "weather": {"sun_altitude_angle": 21.19465463219456, "precipitation": 37.94414982397903, "wind_intensity": 18.594748967991492, "sun_azimuth_angle": 160.33897277621847, "fog_distance": "0", "cloudiness": 54.5932781050534, "fog_density": 6.967915689366077, "wetness": 91.8896738891121, "precipitation_deposits": 34.56074742443499}}], "scenario_type": "Scenario39"}], "Town04": [{"available_event_configurations": [{"transform": {"pitch": "0", "x": 254.9, "y": -230.9, "yaw": 90, "z": 0}, "_start_distance": 17.344379979360877, "_actor_vel": 2.1792120323909363, "_trigger_distance": 18.146640922944677, "_brake": 0.7711294009806925, "weather": {"sun_altitude_angle": 21.19465463219456, "precipitation": 37.94414982397903, "wind_intensity": 18.594748967991492, "sun_azimuth_angle": 160.33897277621847, "fog_distance": "0", "cloudiness": 54.5932781050534, "fog_density": 6.967915689366077, "wetness": 91.8896738891121, "precipitation_deposits": 34.56074742443499}}], "scenario_type": "Scenario39"}], "Town03": [{"available_event_configurations": [{"transform": {"pitch": "0", "x": -88.5, "y": -90, "yaw": 90, "z": 0}, "_start_distance": 17.344379979360877, "_actor_vel": 2.1792120323909363, "_trigger_distance": 18.146640922944677, "_brake": 0.7711294009806925, "weather": {"sun_altitude_angle": 21.19465463219456, "precipitation": 37.94414982397903, "wind_intensity": 18.594748967991492, "sun_azimuth_angle": 160.33897277621847, "fog_distance": "0", "cloudiness": 54.5932781050534, "fog_density": 6.967915689366077, "wetness": 91.8896738891121, "precipitation_deposits": 34.56074742443499}}], "scenario_type": "Scenario39"}]}]}