{"available_scenarios": [{"Town05": [{"available_event_configurations": [{"transform": {"pitch": "0", "x": 35, "y": 130, "yaw": -90, "z": 0}, "_start_distance": 19.407207401048943, "_actor_vel": 2.0319928972676067, "_trigger_distance": 17.35232677760547, "_brake": 0.5476308073330685}, {"transform": {"pitch": "0", "x": 35, "y": 70, "yaw": -90, "z": 0}, "_start_distance": 19.407207401048943, "_actor_vel": 2.0319928972676067, "_trigger_distance": 17.35232677760547, "_brake": 0.5476308073330685, "weather": {"sun_altitude_angle": 87.98330416808585, "precipitation": 18.831517295172418, "wind_intensity": 98.90814406202117, "sun_azimuth_angle": 7.409213946438462, "fog_distance": "0", "cloudiness": 35.6048850406949, "fog_density": 1.3350283051617173, "wetness": 85.25526172307238, "precipitation_deposits": 83.48279303872702}}], "scenario_type": "Scenario39"}], "Town01": [{"available_event_configurations": [{"transform": {"pitch": "0", "x": 300, "y": 129, "yaw": 180, "z": 0}, "_start_distance": 19.407207401048943, "_actor_vel": 2.0319928972676067, "_trigger_distance": 17.35232677760547, "_brake": 0.5476308073330685, "weather": {"sun_altitude_angle": 87.98330416808585, "precipitation": 18.831517295172418, "wind_intensity": 98.90814406202117, "sun_azimuth_angle": 7.409213946438462, "fog_distance": "0", "cloudiness": 35.6048850406949, "fog_density": 1.3350283051617173, "wetness": 85.25526172307238, "precipitation_deposits": 83.48279303872702}}], "scenario_type": "Scenario39"}], "Town04": [{"available_event_configurations": [{"transform": {"pitch": "0", "x": 254.9, "y": -230.9, "yaw": 90, "z": 0}, "_start_distance": 19.407207401048943, "_actor_vel": 2.0319928972676067, "_trigger_distance": 17.35232677760547, "_brake": 0.5476308073330685, "weather": {"sun_altitude_angle": 87.98330416808585, "precipitation": 18.831517295172418, "wind_intensity": 98.90814406202117, "sun_azimuth_angle": 7.409213946438462, "fog_distance": "0", "cloudiness": 35.6048850406949, "fog_density": 1.3350283051617173, "wetness": 85.25526172307238, "precipitation_deposits": 83.48279303872702}}], "scenario_type": "Scenario39"}], "Town03": [{"available_event_configurations": [{"transform": {"pitch": "0", "x": -88.5, "y": -90, "yaw": 90, "z": 0}, "_start_distance": 19.407207401048943, "_actor_vel": 2.0319928972676067, "_trigger_distance": 17.35232677760547, "_brake": 0.5476308073330685, "weather": {"sun_altitude_angle": 87.98330416808585, "precipitation": 18.831517295172418, "wind_intensity": 98.90814406202117, "sun_azimuth_angle": 7.409213946438462, "fog_distance": "0", "cloudiness": 35.6048850406949, "fog_density": 1.3350283051617173, "wetness": 85.25526172307238, "precipitation_deposits": 83.48279303872702}}], "scenario_type": "Scenario39"}]}]}