{"available_scenarios": [{"Town05": [{"available_event_configurations": [{"transform": {"pitch": "0", "x": 35, "y": 130, "yaw": -90, "z": 0}, "_start_distance": 16.404157269670502, "_actor_vel": 2.1764648745325506, "_trigger_distance": 17.84885216676012, "_brake": 0.9233950246260456}, {"transform": {"pitch": "0", "x": 35, "y": 70, "yaw": -90, "z": 0}, "_start_distance": 16.404157269670502, "_actor_vel": 2.1764648745325506, "_trigger_distance": 17.84885216676012, "_brake": 0.9233950246260456, "weather": {"sun_altitude_angle": 83.68909757129808, "precipitation": 53.713036880617906, "wind_intensity": 71.05356964313147, "sun_azimuth_angle": 281.5334625982642, "fog_distance": "0", "cloudiness": 63.299508128183035, "fog_density": 3.518637042733783, "wetness": 30.383463926145836, "precipitation_deposits": 59.29723336554162}}], "scenario_type": "Scenario39"}], "Town01": [{"available_event_configurations": [{"transform": {"pitch": "0", "x": 300, "y": 129, "yaw": 180, "z": 0}, "_start_distance": 16.404157269670502, "_actor_vel": 2.1764648745325506, "_trigger_distance": 17.84885216676012, "_brake": 0.9233950246260456, "weather": {"sun_altitude_angle": 83.68909757129808, "precipitation": 53.713036880617906, "wind_intensity": 71.05356964313147, "sun_azimuth_angle": 281.5334625982642, "fog_distance": "0", "cloudiness": 63.299508128183035, "fog_density": 3.518637042733783, "wetness": 30.383463926145836, "precipitation_deposits": 59.29723336554162}}], "scenario_type": "Scenario39"}], "Town04": [{"available_event_configurations": [{"transform": {"pitch": "0", "x": 254.9, "y": -230.9, "yaw": 90, "z": 0}, "_start_distance": 16.404157269670502, "_actor_vel": 2.1764648745325506, "_trigger_distance": 17.84885216676012, "_brake": 0.9233950246260456, "weather": {"sun_altitude_angle": 83.68909757129808, "precipitation": 53.713036880617906, "wind_intensity": 71.05356964313147, "sun_azimuth_angle": 281.5334625982642, "fog_distance": "0", "cloudiness": 63.299508128183035, "fog_density": 3.518637042733783, "wetness": 30.383463926145836, "precipitation_deposits": 59.29723336554162}}], "scenario_type": "Scenario39"}], "Town03": [{"available_event_configurations": [{"transform": {"pitch": "0", "x": -88.5, "y": -90, "yaw": 90, "z": 0}, "_start_distance": 16.404157269670502, "_actor_vel": 2.1764648745325506, "_trigger_distance": 17.84885216676012, "_brake": 0.9233950246260456, "weather": {"sun_altitude_angle": 83.68909757129808, "precipitation": 53.713036880617906, "wind_intensity": 71.05356964313147, "sun_azimuth_angle": 281.5334625982642, "fog_distance": "0", "cloudiness": 63.299508128183035, "fog_density": 3.518637042733783, "wetness": 30.383463926145836, "precipitation_deposits": 59.29723336554162}}], "scenario_type": "Scenario39"}]}]}