{"available_scenarios": [{"Town05": [{"available_event_configurations": [{"transform": {"pitch": "0", "x": 35, "y": 130, "yaw": -90, "z": 0}, "_start_distance": 19.911917613405592, "_actor_vel": 2.3576370770108097, "_trigger_distance": 15.85937076249363, "_brake": 0.6480142165301833}, {"transform": {"pitch": "0", "x": 35, "y": 70, "yaw": -90, "z": 0}, "_start_distance": 19.911917613405592, "_actor_vel": 2.3576370770108097, "_trigger_distance": 15.85937076249363, "_brake": 0.6480142165301833, "weather": {"sun_altitude_angle": 17.004478649110663, "precipitation": 46.52360758580485, "wind_intensity": 93.34463177862972, "sun_azimuth_angle": 89.35341966752893, "fog_distance": "0", "cloudiness": 18.102504166562696, "fog_density": 3.319109590236936, "wetness": 95.50185533459111, "precipitation_deposits": 61.95121447226772}}], "scenario_type": "Scenario39"}], "Town01": [{"available_event_configurations": [{"transform": {"pitch": "0", "x": 300, "y": 129, "yaw": 180, "z": 0}, "_start_distance": 19.911917613405592, "_actor_vel": 2.3576370770108097, "_trigger_distance": 15.85937076249363, "_brake": 0.6480142165301833, "weather": {"sun_altitude_angle": 17.004478649110663, "precipitation": 46.52360758580485, "wind_intensity": 93.34463177862972, "sun_azimuth_angle": 89.35341966752893, "fog_distance": "0", "cloudiness": 18.102504166562696, "fog_density": 3.319109590236936, "wetness": 95.50185533459111, "precipitation_deposits": 61.95121447226772}}], "scenario_type": "Scenario39"}], "Town04": [{"available_event_configurations": [{"transform": {"pitch": "0", "x": 254.9, "y": -230.9, "yaw": 90, "z": 0}, "_start_distance": 19.911917613405592, "_actor_vel": 2.3576370770108097, "_trigger_distance": 15.85937076249363, "_brake": 0.6480142165301833, "weather": {"sun_altitude_angle": 17.004478649110663, "precipitation": 46.52360758580485, "wind_intensity": 93.34463177862972, "sun_azimuth_angle": 89.35341966752893, "fog_distance": "0", "cloudiness": 18.102504166562696, "fog_density": 3.319109590236936, "wetness": 95.50185533459111, "precipitation_deposits": 61.95121447226772}}], "scenario_type": "Scenario39"}], "Town03": [{"available_event_configurations": [{"transform": {"pitch": "0", "x": -88.5, "y": -90, "yaw": 90, "z": 0}, "_start_distance": 19.911917613405592, "_actor_vel": 2.3576370770108097, "_trigger_distance": 15.85937076249363, "_brake": 0.6480142165301833, "weather": {"sun_altitude_angle": 17.004478649110663, "precipitation": 46.52360758580485, "wind_intensity": 93.34463177862972, "sun_azimuth_angle": 89.35341966752893, "fog_distance": "0", "cloudiness": 18.102504166562696, "fog_density": 3.319109590236936, "wetness": 95.50185533459111, "precipitation_deposits": 61.95121447226772}}], "scenario_type": "Scenario39"}]}]}