{"available_scenarios": [{"Town05": [{"available_event_configurations": [{"transform": {"pitch": "0", "x": 35, "y": 130, "yaw": -90, "z": 0}, "_start_distance": 18.7582842374027, "_actor_vel": 2.3351716510613483, "_trigger_distance": 18.39492649806941, "_brake": 0.6654383992491238}, {"transform": {"pitch": "0", "x": 35, "y": 70, "yaw": -90, "z": 0}, "_start_distance": 18.7582842374027, "_actor_vel": 2.3351716510613483, "_trigger_distance": 18.39492649806941, "_brake": 0.6654383992491238, "weather": {"sun_altitude_angle": 12.134618963268496, "precipitation": 80.65874239656048, "wind_intensity": 76.9515031637083, "sun_azimuth_angle": 139.31320894951477, "fog_distance": "0", "cloudiness": 89.6999726589062, "fog_density": 6.70023338976045, "wetness": 73.1373004243912, "precipitation_deposits": 20.276007425932907}}], "scenario_type": "Scenario39"}], "Town01": [{"available_event_configurations": [{"transform": {"pitch": "0", "x": 300, "y": 129, "yaw": 180, "z": 0}, "_start_distance": 18.7582842374027, "_actor_vel": 2.3351716510613483, "_trigger_distance": 18.39492649806941, "_brake": 0.6654383992491238, "weather": {"sun_altitude_angle": 12.134618963268496, "precipitation": 80.65874239656048, "wind_intensity": 76.9515031637083, "sun_azimuth_angle": 139.31320894951477, "fog_distance": "0", "cloudiness": 89.6999726589062, "fog_density": 6.70023338976045, "wetness": 73.1373004243912, "precipitation_deposits": 20.276007425932907}}], "scenario_type": "Scenario39"}], "Town04": [{"available_event_configurations": [{"transform": {"pitch": "0", "x": 254.9, "y": -230.9, "yaw": 90, "z": 0}, "_start_distance": 18.7582842374027, "_actor_vel": 2.3351716510613483, "_trigger_distance": 18.39492649806941, "_brake": 0.6654383992491238, "weather": {"sun_altitude_angle": 12.134618963268496, "precipitation": 80.65874239656048, "wind_intensity": 76.9515031637083, "sun_azimuth_angle": 139.31320894951477, "fog_distance": "0", "cloudiness": 89.6999726589062, "fog_density": 6.70023338976045, "wetness": 73.1373004243912, "precipitation_deposits": 20.276007425932907}}], "scenario_type": "Scenario39"}], "Town03": [{"available_event_configurations": [{"transform": {"pitch": "0", "x": -88.5, "y": -90, "yaw": 90, "z": 0}, "_start_distance": 18.7582842374027, "_actor_vel": 2.3351716510613483, "_trigger_distance": 18.39492649806941, "_brake": 0.6654383992491238, "weather": {"sun_altitude_angle": 12.134618963268496, "precipitation": 80.65874239656048, "wind_intensity": 76.9515031637083, "sun_azimuth_angle": 139.31320894951477, "fog_distance": "0", "cloudiness": 89.6999726589062, "fog_density": 6.70023338976045, "wetness": 73.1373004243912, "precipitation_deposits": 20.276007425932907}}], "scenario_type": "Scenario39"}]}]}