{"available_scenarios": [{"Town05": [{"available_event_configurations": [{"transform": {"pitch": "0", "x": 35, "y": 130, "yaw": -90, "z": 0}, "_start_distance": 18.25373090499522, "_actor_vel": 2.413489606313926, "_trigger_distance": 18.25319972187861, "_brake": 0.730535860234053}, {"transform": {"pitch": "0", "x": 35, "y": 70, "yaw": -90, "z": 0}, "_start_distance": 18.25373090499522, "_actor_vel": 2.413489606313926, "_trigger_distance": 18.25319972187861, "_brake": 0.730535860234053, "weather": {"sun_altitude_angle": 0.08787594785605979, "precipitation": 51.41321653255015, "wind_intensity": 65.64076397350497, "sun_azimuth_angle": 130.3883772580667, "fog_distance": "0", "cloudiness": 21.835616222832787, "fog_density": 7.53575874665557, "wetness": 69.40403573339994, "precipitation_deposits": 80.42163945137575}}], "scenario_type": "Scenario39"}], "Town01": [{"available_event_configurations": [{"transform": {"pitch": "0", "x": 300, "y": 129, "yaw": 180, "z": 0}, "_start_distance": 18.25373090499522, "_actor_vel": 2.413489606313926, "_trigger_distance": 18.25319972187861, "_brake": 0.730535860234053, "weather": {"sun_altitude_angle": 0.08787594785605979, "precipitation": 51.41321653255015, "wind_intensity": 65.64076397350497, "sun_azimuth_angle": 130.3883772580667, "fog_distance": "0", "cloudiness": 21.835616222832787, "fog_density": 7.53575874665557, "wetness": 69.40403573339994, "precipitation_deposits": 80.42163945137575}}], "scenario_type": "Scenario39"}], "Town04": [{"available_event_configurations": [{"transform": {"pitch": "0", "x": 254.9, "y": -230.9, "yaw": 90, "z": 0}, "_start_distance": 18.25373090499522, "_actor_vel": 2.413489606313926, "_trigger_distance": 18.25319972187861, "_brake": 0.730535860234053, "weather": {"sun_altitude_angle": 0.08787594785605979, "precipitation": 51.41321653255015, "wind_intensity": 65.64076397350497, "sun_azimuth_angle": 130.3883772580667, "fog_distance": "0", "cloudiness": 21.835616222832787, "fog_density": 7.53575874665557, "wetness": 69.40403573339994, "precipitation_deposits": 80.42163945137575}}], "scenario_type": "Scenario39"}], "Town03": [{"available_event_configurations": [{"transform": {"pitch": "0", "x": -88.5, "y": -90, "yaw": 90, "z": 0}, "_start_distance": 18.25373090499522, "_actor_vel": 2.413489606313926, "_trigger_distance": 18.25319972187861, "_brake": 0.730535860234053, "weather": {"sun_altitude_angle": 0.08787594785605979, "precipitation": 51.41321653255015, "wind_intensity": 65.64076397350497, "sun_azimuth_angle": 130.3883772580667, "fog_distance": "0", "cloudiness": 21.835616222832787, "fog_density": 7.53575874665557, "wetness": 69.40403573339994, "precipitation_deposits": 80.42163945137575}}], "scenario_type": "Scenario39"}]}]}