{"available_scenarios": [{"Town05": [{"available_event_configurations": [{"transform": {"pitch": "0", "x": 35, "y": 130, "yaw": -90, "z": 0}, "_start_distance": 17.93108076218996, "_actor_vel": 2.4296849987219136, "_trigger_distance": 17.22660718635717, "_brake": 0.671124620825984}, {"transform": {"pitch": "0", "x": 35, "y": 70, "yaw": -90, "z": 0}, "_start_distance": 17.93108076218996, "_actor_vel": 2.4296849987219136, "_trigger_distance": 17.22660718635717, "_brake": 0.671124620825984, "weather": {"sun_altitude_angle": 41.807432032119806, "precipitation": 7.661480772088347, "wind_intensity": 8.843062883752484, "sun_azimuth_angle": 272.84470475782, "fog_distance": "0", "cloudiness": 64.12901018492299, "fog_density": 5.800599321393264, "wetness": 81.39594115894646, "precipitation_deposits": 0.4437669163351976}}], "scenario_type": "Scenario39"}], "Town01": [{"available_event_configurations": [{"transform": {"pitch": "0", "x": 300, "y": 129, "yaw": 180, "z": 0}, "_start_distance": 17.93108076218996, "_actor_vel": 2.4296849987219136, "_trigger_distance": 17.22660718635717, "_brake": 0.671124620825984, "weather": {"sun_altitude_angle": 41.807432032119806, "precipitation": 7.661480772088347, "wind_intensity": 8.843062883752484, "sun_azimuth_angle": 272.84470475782, "fog_distance": "0", "cloudiness": 64.12901018492299, "fog_density": 5.800599321393264, "wetness": 81.39594115894646, "precipitation_deposits": 0.4437669163351976}}], "scenario_type": "Scenario39"}], "Town04": [{"available_event_configurations": [{"transform": {"pitch": "0", "x": 254.9, "y": -230.9, "yaw": 90, "z": 0}, "_start_distance": 17.93108076218996, "_actor_vel": 2.4296849987219136, "_trigger_distance": 17.22660718635717, "_brake": 0.671124620825984, "weather": {"sun_altitude_angle": 41.807432032119806, "precipitation": 7.661480772088347, "wind_intensity": 8.843062883752484, "sun_azimuth_angle": 272.84470475782, "fog_distance": "0", "cloudiness": 64.12901018492299, "fog_density": 5.800599321393264, "wetness": 81.39594115894646, "precipitation_deposits": 0.4437669163351976}}], "scenario_type": "Scenario39"}], "Town03": [{"available_event_configurations": [{"transform": {"pitch": "0", "x": -88.5, "y": -90, "yaw": 90, "z": 0}, "_start_distance": 17.93108076218996, "_actor_vel": 2.4296849987219136, "_trigger_distance": 17.22660718635717, "_brake": 0.671124620825984, "weather": {"sun_altitude_angle": 41.807432032119806, "precipitation": 7.661480772088347, "wind_intensity": 8.843062883752484, "sun_azimuth_angle": 272.84470475782, "fog_distance": "0", "cloudiness": 64.12901018492299, "fog_density": 5.800599321393264, "wetness": 81.39594115894646, "precipitation_deposits": 0.4437669163351976}}], "scenario_type": "Scenario39"}]}]}