{"available_scenarios": [{"Town05": [{"available_event_configurations": [{"transform": {"pitch": "0", "x": 35, "y": 130, "yaw": -90, "z": 0}, "_start_distance": 17.314558146297493, "_actor_vel": 2.4252482847637293, "_trigger_distance": 16.026528124603068, "_brake": 0.7569782875046058}, {"transform": {"pitch": "0", "x": 35, "y": 70, "yaw": -90, "z": 0}, "_start_distance": 17.314558146297493, "_actor_vel": 2.4252482847637293, "_trigger_distance": 16.026528124603068, "_brake": 0.7569782875046058, "weather": {"sun_altitude_angle": 31.682957357490803, "precipitation": 1.860336818088515, "wind_intensity": 54.83235258625915, "sun_azimuth_angle": 260.1945973106917, "fog_distance": "0", "cloudiness": 18.276509238534178, "fog_density": 3.0699680968898546, "wetness": 95.58699965348822, "precipitation_deposits": 72.59297953646865}}], "scenario_type": "Scenario39"}], "Town01": [{"available_event_configurations": [{"transform": {"pitch": "0", "x": 300, "y": 129, "yaw": 180, "z": 0}, "_start_distance": 17.314558146297493, "_actor_vel": 2.4252482847637293, "_trigger_distance": 16.026528124603068, "_brake": 0.7569782875046058, "weather": {"sun_altitude_angle": 31.682957357490803, "precipitation": 1.860336818088515, "wind_intensity": 54.83235258625915, "sun_azimuth_angle": 260.1945973106917, "fog_distance": "0", "cloudiness": 18.276509238534178, "fog_density": 3.0699680968898546, "wetness": 95.58699965348822, "precipitation_deposits": 72.59297953646865}}], "scenario_type": "Scenario39"}], "Town04": [{"available_event_configurations": [{"transform": {"pitch": "0", "x": 254.9, "y": -230.9, "yaw": 90, "z": 0}, "_start_distance": 17.314558146297493, "_actor_vel": 2.4252482847637293, "_trigger_distance": 16.026528124603068, "_brake": 0.7569782875046058, "weather": {"sun_altitude_angle": 31.682957357490803, "precipitation": 1.860336818088515, "wind_intensity": 54.83235258625915, "sun_azimuth_angle": 260.1945973106917, "fog_distance": "0", "cloudiness": 18.276509238534178, "fog_density": 3.0699680968898546, "wetness": 95.58699965348822, "precipitation_deposits": 72.59297953646865}}], "scenario_type": "Scenario39"}], "Town03": [{"available_event_configurations": [{"transform": {"pitch": "0", "x": -88.5, "y": -90, "yaw": 90, "z": 0}, "_start_distance": 17.314558146297493, "_actor_vel": 2.4252482847637293, "_trigger_distance": 16.026528124603068, "_brake": 0.7569782875046058, "weather": {"sun_altitude_angle": 31.682957357490803, "precipitation": 1.860336818088515, "wind_intensity": 54.83235258625915, "sun_azimuth_angle": 260.1945973106917, "fog_distance": "0", "cloudiness": 18.276509238534178, "fog_density": 3.0699680968898546, "wetness": 95.58699965348822, "precipitation_deposits": 72.59297953646865}}], "scenario_type": "Scenario39"}]}]}