{"available_scenarios": [{"Town05": [{"available_event_configurations": [{"transform": {"pitch": "0", "x": 35, "y": 130, "yaw": -90, "z": 0}, "_start_distance": 19.95876161051869, "_actor_vel": 2.347681217141555, "_trigger_distance": 17.201354920892268, "_brake": 0.6190391782405142}, {"transform": {"pitch": "0", "x": 35, "y": 70, "yaw": -90, "z": 0}, "_start_distance": 19.95876161051869, "_actor_vel": 2.347681217141555, "_trigger_distance": 17.201354920892268, "_brake": 0.6190391782405142, "weather": {"sun_altitude_angle": 87.87587428424428, "precipitation": 61.178541701174595, "wind_intensity": 7.442773000803671, "sun_azimuth_angle": 116.56766866043125, "fog_distance": "0", "cloudiness": 82.05315885630301, "fog_density": 5.028818558711916, "wetness": 39.43326716780249, "precipitation_deposits": 28.598197677770276}}], "scenario_type": "Scenario39"}], "Town01": [{"available_event_configurations": [{"transform": {"pitch": "0", "x": 300, "y": 129, "yaw": 180, "z": 0}, "_start_distance": 19.95876161051869, "_actor_vel": 2.347681217141555, "_trigger_distance": 17.201354920892268, "_brake": 0.6190391782405142, "weather": {"sun_altitude_angle": 87.87587428424428, "precipitation": 61.178541701174595, "wind_intensity": 7.442773000803671, "sun_azimuth_angle": 116.56766866043125, "fog_distance": "0", "cloudiness": 82.05315885630301, "fog_density": 5.028818558711916, "wetness": 39.43326716780249, "precipitation_deposits": 28.598197677770276}}], "scenario_type": "Scenario39"}], "Town04": [{"available_event_configurations": [{"transform": {"pitch": "0", "x": 254.9, "y": -230.9, "yaw": 90, "z": 0}, "_start_distance": 19.95876161051869, "_actor_vel": 2.347681217141555, "_trigger_distance": 17.201354920892268, "_brake": 0.6190391782405142, "weather": {"sun_altitude_angle": 87.87587428424428, "precipitation": 61.178541701174595, "wind_intensity": 7.442773000803671, "sun_azimuth_angle": 116.56766866043125, "fog_distance": "0", "cloudiness": 82.05315885630301, "fog_density": 5.028818558711916, "wetness": 39.43326716780249, "precipitation_deposits": 28.598197677770276}}], "scenario_type": "Scenario39"}], "Town03": [{"available_event_configurations": [{"transform": {"pitch": "0", "x": -88.5, "y": -90, "yaw": 90, "z": 0}, "_start_distance": 19.95876161051869, "_actor_vel": 2.347681217141555, "_trigger_distance": 17.201354920892268, "_brake": 0.6190391782405142, "weather": {"sun_altitude_angle": 87.87587428424428, "precipitation": 61.178541701174595, "wind_intensity": 7.442773000803671, "sun_azimuth_angle": 116.56766866043125, "fog_distance": "0", "cloudiness": 82.05315885630301, "fog_density": 5.028818558711916, "wetness": 39.43326716780249, "precipitation_deposits": 28.598197677770276}}], "scenario_type": "Scenario39"}]}]}