{"available_scenarios": [{"Town05": [{"available_event_configurations": [{"transform": {"pitch": "0", "x": 35, "y": 130, "yaw": -90, "z": 0}, "_start_distance": 17.522286890629438, "_actor_vel": 2.164755137843292, "_trigger_distance": 17.89374096291158, "_brake": 0.5933238212603628}, {"transform": {"pitch": "0", "x": 35, "y": 70, "yaw": -90, "z": 0}, "_start_distance": 17.522286890629438, "_actor_vel": 2.164755137843292, "_trigger_distance": 17.89374096291158, "_brake": 0.5933238212603628, "weather": {"sun_altitude_angle": 89.48692126305191, "precipitation": 30.77266105383538, "wind_intensity": 34.074174410981115, "sun_azimuth_angle": 322.2306594880652, "fog_distance": "0", "cloudiness": 92.9856886272015, "fog_density": 1.7050111666313161, "wetness": 48.416205772567565, "precipitation_deposits": 54.031763570716585}}], "scenario_type": "Scenario39"}], "Town01": [{"available_event_configurations": [{"transform": {"pitch": "0", "x": 300, "y": 129, "yaw": 180, "z": 0}, "_start_distance": 17.522286890629438, "_actor_vel": 2.164755137843292, "_trigger_distance": 17.89374096291158, "_brake": 0.5933238212603628, "weather": {"sun_altitude_angle": 89.48692126305191, "precipitation": 30.77266105383538, "wind_intensity": 34.074174410981115, "sun_azimuth_angle": 322.2306594880652, "fog_distance": "0", "cloudiness": 92.9856886272015, "fog_density": 1.7050111666313161, "wetness": 48.416205772567565, "precipitation_deposits": 54.031763570716585}}], "scenario_type": "Scenario39"}], "Town04": [{"available_event_configurations": [{"transform": {"pitch": "0", "x": 254.9, "y": -230.9, "yaw": 90, "z": 0}, "_start_distance": 17.522286890629438, "_actor_vel": 2.164755137843292, "_trigger_distance": 17.89374096291158, "_brake": 0.5933238212603628, "weather": {"sun_altitude_angle": 89.48692126305191, "precipitation": 30.77266105383538, "wind_intensity": 34.074174410981115, "sun_azimuth_angle": 322.2306594880652, "fog_distance": "0", "cloudiness": 92.9856886272015, "fog_density": 1.7050111666313161, "wetness": 48.416205772567565, "precipitation_deposits": 54.031763570716585}}], "scenario_type": "Scenario39"}], "Town03": [{"available_event_configurations": [{"transform": {"pitch": "0", "x": -88.5, "y": -90, "yaw": 90, "z": 0}, "_start_distance": 17.522286890629438, "_actor_vel": 2.164755137843292, "_trigger_distance": 17.89374096291158, "_brake": 0.5933238212603628, "weather": {"sun_altitude_angle": 89.48692126305191, "precipitation": 30.77266105383538, "wind_intensity": 34.074174410981115, "sun_azimuth_angle": 322.2306594880652, "fog_distance": "0", "cloudiness": 92.9856886272015, "fog_density": 1.7050111666313161, "wetness": 48.416205772567565, "precipitation_deposits": 54.031763570716585}}], "scenario_type": "Scenario39"}]}]}