{"available_scenarios": [{"Town05": [{"available_event_configurations": [{"transform": {"pitch": "0", "x": 35, "y": 130, "yaw": -90, "z": 0}, "_start_distance": 17.533281518887996, "_actor_vel": 2.2292520051557543, "_trigger_distance": 18.508936743348073, "_brake": 0.6309286878506959}, {"transform": {"pitch": "0", "x": 35, "y": 70, "yaw": -90, "z": 0}, "_start_distance": 17.533281518887996, "_actor_vel": 2.2292520051557543, "_trigger_distance": 18.508936743348073, "_brake": 0.6309286878506959, "weather": {"sun_altitude_angle": 36.52672044302995, "precipitation": 58.26269402725015, "wind_intensity": 25.323255201938434, "sun_azimuth_angle": 223.16677662359206, "fog_distance": "0", "cloudiness": 4.349318017469416, "fog_density": 2.5786014292437063, "wetness": 22.164666565690993, "precipitation_deposits": 70.56292768459326}}], "scenario_type": "Scenario39"}], "Town01": [{"available_event_configurations": [{"transform": {"pitch": "0", "x": 300, "y": 129, "yaw": 180, "z": 0}, "_start_distance": 17.533281518887996, "_actor_vel": 2.2292520051557543, "_trigger_distance": 18.508936743348073, "_brake": 0.6309286878506959, "weather": {"sun_altitude_angle": 36.52672044302995, "precipitation": 58.26269402725015, "wind_intensity": 25.323255201938434, "sun_azimuth_angle": 223.16677662359206, "fog_distance": "0", "cloudiness": 4.349318017469416, "fog_density": 2.5786014292437063, "wetness": 22.164666565690993, "precipitation_deposits": 70.56292768459326}}], "scenario_type": "Scenario39"}], "Town04": [{"available_event_configurations": [{"transform": {"pitch": "0", "x": 254.9, "y": -230.9, "yaw": 90, "z": 0}, "_start_distance": 17.533281518887996, "_actor_vel": 2.2292520051557543, "_trigger_distance": 18.508936743348073, "_brake": 0.6309286878506959, "weather": {"sun_altitude_angle": 36.52672044302995, "precipitation": 58.26269402725015, "wind_intensity": 25.323255201938434, "sun_azimuth_angle": 223.16677662359206, "fog_distance": "0", "cloudiness": 4.349318017469416, "fog_density": 2.5786014292437063, "wetness": 22.164666565690993, "precipitation_deposits": 70.56292768459326}}], "scenario_type": "Scenario39"}], "Town03": [{"available_event_configurations": [{"transform": {"pitch": "0", "x": -88.5, "y": -90, "yaw": 90, "z": 0}, "_start_distance": 17.533281518887996, "_actor_vel": 2.2292520051557543, "_trigger_distance": 18.508936743348073, "_brake": 0.6309286878506959, "weather": {"sun_altitude_angle": 36.52672044302995, "precipitation": 58.26269402725015, "wind_intensity": 25.323255201938434, "sun_azimuth_angle": 223.16677662359206, "fog_distance": "0", "cloudiness": 4.349318017469416, "fog_density": 2.5786014292437063, "wetness": 22.164666565690993, "precipitation_deposits": 70.56292768459326}}], "scenario_type": "Scenario39"}]}]}