{"available_scenarios": [{"Town05": [{"available_event_configurations": [{"transform": {"pitch": "0", "x": 35, "y": 130, "yaw": -90, "z": 0}, "_start_distance": 15.923808779463497, "_actor_vel": 2.107259959837785, "_trigger_distance": 17.930083505955338, "_brake": 0.6115489943443206}, {"transform": {"pitch": "0", "x": 35, "y": 70, "yaw": -90, "z": 0}, "_start_distance": 15.923808779463497, "_actor_vel": 2.107259959837785, "_trigger_distance": 17.930083505955338, "_brake": 0.6115489943443206, "weather": {"sun_altitude_angle": 30.67222330646251, "precipitation": 83.53946575298129, "wind_intensity": 44.825352667383655, "sun_azimuth_angle": 322.38273321091293, "fog_distance": "0", "cloudiness": 14.491565291680331, "fog_density": 6.482316399627907, "wetness": 34.14145642679009, "precipitation_deposits": 48.21441996031515}}], "scenario_type": "Scenario39"}], "Town01": [{"available_event_configurations": [{"transform": {"pitch": "0", "x": 300, "y": 129, "yaw": 180, "z": 0}, "_start_distance": 15.923808779463497, "_actor_vel": 2.107259959837785, "_trigger_distance": 17.930083505955338, "_brake": 0.6115489943443206, "weather": {"sun_altitude_angle": 30.67222330646251, "precipitation": 83.53946575298129, "wind_intensity": 44.825352667383655, "sun_azimuth_angle": 322.38273321091293, "fog_distance": "0", "cloudiness": 14.491565291680331, "fog_density": 6.482316399627907, "wetness": 34.14145642679009, "precipitation_deposits": 48.21441996031515}}], "scenario_type": "Scenario39"}], "Town04": [{"available_event_configurations": [{"transform": {"pitch": "0", "x": 254.9, "y": -230.9, "yaw": 90, "z": 0}, "_start_distance": 15.923808779463497, "_actor_vel": 2.107259959837785, "_trigger_distance": 17.930083505955338, "_brake": 0.6115489943443206, "weather": {"sun_altitude_angle": 30.67222330646251, "precipitation": 83.53946575298129, "wind_intensity": 44.825352667383655, "sun_azimuth_angle": 322.38273321091293, "fog_distance": "0", "cloudiness": 14.491565291680331, "fog_density": 6.482316399627907, "wetness": 34.14145642679009, "precipitation_deposits": 48.21441996031515}}], "scenario_type": "Scenario39"}], "Town03": [{"available_event_configurations": [{"transform": {"pitch": "0", "x": -88.5, "y": -90, "yaw": 90, "z": 0}, "_start_distance": 15.923808779463497, "_actor_vel": 2.107259959837785, "_trigger_distance": 17.930083505955338, "_brake": 0.6115489943443206, "weather": {"sun_altitude_angle": 30.67222330646251, "precipitation": 83.53946575298129, "wind_intensity": 44.825352667383655, "sun_azimuth_angle": 322.38273321091293, "fog_distance": "0", "cloudiness": 14.491565291680331, "fog_density": 6.482316399627907, "wetness": 34.14145642679009, "precipitation_deposits": 48.21441996031515}}], "scenario_type": "Scenario39"}]}]}