{"available_scenarios": [{"Town05": [{"available_event_configurations": [{"transform": {"pitch": "0", "x": 35, "y": 130, "yaw": -90, "z": 0}, "_start_distance": 19.19480359491354, "_actor_vel": 2.360758307105922, "_trigger_distance": 15.361613629206548, "_brake": 0.6906168478152419}, {"transform": {"pitch": "0", "x": 35, "y": 70, "yaw": -90, "z": 0}, "_start_distance": 19.19480359491354, "_actor_vel": 2.360758307105922, "_trigger_distance": 15.361613629206548, "_brake": 0.6906168478152419, "weather": {"sun_altitude_angle": 52.48091726345814, "precipitation": 6.003877079066145, "wind_intensity": 57.499713315683245, "sun_azimuth_angle": 270.49636881676236, "fog_distance": "0", "cloudiness": 49.9570973540745, "fog_density": 7.095516235780929, "wetness": 23.63226210949313, "precipitation_deposits": 67.20172685520332}}], "scenario_type": "Scenario39"}], "Town01": [{"available_event_configurations": [{"transform": {"pitch": "0", "x": 300, "y": 129, "yaw": 180, "z": 0}, "_start_distance": 19.19480359491354, "_actor_vel": 2.360758307105922, "_trigger_distance": 15.361613629206548, "_brake": 0.6906168478152419, "weather": {"sun_altitude_angle": 52.48091726345814, "precipitation": 6.003877079066145, "wind_intensity": 57.499713315683245, "sun_azimuth_angle": 270.49636881676236, "fog_distance": "0", "cloudiness": 49.9570973540745, "fog_density": 7.095516235780929, "wetness": 23.63226210949313, "precipitation_deposits": 67.20172685520332}}], "scenario_type": "Scenario39"}], "Town04": [{"available_event_configurations": [{"transform": {"pitch": "0", "x": 254.9, "y": -230.9, "yaw": 90, "z": 0}, "_start_distance": 19.19480359491354, "_actor_vel": 2.360758307105922, "_trigger_distance": 15.361613629206548, "_brake": 0.6906168478152419, "weather": {"sun_altitude_angle": 52.48091726345814, "precipitation": 6.003877079066145, "wind_intensity": 57.499713315683245, "sun_azimuth_angle": 270.49636881676236, "fog_distance": "0", "cloudiness": 49.9570973540745, "fog_density": 7.095516235780929, "wetness": 23.63226210949313, "precipitation_deposits": 67.20172685520332}}], "scenario_type": "Scenario39"}], "Town03": [{"available_event_configurations": [{"transform": {"pitch": "0", "x": -88.5, "y": -90, "yaw": 90, "z": 0}, "_start_distance": 19.19480359491354, "_actor_vel": 2.360758307105922, "_trigger_distance": 15.361613629206548, "_brake": 0.6906168478152419, "weather": {"sun_altitude_angle": 52.48091726345814, "precipitation": 6.003877079066145, "wind_intensity": 57.499713315683245, "sun_azimuth_angle": 270.49636881676236, "fog_distance": "0", "cloudiness": 49.9570973540745, "fog_density": 7.095516235780929, "wetness": 23.63226210949313, "precipitation_deposits": 67.20172685520332}}], "scenario_type": "Scenario39"}]}]}