{"available_scenarios": [{"Town05": [{"available_event_configurations": [{"transform": {"pitch": "0", "x": 35, "y": 130, "yaw": -90, "z": 0}, "_start_distance": 19.999498511576128, "_actor_vel": 2.0591166124921885, "_trigger_distance": 18.47158064958875, "_brake": 0.76153898454754}, {"transform": {"pitch": "0", "x": 35, "y": 70, "yaw": -90, "z": 0}, "_start_distance": 19.999498511576128, "_actor_vel": 2.0591166124921885, "_trigger_distance": 18.47158064958875, "_brake": 0.76153898454754, "weather": {"sun_altitude_angle": 47.51337555718329, "precipitation": 95.98521128671513, "wind_intensity": 98.99453268107575, "sun_azimuth_angle": 164.11048292124318, "fog_distance": "0", "cloudiness": 68.48925526341218, "fog_density": 5.8308178284381444, "wetness": 85.93960362715057, "precipitation_deposits": 33.85366745888665}}], "scenario_type": "Scenario39"}], "Town01": [{"available_event_configurations": [{"transform": {"pitch": "0", "x": 300, "y": 129, "yaw": 180, "z": 0}, "_start_distance": 19.999498511576128, "_actor_vel": 2.0591166124921885, "_trigger_distance": 18.47158064958875, "_brake": 0.76153898454754, "weather": {"sun_altitude_angle": 47.51337555718329, "precipitation": 95.98521128671513, "wind_intensity": 98.99453268107575, "sun_azimuth_angle": 164.11048292124318, "fog_distance": "0", "cloudiness": 68.48925526341218, "fog_density": 5.8308178284381444, "wetness": 85.93960362715057, "precipitation_deposits": 33.85366745888665}}], "scenario_type": "Scenario39"}], "Town04": [{"available_event_configurations": [{"transform": {"pitch": "0", "x": 254.9, "y": -230.9, "yaw": 90, "z": 0}, "_start_distance": 19.999498511576128, "_actor_vel": 2.0591166124921885, "_trigger_distance": 18.47158064958875, "_brake": 0.76153898454754, "weather": {"sun_altitude_angle": 47.51337555718329, "precipitation": 95.98521128671513, "wind_intensity": 98.99453268107575, "sun_azimuth_angle": 164.11048292124318, "fog_distance": "0", "cloudiness": 68.48925526341218, "fog_density": 5.8308178284381444, "wetness": 85.93960362715057, "precipitation_deposits": 33.85366745888665}}], "scenario_type": "Scenario39"}], "Town03": [{"available_event_configurations": [{"transform": {"pitch": "0", "x": -88.5, "y": -90, "yaw": 90, "z": 0}, "_start_distance": 19.999498511576128, "_actor_vel": 2.0591166124921885, "_trigger_distance": 18.47158064958875, "_brake": 0.76153898454754, "weather": {"sun_altitude_angle": 47.51337555718329, "precipitation": 95.98521128671513, "wind_intensity": 98.99453268107575, "sun_azimuth_angle": 164.11048292124318, "fog_distance": "0", "cloudiness": 68.48925526341218, "fog_density": 5.8308178284381444, "wetness": 85.93960362715057, "precipitation_deposits": 33.85366745888665}}], "scenario_type": "Scenario39"}]}]}