{"available_scenarios": [{"Town05": [{"available_event_configurations": [{"transform": {"pitch": "0", "x": 35, "y": 130, "yaw": -90, "z": 0}, "_start_distance": 18.402343806569174, "_actor_vel": 2.183146612624888, "_trigger_distance": 19.824048441414313, "_brake": 0.6776434540371585}, {"transform": {"pitch": "0", "x": 35, "y": 70, "yaw": -90, "z": 0}, "_start_distance": 18.402343806569174, "_actor_vel": 2.183146612624888, "_trigger_distance": 19.824048441414313, "_brake": 0.6776434540371585, "weather": {"sun_altitude_angle": 85.9112952311388, "precipitation": 5.154028827571566, "wind_intensity": 56.396826916460896, "sun_azimuth_angle": 101.57681979630206, "fog_distance": "0", "cloudiness": 77.5571128786237, "fog_density": 3.322289283770133, "wetness": 8.580277823547377, "precipitation_deposits": 13.946135822495599}}], "scenario_type": "Scenario39"}], "Town01": [{"available_event_configurations": [{"transform": {"pitch": "0", "x": 300, "y": 129, "yaw": 180, "z": 0}, "_start_distance": 18.402343806569174, "_actor_vel": 2.183146612624888, "_trigger_distance": 19.824048441414313, "_brake": 0.6776434540371585, "weather": {"sun_altitude_angle": 85.9112952311388, "precipitation": 5.154028827571566, "wind_intensity": 56.396826916460896, "sun_azimuth_angle": 101.57681979630206, "fog_distance": "0", "cloudiness": 77.5571128786237, "fog_density": 3.322289283770133, "wetness": 8.580277823547377, "precipitation_deposits": 13.946135822495599}}], "scenario_type": "Scenario39"}], "Town04": [{"available_event_configurations": [{"transform": {"pitch": "0", "x": 254.9, "y": -230.9, "yaw": 90, "z": 0}, "_start_distance": 18.402343806569174, "_actor_vel": 2.183146612624888, "_trigger_distance": 19.824048441414313, "_brake": 0.6776434540371585, "weather": {"sun_altitude_angle": 85.9112952311388, "precipitation": 5.154028827571566, "wind_intensity": 56.396826916460896, "sun_azimuth_angle": 101.57681979630206, "fog_distance": "0", "cloudiness": 77.5571128786237, "fog_density": 3.322289283770133, "wetness": 8.580277823547377, "precipitation_deposits": 13.946135822495599}}], "scenario_type": "Scenario39"}], "Town03": [{"available_event_configurations": [{"transform": {"pitch": "0", "x": -88.5, "y": -90, "yaw": 90, "z": 0}, "_start_distance": 18.402343806569174, "_actor_vel": 2.183146612624888, "_trigger_distance": 19.824048441414313, "_brake": 0.6776434540371585, "weather": {"sun_altitude_angle": 85.9112952311388, "precipitation": 5.154028827571566, "wind_intensity": 56.396826916460896, "sun_azimuth_angle": 101.57681979630206, "fog_distance": "0", "cloudiness": 77.5571128786237, "fog_density": 3.322289283770133, "wetness": 8.580277823547377, "precipitation_deposits": 13.946135822495599}}], "scenario_type": "Scenario39"}]}]}