{"available_scenarios": [{"Town05": [{"available_event_configurations": [{"transform": {"pitch": "0", "x": 35, "y": 130, "yaw": -90, "z": 0}, "_start_distance": 19.196758951869818, "_actor_vel": 2.097044492912481, "_trigger_distance": 16.099307599337944, "_brake": 0.7704399640335338}, {"transform": {"pitch": "0", "x": 35, "y": 70, "yaw": -90, "z": 0}, "_start_distance": 19.196758951869818, "_actor_vel": 2.097044492912481, "_trigger_distance": 16.099307599337944, "_brake": 0.7704399640335338, "weather": {"sun_altitude_angle": 3.3938405149006257, "precipitation": 30.36503180466823, "wind_intensity": 47.556261863995616, "sun_azimuth_angle": 84.7273066523158, "fog_distance": "0", "cloudiness": 71.82431352731237, "fog_density": 1.45039922884322, "wetness": 44.292907726645595, "precipitation_deposits": 62.0646226978983}}], "scenario_type": "Scenario39"}], "Town01": [{"available_event_configurations": [{"transform": {"pitch": "0", "x": 300, "y": 129, "yaw": 180, "z": 0}, "_start_distance": 19.196758951869818, "_actor_vel": 2.097044492912481, "_trigger_distance": 16.099307599337944, "_brake": 0.7704399640335338, "weather": {"sun_altitude_angle": 3.3938405149006257, "precipitation": 30.36503180466823, "wind_intensity": 47.556261863995616, "sun_azimuth_angle": 84.7273066523158, "fog_distance": "0", "cloudiness": 71.82431352731237, "fog_density": 1.45039922884322, "wetness": 44.292907726645595, "precipitation_deposits": 62.0646226978983}}], "scenario_type": "Scenario39"}], "Town04": [{"available_event_configurations": [{"transform": {"pitch": "0", "x": 254.9, "y": -230.9, "yaw": 90, "z": 0}, "_start_distance": 19.196758951869818, "_actor_vel": 2.097044492912481, "_trigger_distance": 16.099307599337944, "_brake": 0.7704399640335338, "weather": {"sun_altitude_angle": 3.3938405149006257, "precipitation": 30.36503180466823, "wind_intensity": 47.556261863995616, "sun_azimuth_angle": 84.7273066523158, "fog_distance": "0", "cloudiness": 71.82431352731237, "fog_density": 1.45039922884322, "wetness": 44.292907726645595, "precipitation_deposits": 62.0646226978983}}], "scenario_type": "Scenario39"}], "Town03": [{"available_event_configurations": [{"transform": {"pitch": "0", "x": -88.5, "y": -90, "yaw": 90, "z": 0}, "_start_distance": 19.196758951869818, "_actor_vel": 2.097044492912481, "_trigger_distance": 16.099307599337944, "_brake": 0.7704399640335338, "weather": {"sun_altitude_angle": 3.3938405149006257, "precipitation": 30.36503180466823, "wind_intensity": 47.556261863995616, "sun_azimuth_angle": 84.7273066523158, "fog_distance": "0", "cloudiness": 71.82431352731237, "fog_density": 1.45039922884322, "wetness": 44.292907726645595, "precipitation_deposits": 62.0646226978983}}], "scenario_type": "Scenario39"}]}]}