{"available_scenarios": [{"Town05": [{"available_event_configurations": [{"transform": {"pitch": "0", "x": 35, "y": 130, "yaw": -90, "z": 0}, "_start_distance": 15.145845505146259, "_actor_vel": 2.0533714712956908, "_trigger_distance": 15.84054023342752, "_brake": 0.8049426327230162}, {"transform": {"pitch": "0", "x": 35, "y": 70, "yaw": -90, "z": 0}, "_start_distance": 15.145845505146259, "_actor_vel": 2.0533714712956908, "_trigger_distance": 15.84054023342752, "_brake": 0.8049426327230162, "weather": {"sun_altitude_angle": 69.3287224620969, "precipitation": 84.81207002962027, "wind_intensity": 7.980898193092479, "sun_azimuth_angle": 331.27641657573383, "fog_distance": "0", "cloudiness": 48.79320212190012, "fog_density": 7.225066317476462, "wetness": 10.598045528226063, "precipitation_deposits": 67.56028022987691}}], "scenario_type": "Scenario39"}], "Town01": [{"available_event_configurations": [{"transform": {"pitch": "0", "x": 300, "y": 129, "yaw": 180, "z": 0}, "_start_distance": 15.145845505146259, "_actor_vel": 2.0533714712956908, "_trigger_distance": 15.84054023342752, "_brake": 0.8049426327230162, "weather": {"sun_altitude_angle": 69.3287224620969, "precipitation": 84.81207002962027, "wind_intensity": 7.980898193092479, "sun_azimuth_angle": 331.27641657573383, "fog_distance": "0", "cloudiness": 48.79320212190012, "fog_density": 7.225066317476462, "wetness": 10.598045528226063, "precipitation_deposits": 67.56028022987691}}], "scenario_type": "Scenario39"}], "Town04": [{"available_event_configurations": [{"transform": {"pitch": "0", "x": 254.9, "y": -230.9, "yaw": 90, "z": 0}, "_start_distance": 15.145845505146259, "_actor_vel": 2.0533714712956908, "_trigger_distance": 15.84054023342752, "_brake": 0.8049426327230162, "weather": {"sun_altitude_angle": 69.3287224620969, "precipitation": 84.81207002962027, "wind_intensity": 7.980898193092479, "sun_azimuth_angle": 331.27641657573383, "fog_distance": "0", "cloudiness": 48.79320212190012, "fog_density": 7.225066317476462, "wetness": 10.598045528226063, "precipitation_deposits": 67.56028022987691}}], "scenario_type": "Scenario39"}], "Town03": [{"available_event_configurations": [{"transform": {"pitch": "0", "x": -88.5, "y": -90, "yaw": 90, "z": 0}, "_start_distance": 15.145845505146259, "_actor_vel": 2.0533714712956908, "_trigger_distance": 15.84054023342752, "_brake": 0.8049426327230162, "weather": {"sun_altitude_angle": 69.3287224620969, "precipitation": 84.81207002962027, "wind_intensity": 7.980898193092479, "sun_azimuth_angle": 331.27641657573383, "fog_distance": "0", "cloudiness": 48.79320212190012, "fog_density": 7.225066317476462, "wetness": 10.598045528226063, "precipitation_deposits": 67.56028022987691}}], "scenario_type": "Scenario39"}]}]}