{"available_scenarios": [{"Town05": [{"available_event_configurations": [{"transform": {"pitch": "0", "x": 35, "y": 130, "yaw": -90, "z": 0}, "_start_distance": 19.15545239573266, "_actor_vel": 2.149299973523025, "_trigger_distance": 19.716665939957377, "_brake": 0.813451044665334}, {"transform": {"pitch": "0", "x": 35, "y": 70, "yaw": -90, "z": 0}, "_start_distance": 19.15545239573266, "_actor_vel": 2.149299973523025, "_trigger_distance": 19.716665939957377, "_brake": 0.813451044665334, "weather": {"sun_altitude_angle": 25.320007420398916, "precipitation": 62.77823120722387, "wind_intensity": 97.38216936139754, "sun_azimuth_angle": 185.789262024705, "fog_distance": "0", "cloudiness": 41.97746373114521, "fog_density": 7.5383758929118585, "wetness": 19.018660472199343, "precipitation_deposits": 39.852964645863395}}], "scenario_type": "Scenario39"}], "Town01": [{"available_event_configurations": [{"transform": {"pitch": "0", "x": 300, "y": 129, "yaw": 180, "z": 0}, "_start_distance": 19.15545239573266, "_actor_vel": 2.149299973523025, "_trigger_distance": 19.716665939957377, "_brake": 0.813451044665334, "weather": {"sun_altitude_angle": 25.320007420398916, "precipitation": 62.77823120722387, "wind_intensity": 97.38216936139754, "sun_azimuth_angle": 185.789262024705, "fog_distance": "0", "cloudiness": 41.97746373114521, "fog_density": 7.5383758929118585, "wetness": 19.018660472199343, "precipitation_deposits": 39.852964645863395}}], "scenario_type": "Scenario39"}], "Town04": [{"available_event_configurations": [{"transform": {"pitch": "0", "x": 254.9, "y": -230.9, "yaw": 90, "z": 0}, "_start_distance": 19.15545239573266, "_actor_vel": 2.149299973523025, "_trigger_distance": 19.716665939957377, "_brake": 0.813451044665334, "weather": {"sun_altitude_angle": 25.320007420398916, "precipitation": 62.77823120722387, "wind_intensity": 97.38216936139754, "sun_azimuth_angle": 185.789262024705, "fog_distance": "0", "cloudiness": 41.97746373114521, "fog_density": 7.5383758929118585, "wetness": 19.018660472199343, "precipitation_deposits": 39.852964645863395}}], "scenario_type": "Scenario39"}], "Town03": [{"available_event_configurations": [{"transform": {"pitch": "0", "x": -88.5, "y": -90, "yaw": 90, "z": 0}, "_start_distance": 19.15545239573266, "_actor_vel": 2.149299973523025, "_trigger_distance": 19.716665939957377, "_brake": 0.813451044665334, "weather": {"sun_altitude_angle": 25.320007420398916, "precipitation": 62.77823120722387, "wind_intensity": 97.38216936139754, "sun_azimuth_angle": 185.789262024705, "fog_distance": "0", "cloudiness": 41.97746373114521, "fog_density": 7.5383758929118585, "wetness": 19.018660472199343, "precipitation_deposits": 39.852964645863395}}], "scenario_type": "Scenario39"}]}]}