{"available_scenarios": [{"Town05": [{"available_event_configurations": [{"transform": {"pitch": "0", "x": 35, "y": 130, "yaw": -90, "z": 0}, "_start_distance": 16.337131244608397, "_actor_vel": 2.07436444686819, "_trigger_distance": 19.694407848895047, "_brake": 0.68280472148323}, {"transform": {"pitch": "0", "x": 35, "y": 70, "yaw": -90, "z": 0}, "_start_distance": 16.337131244608397, "_actor_vel": 2.07436444686819, "_trigger_distance": 19.694407848895047, "_brake": 0.68280472148323, "weather": {"sun_altitude_angle": 27.016586347573643, "precipitation": 57.75702424259668, "wind_intensity": 86.29368106042763, "sun_azimuth_angle": 244.81957010046685, "fog_distance": "0", "cloudiness": 5.498190104115375, "fog_density": 8.463213426605384, "wetness": 53.43713389256668, "precipitation_deposits": 99.00874939228989}}], "scenario_type": "Scenario39"}], "Town01": [{"available_event_configurations": [{"transform": {"pitch": "0", "x": 300, "y": 129, "yaw": 180, "z": 0}, "_start_distance": 16.337131244608397, "_actor_vel": 2.07436444686819, "_trigger_distance": 19.694407848895047, "_brake": 0.68280472148323, "weather": {"sun_altitude_angle": 27.016586347573643, "precipitation": 57.75702424259668, "wind_intensity": 86.29368106042763, "sun_azimuth_angle": 244.81957010046685, "fog_distance": "0", "cloudiness": 5.498190104115375, "fog_density": 8.463213426605384, "wetness": 53.43713389256668, "precipitation_deposits": 99.00874939228989}}], "scenario_type": "Scenario39"}], "Town04": [{"available_event_configurations": [{"transform": {"pitch": "0", "x": 254.9, "y": -230.9, "yaw": 90, "z": 0}, "_start_distance": 16.337131244608397, "_actor_vel": 2.07436444686819, "_trigger_distance": 19.694407848895047, "_brake": 0.68280472148323, "weather": {"sun_altitude_angle": 27.016586347573643, "precipitation": 57.75702424259668, "wind_intensity": 86.29368106042763, "sun_azimuth_angle": 244.81957010046685, "fog_distance": "0", "cloudiness": 5.498190104115375, "fog_density": 8.463213426605384, "wetness": 53.43713389256668, "precipitation_deposits": 99.00874939228989}}], "scenario_type": "Scenario39"}], "Town03": [{"available_event_configurations": [{"transform": {"pitch": "0", "x": -88.5, "y": -90, "yaw": 90, "z": 0}, "_start_distance": 16.337131244608397, "_actor_vel": 2.07436444686819, "_trigger_distance": 19.694407848895047, "_brake": 0.68280472148323, "weather": {"sun_altitude_angle": 27.016586347573643, "precipitation": 57.75702424259668, "wind_intensity": 86.29368106042763, "sun_azimuth_angle": 244.81957010046685, "fog_distance": "0", "cloudiness": 5.498190104115375, "fog_density": 8.463213426605384, "wetness": 53.43713389256668, "precipitation_deposits": 99.00874939228989}}], "scenario_type": "Scenario39"}]}]}