{"available_scenarios": [{"Town05": [{"available_event_configurations": [{"transform": {"pitch": "0", "x": 35, "y": 130, "yaw": -90, "z": 0}, "_start_distance": 18.795529980230548, "_actor_vel": 2.0056461463218254, "_trigger_distance": 19.439691476681688, "_brake": 0.9470958143018622}, {"transform": {"pitch": "0", "x": 35, "y": 70, "yaw": -90, "z": 0}, "_start_distance": 18.795529980230548, "_actor_vel": 2.0056461463218254, "_trigger_distance": 19.439691476681688, "_brake": 0.9470958143018622, "weather": {"sun_altitude_angle": 33.22900068102412, "precipitation": 81.39864119540228, "wind_intensity": 91.61605876992887, "sun_azimuth_angle": 215.77620608859033, "fog_distance": "0", "cloudiness": 11.473430576959498, "fog_density": 9.829555831648902, "wetness": 42.48288571994898, "precipitation_deposits": 36.86737218736897}}], "scenario_type": "Scenario39"}], "Town01": [{"available_event_configurations": [{"transform": {"pitch": "0", "x": 300, "y": 129, "yaw": 180, "z": 0}, "_start_distance": 18.795529980230548, "_actor_vel": 2.0056461463218254, "_trigger_distance": 19.439691476681688, "_brake": 0.9470958143018622, "weather": {"sun_altitude_angle": 33.22900068102412, "precipitation": 81.39864119540228, "wind_intensity": 91.61605876992887, "sun_azimuth_angle": 215.77620608859033, "fog_distance": "0", "cloudiness": 11.473430576959498, "fog_density": 9.829555831648902, "wetness": 42.48288571994898, "precipitation_deposits": 36.86737218736897}}], "scenario_type": "Scenario39"}], "Town04": [{"available_event_configurations": [{"transform": {"pitch": "0", "x": 254.9, "y": -230.9, "yaw": 90, "z": 0}, "_start_distance": 18.795529980230548, "_actor_vel": 2.0056461463218254, "_trigger_distance": 19.439691476681688, "_brake": 0.9470958143018622, "weather": {"sun_altitude_angle": 33.22900068102412, "precipitation": 81.39864119540228, "wind_intensity": 91.61605876992887, "sun_azimuth_angle": 215.77620608859033, "fog_distance": "0", "cloudiness": 11.473430576959498, "fog_density": 9.829555831648902, "wetness": 42.48288571994898, "precipitation_deposits": 36.86737218736897}}], "scenario_type": "Scenario39"}], "Town03": [{"available_event_configurations": [{"transform": {"pitch": "0", "x": -88.5, "y": -90, "yaw": 90, "z": 0}, "_start_distance": 18.795529980230548, "_actor_vel": 2.0056461463218254, "_trigger_distance": 19.439691476681688, "_brake": 0.9470958143018622, "weather": {"sun_altitude_angle": 33.22900068102412, "precipitation": 81.39864119540228, "wind_intensity": 91.61605876992887, "sun_azimuth_angle": 215.77620608859033, "fog_distance": "0", "cloudiness": 11.473430576959498, "fog_density": 9.829555831648902, "wetness": 42.48288571994898, "precipitation_deposits": 36.86737218736897}}], "scenario_type": "Scenario39"}]}]}