{"available_scenarios": [{"Town05": [{"available_event_configurations": [{"transform": {"pitch": "0", "x": 35, "y": 130, "yaw": -90, "z": 0}, "_start_distance": 18.1533525407669, "_actor_vel": 2.4589869629716357, "_trigger_distance": 17.88237394751421, "_brake": 0.7013700148837977}, {"transform": {"pitch": "0", "x": 35, "y": 70, "yaw": -90, "z": 0}, "_start_distance": 18.1533525407669, "_actor_vel": 2.4589869629716357, "_trigger_distance": 17.88237394751421, "_brake": 0.7013700148837977, "weather": {"sun_altitude_angle": 19.58906344372065, "precipitation": 26.218335915664216, "wind_intensity": 63.5530345100236, "sun_azimuth_angle": 339.0775096523932, "fog_distance": "0", "cloudiness": 37.68092518723126, "fog_density": 2.4680336566371475, "wetness": 84.47779147835224, "precipitation_deposits": 36.05228283731235}}], "scenario_type": "Scenario39"}], "Town01": [{"available_event_configurations": [{"transform": {"pitch": "0", "x": 300, "y": 129, "yaw": 180, "z": 0}, "_start_distance": 18.1533525407669, "_actor_vel": 2.4589869629716357, "_trigger_distance": 17.88237394751421, "_brake": 0.7013700148837977, "weather": {"sun_altitude_angle": 19.58906344372065, "precipitation": 26.218335915664216, "wind_intensity": 63.5530345100236, "sun_azimuth_angle": 339.0775096523932, "fog_distance": "0", "cloudiness": 37.68092518723126, "fog_density": 2.4680336566371475, "wetness": 84.47779147835224, "precipitation_deposits": 36.05228283731235}}], "scenario_type": "Scenario39"}], "Town04": [{"available_event_configurations": [{"transform": {"pitch": "0", "x": 254.9, "y": -230.9, "yaw": 90, "z": 0}, "_start_distance": 18.1533525407669, "_actor_vel": 2.4589869629716357, "_trigger_distance": 17.88237394751421, "_brake": 0.7013700148837977, "weather": {"sun_altitude_angle": 19.58906344372065, "precipitation": 26.218335915664216, "wind_intensity": 63.5530345100236, "sun_azimuth_angle": 339.0775096523932, "fog_distance": "0", "cloudiness": 37.68092518723126, "fog_density": 2.4680336566371475, "wetness": 84.47779147835224, "precipitation_deposits": 36.05228283731235}}], "scenario_type": "Scenario39"}], "Town03": [{"available_event_configurations": [{"transform": {"pitch": "0", "x": -88.5, "y": -90, "yaw": 90, "z": 0}, "_start_distance": 18.1533525407669, "_actor_vel": 2.4589869629716357, "_trigger_distance": 17.88237394751421, "_brake": 0.7013700148837977, "weather": {"sun_altitude_angle": 19.58906344372065, "precipitation": 26.218335915664216, "wind_intensity": 63.5530345100236, "sun_azimuth_angle": 339.0775096523932, "fog_distance": "0", "cloudiness": 37.68092518723126, "fog_density": 2.4680336566371475, "wetness": 84.47779147835224, "precipitation_deposits": 36.05228283731235}}], "scenario_type": "Scenario39"}]}]}