{"available_scenarios": [{"Town05": [{"available_event_configurations": [{"transform": {"pitch": "0", "x": 35, "y": 130, "yaw": -90, "z": 0}, "_start_distance": 15.180691182532499, "_actor_vel": 2.466551962410381, "_trigger_distance": 15.358841713662969, "_brake": 0.8065593804410546}, {"transform": {"pitch": "0", "x": 35, "y": 70, "yaw": -90, "z": 0}, "_start_distance": 15.180691182532499, "_actor_vel": 2.466551962410381, "_trigger_distance": 15.358841713662969, "_brake": 0.8065593804410546, "weather": {"sun_altitude_angle": 56.8145830942868, "precipitation": 98.80841191981506, "wind_intensity": 14.682212168996035, "sun_azimuth_angle": 183.58862949703985, "fog_distance": "0", "cloudiness": 7.9643076943372915, "fog_density": 3.381450598793262, "wetness": 10.31682009940843, "precipitation_deposits": 24.601031481865665}}], "scenario_type": "Scenario39"}], "Town01": [{"available_event_configurations": [{"transform": {"pitch": "0", "x": 300, "y": 129, "yaw": 180, "z": 0}, "_start_distance": 15.180691182532499, "_actor_vel": 2.466551962410381, "_trigger_distance": 15.358841713662969, "_brake": 0.8065593804410546, "weather": {"sun_altitude_angle": 56.8145830942868, "precipitation": 98.80841191981506, "wind_intensity": 14.682212168996035, "sun_azimuth_angle": 183.58862949703985, "fog_distance": "0", "cloudiness": 7.9643076943372915, "fog_density": 3.381450598793262, "wetness": 10.31682009940843, "precipitation_deposits": 24.601031481865665}}], "scenario_type": "Scenario39"}], "Town04": [{"available_event_configurations": [{"transform": {"pitch": "0", "x": 254.9, "y": -230.9, "yaw": 90, "z": 0}, "_start_distance": 15.180691182532499, "_actor_vel": 2.466551962410381, "_trigger_distance": 15.358841713662969, "_brake": 0.8065593804410546, "weather": {"sun_altitude_angle": 56.8145830942868, "precipitation": 98.80841191981506, "wind_intensity": 14.682212168996035, "sun_azimuth_angle": 183.58862949703985, "fog_distance": "0", "cloudiness": 7.9643076943372915, "fog_density": 3.381450598793262, "wetness": 10.31682009940843, "precipitation_deposits": 24.601031481865665}}], "scenario_type": "Scenario39"}], "Town03": [{"available_event_configurations": [{"transform": {"pitch": "0", "x": -88.5, "y": -90, "yaw": 90, "z": 0}, "_start_distance": 15.180691182532499, "_actor_vel": 2.466551962410381, "_trigger_distance": 15.358841713662969, "_brake": 0.8065593804410546, "weather": {"sun_altitude_angle": 56.8145830942868, "precipitation": 98.80841191981506, "wind_intensity": 14.682212168996035, "sun_azimuth_angle": 183.58862949703985, "fog_distance": "0", "cloudiness": 7.9643076943372915, "fog_density": 3.381450598793262, "wetness": 10.31682009940843, "precipitation_deposits": 24.601031481865665}}], "scenario_type": "Scenario39"}]}]}