{"available_scenarios": [{"Town05": [{"available_event_configurations": [{"transform": {"pitch": "0", "x": 35, "y": 130, "yaw": -90, "z": 0}, "_start_distance": 15.145922940544937, "_actor_vel": 2.2701345119276697, "_trigger_distance": 17.802669287680935, "_brake": 0.9739317681952262}, {"transform": {"pitch": "0", "x": 35, "y": 70, "yaw": -90, "z": 0}, "_start_distance": 15.145922940544937, "_actor_vel": 2.2701345119276697, "_trigger_distance": 17.802669287680935, "_brake": 0.9739317681952262, "weather": {"sun_altitude_angle": 48.580004585335146, "precipitation": 92.5217821296358, "wind_intensity": 59.471473513290555, "sun_azimuth_angle": 247.24779457582315, "fog_distance": "0", "cloudiness": 31.962896070706314, "fog_density": 2.34647652996535, "wetness": 56.083863289823576, "precipitation_deposits": 85.79136315821198}}], "scenario_type": "Scenario39"}], "Town01": [{"available_event_configurations": [{"transform": {"pitch": "0", "x": 300, "y": 129, "yaw": 180, "z": 0}, "_start_distance": 15.145922940544937, "_actor_vel": 2.2701345119276697, "_trigger_distance": 17.802669287680935, "_brake": 0.9739317681952262, "weather": {"sun_altitude_angle": 48.580004585335146, "precipitation": 92.5217821296358, "wind_intensity": 59.471473513290555, "sun_azimuth_angle": 247.24779457582315, "fog_distance": "0", "cloudiness": 31.962896070706314, "fog_density": 2.34647652996535, "wetness": 56.083863289823576, "precipitation_deposits": 85.79136315821198}}], "scenario_type": "Scenario39"}], "Town04": [{"available_event_configurations": [{"transform": {"pitch": "0", "x": 254.9, "y": -230.9, "yaw": 90, "z": 0}, "_start_distance": 15.145922940544937, "_actor_vel": 2.2701345119276697, "_trigger_distance": 17.802669287680935, "_brake": 0.9739317681952262, "weather": {"sun_altitude_angle": 48.580004585335146, "precipitation": 92.5217821296358, "wind_intensity": 59.471473513290555, "sun_azimuth_angle": 247.24779457582315, "fog_distance": "0", "cloudiness": 31.962896070706314, "fog_density": 2.34647652996535, "wetness": 56.083863289823576, "precipitation_deposits": 85.79136315821198}}], "scenario_type": "Scenario39"}], "Town03": [{"available_event_configurations": [{"transform": {"pitch": "0", "x": -88.5, "y": -90, "yaw": 90, "z": 0}, "_start_distance": 15.145922940544937, "_actor_vel": 2.2701345119276697, "_trigger_distance": 17.802669287680935, "_brake": 0.9739317681952262, "weather": {"sun_altitude_angle": 48.580004585335146, "precipitation": 92.5217821296358, "wind_intensity": 59.471473513290555, "sun_azimuth_angle": 247.24779457582315, "fog_distance": "0", "cloudiness": 31.962896070706314, "fog_density": 2.34647652996535, "wetness": 56.083863289823576, "precipitation_deposits": 85.79136315821198}}], "scenario_type": "Scenario39"}]}]}