{"available_scenarios": [{"Town05": [{"available_event_configurations": [{"transform": {"pitch": "0", "x": 35, "y": 130, "yaw": -90, "z": 0}, "_start_distance": 16.684222649682987, "_actor_vel": 2.159031249912295, "_trigger_distance": 18.49717176498656, "_brake": 0.626806055039032}, {"transform": {"pitch": "0", "x": 35, "y": 70, "yaw": -90, "z": 0}, "_start_distance": 16.684222649682987, "_actor_vel": 2.159031249912295, "_trigger_distance": 18.49717176498656, "_brake": 0.626806055039032, "weather": {"sun_altitude_angle": 70.50719612451839, "precipitation": 51.86075450223244, "wind_intensity": 90.70818309450931, "sun_azimuth_angle": 38.53854559297391, "fog_distance": "0", "cloudiness": 67.79389009466011, "fog_density": 3.805031753937367, "wetness": 32.72935339101204, "precipitation_deposits": 22.95497864455219}}], "scenario_type": "Scenario39"}], "Town01": [{"available_event_configurations": [{"transform": {"pitch": "0", "x": 300, "y": 129, "yaw": 180, "z": 0}, "_start_distance": 16.684222649682987, "_actor_vel": 2.159031249912295, "_trigger_distance": 18.49717176498656, "_brake": 0.626806055039032, "weather": {"sun_altitude_angle": 70.50719612451839, "precipitation": 51.86075450223244, "wind_intensity": 90.70818309450931, "sun_azimuth_angle": 38.53854559297391, "fog_distance": "0", "cloudiness": 67.79389009466011, "fog_density": 3.805031753937367, "wetness": 32.72935339101204, "precipitation_deposits": 22.95497864455219}}], "scenario_type": "Scenario39"}], "Town04": [{"available_event_configurations": [{"transform": {"pitch": "0", "x": 254.9, "y": -230.9, "yaw": 90, "z": 0}, "_start_distance": 16.684222649682987, "_actor_vel": 2.159031249912295, "_trigger_distance": 18.49717176498656, "_brake": 0.626806055039032, "weather": {"sun_altitude_angle": 70.50719612451839, "precipitation": 51.86075450223244, "wind_intensity": 90.70818309450931, "sun_azimuth_angle": 38.53854559297391, "fog_distance": "0", "cloudiness": 67.79389009466011, "fog_density": 3.805031753937367, "wetness": 32.72935339101204, "precipitation_deposits": 22.95497864455219}}], "scenario_type": "Scenario39"}], "Town03": [{"available_event_configurations": [{"transform": {"pitch": "0", "x": -88.5, "y": -90, "yaw": 90, "z": 0}, "_start_distance": 16.684222649682987, "_actor_vel": 2.159031249912295, "_trigger_distance": 18.49717176498656, "_brake": 0.626806055039032, "weather": {"sun_altitude_angle": 70.50719612451839, "precipitation": 51.86075450223244, "wind_intensity": 90.70818309450931, "sun_azimuth_angle": 38.53854559297391, "fog_distance": "0", "cloudiness": 67.79389009466011, "fog_density": 3.805031753937367, "wetness": 32.72935339101204, "precipitation_deposits": 22.95497864455219}}], "scenario_type": "Scenario39"}]}]}