{"available_scenarios": [{"Town05": [{"available_event_configurations": [{"transform": {"pitch": "0", "x": 35, "y": 130, "yaw": -90, "z": 0}, "_start_distance": 15.503470583218151, "_actor_vel": 2.4281863101349375, "_trigger_distance": 18.18729877710173, "_brake": 0.5595660442411741}, {"transform": {"pitch": "0", "x": 35, "y": 70, "yaw": -90, "z": 0}, "_start_distance": 15.503470583218151, "_actor_vel": 2.4281863101349375, "_trigger_distance": 18.18729877710173, "_brake": 0.5595660442411741, "weather": {"sun_altitude_angle": 1.0483802356117977, "precipitation": 52.86158958474999, "wind_intensity": 57.68450212839801, "sun_azimuth_angle": 21.52918772458351, "fog_distance": "0", "cloudiness": 58.82562931422275, "fog_density": 1.556268610380187, "wetness": 86.04352169214259, "precipitation_deposits": 40.54112121133735}}], "scenario_type": "Scenario39"}], "Town01": [{"available_event_configurations": [{"transform": {"pitch": "0", "x": 300, "y": 129, "yaw": 180, "z": 0}, "_start_distance": 15.503470583218151, "_actor_vel": 2.4281863101349375, "_trigger_distance": 18.18729877710173, "_brake": 0.5595660442411741, "weather": {"sun_altitude_angle": 1.0483802356117977, "precipitation": 52.86158958474999, "wind_intensity": 57.68450212839801, "sun_azimuth_angle": 21.52918772458351, "fog_distance": "0", "cloudiness": 58.82562931422275, "fog_density": 1.556268610380187, "wetness": 86.04352169214259, "precipitation_deposits": 40.54112121133735}}], "scenario_type": "Scenario39"}], "Town04": [{"available_event_configurations": [{"transform": {"pitch": "0", "x": 254.9, "y": -230.9, "yaw": 90, "z": 0}, "_start_distance": 15.503470583218151, "_actor_vel": 2.4281863101349375, "_trigger_distance": 18.18729877710173, "_brake": 0.5595660442411741, "weather": {"sun_altitude_angle": 1.0483802356117977, "precipitation": 52.86158958474999, "wind_intensity": 57.68450212839801, "sun_azimuth_angle": 21.52918772458351, "fog_distance": "0", "cloudiness": 58.82562931422275, "fog_density": 1.556268610380187, "wetness": 86.04352169214259, "precipitation_deposits": 40.54112121133735}}], "scenario_type": "Scenario39"}], "Town03": [{"available_event_configurations": [{"transform": {"pitch": "0", "x": -88.5, "y": -90, "yaw": 90, "z": 0}, "_start_distance": 15.503470583218151, "_actor_vel": 2.4281863101349375, "_trigger_distance": 18.18729877710173, "_brake": 0.5595660442411741, "weather": {"sun_altitude_angle": 1.0483802356117977, "precipitation": 52.86158958474999, "wind_intensity": 57.68450212839801, "sun_azimuth_angle": 21.52918772458351, "fog_distance": "0", "cloudiness": 58.82562931422275, "fog_density": 1.556268610380187, "wetness": 86.04352169214259, "precipitation_deposits": 40.54112121133735}}], "scenario_type": "Scenario39"}]}]}