{"available_scenarios": [{"Town05": [{"available_event_configurations": [{"transform": {"pitch": "0", "x": 35, "y": 130, "yaw": -90, "z": 0}, "_start_distance": 17.900081525222785, "_actor_vel": 2.4930377176621996, "_trigger_distance": 18.702666553064716, "_brake": 0.7891737281471799}, {"transform": {"pitch": "0", "x": 35, "y": 70, "yaw": -90, "z": 0}, "_start_distance": 17.900081525222785, "_actor_vel": 2.4930377176621996, "_trigger_distance": 18.702666553064716, "_brake": 0.7891737281471799, "weather": {"sun_altitude_angle": 28.51161085422846, "precipitation": 66.4958533065879, "wind_intensity": 89.1525078411836, "sun_azimuth_angle": 298.8835547013919, "fog_distance": "0", "cloudiness": 93.7994890272938, "fog_density": 5.268838514845543, "wetness": 29.986461183305547, "precipitation_deposits": 47.382252023366}}], "scenario_type": "Scenario39"}], "Town01": [{"available_event_configurations": [{"transform": {"pitch": "0", "x": 300, "y": 129, "yaw": 180, "z": 0}, "_start_distance": 17.900081525222785, "_actor_vel": 2.4930377176621996, "_trigger_distance": 18.702666553064716, "_brake": 0.7891737281471799, "weather": {"sun_altitude_angle": 28.51161085422846, "precipitation": 66.4958533065879, "wind_intensity": 89.1525078411836, "sun_azimuth_angle": 298.8835547013919, "fog_distance": "0", "cloudiness": 93.7994890272938, "fog_density": 5.268838514845543, "wetness": 29.986461183305547, "precipitation_deposits": 47.382252023366}}], "scenario_type": "Scenario39"}], "Town04": [{"available_event_configurations": [{"transform": {"pitch": "0", "x": 254.9, "y": -230.9, "yaw": 90, "z": 0}, "_start_distance": 17.900081525222785, "_actor_vel": 2.4930377176621996, "_trigger_distance": 18.702666553064716, "_brake": 0.7891737281471799, "weather": {"sun_altitude_angle": 28.51161085422846, "precipitation": 66.4958533065879, "wind_intensity": 89.1525078411836, "sun_azimuth_angle": 298.8835547013919, "fog_distance": "0", "cloudiness": 93.7994890272938, "fog_density": 5.268838514845543, "wetness": 29.986461183305547, "precipitation_deposits": 47.382252023366}}], "scenario_type": "Scenario39"}], "Town03": [{"available_event_configurations": [{"transform": {"pitch": "0", "x": -88.5, "y": -90, "yaw": 90, "z": 0}, "_start_distance": 17.900081525222785, "_actor_vel": 2.4930377176621996, "_trigger_distance": 18.702666553064716, "_brake": 0.7891737281471799, "weather": {"sun_altitude_angle": 28.51161085422846, "precipitation": 66.4958533065879, "wind_intensity": 89.1525078411836, "sun_azimuth_angle": 298.8835547013919, "fog_distance": "0", "cloudiness": 93.7994890272938, "fog_density": 5.268838514845543, "wetness": 29.986461183305547, "precipitation_deposits": 47.382252023366}}], "scenario_type": "Scenario39"}]}]}