{"available_scenarios": [{"Town05": [{"available_event_configurations": [{"transform": {"pitch": "0", "x": 35, "y": 130, "yaw": -90, "z": 0}, "_start_distance": 19.746738584685886, "_actor_vel": 2.1193274224562013, "_trigger_distance": 17.107938444208727, "_brake": 0.9508340394899968}, {"transform": {"pitch": "0", "x": 35, "y": 70, "yaw": -90, "z": 0}, "_start_distance": 19.746738584685886, "_actor_vel": 2.1193274224562013, "_trigger_distance": 17.107938444208727, "_brake": 0.9508340394899968, "weather": {"sun_altitude_angle": 33.70131464382914, "precipitation": 52.63512077269653, "wind_intensity": 92.36690389895085, "sun_azimuth_angle": 91.3528713211539, "fog_distance": "0", "cloudiness": 26.509695183954808, "fog_density": 4.019916522891078, "wetness": 68.27789372951086, "precipitation_deposits": 24.984080397188656}}], "scenario_type": "Scenario39"}], "Town01": [{"available_event_configurations": [{"transform": {"pitch": "0", "x": 300, "y": 129, "yaw": 180, "z": 0}, "_start_distance": 19.746738584685886, "_actor_vel": 2.1193274224562013, "_trigger_distance": 17.107938444208727, "_brake": 0.9508340394899968, "weather": {"sun_altitude_angle": 33.70131464382914, "precipitation": 52.63512077269653, "wind_intensity": 92.36690389895085, "sun_azimuth_angle": 91.3528713211539, "fog_distance": "0", "cloudiness": 26.509695183954808, "fog_density": 4.019916522891078, "wetness": 68.27789372951086, "precipitation_deposits": 24.984080397188656}}], "scenario_type": "Scenario39"}], "Town04": [{"available_event_configurations": [{"transform": {"pitch": "0", "x": 254.9, "y": -230.9, "yaw": 90, "z": 0}, "_start_distance": 19.746738584685886, "_actor_vel": 2.1193274224562013, "_trigger_distance": 17.107938444208727, "_brake": 0.9508340394899968, "weather": {"sun_altitude_angle": 33.70131464382914, "precipitation": 52.63512077269653, "wind_intensity": 92.36690389895085, "sun_azimuth_angle": 91.3528713211539, "fog_distance": "0", "cloudiness": 26.509695183954808, "fog_density": 4.019916522891078, "wetness": 68.27789372951086, "precipitation_deposits": 24.984080397188656}}], "scenario_type": "Scenario39"}], "Town03": [{"available_event_configurations": [{"transform": {"pitch": "0", "x": -88.5, "y": -90, "yaw": 90, "z": 0}, "_start_distance": 19.746738584685886, "_actor_vel": 2.1193274224562013, "_trigger_distance": 17.107938444208727, "_brake": 0.9508340394899968, "weather": {"sun_altitude_angle": 33.70131464382914, "precipitation": 52.63512077269653, "wind_intensity": 92.36690389895085, "sun_azimuth_angle": 91.3528713211539, "fog_distance": "0", "cloudiness": 26.509695183954808, "fog_density": 4.019916522891078, "wetness": 68.27789372951086, "precipitation_deposits": 24.984080397188656}}], "scenario_type": "Scenario39"}]}]}