{"available_scenarios": [{"Town05": [{"available_event_configurations": [{"transform": {"pitch": "0", "x": 35, "y": 130, "yaw": -90, "z": 0}, "_start_distance": 17.294119328429993, "_actor_vel": 2.456096795454262, "_trigger_distance": 19.51542328616816, "_brake": 0.9376548127719082}, {"transform": {"pitch": "0", "x": 35, "y": 70, "yaw": -90, "z": 0}, "_start_distance": 17.294119328429993, "_actor_vel": 2.456096795454262, "_trigger_distance": 19.51542328616816, "_brake": 0.9376548127719082, "weather": {"sun_altitude_angle": 36.9236278890494, "precipitation": 25.8276219595341, "wind_intensity": 40.44549110947007, "sun_azimuth_angle": 205.20481540671392, "fog_distance": "0", "cloudiness": 10.7588273537783, "fog_density": 0.7144382389881787, "wetness": 77.64103441473313, "precipitation_deposits": 95.46445030462148}}], "scenario_type": "Scenario39"}], "Town01": [{"available_event_configurations": [{"transform": {"pitch": "0", "x": 300, "y": 129, "yaw": 180, "z": 0}, "_start_distance": 17.294119328429993, "_actor_vel": 2.456096795454262, "_trigger_distance": 19.51542328616816, "_brake": 0.9376548127719082, "weather": {"sun_altitude_angle": 36.9236278890494, "precipitation": 25.8276219595341, "wind_intensity": 40.44549110947007, "sun_azimuth_angle": 205.20481540671392, "fog_distance": "0", "cloudiness": 10.7588273537783, "fog_density": 0.7144382389881787, "wetness": 77.64103441473313, "precipitation_deposits": 95.46445030462148}}], "scenario_type": "Scenario39"}], "Town04": [{"available_event_configurations": [{"transform": {"pitch": "0", "x": 254.9, "y": -230.9, "yaw": 90, "z": 0}, "_start_distance": 17.294119328429993, "_actor_vel": 2.456096795454262, "_trigger_distance": 19.51542328616816, "_brake": 0.9376548127719082, "weather": {"sun_altitude_angle": 36.9236278890494, "precipitation": 25.8276219595341, "wind_intensity": 40.44549110947007, "sun_azimuth_angle": 205.20481540671392, "fog_distance": "0", "cloudiness": 10.7588273537783, "fog_density": 0.7144382389881787, "wetness": 77.64103441473313, "precipitation_deposits": 95.46445030462148}}], "scenario_type": "Scenario39"}], "Town03": [{"available_event_configurations": [{"transform": {"pitch": "0", "x": -88.5, "y": -90, "yaw": 90, "z": 0}, "_start_distance": 17.294119328429993, "_actor_vel": 2.456096795454262, "_trigger_distance": 19.51542328616816, "_brake": 0.9376548127719082, "weather": {"sun_altitude_angle": 36.9236278890494, "precipitation": 25.8276219595341, "wind_intensity": 40.44549110947007, "sun_azimuth_angle": 205.20481540671392, "fog_distance": "0", "cloudiness": 10.7588273537783, "fog_density": 0.7144382389881787, "wetness": 77.64103441473313, "precipitation_deposits": 95.46445030462148}}], "scenario_type": "Scenario39"}]}]}