{"available_scenarios": [{"Town05": [{"available_event_configurations": [{"transform": {"pitch": "0", "x": 35, "y": 130, "yaw": -90, "z": 0}, "_start_distance": 15.28401023555851, "_actor_vel": 2.402589649894657, "_trigger_distance": 18.2760689208192, "_brake": 0.6121069952375371}, {"transform": {"pitch": "0", "x": 35, "y": 70, "yaw": -90, "z": 0}, "_start_distance": 15.28401023555851, "_actor_vel": 2.402589649894657, "_trigger_distance": 18.2760689208192, "_brake": 0.6121069952375371, "weather": {"sun_altitude_angle": 73.88524623356805, "precipitation": 46.407964912574684, "wind_intensity": 76.99039775280929, "sun_azimuth_angle": 143.06504545055336, "fog_distance": "0", "cloudiness": 0.556784509095376, "fog_density": 6.399605853318686, "wetness": 11.355651408372102, "precipitation_deposits": 65.01648703813683}}], "scenario_type": "Scenario39"}], "Town01": [{"available_event_configurations": [{"transform": {"pitch": "0", "x": 300, "y": 129, "yaw": 180, "z": 0}, "_start_distance": 15.28401023555851, "_actor_vel": 2.402589649894657, "_trigger_distance": 18.2760689208192, "_brake": 0.6121069952375371, "weather": {"sun_altitude_angle": 73.88524623356805, "precipitation": 46.407964912574684, "wind_intensity": 76.99039775280929, "sun_azimuth_angle": 143.06504545055336, "fog_distance": "0", "cloudiness": 0.556784509095376, "fog_density": 6.399605853318686, "wetness": 11.355651408372102, "precipitation_deposits": 65.01648703813683}}], "scenario_type": "Scenario39"}], "Town04": [{"available_event_configurations": [{"transform": {"pitch": "0", "x": 254.9, "y": -230.9, "yaw": 90, "z": 0}, "_start_distance": 15.28401023555851, "_actor_vel": 2.402589649894657, "_trigger_distance": 18.2760689208192, "_brake": 0.6121069952375371, "weather": {"sun_altitude_angle": 73.88524623356805, "precipitation": 46.407964912574684, "wind_intensity": 76.99039775280929, "sun_azimuth_angle": 143.06504545055336, "fog_distance": "0", "cloudiness": 0.556784509095376, "fog_density": 6.399605853318686, "wetness": 11.355651408372102, "precipitation_deposits": 65.01648703813683}}], "scenario_type": "Scenario39"}], "Town03": [{"available_event_configurations": [{"transform": {"pitch": "0", "x": -88.5, "y": -90, "yaw": 90, "z": 0}, "_start_distance": 15.28401023555851, "_actor_vel": 2.402589649894657, "_trigger_distance": 18.2760689208192, "_brake": 0.6121069952375371, "weather": {"sun_altitude_angle": 73.88524623356805, "precipitation": 46.407964912574684, "wind_intensity": 76.99039775280929, "sun_azimuth_angle": 143.06504545055336, "fog_distance": "0", "cloudiness": 0.556784509095376, "fog_density": 6.399605853318686, "wetness": 11.355651408372102, "precipitation_deposits": 65.01648703813683}}], "scenario_type": "Scenario39"}]}]}