{"available_scenarios": [{"Town05": [{"available_event_configurations": [{"transform": {"pitch": "0", "x": 35, "y": 130, "yaw": -90, "z": 0}, "_start_distance": 15.798421428894581, "_actor_vel": 2.232651772324372, "_trigger_distance": 18.696823020256772, "_brake": 0.6069411781362068}, {"transform": {"pitch": "0", "x": 35, "y": 70, "yaw": -90, "z": 0}, "_start_distance": 15.798421428894581, "_actor_vel": 2.232651772324372, "_trigger_distance": 18.696823020256772, "_brake": 0.6069411781362068, "weather": {"sun_altitude_angle": 44.2833514796467, "precipitation": 81.48208256500263, "wind_intensity": 58.27923183783413, "sun_azimuth_angle": 318.85386983653467, "fog_distance": "0", "cloudiness": 17.454511121178818, "fog_density": 6.176423572740676, "wetness": 15.144728727448042, "precipitation_deposits": 95.70360574053718}}], "scenario_type": "Scenario39"}], "Town01": [{"available_event_configurations": [{"transform": {"pitch": "0", "x": 300, "y": 129, "yaw": 180, "z": 0}, "_start_distance": 15.798421428894581, "_actor_vel": 2.232651772324372, "_trigger_distance": 18.696823020256772, "_brake": 0.6069411781362068, "weather": {"sun_altitude_angle": 44.2833514796467, "precipitation": 81.48208256500263, "wind_intensity": 58.27923183783413, "sun_azimuth_angle": 318.85386983653467, "fog_distance": "0", "cloudiness": 17.454511121178818, "fog_density": 6.176423572740676, "wetness": 15.144728727448042, "precipitation_deposits": 95.70360574053718}}], "scenario_type": "Scenario39"}], "Town04": [{"available_event_configurations": [{"transform": {"pitch": "0", "x": 254.9, "y": -230.9, "yaw": 90, "z": 0}, "_start_distance": 15.798421428894581, "_actor_vel": 2.232651772324372, "_trigger_distance": 18.696823020256772, "_brake": 0.6069411781362068, "weather": {"sun_altitude_angle": 44.2833514796467, "precipitation": 81.48208256500263, "wind_intensity": 58.27923183783413, "sun_azimuth_angle": 318.85386983653467, "fog_distance": "0", "cloudiness": 17.454511121178818, "fog_density": 6.176423572740676, "wetness": 15.144728727448042, "precipitation_deposits": 95.70360574053718}}], "scenario_type": "Scenario39"}], "Town03": [{"available_event_configurations": [{"transform": {"pitch": "0", "x": -88.5, "y": -90, "yaw": 90, "z": 0}, "_start_distance": 15.798421428894581, "_actor_vel": 2.232651772324372, "_trigger_distance": 18.696823020256772, "_brake": 0.6069411781362068, "weather": {"sun_altitude_angle": 44.2833514796467, "precipitation": 81.48208256500263, "wind_intensity": 58.27923183783413, "sun_azimuth_angle": 318.85386983653467, "fog_distance": "0", "cloudiness": 17.454511121178818, "fog_density": 6.176423572740676, "wetness": 15.144728727448042, "precipitation_deposits": 95.70360574053718}}], "scenario_type": "Scenario39"}]}]}