{"available_scenarios": [{"Town05": [{"available_event_configurations": [{"transform": {"pitch": "0", "x": 35, "y": 130, "yaw": -90, "z": 0}, "_start_distance": 15.510897733559505, "_actor_vel": 2.2731934271515803, "_trigger_distance": 17.064541237351616, "_brake": 0.6864722499273403}, {"transform": {"pitch": "0", "x": 35, "y": 70, "yaw": -90, "z": 0}, "_start_distance": 15.510897733559505, "_actor_vel": 2.2731934271515803, "_trigger_distance": 17.064541237351616, "_brake": 0.6864722499273403, "weather": {"sun_altitude_angle": 50.36734462675467, "precipitation": 86.0975891554568, "wind_intensity": 26.137657612159927, "sun_azimuth_angle": 74.75732580270659, "fog_distance": "0", "cloudiness": 16.25979872680454, "fog_density": 9.349887288013896, "wetness": 34.01697615922175, "precipitation_deposits": 32.039861457509765}}], "scenario_type": "Scenario39"}], "Town01": [{"available_event_configurations": [{"transform": {"pitch": "0", "x": 300, "y": 129, "yaw": 180, "z": 0}, "_start_distance": 15.510897733559505, "_actor_vel": 2.2731934271515803, "_trigger_distance": 17.064541237351616, "_brake": 0.6864722499273403, "weather": {"sun_altitude_angle": 50.36734462675467, "precipitation": 86.0975891554568, "wind_intensity": 26.137657612159927, "sun_azimuth_angle": 74.75732580270659, "fog_distance": "0", "cloudiness": 16.25979872680454, "fog_density": 9.349887288013896, "wetness": 34.01697615922175, "precipitation_deposits": 32.039861457509765}}], "scenario_type": "Scenario39"}], "Town04": [{"available_event_configurations": [{"transform": {"pitch": "0", "x": 254.9, "y": -230.9, "yaw": 90, "z": 0}, "_start_distance": 15.510897733559505, "_actor_vel": 2.2731934271515803, "_trigger_distance": 17.064541237351616, "_brake": 0.6864722499273403, "weather": {"sun_altitude_angle": 50.36734462675467, "precipitation": 86.0975891554568, "wind_intensity": 26.137657612159927, "sun_azimuth_angle": 74.75732580270659, "fog_distance": "0", "cloudiness": 16.25979872680454, "fog_density": 9.349887288013896, "wetness": 34.01697615922175, "precipitation_deposits": 32.039861457509765}}], "scenario_type": "Scenario39"}], "Town03": [{"available_event_configurations": [{"transform": {"pitch": "0", "x": -88.5, "y": -90, "yaw": 90, "z": 0}, "_start_distance": 15.510897733559505, "_actor_vel": 2.2731934271515803, "_trigger_distance": 17.064541237351616, "_brake": 0.6864722499273403, "weather": {"sun_altitude_angle": 50.36734462675467, "precipitation": 86.0975891554568, "wind_intensity": 26.137657612159927, "sun_azimuth_angle": 74.75732580270659, "fog_distance": "0", "cloudiness": 16.25979872680454, "fog_density": 9.349887288013896, "wetness": 34.01697615922175, "precipitation_deposits": 32.039861457509765}}], "scenario_type": "Scenario39"}]}]}