{"available_scenarios": [{"Town05": [{"available_event_configurations": [{"transform": {"pitch": "0", "x": 35, "y": 130, "yaw": -90, "z": 0}, "_start_distance": 16.51455460331832, "_actor_vel": 2.287146205603842, "_trigger_distance": 15.300435031921648, "_brake": 0.7546545598442946}, {"transform": {"pitch": "0", "x": 35, "y": 70, "yaw": -90, "z": 0}, "_start_distance": 16.51455460331832, "_actor_vel": 2.287146205603842, "_trigger_distance": 15.300435031921648, "_brake": 0.7546545598442946, "weather": {"sun_altitude_angle": 39.11390349779064, "precipitation": 14.97531813545121, "wind_intensity": 20.880789077068652, "sun_azimuth_angle": 259.0227381954017, "fog_distance": "0", "cloudiness": 87.598627832599, "fog_density": 6.71990184469423, "wetness": 23.498993279749957, "precipitation_deposits": 67.83610946672589}}], "scenario_type": "Scenario39"}], "Town01": [{"available_event_configurations": [{"transform": {"pitch": "0", "x": 300, "y": 129, "yaw": 180, "z": 0}, "_start_distance": 16.51455460331832, "_actor_vel": 2.287146205603842, "_trigger_distance": 15.300435031921648, "_brake": 0.7546545598442946, "weather": {"sun_altitude_angle": 39.11390349779064, "precipitation": 14.97531813545121, "wind_intensity": 20.880789077068652, "sun_azimuth_angle": 259.0227381954017, "fog_distance": "0", "cloudiness": 87.598627832599, "fog_density": 6.71990184469423, "wetness": 23.498993279749957, "precipitation_deposits": 67.83610946672589}}], "scenario_type": "Scenario39"}], "Town04": [{"available_event_configurations": [{"transform": {"pitch": "0", "x": 254.9, "y": -230.9, "yaw": 90, "z": 0}, "_start_distance": 16.51455460331832, "_actor_vel": 2.287146205603842, "_trigger_distance": 15.300435031921648, "_brake": 0.7546545598442946, "weather": {"sun_altitude_angle": 39.11390349779064, "precipitation": 14.97531813545121, "wind_intensity": 20.880789077068652, "sun_azimuth_angle": 259.0227381954017, "fog_distance": "0", "cloudiness": 87.598627832599, "fog_density": 6.71990184469423, "wetness": 23.498993279749957, "precipitation_deposits": 67.83610946672589}}], "scenario_type": "Scenario39"}], "Town03": [{"available_event_configurations": [{"transform": {"pitch": "0", "x": -88.5, "y": -90, "yaw": 90, "z": 0}, "_start_distance": 16.51455460331832, "_actor_vel": 2.287146205603842, "_trigger_distance": 15.300435031921648, "_brake": 0.7546545598442946, "weather": {"sun_altitude_angle": 39.11390349779064, "precipitation": 14.97531813545121, "wind_intensity": 20.880789077068652, "sun_azimuth_angle": 259.0227381954017, "fog_distance": "0", "cloudiness": 87.598627832599, "fog_density": 6.71990184469423, "wetness": 23.498993279749957, "precipitation_deposits": 67.83610946672589}}], "scenario_type": "Scenario39"}]}]}