{"available_scenarios": [{"Town05": [{"available_event_configurations": [{"transform": {"pitch": "0", "x": 35, "y": 130, "yaw": -90, "z": 0}, "_start_distance": 19.2095491434745, "_actor_vel": 2.243698170477185, "_trigger_distance": 18.692446288999527, "_brake": 0.9602787669226308}, {"transform": {"pitch": "0", "x": 35, "y": 70, "yaw": -90, "z": 0}, "_start_distance": 19.2095491434745, "_actor_vel": 2.243698170477185, "_trigger_distance": 18.692446288999527, "_brake": 0.9602787669226308, "weather": {"sun_altitude_angle": 16.145578713016683, "precipitation": 14.810340285041491, "wind_intensity": 45.12881930673752, "sun_azimuth_angle": 68.68031077903301, "fog_distance": "0", "cloudiness": 45.288262913483656, "fog_density": 5.699303239943399, "wetness": 97.58722511359584, "precipitation_deposits": 28.46304848331982}}], "scenario_type": "Scenario39"}], "Town01": [{"available_event_configurations": [{"transform": {"pitch": "0", "x": 300, "y": 129, "yaw": 180, "z": 0}, "_start_distance": 19.2095491434745, "_actor_vel": 2.243698170477185, "_trigger_distance": 18.692446288999527, "_brake": 0.9602787669226308, "weather": {"sun_altitude_angle": 16.145578713016683, "precipitation": 14.810340285041491, "wind_intensity": 45.12881930673752, "sun_azimuth_angle": 68.68031077903301, "fog_distance": "0", "cloudiness": 45.288262913483656, "fog_density": 5.699303239943399, "wetness": 97.58722511359584, "precipitation_deposits": 28.46304848331982}}], "scenario_type": "Scenario39"}], "Town04": [{"available_event_configurations": [{"transform": {"pitch": "0", "x": 254.9, "y": -230.9, "yaw": 90, "z": 0}, "_start_distance": 19.2095491434745, "_actor_vel": 2.243698170477185, "_trigger_distance": 18.692446288999527, "_brake": 0.9602787669226308, "weather": {"sun_altitude_angle": 16.145578713016683, "precipitation": 14.810340285041491, "wind_intensity": 45.12881930673752, "sun_azimuth_angle": 68.68031077903301, "fog_distance": "0", "cloudiness": 45.288262913483656, "fog_density": 5.699303239943399, "wetness": 97.58722511359584, "precipitation_deposits": 28.46304848331982}}], "scenario_type": "Scenario39"}], "Town03": [{"available_event_configurations": [{"transform": {"pitch": "0", "x": -88.5, "y": -90, "yaw": 90, "z": 0}, "_start_distance": 19.2095491434745, "_actor_vel": 2.243698170477185, "_trigger_distance": 18.692446288999527, "_brake": 0.9602787669226308, "weather": {"sun_altitude_angle": 16.145578713016683, "precipitation": 14.810340285041491, "wind_intensity": 45.12881930673752, "sun_azimuth_angle": 68.68031077903301, "fog_distance": "0", "cloudiness": 45.288262913483656, "fog_density": 5.699303239943399, "wetness": 97.58722511359584, "precipitation_deposits": 28.46304848331982}}], "scenario_type": "Scenario39"}]}]}