{"available_scenarios": [{"Town05": [{"available_event_configurations": [{"transform": {"pitch": "0", "x": 35, "y": 130, "yaw": -90, "z": 0}, "_start_distance": 19.081170504482287, "_actor_vel": 2.1550666425415534, "_trigger_distance": 16.207027671683857, "_brake": 0.9377891747706297}, {"transform": {"pitch": "0", "x": 35, "y": 70, "yaw": -90, "z": 0}, "_start_distance": 19.081170504482287, "_actor_vel": 2.1550666425415534, "_trigger_distance": 16.207027671683857, "_brake": 0.9377891747706297, "weather": {"sun_altitude_angle": 9.344148080917282, "precipitation": 21.3000704539582, "wind_intensity": 40.67033976077467, "sun_azimuth_angle": 186.8398537767121, "fog_distance": "0", "cloudiness": 7.915632329085764, "fog_density": 5.905976379267004, "wetness": 50.172018767489426, "precipitation_deposits": 56.91819718374528}}], "scenario_type": "Scenario39"}], "Town01": [{"available_event_configurations": [{"transform": {"pitch": "0", "x": 300, "y": 129, "yaw": 180, "z": 0}, "_start_distance": 19.081170504482287, "_actor_vel": 2.1550666425415534, "_trigger_distance": 16.207027671683857, "_brake": 0.9377891747706297, "weather": {"sun_altitude_angle": 9.344148080917282, "precipitation": 21.3000704539582, "wind_intensity": 40.67033976077467, "sun_azimuth_angle": 186.8398537767121, "fog_distance": "0", "cloudiness": 7.915632329085764, "fog_density": 5.905976379267004, "wetness": 50.172018767489426, "precipitation_deposits": 56.91819718374528}}], "scenario_type": "Scenario39"}], "Town04": [{"available_event_configurations": [{"transform": {"pitch": "0", "x": 254.9, "y": -230.9, "yaw": 90, "z": 0}, "_start_distance": 19.081170504482287, "_actor_vel": 2.1550666425415534, "_trigger_distance": 16.207027671683857, "_brake": 0.9377891747706297, "weather": {"sun_altitude_angle": 9.344148080917282, "precipitation": 21.3000704539582, "wind_intensity": 40.67033976077467, "sun_azimuth_angle": 186.8398537767121, "fog_distance": "0", "cloudiness": 7.915632329085764, "fog_density": 5.905976379267004, "wetness": 50.172018767489426, "precipitation_deposits": 56.91819718374528}}], "scenario_type": "Scenario39"}], "Town03": [{"available_event_configurations": [{"transform": {"pitch": "0", "x": -88.5, "y": -90, "yaw": 90, "z": 0}, "_start_distance": 19.081170504482287, "_actor_vel": 2.1550666425415534, "_trigger_distance": 16.207027671683857, "_brake": 0.9377891747706297, "weather": {"sun_altitude_angle": 9.344148080917282, "precipitation": 21.3000704539582, "wind_intensity": 40.67033976077467, "sun_azimuth_angle": 186.8398537767121, "fog_distance": "0", "cloudiness": 7.915632329085764, "fog_density": 5.905976379267004, "wetness": 50.172018767489426, "precipitation_deposits": 56.91819718374528}}], "scenario_type": "Scenario39"}]}]}