{"available_scenarios": [{"Town05": [{"available_event_configurations": [{"transform": {"pitch": "0", "x": 35, "y": 130, "yaw": -90, "z": 0}, "_start_distance": 18.20224002096739, "_actor_vel": 2.1366046572944692, "_trigger_distance": 15.198186916275892, "_brake": 0.7748952826318006}, {"transform": {"pitch": "0", "x": 35, "y": 70, "yaw": -90, "z": 0}, "_start_distance": 18.20224002096739, "_actor_vel": 2.1366046572944692, "_trigger_distance": 15.198186916275892, "_brake": 0.7748952826318006, "weather": {"sun_altitude_angle": 49.43070834496074, "precipitation": 21.781605268055003, "wind_intensity": 46.518926411066154, "sun_azimuth_angle": 65.62130710806781, "fog_distance": "0", "cloudiness": 51.56728441127646, "fog_density": 8.951400638087017, "wetness": 45.01470453796874, "precipitation_deposits": 57.341200497122855}}], "scenario_type": "Scenario39"}], "Town01": [{"available_event_configurations": [{"transform": {"pitch": "0", "x": 300, "y": 129, "yaw": 180, "z": 0}, "_start_distance": 18.20224002096739, "_actor_vel": 2.1366046572944692, "_trigger_distance": 15.198186916275892, "_brake": 0.7748952826318006, "weather": {"sun_altitude_angle": 49.43070834496074, "precipitation": 21.781605268055003, "wind_intensity": 46.518926411066154, "sun_azimuth_angle": 65.62130710806781, "fog_distance": "0", "cloudiness": 51.56728441127646, "fog_density": 8.951400638087017, "wetness": 45.01470453796874, "precipitation_deposits": 57.341200497122855}}], "scenario_type": "Scenario39"}], "Town04": [{"available_event_configurations": [{"transform": {"pitch": "0", "x": 254.9, "y": -230.9, "yaw": 90, "z": 0}, "_start_distance": 18.20224002096739, "_actor_vel": 2.1366046572944692, "_trigger_distance": 15.198186916275892, "_brake": 0.7748952826318006, "weather": {"sun_altitude_angle": 49.43070834496074, "precipitation": 21.781605268055003, "wind_intensity": 46.518926411066154, "sun_azimuth_angle": 65.62130710806781, "fog_distance": "0", "cloudiness": 51.56728441127646, "fog_density": 8.951400638087017, "wetness": 45.01470453796874, "precipitation_deposits": 57.341200497122855}}], "scenario_type": "Scenario39"}], "Town03": [{"available_event_configurations": [{"transform": {"pitch": "0", "x": -88.5, "y": -90, "yaw": 90, "z": 0}, "_start_distance": 18.20224002096739, "_actor_vel": 2.1366046572944692, "_trigger_distance": 15.198186916275892, "_brake": 0.7748952826318006, "weather": {"sun_altitude_angle": 49.43070834496074, "precipitation": 21.781605268055003, "wind_intensity": 46.518926411066154, "sun_azimuth_angle": 65.62130710806781, "fog_distance": "0", "cloudiness": 51.56728441127646, "fog_density": 8.951400638087017, "wetness": 45.01470453796874, "precipitation_deposits": 57.341200497122855}}], "scenario_type": "Scenario39"}]}]}