{"available_scenarios": [{"Town05": [{"available_event_configurations": [{"transform": {"pitch": "0", "x": 35, "y": 130, "yaw": -90, "z": 0}, "_start_distance": 18.919074269876642, "_actor_vel": 2.431266135619525, "_trigger_distance": 16.859410153498345, "_brake": 0.8667560118797776}, {"transform": {"pitch": "0", "x": 35, "y": 70, "yaw": -90, "z": 0}, "_start_distance": 18.919074269876642, "_actor_vel": 2.431266135619525, "_trigger_distance": 16.859410153498345, "_brake": 0.8667560118797776, "weather": {"sun_altitude_angle": 57.105451824494395, "precipitation": 57.59041303507999, "wind_intensity": 78.35731308536494, "sun_azimuth_angle": 353.90826463184834, "fog_distance": "0", "cloudiness": 26.73491822644457, "fog_density": 7.881090401167505, "wetness": 29.044875398342118, "precipitation_deposits": 40.47271720718623}}], "scenario_type": "Scenario39"}], "Town01": [{"available_event_configurations": [{"transform": {"pitch": "0", "x": 300, "y": 129, "yaw": 180, "z": 0}, "_start_distance": 18.919074269876642, "_actor_vel": 2.431266135619525, "_trigger_distance": 16.859410153498345, "_brake": 0.8667560118797776, "weather": {"sun_altitude_angle": 57.105451824494395, "precipitation": 57.59041303507999, "wind_intensity": 78.35731308536494, "sun_azimuth_angle": 353.90826463184834, "fog_distance": "0", "cloudiness": 26.73491822644457, "fog_density": 7.881090401167505, "wetness": 29.044875398342118, "precipitation_deposits": 40.47271720718623}}], "scenario_type": "Scenario39"}], "Town04": [{"available_event_configurations": [{"transform": {"pitch": "0", "x": 254.9, "y": -230.9, "yaw": 90, "z": 0}, "_start_distance": 18.919074269876642, "_actor_vel": 2.431266135619525, "_trigger_distance": 16.859410153498345, "_brake": 0.8667560118797776, "weather": {"sun_altitude_angle": 57.105451824494395, "precipitation": 57.59041303507999, "wind_intensity": 78.35731308536494, "sun_azimuth_angle": 353.90826463184834, "fog_distance": "0", "cloudiness": 26.73491822644457, "fog_density": 7.881090401167505, "wetness": 29.044875398342118, "precipitation_deposits": 40.47271720718623}}], "scenario_type": "Scenario39"}], "Town03": [{"available_event_configurations": [{"transform": {"pitch": "0", "x": -88.5, "y": -90, "yaw": 90, "z": 0}, "_start_distance": 18.919074269876642, "_actor_vel": 2.431266135619525, "_trigger_distance": 16.859410153498345, "_brake": 0.8667560118797776, "weather": {"sun_altitude_angle": 57.105451824494395, "precipitation": 57.59041303507999, "wind_intensity": 78.35731308536494, "sun_azimuth_angle": 353.90826463184834, "fog_distance": "0", "cloudiness": 26.73491822644457, "fog_density": 7.881090401167505, "wetness": 29.044875398342118, "precipitation_deposits": 40.47271720718623}}], "scenario_type": "Scenario39"}]}]}