{"available_scenarios": [{"Town05": [{"available_event_configurations": [{"transform": {"pitch": "0", "x": 35, "y": 130, "yaw": -90, "z": 0}, "_start_distance": 15.21599617546256, "_actor_vel": 2.130825303479078, "_trigger_distance": 18.0555663228353, "_brake": 0.6378781161745847}, {"transform": {"pitch": "0", "x": 35, "y": 70, "yaw": -90, "z": 0}, "_start_distance": 15.21599617546256, "_actor_vel": 2.130825303479078, "_trigger_distance": 18.0555663228353, "_brake": 0.6378781161745847, "weather": {"sun_altitude_angle": 89.38399420444115, "precipitation": 68.9058891179026, "wind_intensity": 22.59895173787727, "sun_azimuth_angle": 239.25575596260924, "fog_distance": "0", "cloudiness": 44.29086067893466, "fog_density": 8.331911861356513, "wetness": 22.17304431781052, "precipitation_deposits": 90.7651001808516}}], "scenario_type": "Scenario39"}], "Town01": [{"available_event_configurations": [{"transform": {"pitch": "0", "x": 300, "y": 129, "yaw": 180, "z": 0}, "_start_distance": 15.21599617546256, "_actor_vel": 2.130825303479078, "_trigger_distance": 18.0555663228353, "_brake": 0.6378781161745847, "weather": {"sun_altitude_angle": 89.38399420444115, "precipitation": 68.9058891179026, "wind_intensity": 22.59895173787727, "sun_azimuth_angle": 239.25575596260924, "fog_distance": "0", "cloudiness": 44.29086067893466, "fog_density": 8.331911861356513, "wetness": 22.17304431781052, "precipitation_deposits": 90.7651001808516}}], "scenario_type": "Scenario39"}], "Town04": [{"available_event_configurations": [{"transform": {"pitch": "0", "x": 254.9, "y": -230.9, "yaw": 90, "z": 0}, "_start_distance": 15.21599617546256, "_actor_vel": 2.130825303479078, "_trigger_distance": 18.0555663228353, "_brake": 0.6378781161745847, "weather": {"sun_altitude_angle": 89.38399420444115, "precipitation": 68.9058891179026, "wind_intensity": 22.59895173787727, "sun_azimuth_angle": 239.25575596260924, "fog_distance": "0", "cloudiness": 44.29086067893466, "fog_density": 8.331911861356513, "wetness": 22.17304431781052, "precipitation_deposits": 90.7651001808516}}], "scenario_type": "Scenario39"}], "Town03": [{"available_event_configurations": [{"transform": {"pitch": "0", "x": -88.5, "y": -90, "yaw": 90, "z": 0}, "_start_distance": 15.21599617546256, "_actor_vel": 2.130825303479078, "_trigger_distance": 18.0555663228353, "_brake": 0.6378781161745847, "weather": {"sun_altitude_angle": 89.38399420444115, "precipitation": 68.9058891179026, "wind_intensity": 22.59895173787727, "sun_azimuth_angle": 239.25575596260924, "fog_distance": "0", "cloudiness": 44.29086067893466, "fog_density": 8.331911861356513, "wetness": 22.17304431781052, "precipitation_deposits": 90.7651001808516}}], "scenario_type": "Scenario39"}]}]}