{"available_scenarios": [{"Town05": [{"available_event_configurations": [{"transform": {"pitch": "0", "x": 35, "y": 130, "yaw": -90, "z": 0}, "_start_distance": 17.880789925739574, "_actor_vel": 2.4647965095163022, "_trigger_distance": 17.95390713732136, "_brake": 0.6708378138936315}, {"transform": {"pitch": "0", "x": 35, "y": 70, "yaw": -90, "z": 0}, "_start_distance": 17.880789925739574, "_actor_vel": 2.4647965095163022, "_trigger_distance": 17.95390713732136, "_brake": 0.6708378138936315, "weather": {"sun_altitude_angle": 27.541962778091992, "precipitation": 62.37992875408958, "wind_intensity": 38.450456771106744, "sun_azimuth_angle": 225.58993612565922, "fog_distance": "0", "cloudiness": 43.310586796220576, "fog_density": 5.241691848455636, "wetness": 88.28979716840152, "precipitation_deposits": 56.28224209734402}}], "scenario_type": "Scenario39"}], "Town01": [{"available_event_configurations": [{"transform": {"pitch": "0", "x": 300, "y": 129, "yaw": 180, "z": 0}, "_start_distance": 17.880789925739574, "_actor_vel": 2.4647965095163022, "_trigger_distance": 17.95390713732136, "_brake": 0.6708378138936315, "weather": {"sun_altitude_angle": 27.541962778091992, "precipitation": 62.37992875408958, "wind_intensity": 38.450456771106744, "sun_azimuth_angle": 225.58993612565922, "fog_distance": "0", "cloudiness": 43.310586796220576, "fog_density": 5.241691848455636, "wetness": 88.28979716840152, "precipitation_deposits": 56.28224209734402}}], "scenario_type": "Scenario39"}], "Town04": [{"available_event_configurations": [{"transform": {"pitch": "0", "x": 254.9, "y": -230.9, "yaw": 90, "z": 0}, "_start_distance": 17.880789925739574, "_actor_vel": 2.4647965095163022, "_trigger_distance": 17.95390713732136, "_brake": 0.6708378138936315, "weather": {"sun_altitude_angle": 27.541962778091992, "precipitation": 62.37992875408958, "wind_intensity": 38.450456771106744, "sun_azimuth_angle": 225.58993612565922, "fog_distance": "0", "cloudiness": 43.310586796220576, "fog_density": 5.241691848455636, "wetness": 88.28979716840152, "precipitation_deposits": 56.28224209734402}}], "scenario_type": "Scenario39"}], "Town03": [{"available_event_configurations": [{"transform": {"pitch": "0", "x": -88.5, "y": -90, "yaw": 90, "z": 0}, "_start_distance": 17.880789925739574, "_actor_vel": 2.4647965095163022, "_trigger_distance": 17.95390713732136, "_brake": 0.6708378138936315, "weather": {"sun_altitude_angle": 27.541962778091992, "precipitation": 62.37992875408958, "wind_intensity": 38.450456771106744, "sun_azimuth_angle": 225.58993612565922, "fog_distance": "0", "cloudiness": 43.310586796220576, "fog_density": 5.241691848455636, "wetness": 88.28979716840152, "precipitation_deposits": 56.28224209734402}}], "scenario_type": "Scenario39"}]}]}