{"available_scenarios": [{"Town05": [{"available_event_configurations": [{"transform": {"pitch": "0", "x": 35, "y": 130, "yaw": -90, "z": 0}, "_start_distance": 19.25261901682426, "_actor_vel": 2.4220098857058465, "_trigger_distance": 19.351276103246786, "_brake": 0.6458846832168648}, {"transform": {"pitch": "0", "x": 35, "y": 70, "yaw": -90, "z": 0}, "_start_distance": 19.25261901682426, "_actor_vel": 2.4220098857058465, "_trigger_distance": 19.351276103246786, "_brake": 0.6458846832168648, "weather": {"sun_altitude_angle": 5.5920354924392015, "precipitation": 77.68434006932566, "wind_intensity": 99.56375662096384, "sun_azimuth_angle": 24.504619993477498, "fog_distance": "0", "cloudiness": 24.952880932763033, "fog_density": 1.2231820308615782, "wetness": 74.74199656157506, "precipitation_deposits": 24.601169355418982}}], "scenario_type": "Scenario39"}], "Town01": [{"available_event_configurations": [{"transform": {"pitch": "0", "x": 300, "y": 129, "yaw": 180, "z": 0}, "_start_distance": 19.25261901682426, "_actor_vel": 2.4220098857058465, "_trigger_distance": 19.351276103246786, "_brake": 0.6458846832168648, "weather": {"sun_altitude_angle": 5.5920354924392015, "precipitation": 77.68434006932566, "wind_intensity": 99.56375662096384, "sun_azimuth_angle": 24.504619993477498, "fog_distance": "0", "cloudiness": 24.952880932763033, "fog_density": 1.2231820308615782, "wetness": 74.74199656157506, "precipitation_deposits": 24.601169355418982}}], "scenario_type": "Scenario39"}], "Town04": [{"available_event_configurations": [{"transform": {"pitch": "0", "x": 254.9, "y": -230.9, "yaw": 90, "z": 0}, "_start_distance": 19.25261901682426, "_actor_vel": 2.4220098857058465, "_trigger_distance": 19.351276103246786, "_brake": 0.6458846832168648, "weather": {"sun_altitude_angle": 5.5920354924392015, "precipitation": 77.68434006932566, "wind_intensity": 99.56375662096384, "sun_azimuth_angle": 24.504619993477498, "fog_distance": "0", "cloudiness": 24.952880932763033, "fog_density": 1.2231820308615782, "wetness": 74.74199656157506, "precipitation_deposits": 24.601169355418982}}], "scenario_type": "Scenario39"}], "Town03": [{"available_event_configurations": [{"transform": {"pitch": "0", "x": -88.5, "y": -90, "yaw": 90, "z": 0}, "_start_distance": 19.25261901682426, "_actor_vel": 2.4220098857058465, "_trigger_distance": 19.351276103246786, "_brake": 0.6458846832168648, "weather": {"sun_altitude_angle": 5.5920354924392015, "precipitation": 77.68434006932566, "wind_intensity": 99.56375662096384, "sun_azimuth_angle": 24.504619993477498, "fog_distance": "0", "cloudiness": 24.952880932763033, "fog_density": 1.2231820308615782, "wetness": 74.74199656157506, "precipitation_deposits": 24.601169355418982}}], "scenario_type": "Scenario39"}]}]}