{"available_scenarios": [{"Town05": [{"available_event_configurations": [{"transform": {"pitch": "0", "x": 35, "y": 130, "yaw": -90, "z": 0}, "_start_distance": 18.204780322182625, "_actor_vel": 2.1254350513515523, "_trigger_distance": 16.434968660332242, "_brake": 0.8671268472812095}, {"transform": {"pitch": "0", "x": 35, "y": 70, "yaw": -90, "z": 0}, "_start_distance": 18.204780322182625, "_actor_vel": 2.1254350513515523, "_trigger_distance": 16.434968660332242, "_brake": 0.8671268472812095, "weather": {"sun_altitude_angle": 6.897802795819051, "precipitation": 55.182720673788, "wind_intensity": 93.89679978107937, "sun_azimuth_angle": 18.727183618128404, "fog_distance": "0", "cloudiness": 78.43709382442835, "fog_density": 3.26340694052357, "wetness": 99.14314955610935, "precipitation_deposits": 16.570951132462852}}], "scenario_type": "Scenario39"}], "Town01": [{"available_event_configurations": [{"transform": {"pitch": "0", "x": 300, "y": 129, "yaw": 180, "z": 0}, "_start_distance": 18.204780322182625, "_actor_vel": 2.1254350513515523, "_trigger_distance": 16.434968660332242, "_brake": 0.8671268472812095, "weather": {"sun_altitude_angle": 6.897802795819051, "precipitation": 55.182720673788, "wind_intensity": 93.89679978107937, "sun_azimuth_angle": 18.727183618128404, "fog_distance": "0", "cloudiness": 78.43709382442835, "fog_density": 3.26340694052357, "wetness": 99.14314955610935, "precipitation_deposits": 16.570951132462852}}], "scenario_type": "Scenario39"}], "Town04": [{"available_event_configurations": [{"transform": {"pitch": "0", "x": 254.9, "y": -230.9, "yaw": 90, "z": 0}, "_start_distance": 18.204780322182625, "_actor_vel": 2.1254350513515523, "_trigger_distance": 16.434968660332242, "_brake": 0.8671268472812095, "weather": {"sun_altitude_angle": 6.897802795819051, "precipitation": 55.182720673788, "wind_intensity": 93.89679978107937, "sun_azimuth_angle": 18.727183618128404, "fog_distance": "0", "cloudiness": 78.43709382442835, "fog_density": 3.26340694052357, "wetness": 99.14314955610935, "precipitation_deposits": 16.570951132462852}}], "scenario_type": "Scenario39"}], "Town03": [{"available_event_configurations": [{"transform": {"pitch": "0", "x": -88.5, "y": -90, "yaw": 90, "z": 0}, "_start_distance": 18.204780322182625, "_actor_vel": 2.1254350513515523, "_trigger_distance": 16.434968660332242, "_brake": 0.8671268472812095, "weather": {"sun_altitude_angle": 6.897802795819051, "precipitation": 55.182720673788, "wind_intensity": 93.89679978107937, "sun_azimuth_angle": 18.727183618128404, "fog_distance": "0", "cloudiness": 78.43709382442835, "fog_density": 3.26340694052357, "wetness": 99.14314955610935, "precipitation_deposits": 16.570951132462852}}], "scenario_type": "Scenario39"}]}]}