{"available_scenarios": [{"Town05": [{"available_event_configurations": [{"transform": {"pitch": "0", "x": 35, "y": 130, "yaw": -90, "z": 0}, "_start_distance": 18.600806924778205, "_actor_vel": 2.1791809119777046, "_trigger_distance": 15.268370624934231, "_brake": 0.6646712077499761}, {"transform": {"pitch": "0", "x": 35, "y": 70, "yaw": -90, "z": 0}, "_start_distance": 18.600806924778205, "_actor_vel": 2.1791809119777046, "_trigger_distance": 15.268370624934231, "_brake": 0.6646712077499761, "weather": {"sun_altitude_angle": 71.89128756659268, "precipitation": 10.81500291571944, "wind_intensity": 37.07517347430647, "sun_azimuth_angle": 115.70846961658621, "fog_distance": "0", "cloudiness": 87.00709721600968, "fog_density": 9.595320739919938, "wetness": 75.21893071551528, "precipitation_deposits": 60.469905275183855}}], "scenario_type": "Scenario39"}], "Town01": [{"available_event_configurations": [{"transform": {"pitch": "0", "x": 300, "y": 129, "yaw": 180, "z": 0}, "_start_distance": 18.600806924778205, "_actor_vel": 2.1791809119777046, "_trigger_distance": 15.268370624934231, "_brake": 0.6646712077499761, "weather": {"sun_altitude_angle": 71.89128756659268, "precipitation": 10.81500291571944, "wind_intensity": 37.07517347430647, "sun_azimuth_angle": 115.70846961658621, "fog_distance": "0", "cloudiness": 87.00709721600968, "fog_density": 9.595320739919938, "wetness": 75.21893071551528, "precipitation_deposits": 60.469905275183855}}], "scenario_type": "Scenario39"}], "Town04": [{"available_event_configurations": [{"transform": {"pitch": "0", "x": 254.9, "y": -230.9, "yaw": 90, "z": 0}, "_start_distance": 18.600806924778205, "_actor_vel": 2.1791809119777046, "_trigger_distance": 15.268370624934231, "_brake": 0.6646712077499761, "weather": {"sun_altitude_angle": 71.89128756659268, "precipitation": 10.81500291571944, "wind_intensity": 37.07517347430647, "sun_azimuth_angle": 115.70846961658621, "fog_distance": "0", "cloudiness": 87.00709721600968, "fog_density": 9.595320739919938, "wetness": 75.21893071551528, "precipitation_deposits": 60.469905275183855}}], "scenario_type": "Scenario39"}], "Town03": [{"available_event_configurations": [{"transform": {"pitch": "0", "x": -88.5, "y": -90, "yaw": 90, "z": 0}, "_start_distance": 18.600806924778205, "_actor_vel": 2.1791809119777046, "_trigger_distance": 15.268370624934231, "_brake": 0.6646712077499761, "weather": {"sun_altitude_angle": 71.89128756659268, "precipitation": 10.81500291571944, "wind_intensity": 37.07517347430647, "sun_azimuth_angle": 115.70846961658621, "fog_distance": "0", "cloudiness": 87.00709721600968, "fog_density": 9.595320739919938, "wetness": 75.21893071551528, "precipitation_deposits": 60.469905275183855}}], "scenario_type": "Scenario39"}]}]}