{"available_scenarios": [{"Town05": [{"available_event_configurations": [{"transform": {"pitch": "0", "x": 35, "y": 130, "yaw": -90, "z": 0}, "_start_distance": 19.85969471864926, "_actor_vel": 2.2688678305549557, "_trigger_distance": 18.56362297140401, "_brake": 0.7988633078804146}, {"transform": {"pitch": "0", "x": 35, "y": 70, "yaw": -90, "z": 0}, "_start_distance": 19.85969471864926, "_actor_vel": 2.2688678305549557, "_trigger_distance": 18.56362297140401, "_brake": 0.7988633078804146, "weather": {"sun_altitude_angle": 50.26959695513545, "precipitation": 88.47206712774297, "wind_intensity": 44.36336361158756, "sun_azimuth_angle": 17.104647221963045, "fog_distance": "0", "cloudiness": 28.931362090359436, "fog_density": 5.262841848211439, "wetness": 22.861615410132575, "precipitation_deposits": 0.7565191811839234}}], "scenario_type": "Scenario39"}], "Town01": [{"available_event_configurations": [{"transform": {"pitch": "0", "x": 300, "y": 129, "yaw": 180, "z": 0}, "_start_distance": 19.85969471864926, "_actor_vel": 2.2688678305549557, "_trigger_distance": 18.56362297140401, "_brake": 0.7988633078804146, "weather": {"sun_altitude_angle": 50.26959695513545, "precipitation": 88.47206712774297, "wind_intensity": 44.36336361158756, "sun_azimuth_angle": 17.104647221963045, "fog_distance": "0", "cloudiness": 28.931362090359436, "fog_density": 5.262841848211439, "wetness": 22.861615410132575, "precipitation_deposits": 0.7565191811839234}}], "scenario_type": "Scenario39"}], "Town04": [{"available_event_configurations": [{"transform": {"pitch": "0", "x": 254.9, "y": -230.9, "yaw": 90, "z": 0}, "_start_distance": 19.85969471864926, "_actor_vel": 2.2688678305549557, "_trigger_distance": 18.56362297140401, "_brake": 0.7988633078804146, "weather": {"sun_altitude_angle": 50.26959695513545, "precipitation": 88.47206712774297, "wind_intensity": 44.36336361158756, "sun_azimuth_angle": 17.104647221963045, "fog_distance": "0", "cloudiness": 28.931362090359436, "fog_density": 5.262841848211439, "wetness": 22.861615410132575, "precipitation_deposits": 0.7565191811839234}}], "scenario_type": "Scenario39"}], "Town03": [{"available_event_configurations": [{"transform": {"pitch": "0", "x": -88.5, "y": -90, "yaw": 90, "z": 0}, "_start_distance": 19.85969471864926, "_actor_vel": 2.2688678305549557, "_trigger_distance": 18.56362297140401, "_brake": 0.7988633078804146, "weather": {"sun_altitude_angle": 50.26959695513545, "precipitation": 88.47206712774297, "wind_intensity": 44.36336361158756, "sun_azimuth_angle": 17.104647221963045, "fog_distance": "0", "cloudiness": 28.931362090359436, "fog_density": 5.262841848211439, "wetness": 22.861615410132575, "precipitation_deposits": 0.7565191811839234}}], "scenario_type": "Scenario39"}]}]}