{"available_scenarios": [{"Town05": [{"available_event_configurations": [{"transform": {"pitch": "0", "x": 35, "y": 130, "yaw": -90, "z": 0}, "_start_distance": 17.468089862048238, "_actor_vel": 2.084523158955144, "_trigger_distance": 19.076844306424704, "_brake": 0.78207049912489}, {"transform": {"pitch": "0", "x": 35, "y": 70, "yaw": -90, "z": 0}, "_start_distance": 17.468089862048238, "_actor_vel": 2.084523158955144, "_trigger_distance": 19.076844306424704, "_brake": 0.78207049912489, "weather": {"sun_altitude_angle": 59.667766942868894, "precipitation": 12.934013442564574, "wind_intensity": 90.50529276764908, "sun_azimuth_angle": 158.6551139640127, "fog_distance": "0", "cloudiness": 14.354907925390881, "fog_density": 1.5187680713799034, "wetness": 14.515080873691089, "precipitation_deposits": 71.22083504564804}}], "scenario_type": "Scenario39"}], "Town01": [{"available_event_configurations": [{"transform": {"pitch": "0", "x": 300, "y": 129, "yaw": 180, "z": 0}, "_start_distance": 17.468089862048238, "_actor_vel": 2.084523158955144, "_trigger_distance": 19.076844306424704, "_brake": 0.78207049912489, "weather": {"sun_altitude_angle": 59.667766942868894, "precipitation": 12.934013442564574, "wind_intensity": 90.50529276764908, "sun_azimuth_angle": 158.6551139640127, "fog_distance": "0", "cloudiness": 14.354907925390881, "fog_density": 1.5187680713799034, "wetness": 14.515080873691089, "precipitation_deposits": 71.22083504564804}}], "scenario_type": "Scenario39"}], "Town04": [{"available_event_configurations": [{"transform": {"pitch": "0", "x": 254.9, "y": -230.9, "yaw": 90, "z": 0}, "_start_distance": 17.468089862048238, "_actor_vel": 2.084523158955144, "_trigger_distance": 19.076844306424704, "_brake": 0.78207049912489, "weather": {"sun_altitude_angle": 59.667766942868894, "precipitation": 12.934013442564574, "wind_intensity": 90.50529276764908, "sun_azimuth_angle": 158.6551139640127, "fog_distance": "0", "cloudiness": 14.354907925390881, "fog_density": 1.5187680713799034, "wetness": 14.515080873691089, "precipitation_deposits": 71.22083504564804}}], "scenario_type": "Scenario39"}], "Town03": [{"available_event_configurations": [{"transform": {"pitch": "0", "x": -88.5, "y": -90, "yaw": 90, "z": 0}, "_start_distance": 17.468089862048238, "_actor_vel": 2.084523158955144, "_trigger_distance": 19.076844306424704, "_brake": 0.78207049912489, "weather": {"sun_altitude_angle": 59.667766942868894, "precipitation": 12.934013442564574, "wind_intensity": 90.50529276764908, "sun_azimuth_angle": 158.6551139640127, "fog_distance": "0", "cloudiness": 14.354907925390881, "fog_density": 1.5187680713799034, "wetness": 14.515080873691089, "precipitation_deposits": 71.22083504564804}}], "scenario_type": "Scenario39"}]}]}