{"available_scenarios": [{"Town05": [{"available_event_configurations": [{"transform": {"pitch": "0", "x": 35, "y": 130, "yaw": -90, "z": 0}, "_start_distance": 18.913453035880174, "_actor_vel": 2.0489872868566765, "_trigger_distance": 17.213435931501003, "_brake": 0.6330259648941221}, {"transform": {"pitch": "0", "x": 35, "y": 70, "yaw": -90, "z": 0}, "_start_distance": 18.913453035880174, "_actor_vel": 2.0489872868566765, "_trigger_distance": 17.213435931501003, "_brake": 0.6330259648941221, "weather": {"sun_altitude_angle": 79.58761691108174, "precipitation": 19.567336620094167, "wind_intensity": 61.05266670417877, "sun_azimuth_angle": 267.2005473086115, "fog_distance": "0", "cloudiness": 71.87078570328697, "fog_density": 1.4989776676199384, "wetness": 44.40176742059072, "precipitation_deposits": 73.47089000825063}}], "scenario_type": "Scenario39"}], "Town01": [{"available_event_configurations": [{"transform": {"pitch": "0", "x": 300, "y": 129, "yaw": 180, "z": 0}, "_start_distance": 18.913453035880174, "_actor_vel": 2.0489872868566765, "_trigger_distance": 17.213435931501003, "_brake": 0.6330259648941221, "weather": {"sun_altitude_angle": 79.58761691108174, "precipitation": 19.567336620094167, "wind_intensity": 61.05266670417877, "sun_azimuth_angle": 267.2005473086115, "fog_distance": "0", "cloudiness": 71.87078570328697, "fog_density": 1.4989776676199384, "wetness": 44.40176742059072, "precipitation_deposits": 73.47089000825063}}], "scenario_type": "Scenario39"}], "Town04": [{"available_event_configurations": [{"transform": {"pitch": "0", "x": 254.9, "y": -230.9, "yaw": 90, "z": 0}, "_start_distance": 18.913453035880174, "_actor_vel": 2.0489872868566765, "_trigger_distance": 17.213435931501003, "_brake": 0.6330259648941221, "weather": {"sun_altitude_angle": 79.58761691108174, "precipitation": 19.567336620094167, "wind_intensity": 61.05266670417877, "sun_azimuth_angle": 267.2005473086115, "fog_distance": "0", "cloudiness": 71.87078570328697, "fog_density": 1.4989776676199384, "wetness": 44.40176742059072, "precipitation_deposits": 73.47089000825063}}], "scenario_type": "Scenario39"}], "Town03": [{"available_event_configurations": [{"transform": {"pitch": "0", "x": -88.5, "y": -90, "yaw": 90, "z": 0}, "_start_distance": 18.913453035880174, "_actor_vel": 2.0489872868566765, "_trigger_distance": 17.213435931501003, "_brake": 0.6330259648941221, "weather": {"sun_altitude_angle": 79.58761691108174, "precipitation": 19.567336620094167, "wind_intensity": 61.05266670417877, "sun_azimuth_angle": 267.2005473086115, "fog_distance": "0", "cloudiness": 71.87078570328697, "fog_density": 1.4989776676199384, "wetness": 44.40176742059072, "precipitation_deposits": 73.47089000825063}}], "scenario_type": "Scenario39"}]}]}