{"available_scenarios": [{"Town05": [{"available_event_configurations": [{"transform": {"pitch": "0", "x": 35, "y": 130, "yaw": -90, "z": 0}, "_start_distance": 19.249194923158427, "_actor_vel": 2.393742099748046, "_trigger_distance": 17.463630345791103, "_brake": 0.8222495147890438}, {"transform": {"pitch": "0", "x": 35, "y": 70, "yaw": -90, "z": 0}, "_start_distance": 19.249194923158427, "_actor_vel": 2.393742099748046, "_trigger_distance": 17.463630345791103, "_brake": 0.8222495147890438, "weather": {"sun_altitude_angle": 18.141101256637654, "precipitation": 12.444109567334905, "wind_intensity": 61.64305766593529, "sun_azimuth_angle": 240.01327886219576, "fog_distance": "0", "cloudiness": 15.532719171683507, "fog_density": 6.228619601721574, "wetness": 81.38596080305265, "precipitation_deposits": 30.40608851613268}}], "scenario_type": "Scenario39"}], "Town01": [{"available_event_configurations": [{"transform": {"pitch": "0", "x": 300, "y": 129, "yaw": 180, "z": 0}, "_start_distance": 19.249194923158427, "_actor_vel": 2.393742099748046, "_trigger_distance": 17.463630345791103, "_brake": 0.8222495147890438, "weather": {"sun_altitude_angle": 18.141101256637654, "precipitation": 12.444109567334905, "wind_intensity": 61.64305766593529, "sun_azimuth_angle": 240.01327886219576, "fog_distance": "0", "cloudiness": 15.532719171683507, "fog_density": 6.228619601721574, "wetness": 81.38596080305265, "precipitation_deposits": 30.40608851613268}}], "scenario_type": "Scenario39"}], "Town04": [{"available_event_configurations": [{"transform": {"pitch": "0", "x": 254.9, "y": -230.9, "yaw": 90, "z": 0}, "_start_distance": 19.249194923158427, "_actor_vel": 2.393742099748046, "_trigger_distance": 17.463630345791103, "_brake": 0.8222495147890438, "weather": {"sun_altitude_angle": 18.141101256637654, "precipitation": 12.444109567334905, "wind_intensity": 61.64305766593529, "sun_azimuth_angle": 240.01327886219576, "fog_distance": "0", "cloudiness": 15.532719171683507, "fog_density": 6.228619601721574, "wetness": 81.38596080305265, "precipitation_deposits": 30.40608851613268}}], "scenario_type": "Scenario39"}], "Town03": [{"available_event_configurations": [{"transform": {"pitch": "0", "x": -88.5, "y": -90, "yaw": 90, "z": 0}, "_start_distance": 19.249194923158427, "_actor_vel": 2.393742099748046, "_trigger_distance": 17.463630345791103, "_brake": 0.8222495147890438, "weather": {"sun_altitude_angle": 18.141101256637654, "precipitation": 12.444109567334905, "wind_intensity": 61.64305766593529, "sun_azimuth_angle": 240.01327886219576, "fog_distance": "0", "cloudiness": 15.532719171683507, "fog_density": 6.228619601721574, "wetness": 81.38596080305265, "precipitation_deposits": 30.40608851613268}}], "scenario_type": "Scenario39"}]}]}