{"available_scenarios": [{"Town05": [{"available_event_configurations": [{"transform": {"pitch": "0", "x": 35, "y": 130, "yaw": -90, "z": 0}, "_start_distance": 17.851213712578197, "_actor_vel": 2.3766686785760758, "_trigger_distance": 16.073560202254846, "_brake": 0.9279574364605322}, {"transform": {"pitch": "0", "x": 35, "y": 70, "yaw": -90, "z": 0}, "_start_distance": 17.851213712578197, "_actor_vel": 2.3766686785760758, "_trigger_distance": 16.073560202254846, "_brake": 0.9279574364605322, "weather": {"sun_altitude_angle": 68.15857192463044, "precipitation": 11.90914030614777, "wind_intensity": 58.709824606264924, "sun_azimuth_angle": 211.7556571762584, "fog_distance": "0", "cloudiness": 59.13553763520631, "fog_density": 2.8070917527139905, "wetness": 74.08416749965697, "precipitation_deposits": 51.40146393322749}}], "scenario_type": "Scenario39"}], "Town01": [{"available_event_configurations": [{"transform": {"pitch": "0", "x": 300, "y": 129, "yaw": 180, "z": 0}, "_start_distance": 17.851213712578197, "_actor_vel": 2.3766686785760758, "_trigger_distance": 16.073560202254846, "_brake": 0.9279574364605322, "weather": {"sun_altitude_angle": 68.15857192463044, "precipitation": 11.90914030614777, "wind_intensity": 58.709824606264924, "sun_azimuth_angle": 211.7556571762584, "fog_distance": "0", "cloudiness": 59.13553763520631, "fog_density": 2.8070917527139905, "wetness": 74.08416749965697, "precipitation_deposits": 51.40146393322749}}], "scenario_type": "Scenario39"}], "Town04": [{"available_event_configurations": [{"transform": {"pitch": "0", "x": 254.9, "y": -230.9, "yaw": 90, "z": 0}, "_start_distance": 17.851213712578197, "_actor_vel": 2.3766686785760758, "_trigger_distance": 16.073560202254846, "_brake": 0.9279574364605322, "weather": {"sun_altitude_angle": 68.15857192463044, "precipitation": 11.90914030614777, "wind_intensity": 58.709824606264924, "sun_azimuth_angle": 211.7556571762584, "fog_distance": "0", "cloudiness": 59.13553763520631, "fog_density": 2.8070917527139905, "wetness": 74.08416749965697, "precipitation_deposits": 51.40146393322749}}], "scenario_type": "Scenario39"}], "Town03": [{"available_event_configurations": [{"transform": {"pitch": "0", "x": -88.5, "y": -90, "yaw": 90, "z": 0}, "_start_distance": 17.851213712578197, "_actor_vel": 2.3766686785760758, "_trigger_distance": 16.073560202254846, "_brake": 0.9279574364605322, "weather": {"sun_altitude_angle": 68.15857192463044, "precipitation": 11.90914030614777, "wind_intensity": 58.709824606264924, "sun_azimuth_angle": 211.7556571762584, "fog_distance": "0", "cloudiness": 59.13553763520631, "fog_density": 2.8070917527139905, "wetness": 74.08416749965697, "precipitation_deposits": 51.40146393322749}}], "scenario_type": "Scenario39"}]}]}