{"available_scenarios": [{"Town05": [{"available_event_configurations": [{"transform": {"pitch": "0", "x": 35, "y": 130, "yaw": -90, "z": 0}, "_start_distance": 15.575673347049815, "_actor_vel": 2.137265253711845, "_trigger_distance": 16.274412920794045, "_brake": 0.8993601050301985}, {"transform": {"pitch": "0", "x": 35, "y": 70, "yaw": -90, "z": 0}, "_start_distance": 15.575673347049815, "_actor_vel": 2.137265253711845, "_trigger_distance": 16.274412920794045, "_brake": 0.8993601050301985, "weather": {"sun_altitude_angle": 79.93682885669853, "precipitation": 68.99743814428516, "wind_intensity": 56.06841769253003, "sun_azimuth_angle": 146.31428800687692, "fog_distance": "0", "cloudiness": 57.29906442335846, "fog_density": 0.8597828792734286, "wetness": 83.23846909311924, "precipitation_deposits": 50.855688294794355}}], "scenario_type": "Scenario39"}], "Town01": [{"available_event_configurations": [{"transform": {"pitch": "0", "x": 300, "y": 129, "yaw": 180, "z": 0}, "_start_distance": 15.575673347049815, "_actor_vel": 2.137265253711845, "_trigger_distance": 16.274412920794045, "_brake": 0.8993601050301985, "weather": {"sun_altitude_angle": 79.93682885669853, "precipitation": 68.99743814428516, "wind_intensity": 56.06841769253003, "sun_azimuth_angle": 146.31428800687692, "fog_distance": "0", "cloudiness": 57.29906442335846, "fog_density": 0.8597828792734286, "wetness": 83.23846909311924, "precipitation_deposits": 50.855688294794355}}], "scenario_type": "Scenario39"}], "Town04": [{"available_event_configurations": [{"transform": {"pitch": "0", "x": 254.9, "y": -230.9, "yaw": 90, "z": 0}, "_start_distance": 15.575673347049815, "_actor_vel": 2.137265253711845, "_trigger_distance": 16.274412920794045, "_brake": 0.8993601050301985, "weather": {"sun_altitude_angle": 79.93682885669853, "precipitation": 68.99743814428516, "wind_intensity": 56.06841769253003, "sun_azimuth_angle": 146.31428800687692, "fog_distance": "0", "cloudiness": 57.29906442335846, "fog_density": 0.8597828792734286, "wetness": 83.23846909311924, "precipitation_deposits": 50.855688294794355}}], "scenario_type": "Scenario39"}], "Town03": [{"available_event_configurations": [{"transform": {"pitch": "0", "x": -88.5, "y": -90, "yaw": 90, "z": 0}, "_start_distance": 15.575673347049815, "_actor_vel": 2.137265253711845, "_trigger_distance": 16.274412920794045, "_brake": 0.8993601050301985, "weather": {"sun_altitude_angle": 79.93682885669853, "precipitation": 68.99743814428516, "wind_intensity": 56.06841769253003, "sun_azimuth_angle": 146.31428800687692, "fog_distance": "0", "cloudiness": 57.29906442335846, "fog_density": 0.8597828792734286, "wetness": 83.23846909311924, "precipitation_deposits": 50.855688294794355}}], "scenario_type": "Scenario39"}]}]}