{"available_scenarios": [{"Town05": [{"available_event_configurations": [{"transform": {"pitch": "0", "x": 35, "y": 130, "yaw": -90, "z": 0}, "_start_distance": 18.011823900197168, "_actor_vel": 2.375485635595297, "_trigger_distance": 16.568150870426244, "_brake": 0.9425130081968347}, {"transform": {"pitch": "0", "x": 35, "y": 70, "yaw": -90, "z": 0}, "_start_distance": 18.011823900197168, "_actor_vel": 2.375485635595297, "_trigger_distance": 16.568150870426244, "_brake": 0.9425130081968347, "weather": {"sun_altitude_angle": 52.080129760334344, "precipitation": 97.48864219483265, "wind_intensity": 12.509742873500995, "sun_azimuth_angle": 347.79876275505205, "fog_distance": "0", "cloudiness": 10.006480962374864, "fog_density": 6.502328276209365, "wetness": 35.40265395648462, "precipitation_deposits": 49.38326164836676}}], "scenario_type": "Scenario39"}], "Town01": [{"available_event_configurations": [{"transform": {"pitch": "0", "x": 300, "y": 129, "yaw": 180, "z": 0}, "_start_distance": 18.011823900197168, "_actor_vel": 2.375485635595297, "_trigger_distance": 16.568150870426244, "_brake": 0.9425130081968347, "weather": {"sun_altitude_angle": 52.080129760334344, "precipitation": 97.48864219483265, "wind_intensity": 12.509742873500995, "sun_azimuth_angle": 347.79876275505205, "fog_distance": "0", "cloudiness": 10.006480962374864, "fog_density": 6.502328276209365, "wetness": 35.40265395648462, "precipitation_deposits": 49.38326164836676}}], "scenario_type": "Scenario39"}], "Town04": [{"available_event_configurations": [{"transform": {"pitch": "0", "x": 254.9, "y": -230.9, "yaw": 90, "z": 0}, "_start_distance": 18.011823900197168, "_actor_vel": 2.375485635595297, "_trigger_distance": 16.568150870426244, "_brake": 0.9425130081968347, "weather": {"sun_altitude_angle": 52.080129760334344, "precipitation": 97.48864219483265, "wind_intensity": 12.509742873500995, "sun_azimuth_angle": 347.79876275505205, "fog_distance": "0", "cloudiness": 10.006480962374864, "fog_density": 6.502328276209365, "wetness": 35.40265395648462, "precipitation_deposits": 49.38326164836676}}], "scenario_type": "Scenario39"}], "Town03": [{"available_event_configurations": [{"transform": {"pitch": "0", "x": -88.5, "y": -90, "yaw": 90, "z": 0}, "_start_distance": 18.011823900197168, "_actor_vel": 2.375485635595297, "_trigger_distance": 16.568150870426244, "_brake": 0.9425130081968347, "weather": {"sun_altitude_angle": 52.080129760334344, "precipitation": 97.48864219483265, "wind_intensity": 12.509742873500995, "sun_azimuth_angle": 347.79876275505205, "fog_distance": "0", "cloudiness": 10.006480962374864, "fog_density": 6.502328276209365, "wetness": 35.40265395648462, "precipitation_deposits": 49.38326164836676}}], "scenario_type": "Scenario39"}]}]}