{"available_scenarios": [{"Town05": [{"available_event_configurations": [{"transform": {"pitch": "0", "x": 35, "y": 130, "yaw": -90, "z": 0}, "_start_distance": 15.0560119403003, "_actor_vel": 2.4391728203742433, "_trigger_distance": 17.22293013995992, "_brake": 0.8306823190726913}, {"transform": {"pitch": "0", "x": 35, "y": 70, "yaw": -90, "z": 0}, "_start_distance": 15.0560119403003, "_actor_vel": 2.4391728203742433, "_trigger_distance": 17.22293013995992, "_brake": 0.8306823190726913, "weather": {"sun_altitude_angle": 30.022426276818273, "precipitation": 50.64967992089575, "wind_intensity": 64.9477698328195, "sun_azimuth_angle": 194.28144270390865, "fog_distance": "0", "cloudiness": 31.57513243821842, "fog_density": 9.440490962085189, "wetness": 61.85659317655566, "precipitation_deposits": 44.989227566942205}}], "scenario_type": "Scenario39"}], "Town01": [{"available_event_configurations": [{"transform": {"pitch": "0", "x": 300, "y": 129, "yaw": 180, "z": 0}, "_start_distance": 15.0560119403003, "_actor_vel": 2.4391728203742433, "_trigger_distance": 17.22293013995992, "_brake": 0.8306823190726913, "weather": {"sun_altitude_angle": 30.022426276818273, "precipitation": 50.64967992089575, "wind_intensity": 64.9477698328195, "sun_azimuth_angle": 194.28144270390865, "fog_distance": "0", "cloudiness": 31.57513243821842, "fog_density": 9.440490962085189, "wetness": 61.85659317655566, "precipitation_deposits": 44.989227566942205}}], "scenario_type": "Scenario39"}], "Town04": [{"available_event_configurations": [{"transform": {"pitch": "0", "x": 254.9, "y": -230.9, "yaw": 90, "z": 0}, "_start_distance": 15.0560119403003, "_actor_vel": 2.4391728203742433, "_trigger_distance": 17.22293013995992, "_brake": 0.8306823190726913, "weather": {"sun_altitude_angle": 30.022426276818273, "precipitation": 50.64967992089575, "wind_intensity": 64.9477698328195, "sun_azimuth_angle": 194.28144270390865, "fog_distance": "0", "cloudiness": 31.57513243821842, "fog_density": 9.440490962085189, "wetness": 61.85659317655566, "precipitation_deposits": 44.989227566942205}}], "scenario_type": "Scenario39"}], "Town03": [{"available_event_configurations": [{"transform": {"pitch": "0", "x": -88.5, "y": -90, "yaw": 90, "z": 0}, "_start_distance": 15.0560119403003, "_actor_vel": 2.4391728203742433, "_trigger_distance": 17.22293013995992, "_brake": 0.8306823190726913, "weather": {"sun_altitude_angle": 30.022426276818273, "precipitation": 50.64967992089575, "wind_intensity": 64.9477698328195, "sun_azimuth_angle": 194.28144270390865, "fog_distance": "0", "cloudiness": 31.57513243821842, "fog_density": 9.440490962085189, "wetness": 61.85659317655566, "precipitation_deposits": 44.989227566942205}}], "scenario_type": "Scenario39"}]}]}