{"available_scenarios": [{"Town05": [{"available_event_configurations": [{"transform": {"pitch": "0", "x": 35, "y": 130, "yaw": -90, "z": 0}, "_start_distance": 17.831391871271343, "_actor_vel": 2.433400237166531, "_trigger_distance": 17.55666938016335, "_brake": 0.735603371315734}, {"transform": {"pitch": "0", "x": 35, "y": 70, "yaw": -90, "z": 0}, "_start_distance": 17.831391871271343, "_actor_vel": 2.433400237166531, "_trigger_distance": 17.55666938016335, "_brake": 0.735603371315734, "weather": {"sun_altitude_angle": 75.74173698774949, "precipitation": 43.90647415833862, "wind_intensity": 89.02790970805215, "sun_azimuth_angle": 255.70807322942855, "fog_distance": "0", "cloudiness": 22.254103817383807, "fog_density": 6.2195449330120045, "wetness": 30.897146017262745, "precipitation_deposits": 20.583880475599557}}], "scenario_type": "Scenario39"}], "Town01": [{"available_event_configurations": [{"transform": {"pitch": "0", "x": 300, "y": 129, "yaw": 180, "z": 0}, "_start_distance": 17.831391871271343, "_actor_vel": 2.433400237166531, "_trigger_distance": 17.55666938016335, "_brake": 0.735603371315734, "weather": {"sun_altitude_angle": 75.74173698774949, "precipitation": 43.90647415833862, "wind_intensity": 89.02790970805215, "sun_azimuth_angle": 255.70807322942855, "fog_distance": "0", "cloudiness": 22.254103817383807, "fog_density": 6.2195449330120045, "wetness": 30.897146017262745, "precipitation_deposits": 20.583880475599557}}], "scenario_type": "Scenario39"}], "Town04": [{"available_event_configurations": [{"transform": {"pitch": "0", "x": 254.9, "y": -230.9, "yaw": 90, "z": 0}, "_start_distance": 17.831391871271343, "_actor_vel": 2.433400237166531, "_trigger_distance": 17.55666938016335, "_brake": 0.735603371315734, "weather": {"sun_altitude_angle": 75.74173698774949, "precipitation": 43.90647415833862, "wind_intensity": 89.02790970805215, "sun_azimuth_angle": 255.70807322942855, "fog_distance": "0", "cloudiness": 22.254103817383807, "fog_density": 6.2195449330120045, "wetness": 30.897146017262745, "precipitation_deposits": 20.583880475599557}}], "scenario_type": "Scenario39"}], "Town03": [{"available_event_configurations": [{"transform": {"pitch": "0", "x": -88.5, "y": -90, "yaw": 90, "z": 0}, "_start_distance": 17.831391871271343, "_actor_vel": 2.433400237166531, "_trigger_distance": 17.55666938016335, "_brake": 0.735603371315734, "weather": {"sun_altitude_angle": 75.74173698774949, "precipitation": 43.90647415833862, "wind_intensity": 89.02790970805215, "sun_azimuth_angle": 255.70807322942855, "fog_distance": "0", "cloudiness": 22.254103817383807, "fog_density": 6.2195449330120045, "wetness": 30.897146017262745, "precipitation_deposits": 20.583880475599557}}], "scenario_type": "Scenario39"}]}]}