{"available_scenarios": [{"Town05": [{"available_event_configurations": [{"transform": {"pitch": "0", "x": 35, "y": 130, "yaw": -90, "z": 0}, "_start_distance": 16.09800150694311, "_actor_vel": 2.018074142319468, "_trigger_distance": 15.197262420338054, "_brake": 0.5276311581904932}, {"transform": {"pitch": "0", "x": 35, "y": 70, "yaw": -90, "z": 0}, "_start_distance": 16.09800150694311, "_actor_vel": 2.018074142319468, "_trigger_distance": 15.197262420338054, "_brake": 0.5276311581904932, "weather": {"sun_altitude_angle": 55.95877596766308, "precipitation": 8.73700552021569, "wind_intensity": 95.43169017544106, "sun_azimuth_angle": 329.7235262411411, "fog_distance": "0", "cloudiness": 61.51947940598769, "fog_density": 0.9552622432092028, "wetness": 82.78386957942365, "precipitation_deposits": 78.08374438545653}}], "scenario_type": "Scenario39"}], "Town01": [{"available_event_configurations": [{"transform": {"pitch": "0", "x": 300, "y": 129, "yaw": 180, "z": 0}, "_start_distance": 16.09800150694311, "_actor_vel": 2.018074142319468, "_trigger_distance": 15.197262420338054, "_brake": 0.5276311581904932, "weather": {"sun_altitude_angle": 55.95877596766308, "precipitation": 8.73700552021569, "wind_intensity": 95.43169017544106, "sun_azimuth_angle": 329.7235262411411, "fog_distance": "0", "cloudiness": 61.51947940598769, "fog_density": 0.9552622432092028, "wetness": 82.78386957942365, "precipitation_deposits": 78.08374438545653}}], "scenario_type": "Scenario39"}], "Town04": [{"available_event_configurations": [{"transform": {"pitch": "0", "x": 254.9, "y": -230.9, "yaw": 90, "z": 0}, "_start_distance": 16.09800150694311, "_actor_vel": 2.018074142319468, "_trigger_distance": 15.197262420338054, "_brake": 0.5276311581904932, "weather": {"sun_altitude_angle": 55.95877596766308, "precipitation": 8.73700552021569, "wind_intensity": 95.43169017544106, "sun_azimuth_angle": 329.7235262411411, "fog_distance": "0", "cloudiness": 61.51947940598769, "fog_density": 0.9552622432092028, "wetness": 82.78386957942365, "precipitation_deposits": 78.08374438545653}}], "scenario_type": "Scenario39"}], "Town03": [{"available_event_configurations": [{"transform": {"pitch": "0", "x": -88.5, "y": -90, "yaw": 90, "z": 0}, "_start_distance": 16.09800150694311, "_actor_vel": 2.018074142319468, "_trigger_distance": 15.197262420338054, "_brake": 0.5276311581904932, "weather": {"sun_altitude_angle": 55.95877596766308, "precipitation": 8.73700552021569, "wind_intensity": 95.43169017544106, "sun_azimuth_angle": 329.7235262411411, "fog_distance": "0", "cloudiness": 61.51947940598769, "fog_density": 0.9552622432092028, "wetness": 82.78386957942365, "precipitation_deposits": 78.08374438545653}}], "scenario_type": "Scenario39"}]}]}