{"available_scenarios": [{"Town05": [{"available_event_configurations": [{"transform": {"pitch": "0", "x": 35, "y": 130, "yaw": -90, "z": 0}, "_start_distance": 17.88788863656819, "_actor_vel": 2.0880588851577606, "_trigger_distance": 18.729513014145688, "_brake": 0.8734150604837384}, {"transform": {"pitch": "0", "x": 35, "y": 70, "yaw": -90, "z": 0}, "_start_distance": 17.88788863656819, "_actor_vel": 2.0880588851577606, "_trigger_distance": 18.729513014145688, "_brake": 0.8734150604837384, "weather": {"sun_altitude_angle": 68.1485996212271, "precipitation": 52.9025945735896, "wind_intensity": 79.25040394736136, "sun_azimuth_angle": 353.05948041715624, "fog_distance": "0", "cloudiness": 66.94570670081801, "fog_density": 9.764053592555188, "wetness": 74.09245165457148, "precipitation_deposits": 78.18328322595117}}], "scenario_type": "Scenario39"}], "Town01": [{"available_event_configurations": [{"transform": {"pitch": "0", "x": 300, "y": 129, "yaw": 180, "z": 0}, "_start_distance": 17.88788863656819, "_actor_vel": 2.0880588851577606, "_trigger_distance": 18.729513014145688, "_brake": 0.8734150604837384, "weather": {"sun_altitude_angle": 68.1485996212271, "precipitation": 52.9025945735896, "wind_intensity": 79.25040394736136, "sun_azimuth_angle": 353.05948041715624, "fog_distance": "0", "cloudiness": 66.94570670081801, "fog_density": 9.764053592555188, "wetness": 74.09245165457148, "precipitation_deposits": 78.18328322595117}}], "scenario_type": "Scenario39"}], "Town04": [{"available_event_configurations": [{"transform": {"pitch": "0", "x": 254.9, "y": -230.9, "yaw": 90, "z": 0}, "_start_distance": 17.88788863656819, "_actor_vel": 2.0880588851577606, "_trigger_distance": 18.729513014145688, "_brake": 0.8734150604837384, "weather": {"sun_altitude_angle": 68.1485996212271, "precipitation": 52.9025945735896, "wind_intensity": 79.25040394736136, "sun_azimuth_angle": 353.05948041715624, "fog_distance": "0", "cloudiness": 66.94570670081801, "fog_density": 9.764053592555188, "wetness": 74.09245165457148, "precipitation_deposits": 78.18328322595117}}], "scenario_type": "Scenario39"}], "Town03": [{"available_event_configurations": [{"transform": {"pitch": "0", "x": -88.5, "y": -90, "yaw": 90, "z": 0}, "_start_distance": 17.88788863656819, "_actor_vel": 2.0880588851577606, "_trigger_distance": 18.729513014145688, "_brake": 0.8734150604837384, "weather": {"sun_altitude_angle": 68.1485996212271, "precipitation": 52.9025945735896, "wind_intensity": 79.25040394736136, "sun_azimuth_angle": 353.05948041715624, "fog_distance": "0", "cloudiness": 66.94570670081801, "fog_density": 9.764053592555188, "wetness": 74.09245165457148, "precipitation_deposits": 78.18328322595117}}], "scenario_type": "Scenario39"}]}]}