{"available_scenarios": [{"Town05": [{"available_event_configurations": [{"transform": {"pitch": "0", "x": 35, "y": 130, "yaw": -90, "z": 0}, "_start_distance": 15.115947622361057, "_actor_vel": 2.258782610249234, "_trigger_distance": 19.578637069362873, "_brake": 0.9992641595393812}, {"transform": {"pitch": "0", "x": 35, "y": 70, "yaw": -90, "z": 0}, "_start_distance": 15.115947622361057, "_actor_vel": 2.258782610249234, "_trigger_distance": 19.578637069362873, "_brake": 0.9992641595393812, "weather": {"sun_altitude_angle": 54.59434243073979, "precipitation": 10.652739975315061, "wind_intensity": 26.76472215929242, "sun_azimuth_angle": 325.21458179629525, "fog_distance": "0", "cloudiness": 89.01666165793685, "fog_density": 6.30621112911971, "wetness": 23.638806940327683, "precipitation_deposits": 12.23715194713404}}], "scenario_type": "Scenario39"}], "Town01": [{"available_event_configurations": [{"transform": {"pitch": "0", "x": 300, "y": 129, "yaw": 180, "z": 0}, "_start_distance": 15.115947622361057, "_actor_vel": 2.258782610249234, "_trigger_distance": 19.578637069362873, "_brake": 0.9992641595393812, "weather": {"sun_altitude_angle": 54.59434243073979, "precipitation": 10.652739975315061, "wind_intensity": 26.76472215929242, "sun_azimuth_angle": 325.21458179629525, "fog_distance": "0", "cloudiness": 89.01666165793685, "fog_density": 6.30621112911971, "wetness": 23.638806940327683, "precipitation_deposits": 12.23715194713404}}], "scenario_type": "Scenario39"}], "Town04": [{"available_event_configurations": [{"transform": {"pitch": "0", "x": 254.9, "y": -230.9, "yaw": 90, "z": 0}, "_start_distance": 15.115947622361057, "_actor_vel": 2.258782610249234, "_trigger_distance": 19.578637069362873, "_brake": 0.9992641595393812, "weather": {"sun_altitude_angle": 54.59434243073979, "precipitation": 10.652739975315061, "wind_intensity": 26.76472215929242, "sun_azimuth_angle": 325.21458179629525, "fog_distance": "0", "cloudiness": 89.01666165793685, "fog_density": 6.30621112911971, "wetness": 23.638806940327683, "precipitation_deposits": 12.23715194713404}}], "scenario_type": "Scenario39"}], "Town03": [{"available_event_configurations": [{"transform": {"pitch": "0", "x": -88.5, "y": -90, "yaw": 90, "z": 0}, "_start_distance": 15.115947622361057, "_actor_vel": 2.258782610249234, "_trigger_distance": 19.578637069362873, "_brake": 0.9992641595393812, "weather": {"sun_altitude_angle": 54.59434243073979, "precipitation": 10.652739975315061, "wind_intensity": 26.76472215929242, "sun_azimuth_angle": 325.21458179629525, "fog_distance": "0", "cloudiness": 89.01666165793685, "fog_density": 6.30621112911971, "wetness": 23.638806940327683, "precipitation_deposits": 12.23715194713404}}], "scenario_type": "Scenario39"}]}]}