{"available_scenarios": [{"Town05": [{"available_event_configurations": [{"transform": {"pitch": "0", "x": 35, "y": 130, "yaw": -90, "z": 0}, "_start_distance": 18.697614376507023, "_actor_vel": 2.308749128734741, "_trigger_distance": 17.49858840333257, "_brake": 0.8180841232356708}, {"transform": {"pitch": "0", "x": 35, "y": 70, "yaw": -90, "z": 0}, "_start_distance": 18.697614376507023, "_actor_vel": 2.308749128734741, "_trigger_distance": 17.49858840333257, "_brake": 0.8180841232356708, "weather": {"sun_altitude_angle": 70.07639094011412, "precipitation": 70.37632835857775, "wind_intensity": 31.16400594455945, "sun_azimuth_angle": 18.15400903000125, "fog_distance": "0", "cloudiness": 82.39224315285199, "fog_density": 3.705553165696487, "wetness": 21.488586564777922, "precipitation_deposits": 73.51301754375012}}], "scenario_type": "Scenario39"}], "Town01": [{"available_event_configurations": [{"transform": {"pitch": "0", "x": 300, "y": 129, "yaw": 180, "z": 0}, "_start_distance": 18.697614376507023, "_actor_vel": 2.308749128734741, "_trigger_distance": 17.49858840333257, "_brake": 0.8180841232356708, "weather": {"sun_altitude_angle": 70.07639094011412, "precipitation": 70.37632835857775, "wind_intensity": 31.16400594455945, "sun_azimuth_angle": 18.15400903000125, "fog_distance": "0", "cloudiness": 82.39224315285199, "fog_density": 3.705553165696487, "wetness": 21.488586564777922, "precipitation_deposits": 73.51301754375012}}], "scenario_type": "Scenario39"}], "Town04": [{"available_event_configurations": [{"transform": {"pitch": "0", "x": 254.9, "y": -230.9, "yaw": 90, "z": 0}, "_start_distance": 18.697614376507023, "_actor_vel": 2.308749128734741, "_trigger_distance": 17.49858840333257, "_brake": 0.8180841232356708, "weather": {"sun_altitude_angle": 70.07639094011412, "precipitation": 70.37632835857775, "wind_intensity": 31.16400594455945, "sun_azimuth_angle": 18.15400903000125, "fog_distance": "0", "cloudiness": 82.39224315285199, "fog_density": 3.705553165696487, "wetness": 21.488586564777922, "precipitation_deposits": 73.51301754375012}}], "scenario_type": "Scenario39"}], "Town03": [{"available_event_configurations": [{"transform": {"pitch": "0", "x": -88.5, "y": -90, "yaw": 90, "z": 0}, "_start_distance": 18.697614376507023, "_actor_vel": 2.308749128734741, "_trigger_distance": 17.49858840333257, "_brake": 0.8180841232356708, "weather": {"sun_altitude_angle": 70.07639094011412, "precipitation": 70.37632835857775, "wind_intensity": 31.16400594455945, "sun_azimuth_angle": 18.15400903000125, "fog_distance": "0", "cloudiness": 82.39224315285199, "fog_density": 3.705553165696487, "wetness": 21.488586564777922, "precipitation_deposits": 73.51301754375012}}], "scenario_type": "Scenario39"}]}]}