{"available_scenarios": [{"Town05": [{"available_event_configurations": [{"transform": {"pitch": "0", "x": 35, "y": 130, "yaw": -90, "z": 0}, "_start_distance": 15.625563448740168, "_actor_vel": 2.435836392221109, "_trigger_distance": 17.23751722306527, "_brake": 0.5532207624628354}, {"transform": {"pitch": "0", "x": 35, "y": 70, "yaw": -90, "z": 0}, "_start_distance": 15.625563448740168, "_actor_vel": 2.435836392221109, "_trigger_distance": 17.23751722306527, "_brake": 0.5532207624628354, "weather": {"sun_altitude_angle": 85.47590483973937, "precipitation": 29.203671655667296, "wind_intensity": 7.660557469263985, "sun_azimuth_angle": 152.0395847121008, "fog_distance": "0", "cloudiness": 27.40076630083341, "fog_density": 7.163086814827953, "wetness": 6.063730429232283, "precipitation_deposits": 87.87292766916748}}], "scenario_type": "Scenario39"}], "Town01": [{"available_event_configurations": [{"transform": {"pitch": "0", "x": 300, "y": 129, "yaw": 180, "z": 0}, "_start_distance": 15.625563448740168, "_actor_vel": 2.435836392221109, "_trigger_distance": 17.23751722306527, "_brake": 0.5532207624628354, "weather": {"sun_altitude_angle": 85.47590483973937, "precipitation": 29.203671655667296, "wind_intensity": 7.660557469263985, "sun_azimuth_angle": 152.0395847121008, "fog_distance": "0", "cloudiness": 27.40076630083341, "fog_density": 7.163086814827953, "wetness": 6.063730429232283, "precipitation_deposits": 87.87292766916748}}], "scenario_type": "Scenario39"}], "Town04": [{"available_event_configurations": [{"transform": {"pitch": "0", "x": 254.9, "y": -230.9, "yaw": 90, "z": 0}, "_start_distance": 15.625563448740168, "_actor_vel": 2.435836392221109, "_trigger_distance": 17.23751722306527, "_brake": 0.5532207624628354, "weather": {"sun_altitude_angle": 85.47590483973937, "precipitation": 29.203671655667296, "wind_intensity": 7.660557469263985, "sun_azimuth_angle": 152.0395847121008, "fog_distance": "0", "cloudiness": 27.40076630083341, "fog_density": 7.163086814827953, "wetness": 6.063730429232283, "precipitation_deposits": 87.87292766916748}}], "scenario_type": "Scenario39"}], "Town03": [{"available_event_configurations": [{"transform": {"pitch": "0", "x": -88.5, "y": -90, "yaw": 90, "z": 0}, "_start_distance": 15.625563448740168, "_actor_vel": 2.435836392221109, "_trigger_distance": 17.23751722306527, "_brake": 0.5532207624628354, "weather": {"sun_altitude_angle": 85.47590483973937, "precipitation": 29.203671655667296, "wind_intensity": 7.660557469263985, "sun_azimuth_angle": 152.0395847121008, "fog_distance": "0", "cloudiness": 27.40076630083341, "fog_density": 7.163086814827953, "wetness": 6.063730429232283, "precipitation_deposits": 87.87292766916748}}], "scenario_type": "Scenario39"}]}]}