{"available_scenarios": [{"Town05": [{"available_event_configurations": [{"transform": {"pitch": "0", "x": 35, "y": 130, "yaw": -90, "z": 0}, "_start_distance": 16.931865636974834, "_actor_vel": 2.129369653383921, "_trigger_distance": 18.642307613819025, "_brake": 0.791183203303873}, {"transform": {"pitch": "0", "x": 35, "y": 70, "yaw": -90, "z": 0}, "_start_distance": 16.931865636974834, "_actor_vel": 2.129369653383921, "_trigger_distance": 18.642307613819025, "_brake": 0.791183203303873, "weather": {"sun_altitude_angle": 67.59967725905881, "precipitation": 26.040723149088375, "wind_intensity": 96.40769326354582, "sun_azimuth_angle": 310.1984504833433, "fog_distance": "0", "cloudiness": 5.885066701303076, "fog_density": 2.9978502087941994, "wetness": 4.715455972441607, "precipitation_deposits": 91.95286134334098}}], "scenario_type": "Scenario39"}], "Town01": [{"available_event_configurations": [{"transform": {"pitch": "0", "x": 300, "y": 129, "yaw": 180, "z": 0}, "_start_distance": 16.931865636974834, "_actor_vel": 2.129369653383921, "_trigger_distance": 18.642307613819025, "_brake": 0.791183203303873, "weather": {"sun_altitude_angle": 67.59967725905881, "precipitation": 26.040723149088375, "wind_intensity": 96.40769326354582, "sun_azimuth_angle": 310.1984504833433, "fog_distance": "0", "cloudiness": 5.885066701303076, "fog_density": 2.9978502087941994, "wetness": 4.715455972441607, "precipitation_deposits": 91.95286134334098}}], "scenario_type": "Scenario39"}], "Town04": [{"available_event_configurations": [{"transform": {"pitch": "0", "x": 254.9, "y": -230.9, "yaw": 90, "z": 0}, "_start_distance": 16.931865636974834, "_actor_vel": 2.129369653383921, "_trigger_distance": 18.642307613819025, "_brake": 0.791183203303873, "weather": {"sun_altitude_angle": 67.59967725905881, "precipitation": 26.040723149088375, "wind_intensity": 96.40769326354582, "sun_azimuth_angle": 310.1984504833433, "fog_distance": "0", "cloudiness": 5.885066701303076, "fog_density": 2.9978502087941994, "wetness": 4.715455972441607, "precipitation_deposits": 91.95286134334098}}], "scenario_type": "Scenario39"}], "Town03": [{"available_event_configurations": [{"transform": {"pitch": "0", "x": -88.5, "y": -90, "yaw": 90, "z": 0}, "_start_distance": 16.931865636974834, "_actor_vel": 2.129369653383921, "_trigger_distance": 18.642307613819025, "_brake": 0.791183203303873, "weather": {"sun_altitude_angle": 67.59967725905881, "precipitation": 26.040723149088375, "wind_intensity": 96.40769326354582, "sun_azimuth_angle": 310.1984504833433, "fog_distance": "0", "cloudiness": 5.885066701303076, "fog_density": 2.9978502087941994, "wetness": 4.715455972441607, "precipitation_deposits": 91.95286134334098}}], "scenario_type": "Scenario39"}]}]}