{"available_scenarios": [{"Town05": [{"available_event_configurations": [{"transform": {"pitch": "0", "x": 35, "y": 130, "yaw": -90, "z": 0}, "_start_distance": 15.6344978310783, "_actor_vel": 2.3789369698129463, "_trigger_distance": 19.765144182499597, "_brake": 0.8428106251219606}, {"transform": {"pitch": "0", "x": 35, "y": 70, "yaw": -90, "z": 0}, "_start_distance": 15.6344978310783, "_actor_vel": 2.3789369698129463, "_trigger_distance": 19.765144182499597, "_brake": 0.8428106251219606, "weather": {"sun_altitude_angle": 70.17539698791943, "precipitation": 55.9413666452646, "wind_intensity": 14.044508820105595, "sun_azimuth_angle": 184.23987406576512, "fog_distance": "0", "cloudiness": 34.51654088979282, "fog_density": 9.174125888109002, "wetness": 24.323718380305472, "precipitation_deposits": 85.75300402631943}}], "scenario_type": "Scenario39"}], "Town01": [{"available_event_configurations": [{"transform": {"pitch": "0", "x": 300, "y": 129, "yaw": 180, "z": 0}, "_start_distance": 15.6344978310783, "_actor_vel": 2.3789369698129463, "_trigger_distance": 19.765144182499597, "_brake": 0.8428106251219606, "weather": {"sun_altitude_angle": 70.17539698791943, "precipitation": 55.9413666452646, "wind_intensity": 14.044508820105595, "sun_azimuth_angle": 184.23987406576512, "fog_distance": "0", "cloudiness": 34.51654088979282, "fog_density": 9.174125888109002, "wetness": 24.323718380305472, "precipitation_deposits": 85.75300402631943}}], "scenario_type": "Scenario39"}], "Town04": [{"available_event_configurations": [{"transform": {"pitch": "0", "x": 254.9, "y": -230.9, "yaw": 90, "z": 0}, "_start_distance": 15.6344978310783, "_actor_vel": 2.3789369698129463, "_trigger_distance": 19.765144182499597, "_brake": 0.8428106251219606, "weather": {"sun_altitude_angle": 70.17539698791943, "precipitation": 55.9413666452646, "wind_intensity": 14.044508820105595, "sun_azimuth_angle": 184.23987406576512, "fog_distance": "0", "cloudiness": 34.51654088979282, "fog_density": 9.174125888109002, "wetness": 24.323718380305472, "precipitation_deposits": 85.75300402631943}}], "scenario_type": "Scenario39"}], "Town03": [{"available_event_configurations": [{"transform": {"pitch": "0", "x": -88.5, "y": -90, "yaw": 90, "z": 0}, "_start_distance": 15.6344978310783, "_actor_vel": 2.3789369698129463, "_trigger_distance": 19.765144182499597, "_brake": 0.8428106251219606, "weather": {"sun_altitude_angle": 70.17539698791943, "precipitation": 55.9413666452646, "wind_intensity": 14.044508820105595, "sun_azimuth_angle": 184.23987406576512, "fog_distance": "0", "cloudiness": 34.51654088979282, "fog_density": 9.174125888109002, "wetness": 24.323718380305472, "precipitation_deposits": 85.75300402631943}}], "scenario_type": "Scenario39"}]}]}