{"available_scenarios": [{"Town05": [{"available_event_configurations": [{"transform": {"pitch": "0", "x": 35, "y": 130, "yaw": -90, "z": 0}, "_start_distance": 19.841872109102717, "_actor_vel": 2.335141267647176, "_trigger_distance": 15.526859519462333, "_brake": 0.5701285928965103}, {"transform": {"pitch": "0", "x": 35, "y": 70, "yaw": -90, "z": 0}, "_start_distance": 19.841872109102717, "_actor_vel": 2.335141267647176, "_trigger_distance": 15.526859519462333, "_brake": 0.5701285928965103, "weather": {"sun_altitude_angle": 17.314940873044414, "precipitation": 3.2249503701248905, "wind_intensity": 46.24238121821747, "sun_azimuth_angle": 68.40620122768914, "fog_distance": "0", "cloudiness": 63.37128755226274, "fog_density": 0.8824092424636576, "wetness": 81.03310470957874, "precipitation_deposits": 95.06664611469559}}], "scenario_type": "Scenario39"}], "Town01": [{"available_event_configurations": [{"transform": {"pitch": "0", "x": 300, "y": 129, "yaw": 180, "z": 0}, "_start_distance": 19.841872109102717, "_actor_vel": 2.335141267647176, "_trigger_distance": 15.526859519462333, "_brake": 0.5701285928965103, "weather": {"sun_altitude_angle": 17.314940873044414, "precipitation": 3.2249503701248905, "wind_intensity": 46.24238121821747, "sun_azimuth_angle": 68.40620122768914, "fog_distance": "0", "cloudiness": 63.37128755226274, "fog_density": 0.8824092424636576, "wetness": 81.03310470957874, "precipitation_deposits": 95.06664611469559}}], "scenario_type": "Scenario39"}], "Town04": [{"available_event_configurations": [{"transform": {"pitch": "0", "x": 254.9, "y": -230.9, "yaw": 90, "z": 0}, "_start_distance": 19.841872109102717, "_actor_vel": 2.335141267647176, "_trigger_distance": 15.526859519462333, "_brake": 0.5701285928965103, "weather": {"sun_altitude_angle": 17.314940873044414, "precipitation": 3.2249503701248905, "wind_intensity": 46.24238121821747, "sun_azimuth_angle": 68.40620122768914, "fog_distance": "0", "cloudiness": 63.37128755226274, "fog_density": 0.8824092424636576, "wetness": 81.03310470957874, "precipitation_deposits": 95.06664611469559}}], "scenario_type": "Scenario39"}], "Town03": [{"available_event_configurations": [{"transform": {"pitch": "0", "x": -88.5, "y": -90, "yaw": 90, "z": 0}, "_start_distance": 19.841872109102717, "_actor_vel": 2.335141267647176, "_trigger_distance": 15.526859519462333, "_brake": 0.5701285928965103, "weather": {"sun_altitude_angle": 17.314940873044414, "precipitation": 3.2249503701248905, "wind_intensity": 46.24238121821747, "sun_azimuth_angle": 68.40620122768914, "fog_distance": "0", "cloudiness": 63.37128755226274, "fog_density": 0.8824092424636576, "wetness": 81.03310470957874, "precipitation_deposits": 95.06664611469559}}], "scenario_type": "Scenario39"}]}]}