{"available_scenarios": [{"Town05": [{"available_event_configurations": [{"transform": {"pitch": "0", "x": 35, "y": 130, "yaw": -90, "z": 0}, "_start_distance": 15.412850363073922, "_actor_vel": 2.060858476036359, "_trigger_distance": 18.71446767088097, "_brake": 0.7853218535753239}, {"transform": {"pitch": "0", "x": 35, "y": 70, "yaw": -90, "z": 0}, "_start_distance": 15.412850363073922, "_actor_vel": 2.060858476036359, "_trigger_distance": 18.71446767088097, "_brake": 0.7853218535753239, "weather": {"sun_altitude_angle": 21.015678820747425, "precipitation": 50.55943774067725, "wind_intensity": 5.626417351678659, "sun_azimuth_angle": 57.39521330555984, "fog_distance": "0", "cloudiness": 72.2485330834723, "fog_density": 9.472458378744946, "wetness": 82.81061122166349, "precipitation_deposits": 33.02393761594244}}], "scenario_type": "Scenario39"}], "Town01": [{"available_event_configurations": [{"transform": {"pitch": "0", "x": 300, "y": 129, "yaw": 180, "z": 0}, "_start_distance": 15.412850363073922, "_actor_vel": 2.060858476036359, "_trigger_distance": 18.71446767088097, "_brake": 0.7853218535753239, "weather": {"sun_altitude_angle": 21.015678820747425, "precipitation": 50.55943774067725, "wind_intensity": 5.626417351678659, "sun_azimuth_angle": 57.39521330555984, "fog_distance": "0", "cloudiness": 72.2485330834723, "fog_density": 9.472458378744946, "wetness": 82.81061122166349, "precipitation_deposits": 33.02393761594244}}], "scenario_type": "Scenario39"}], "Town04": [{"available_event_configurations": [{"transform": {"pitch": "0", "x": 254.9, "y": -230.9, "yaw": 90, "z": 0}, "_start_distance": 15.412850363073922, "_actor_vel": 2.060858476036359, "_trigger_distance": 18.71446767088097, "_brake": 0.7853218535753239, "weather": {"sun_altitude_angle": 21.015678820747425, "precipitation": 50.55943774067725, "wind_intensity": 5.626417351678659, "sun_azimuth_angle": 57.39521330555984, "fog_distance": "0", "cloudiness": 72.2485330834723, "fog_density": 9.472458378744946, "wetness": 82.81061122166349, "precipitation_deposits": 33.02393761594244}}], "scenario_type": "Scenario39"}], "Town03": [{"available_event_configurations": [{"transform": {"pitch": "0", "x": -88.5, "y": -90, "yaw": 90, "z": 0}, "_start_distance": 15.412850363073922, "_actor_vel": 2.060858476036359, "_trigger_distance": 18.71446767088097, "_brake": 0.7853218535753239, "weather": {"sun_altitude_angle": 21.015678820747425, "precipitation": 50.55943774067725, "wind_intensity": 5.626417351678659, "sun_azimuth_angle": 57.39521330555984, "fog_distance": "0", "cloudiness": 72.2485330834723, "fog_density": 9.472458378744946, "wetness": 82.81061122166349, "precipitation_deposits": 33.02393761594244}}], "scenario_type": "Scenario39"}]}]}