{"available_scenarios": [{"Town05": [{"available_event_configurations": [{"transform": {"pitch": "0", "x": 35, "y": 130, "yaw": -90, "z": 0}, "_start_distance": 17.69382462019204, "_actor_vel": 2.1632677018249424, "_trigger_distance": 19.114592533306208, "_brake": 0.7489649818197293}, {"transform": {"pitch": "0", "x": 35, "y": 70, "yaw": -90, "z": 0}, "_start_distance": 17.69382462019204, "_actor_vel": 2.1632677018249424, "_trigger_distance": 19.114592533306208, "_brake": 0.7489649818197293, "weather": {"sun_altitude_angle": 83.61085551174622, "precipitation": 72.92665963371132, "wind_intensity": 32.17696344073102, "sun_azimuth_angle": 196.82609452925018, "fog_distance": "0", "cloudiness": 55.09105569915251, "fog_density": 0.7852466762005794, "wetness": 99.39018265170294, "precipitation_deposits": 95.62864703356206}}], "scenario_type": "Scenario39"}], "Town01": [{"available_event_configurations": [{"transform": {"pitch": "0", "x": 300, "y": 129, "yaw": 180, "z": 0}, "_start_distance": 17.69382462019204, "_actor_vel": 2.1632677018249424, "_trigger_distance": 19.114592533306208, "_brake": 0.7489649818197293, "weather": {"sun_altitude_angle": 83.61085551174622, "precipitation": 72.92665963371132, "wind_intensity": 32.17696344073102, "sun_azimuth_angle": 196.82609452925018, "fog_distance": "0", "cloudiness": 55.09105569915251, "fog_density": 0.7852466762005794, "wetness": 99.39018265170294, "precipitation_deposits": 95.62864703356206}}], "scenario_type": "Scenario39"}], "Town04": [{"available_event_configurations": [{"transform": {"pitch": "0", "x": 254.9, "y": -230.9, "yaw": 90, "z": 0}, "_start_distance": 17.69382462019204, "_actor_vel": 2.1632677018249424, "_trigger_distance": 19.114592533306208, "_brake": 0.7489649818197293, "weather": {"sun_altitude_angle": 83.61085551174622, "precipitation": 72.92665963371132, "wind_intensity": 32.17696344073102, "sun_azimuth_angle": 196.82609452925018, "fog_distance": "0", "cloudiness": 55.09105569915251, "fog_density": 0.7852466762005794, "wetness": 99.39018265170294, "precipitation_deposits": 95.62864703356206}}], "scenario_type": "Scenario39"}], "Town03": [{"available_event_configurations": [{"transform": {"pitch": "0", "x": -88.5, "y": -90, "yaw": 90, "z": 0}, "_start_distance": 17.69382462019204, "_actor_vel": 2.1632677018249424, "_trigger_distance": 19.114592533306208, "_brake": 0.7489649818197293, "weather": {"sun_altitude_angle": 83.61085551174622, "precipitation": 72.92665963371132, "wind_intensity": 32.17696344073102, "sun_azimuth_angle": 196.82609452925018, "fog_distance": "0", "cloudiness": 55.09105569915251, "fog_density": 0.7852466762005794, "wetness": 99.39018265170294, "precipitation_deposits": 95.62864703356206}}], "scenario_type": "Scenario39"}]}]}