{"available_scenarios": [{"Town05": [{"available_event_configurations": [{"transform": {"pitch": "0", "x": 35, "y": 130, "yaw": -90, "z": 0}, "_start_distance": 19.762444281483457, "_actor_vel": 2.2889612188703015, "_trigger_distance": 19.91883691289201, "_brake": 0.7523759419485501}, {"transform": {"pitch": "0", "x": 35, "y": 70, "yaw": -90, "z": 0}, "_start_distance": 19.762444281483457, "_actor_vel": 2.2889612188703015, "_trigger_distance": 19.91883691289201, "_brake": 0.7523759419485501, "weather": {"sun_altitude_angle": 80.64816450255617, "precipitation": 71.80342597509554, "wind_intensity": 23.453706183112732, "sun_azimuth_angle": 319.5457797015566, "fog_distance": "0", "cloudiness": 65.28601235982921, "fog_density": 3.475512223223267, "wetness": 53.03848352980817, "precipitation_deposits": 77.43117760271146}}], "scenario_type": "Scenario39"}], "Town01": [{"available_event_configurations": [{"transform": {"pitch": "0", "x": 300, "y": 129, "yaw": 180, "z": 0}, "_start_distance": 19.762444281483457, "_actor_vel": 2.2889612188703015, "_trigger_distance": 19.91883691289201, "_brake": 0.7523759419485501, "weather": {"sun_altitude_angle": 80.64816450255617, "precipitation": 71.80342597509554, "wind_intensity": 23.453706183112732, "sun_azimuth_angle": 319.5457797015566, "fog_distance": "0", "cloudiness": 65.28601235982921, "fog_density": 3.475512223223267, "wetness": 53.03848352980817, "precipitation_deposits": 77.43117760271146}}], "scenario_type": "Scenario39"}], "Town04": [{"available_event_configurations": [{"transform": {"pitch": "0", "x": 254.9, "y": -230.9, "yaw": 90, "z": 0}, "_start_distance": 19.762444281483457, "_actor_vel": 2.2889612188703015, "_trigger_distance": 19.91883691289201, "_brake": 0.7523759419485501, "weather": {"sun_altitude_angle": 80.64816450255617, "precipitation": 71.80342597509554, "wind_intensity": 23.453706183112732, "sun_azimuth_angle": 319.5457797015566, "fog_distance": "0", "cloudiness": 65.28601235982921, "fog_density": 3.475512223223267, "wetness": 53.03848352980817, "precipitation_deposits": 77.43117760271146}}], "scenario_type": "Scenario39"}], "Town03": [{"available_event_configurations": [{"transform": {"pitch": "0", "x": -88.5, "y": -90, "yaw": 90, "z": 0}, "_start_distance": 19.762444281483457, "_actor_vel": 2.2889612188703015, "_trigger_distance": 19.91883691289201, "_brake": 0.7523759419485501, "weather": {"sun_altitude_angle": 80.64816450255617, "precipitation": 71.80342597509554, "wind_intensity": 23.453706183112732, "sun_azimuth_angle": 319.5457797015566, "fog_distance": "0", "cloudiness": 65.28601235982921, "fog_density": 3.475512223223267, "wetness": 53.03848352980817, "precipitation_deposits": 77.43117760271146}}], "scenario_type": "Scenario39"}]}]}