{"available_scenarios": [{"Town05": [{"available_event_configurations": [{"transform": {"pitch": "0", "x": 35, "y": 130, "yaw": -90, "z": 0}, "_start_distance": 17.565281177286494, "_actor_vel": 2.450449218884774, "_trigger_distance": 18.836914131253224, "_brake": 0.9626308958771808}, {"transform": {"pitch": "0", "x": 35, "y": 70, "yaw": -90, "z": 0}, "_start_distance": 17.565281177286494, "_actor_vel": 2.450449218884774, "_trigger_distance": 18.836914131253224, "_brake": 0.9626308958771808, "weather": {"sun_altitude_angle": 6.194438988132126, "precipitation": 23.68315742569561, "wind_intensity": 49.03646837630059, "sun_azimuth_angle": 279.53489390726196, "fog_distance": "0", "cloudiness": 93.63105484736626, "fog_density": 7.260997137530614, "wetness": 55.28011759952168, "precipitation_deposits": 15.52058821698392}}], "scenario_type": "Scenario39"}], "Town01": [{"available_event_configurations": [{"transform": {"pitch": "0", "x": 300, "y": 129, "yaw": 180, "z": 0}, "_start_distance": 17.565281177286494, "_actor_vel": 2.450449218884774, "_trigger_distance": 18.836914131253224, "_brake": 0.9626308958771808, "weather": {"sun_altitude_angle": 6.194438988132126, "precipitation": 23.68315742569561, "wind_intensity": 49.03646837630059, "sun_azimuth_angle": 279.53489390726196, "fog_distance": "0", "cloudiness": 93.63105484736626, "fog_density": 7.260997137530614, "wetness": 55.28011759952168, "precipitation_deposits": 15.52058821698392}}], "scenario_type": "Scenario39"}], "Town04": [{"available_event_configurations": [{"transform": {"pitch": "0", "x": 254.9, "y": -230.9, "yaw": 90, "z": 0}, "_start_distance": 17.565281177286494, "_actor_vel": 2.450449218884774, "_trigger_distance": 18.836914131253224, "_brake": 0.9626308958771808, "weather": {"sun_altitude_angle": 6.194438988132126, "precipitation": 23.68315742569561, "wind_intensity": 49.03646837630059, "sun_azimuth_angle": 279.53489390726196, "fog_distance": "0", "cloudiness": 93.63105484736626, "fog_density": 7.260997137530614, "wetness": 55.28011759952168, "precipitation_deposits": 15.52058821698392}}], "scenario_type": "Scenario39"}], "Town03": [{"available_event_configurations": [{"transform": {"pitch": "0", "x": -88.5, "y": -90, "yaw": 90, "z": 0}, "_start_distance": 17.565281177286494, "_actor_vel": 2.450449218884774, "_trigger_distance": 18.836914131253224, "_brake": 0.9626308958771808, "weather": {"sun_altitude_angle": 6.194438988132126, "precipitation": 23.68315742569561, "wind_intensity": 49.03646837630059, "sun_azimuth_angle": 279.53489390726196, "fog_distance": "0", "cloudiness": 93.63105484736626, "fog_density": 7.260997137530614, "wetness": 55.28011759952168, "precipitation_deposits": 15.52058821698392}}], "scenario_type": "Scenario39"}]}]}