{"available_scenarios": [{"Town05": [{"available_event_configurations": [{"transform": {"pitch": "0", "x": 35, "y": 130, "yaw": -90, "z": 0}, "_start_distance": 19.7129242995712, "_actor_vel": 2.0611955501326924, "_trigger_distance": 17.6483090234657, "_brake": 0.8922545058939597}, {"transform": {"pitch": "0", "x": 35, "y": 70, "yaw": -90, "z": 0}, "_start_distance": 19.7129242995712, "_actor_vel": 2.0611955501326924, "_trigger_distance": 17.6483090234657, "_brake": 0.8922545058939597, "weather": {"sun_altitude_angle": 76.1432737142395, "precipitation": 34.81754721390221, "wind_intensity": 64.17322644251826, "sun_azimuth_angle": 246.02251384991644, "fog_distance": "0", "cloudiness": 95.34036849866015, "fog_density": 6.236771303953258, "wetness": 26.55106673183599, "precipitation_deposits": 48.25519145288018}}], "scenario_type": "Scenario39"}], "Town01": [{"available_event_configurations": [{"transform": {"pitch": "0", "x": 300, "y": 129, "yaw": 180, "z": 0}, "_start_distance": 19.7129242995712, "_actor_vel": 2.0611955501326924, "_trigger_distance": 17.6483090234657, "_brake": 0.8922545058939597, "weather": {"sun_altitude_angle": 76.1432737142395, "precipitation": 34.81754721390221, "wind_intensity": 64.17322644251826, "sun_azimuth_angle": 246.02251384991644, "fog_distance": "0", "cloudiness": 95.34036849866015, "fog_density": 6.236771303953258, "wetness": 26.55106673183599, "precipitation_deposits": 48.25519145288018}}], "scenario_type": "Scenario39"}], "Town04": [{"available_event_configurations": [{"transform": {"pitch": "0", "x": 254.9, "y": -230.9, "yaw": 90, "z": 0}, "_start_distance": 19.7129242995712, "_actor_vel": 2.0611955501326924, "_trigger_distance": 17.6483090234657, "_brake": 0.8922545058939597, "weather": {"sun_altitude_angle": 76.1432737142395, "precipitation": 34.81754721390221, "wind_intensity": 64.17322644251826, "sun_azimuth_angle": 246.02251384991644, "fog_distance": "0", "cloudiness": 95.34036849866015, "fog_density": 6.236771303953258, "wetness": 26.55106673183599, "precipitation_deposits": 48.25519145288018}}], "scenario_type": "Scenario39"}], "Town03": [{"available_event_configurations": [{"transform": {"pitch": "0", "x": -88.5, "y": -90, "yaw": 90, "z": 0}, "_start_distance": 19.7129242995712, "_actor_vel": 2.0611955501326924, "_trigger_distance": 17.6483090234657, "_brake": 0.8922545058939597, "weather": {"sun_altitude_angle": 76.1432737142395, "precipitation": 34.81754721390221, "wind_intensity": 64.17322644251826, "sun_azimuth_angle": 246.02251384991644, "fog_distance": "0", "cloudiness": 95.34036849866015, "fog_density": 6.236771303953258, "wetness": 26.55106673183599, "precipitation_deposits": 48.25519145288018}}], "scenario_type": "Scenario39"}]}]}