{"available_scenarios": [{"Town05": [{"available_event_configurations": [{"transform": {"pitch": "0", "x": 35, "y": 130, "yaw": -90, "z": 0}, "_start_distance": 18.224016865446, "_actor_vel": 2.3449859619544773, "_trigger_distance": 19.02809869601664, "_brake": 0.8651446897891858}, {"transform": {"pitch": "0", "x": 35, "y": 70, "yaw": -90, "z": 0}, "_start_distance": 18.224016865446, "_actor_vel": 2.3449859619544773, "_trigger_distance": 19.02809869601664, "_brake": 0.8651446897891858, "weather": {"sun_altitude_angle": 22.280157609530363, "precipitation": 39.79442165146653, "wind_intensity": 90.16879431987974, "sun_azimuth_angle": 151.47574483490436, "fog_distance": "0", "cloudiness": 89.78191625391706, "fog_density": 6.4637764073431745, "wetness": 68.61170352008594, "precipitation_deposits": 72.50737125202107}}], "scenario_type": "Scenario39"}], "Town01": [{"available_event_configurations": [{"transform": {"pitch": "0", "x": 300, "y": 129, "yaw": 180, "z": 0}, "_start_distance": 18.224016865446, "_actor_vel": 2.3449859619544773, "_trigger_distance": 19.02809869601664, "_brake": 0.8651446897891858, "weather": {"sun_altitude_angle": 22.280157609530363, "precipitation": 39.79442165146653, "wind_intensity": 90.16879431987974, "sun_azimuth_angle": 151.47574483490436, "fog_distance": "0", "cloudiness": 89.78191625391706, "fog_density": 6.4637764073431745, "wetness": 68.61170352008594, "precipitation_deposits": 72.50737125202107}}], "scenario_type": "Scenario39"}], "Town04": [{"available_event_configurations": [{"transform": {"pitch": "0", "x": 254.9, "y": -230.9, "yaw": 90, "z": 0}, "_start_distance": 18.224016865446, "_actor_vel": 2.3449859619544773, "_trigger_distance": 19.02809869601664, "_brake": 0.8651446897891858, "weather": {"sun_altitude_angle": 22.280157609530363, "precipitation": 39.79442165146653, "wind_intensity": 90.16879431987974, "sun_azimuth_angle": 151.47574483490436, "fog_distance": "0", "cloudiness": 89.78191625391706, "fog_density": 6.4637764073431745, "wetness": 68.61170352008594, "precipitation_deposits": 72.50737125202107}}], "scenario_type": "Scenario39"}], "Town03": [{"available_event_configurations": [{"transform": {"pitch": "0", "x": -88.5, "y": -90, "yaw": 90, "z": 0}, "_start_distance": 18.224016865446, "_actor_vel": 2.3449859619544773, "_trigger_distance": 19.02809869601664, "_brake": 0.8651446897891858, "weather": {"sun_altitude_angle": 22.280157609530363, "precipitation": 39.79442165146653, "wind_intensity": 90.16879431987974, "sun_azimuth_angle": 151.47574483490436, "fog_distance": "0", "cloudiness": 89.78191625391706, "fog_density": 6.4637764073431745, "wetness": 68.61170352008594, "precipitation_deposits": 72.50737125202107}}], "scenario_type": "Scenario39"}]}]}