{"available_scenarios": [{"Town05": [{"available_event_configurations": [{"transform": {"pitch": "0", "x": 35, "y": 130, "yaw": -90, "z": 0}, "_start_distance": 16.441110723344277, "_actor_vel": 2.47915093882316, "_trigger_distance": 16.779223654349412, "_brake": 0.9810061582275194}, {"transform": {"pitch": "0", "x": 35, "y": 70, "yaw": -90, "z": 0}, "_start_distance": 16.441110723344277, "_actor_vel": 2.47915093882316, "_trigger_distance": 16.779223654349412, "_brake": 0.9810061582275194, "weather": {"sun_altitude_angle": 9.003161146599371, "precipitation": 6.547252913233681, "wind_intensity": 11.284047133808784, "sun_azimuth_angle": 322.61166122353194, "fog_distance": "0", "cloudiness": 40.670032761679096, "fog_density": 9.747075241318258, "wetness": 14.942603056432258, "precipitation_deposits": 27.5178235895322}}], "scenario_type": "Scenario39"}], "Town01": [{"available_event_configurations": [{"transform": {"pitch": "0", "x": 300, "y": 129, "yaw": 180, "z": 0}, "_start_distance": 16.441110723344277, "_actor_vel": 2.47915093882316, "_trigger_distance": 16.779223654349412, "_brake": 0.9810061582275194, "weather": {"sun_altitude_angle": 9.003161146599371, "precipitation": 6.547252913233681, "wind_intensity": 11.284047133808784, "sun_azimuth_angle": 322.61166122353194, "fog_distance": "0", "cloudiness": 40.670032761679096, "fog_density": 9.747075241318258, "wetness": 14.942603056432258, "precipitation_deposits": 27.5178235895322}}], "scenario_type": "Scenario39"}], "Town04": [{"available_event_configurations": [{"transform": {"pitch": "0", "x": 254.9, "y": -230.9, "yaw": 90, "z": 0}, "_start_distance": 16.441110723344277, "_actor_vel": 2.47915093882316, "_trigger_distance": 16.779223654349412, "_brake": 0.9810061582275194, "weather": {"sun_altitude_angle": 9.003161146599371, "precipitation": 6.547252913233681, "wind_intensity": 11.284047133808784, "sun_azimuth_angle": 322.61166122353194, "fog_distance": "0", "cloudiness": 40.670032761679096, "fog_density": 9.747075241318258, "wetness": 14.942603056432258, "precipitation_deposits": 27.5178235895322}}], "scenario_type": "Scenario39"}], "Town03": [{"available_event_configurations": [{"transform": {"pitch": "0", "x": -88.5, "y": -90, "yaw": 90, "z": 0}, "_start_distance": 16.441110723344277, "_actor_vel": 2.47915093882316, "_trigger_distance": 16.779223654349412, "_brake": 0.9810061582275194, "weather": {"sun_altitude_angle": 9.003161146599371, "precipitation": 6.547252913233681, "wind_intensity": 11.284047133808784, "sun_azimuth_angle": 322.61166122353194, "fog_distance": "0", "cloudiness": 40.670032761679096, "fog_density": 9.747075241318258, "wetness": 14.942603056432258, "precipitation_deposits": 27.5178235895322}}], "scenario_type": "Scenario39"}]}]}