{"available_scenarios": [{"Town05": [{"available_event_configurations": [{"transform": {"pitch": "0", "x": 35, "y": 130, "yaw": -90, "z": 0}, "_start_distance": 19.018831589570496, "_actor_vel": 2.464551456019376, "_trigger_distance": 17.610322169423686, "_brake": 0.7813184577349177}, {"transform": {"pitch": "0", "x": 35, "y": 70, "yaw": -90, "z": 0}, "_start_distance": 19.018831589570496, "_actor_vel": 2.464551456019376, "_trigger_distance": 17.610322169423686, "_brake": 0.7813184577349177, "weather": {"sun_altitude_angle": 22.018874369746367, "precipitation": 59.986390969628154, "wind_intensity": 63.8510261219552, "sun_azimuth_angle": 130.66061976471417, "fog_distance": "0", "cloudiness": 87.1327901269557, "fog_density": 1.6275043664545674, "wetness": 74.06228180716295, "precipitation_deposits": 95.56004540338193}}], "scenario_type": "Scenario39"}], "Town01": [{"available_event_configurations": [{"transform": {"pitch": "0", "x": 300, "y": 129, "yaw": 180, "z": 0}, "_start_distance": 19.018831589570496, "_actor_vel": 2.464551456019376, "_trigger_distance": 17.610322169423686, "_brake": 0.7813184577349177, "weather": {"sun_altitude_angle": 22.018874369746367, "precipitation": 59.986390969628154, "wind_intensity": 63.8510261219552, "sun_azimuth_angle": 130.66061976471417, "fog_distance": "0", "cloudiness": 87.1327901269557, "fog_density": 1.6275043664545674, "wetness": 74.06228180716295, "precipitation_deposits": 95.56004540338193}}], "scenario_type": "Scenario39"}], "Town04": [{"available_event_configurations": [{"transform": {"pitch": "0", "x": 254.9, "y": -230.9, "yaw": 90, "z": 0}, "_start_distance": 19.018831589570496, "_actor_vel": 2.464551456019376, "_trigger_distance": 17.610322169423686, "_brake": 0.7813184577349177, "weather": {"sun_altitude_angle": 22.018874369746367, "precipitation": 59.986390969628154, "wind_intensity": 63.8510261219552, "sun_azimuth_angle": 130.66061976471417, "fog_distance": "0", "cloudiness": 87.1327901269557, "fog_density": 1.6275043664545674, "wetness": 74.06228180716295, "precipitation_deposits": 95.56004540338193}}], "scenario_type": "Scenario39"}], "Town03": [{"available_event_configurations": [{"transform": {"pitch": "0", "x": -88.5, "y": -90, "yaw": 90, "z": 0}, "_start_distance": 19.018831589570496, "_actor_vel": 2.464551456019376, "_trigger_distance": 17.610322169423686, "_brake": 0.7813184577349177, "weather": {"sun_altitude_angle": 22.018874369746367, "precipitation": 59.986390969628154, "wind_intensity": 63.8510261219552, "sun_azimuth_angle": 130.66061976471417, "fog_distance": "0", "cloudiness": 87.1327901269557, "fog_density": 1.6275043664545674, "wetness": 74.06228180716295, "precipitation_deposits": 95.56004540338193}}], "scenario_type": "Scenario39"}]}]}