{"available_scenarios": [{"Town05": [{"available_event_configurations": [{"transform": {"pitch": "0", "x": 35, "y": 130, "yaw": -90, "z": 0}, "_start_distance": 18.02950152503641, "_actor_vel": 2.130155131129809, "_trigger_distance": 16.791140891229126, "_brake": 0.7074121542769511}, {"transform": {"pitch": "0", "x": 35, "y": 70, "yaw": -90, "z": 0}, "_start_distance": 18.02950152503641, "_actor_vel": 2.130155131129809, "_trigger_distance": 16.791140891229126, "_brake": 0.7074121542769511, "weather": {"sun_altitude_angle": 60.70496104957348, "precipitation": 29.884683403639144, "wind_intensity": 6.925633955743537, "sun_azimuth_angle": 216.75169925321717, "fog_distance": "0", "cloudiness": 19.207486967463762, "fog_density": 8.158377203356283, "wetness": 22.12076129591807, "precipitation_deposits": 5.697161099246706}}], "scenario_type": "Scenario39"}], "Town01": [{"available_event_configurations": [{"transform": {"pitch": "0", "x": 300, "y": 129, "yaw": 180, "z": 0}, "_start_distance": 18.02950152503641, "_actor_vel": 2.130155131129809, "_trigger_distance": 16.791140891229126, "_brake": 0.7074121542769511, "weather": {"sun_altitude_angle": 60.70496104957348, "precipitation": 29.884683403639144, "wind_intensity": 6.925633955743537, "sun_azimuth_angle": 216.75169925321717, "fog_distance": "0", "cloudiness": 19.207486967463762, "fog_density": 8.158377203356283, "wetness": 22.12076129591807, "precipitation_deposits": 5.697161099246706}}], "scenario_type": "Scenario39"}], "Town04": [{"available_event_configurations": [{"transform": {"pitch": "0", "x": 254.9, "y": -230.9, "yaw": 90, "z": 0}, "_start_distance": 18.02950152503641, "_actor_vel": 2.130155131129809, "_trigger_distance": 16.791140891229126, "_brake": 0.7074121542769511, "weather": {"sun_altitude_angle": 60.70496104957348, "precipitation": 29.884683403639144, "wind_intensity": 6.925633955743537, "sun_azimuth_angle": 216.75169925321717, "fog_distance": "0", "cloudiness": 19.207486967463762, "fog_density": 8.158377203356283, "wetness": 22.12076129591807, "precipitation_deposits": 5.697161099246706}}], "scenario_type": "Scenario39"}], "Town03": [{"available_event_configurations": [{"transform": {"pitch": "0", "x": -88.5, "y": -90, "yaw": 90, "z": 0}, "_start_distance": 18.02950152503641, "_actor_vel": 2.130155131129809, "_trigger_distance": 16.791140891229126, "_brake": 0.7074121542769511, "weather": {"sun_altitude_angle": 60.70496104957348, "precipitation": 29.884683403639144, "wind_intensity": 6.925633955743537, "sun_azimuth_angle": 216.75169925321717, "fog_distance": "0", "cloudiness": 19.207486967463762, "fog_density": 8.158377203356283, "wetness": 22.12076129591807, "precipitation_deposits": 5.697161099246706}}], "scenario_type": "Scenario39"}]}]}