{"available_scenarios": [{"Town05": [{"available_event_configurations": [{"transform": {"pitch": "0", "x": 35, "y": 130, "yaw": -90, "z": 0}, "_start_distance": 18.583694434071592, "_actor_vel": 2.4719501541168305, "_trigger_distance": 19.976457670434996, "_brake": 0.6192674885514213}, {"transform": {"pitch": "0", "x": 35, "y": 70, "yaw": -90, "z": 0}, "_start_distance": 18.583694434071592, "_actor_vel": 2.4719501541168305, "_trigger_distance": 19.976457670434996, "_brake": 0.6192674885514213, "weather": {"sun_altitude_angle": 29.251419715590814, "precipitation": 49.75603104714481, "wind_intensity": 82.5012676224022, "sun_azimuth_angle": 281.5865124959692, "fog_distance": "0", "cloudiness": 23.103354606281634, "fog_density": 5.229869466243926, "wetness": 83.8049842025005, "precipitation_deposits": 39.268140998886835}}], "scenario_type": "Scenario39"}], "Town01": [{"available_event_configurations": [{"transform": {"pitch": "0", "x": 300, "y": 129, "yaw": 180, "z": 0}, "_start_distance": 18.583694434071592, "_actor_vel": 2.4719501541168305, "_trigger_distance": 19.976457670434996, "_brake": 0.6192674885514213, "weather": {"sun_altitude_angle": 29.251419715590814, "precipitation": 49.75603104714481, "wind_intensity": 82.5012676224022, "sun_azimuth_angle": 281.5865124959692, "fog_distance": "0", "cloudiness": 23.103354606281634, "fog_density": 5.229869466243926, "wetness": 83.8049842025005, "precipitation_deposits": 39.268140998886835}}], "scenario_type": "Scenario39"}], "Town04": [{"available_event_configurations": [{"transform": {"pitch": "0", "x": 254.9, "y": -230.9, "yaw": 90, "z": 0}, "_start_distance": 18.583694434071592, "_actor_vel": 2.4719501541168305, "_trigger_distance": 19.976457670434996, "_brake": 0.6192674885514213, "weather": {"sun_altitude_angle": 29.251419715590814, "precipitation": 49.75603104714481, "wind_intensity": 82.5012676224022, "sun_azimuth_angle": 281.5865124959692, "fog_distance": "0", "cloudiness": 23.103354606281634, "fog_density": 5.229869466243926, "wetness": 83.8049842025005, "precipitation_deposits": 39.268140998886835}}], "scenario_type": "Scenario39"}], "Town03": [{"available_event_configurations": [{"transform": {"pitch": "0", "x": -88.5, "y": -90, "yaw": 90, "z": 0}, "_start_distance": 18.583694434071592, "_actor_vel": 2.4719501541168305, "_trigger_distance": 19.976457670434996, "_brake": 0.6192674885514213, "weather": {"sun_altitude_angle": 29.251419715590814, "precipitation": 49.75603104714481, "wind_intensity": 82.5012676224022, "sun_azimuth_angle": 281.5865124959692, "fog_distance": "0", "cloudiness": 23.103354606281634, "fog_density": 5.229869466243926, "wetness": 83.8049842025005, "precipitation_deposits": 39.268140998886835}}], "scenario_type": "Scenario39"}]}]}