{"available_scenarios": [{"Town05": [{"available_event_configurations": [{"transform": {"pitch": "0", "x": 35, "y": 130, "yaw": -90, "z": 0}, "_start_distance": 18.919349630612803, "_actor_vel": 2.493778838770482, "_trigger_distance": 18.127119491808017, "_brake": 0.931916251008511}, {"transform": {"pitch": "0", "x": 35, "y": 70, "yaw": -90, "z": 0}, "_start_distance": 18.919349630612803, "_actor_vel": 2.493778838770482, "_trigger_distance": 18.127119491808017, "_brake": 0.931916251008511, "weather": {"sun_altitude_angle": 77.82737042334, "precipitation": 27.69898684015849, "wind_intensity": 93.65368649678754, "sun_azimuth_angle": 103.41307835591978, "fog_distance": "0", "cloudiness": 87.84808983879849, "fog_density": 2.430105561646246, "wetness": 45.43392724189601, "precipitation_deposits": 76.98953270268522}}], "scenario_type": "Scenario39"}], "Town01": [{"available_event_configurations": [{"transform": {"pitch": "0", "x": 300, "y": 129, "yaw": 180, "z": 0}, "_start_distance": 18.919349630612803, "_actor_vel": 2.493778838770482, "_trigger_distance": 18.127119491808017, "_brake": 0.931916251008511, "weather": {"sun_altitude_angle": 77.82737042334, "precipitation": 27.69898684015849, "wind_intensity": 93.65368649678754, "sun_azimuth_angle": 103.41307835591978, "fog_distance": "0", "cloudiness": 87.84808983879849, "fog_density": 2.430105561646246, "wetness": 45.43392724189601, "precipitation_deposits": 76.98953270268522}}], "scenario_type": "Scenario39"}], "Town04": [{"available_event_configurations": [{"transform": {"pitch": "0", "x": 254.9, "y": -230.9, "yaw": 90, "z": 0}, "_start_distance": 18.919349630612803, "_actor_vel": 2.493778838770482, "_trigger_distance": 18.127119491808017, "_brake": 0.931916251008511, "weather": {"sun_altitude_angle": 77.82737042334, "precipitation": 27.69898684015849, "wind_intensity": 93.65368649678754, "sun_azimuth_angle": 103.41307835591978, "fog_distance": "0", "cloudiness": 87.84808983879849, "fog_density": 2.430105561646246, "wetness": 45.43392724189601, "precipitation_deposits": 76.98953270268522}}], "scenario_type": "Scenario39"}], "Town03": [{"available_event_configurations": [{"transform": {"pitch": "0", "x": -88.5, "y": -90, "yaw": 90, "z": 0}, "_start_distance": 18.919349630612803, "_actor_vel": 2.493778838770482, "_trigger_distance": 18.127119491808017, "_brake": 0.931916251008511, "weather": {"sun_altitude_angle": 77.82737042334, "precipitation": 27.69898684015849, "wind_intensity": 93.65368649678754, "sun_azimuth_angle": 103.41307835591978, "fog_distance": "0", "cloudiness": 87.84808983879849, "fog_density": 2.430105561646246, "wetness": 45.43392724189601, "precipitation_deposits": 76.98953270268522}}], "scenario_type": "Scenario39"}]}]}