{"available_scenarios": [{"Town05": [{"available_event_configurations": [{"transform": {"pitch": "0", "x": 35, "y": 130, "yaw": -90, "z": 0}, "_start_distance": 17.999582079667533, "_actor_vel": 2.213365539268016, "_trigger_distance": 17.844052079374897, "_brake": 0.533182469330619}, {"transform": {"pitch": "0", "x": 35, "y": 70, "yaw": -90, "z": 0}, "_start_distance": 17.999582079667533, "_actor_vel": 2.213365539268016, "_trigger_distance": 17.844052079374897, "_brake": 0.533182469330619, "weather": {"sun_altitude_angle": 70.28994112023774, "precipitation": 95.8820919783876, "wind_intensity": 34.12744261370242, "sun_azimuth_angle": 42.51758806686744, "fog_distance": "0", "cloudiness": 3.1970111676239643, "fog_density": 9.608354835844858, "wetness": 86.44856378799115, "precipitation_deposits": 56.518408376256815}}], "scenario_type": "Scenario39"}], "Town01": [{"available_event_configurations": [{"transform": {"pitch": "0", "x": 300, "y": 129, "yaw": 180, "z": 0}, "_start_distance": 17.999582079667533, "_actor_vel": 2.213365539268016, "_trigger_distance": 17.844052079374897, "_brake": 0.533182469330619, "weather": {"sun_altitude_angle": 70.28994112023774, "precipitation": 95.8820919783876, "wind_intensity": 34.12744261370242, "sun_azimuth_angle": 42.51758806686744, "fog_distance": "0", "cloudiness": 3.1970111676239643, "fog_density": 9.608354835844858, "wetness": 86.44856378799115, "precipitation_deposits": 56.518408376256815}}], "scenario_type": "Scenario39"}], "Town04": [{"available_event_configurations": [{"transform": {"pitch": "0", "x": 254.9, "y": -230.9, "yaw": 90, "z": 0}, "_start_distance": 17.999582079667533, "_actor_vel": 2.213365539268016, "_trigger_distance": 17.844052079374897, "_brake": 0.533182469330619, "weather": {"sun_altitude_angle": 70.28994112023774, "precipitation": 95.8820919783876, "wind_intensity": 34.12744261370242, "sun_azimuth_angle": 42.51758806686744, "fog_distance": "0", "cloudiness": 3.1970111676239643, "fog_density": 9.608354835844858, "wetness": 86.44856378799115, "precipitation_deposits": 56.518408376256815}}], "scenario_type": "Scenario39"}], "Town03": [{"available_event_configurations": [{"transform": {"pitch": "0", "x": -88.5, "y": -90, "yaw": 90, "z": 0}, "_start_distance": 17.999582079667533, "_actor_vel": 2.213365539268016, "_trigger_distance": 17.844052079374897, "_brake": 0.533182469330619, "weather": {"sun_altitude_angle": 70.28994112023774, "precipitation": 95.8820919783876, "wind_intensity": 34.12744261370242, "sun_azimuth_angle": 42.51758806686744, "fog_distance": "0", "cloudiness": 3.1970111676239643, "fog_density": 9.608354835844858, "wetness": 86.44856378799115, "precipitation_deposits": 56.518408376256815}}], "scenario_type": "Scenario39"}]}]}