{"available_scenarios": [{"Town05": [{"available_event_configurations": [{"transform": {"pitch": "0", "x": 35, "y": 130, "yaw": -90, "z": 0}, "_start_distance": 16.610539654054723, "_actor_vel": 2.299601401752489, "_trigger_distance": 15.80889999781649, "_brake": 0.5393946154740346}, {"transform": {"pitch": "0", "x": 35, "y": 70, "yaw": -90, "z": 0}, "_start_distance": 16.610539654054723, "_actor_vel": 2.299601401752489, "_trigger_distance": 15.80889999781649, "_brake": 0.5393946154740346, "weather": {"sun_altitude_angle": 61.55932806983357, "precipitation": 53.211121934558626, "wind_intensity": 71.26965370531687, "sun_azimuth_angle": 87.93852211330515, "fog_distance": "0", "cloudiness": 2.1134679609236207, "fog_density": 8.543139494569372, "wetness": 66.46388968053081, "precipitation_deposits": 80.99184560209969}}], "scenario_type": "Scenario39"}], "Town01": [{"available_event_configurations": [{"transform": {"pitch": "0", "x": 300, "y": 129, "yaw": 180, "z": 0}, "_start_distance": 16.610539654054723, "_actor_vel": 2.299601401752489, "_trigger_distance": 15.80889999781649, "_brake": 0.5393946154740346, "weather": {"sun_altitude_angle": 61.55932806983357, "precipitation": 53.211121934558626, "wind_intensity": 71.26965370531687, "sun_azimuth_angle": 87.93852211330515, "fog_distance": "0", "cloudiness": 2.1134679609236207, "fog_density": 8.543139494569372, "wetness": 66.46388968053081, "precipitation_deposits": 80.99184560209969}}], "scenario_type": "Scenario39"}], "Town04": [{"available_event_configurations": [{"transform": {"pitch": "0", "x": 254.9, "y": -230.9, "yaw": 90, "z": 0}, "_start_distance": 16.610539654054723, "_actor_vel": 2.299601401752489, "_trigger_distance": 15.80889999781649, "_brake": 0.5393946154740346, "weather": {"sun_altitude_angle": 61.55932806983357, "precipitation": 53.211121934558626, "wind_intensity": 71.26965370531687, "sun_azimuth_angle": 87.93852211330515, "fog_distance": "0", "cloudiness": 2.1134679609236207, "fog_density": 8.543139494569372, "wetness": 66.46388968053081, "precipitation_deposits": 80.99184560209969}}], "scenario_type": "Scenario39"}], "Town03": [{"available_event_configurations": [{"transform": {"pitch": "0", "x": -88.5, "y": -90, "yaw": 90, "z": 0}, "_start_distance": 16.610539654054723, "_actor_vel": 2.299601401752489, "_trigger_distance": 15.80889999781649, "_brake": 0.5393946154740346, "weather": {"sun_altitude_angle": 61.55932806983357, "precipitation": 53.211121934558626, "wind_intensity": 71.26965370531687, "sun_azimuth_angle": 87.93852211330515, "fog_distance": "0", "cloudiness": 2.1134679609236207, "fog_density": 8.543139494569372, "wetness": 66.46388968053081, "precipitation_deposits": 80.99184560209969}}], "scenario_type": "Scenario39"}]}]}