{"available_scenarios": [{"Town05": [{"available_event_configurations": [{"transform": {"pitch": "0", "x": 35, "y": 130, "yaw": -90, "z": 0}, "_start_distance": 19.407078670237674, "_actor_vel": 2.370181597909113, "_trigger_distance": 19.013760761177572, "_brake": 0.8715059812145791}, {"transform": {"pitch": "0", "x": 35, "y": 70, "yaw": -90, "z": 0}, "_start_distance": 19.407078670237674, "_actor_vel": 2.370181597909113, "_trigger_distance": 19.013760761177572, "_brake": 0.8715059812145791, "weather": {"sun_altitude_angle": 72.44161754631162, "precipitation": 88.68352381598184, "wind_intensity": 42.17499543142672, "sun_azimuth_angle": 103.34661682680522, "fog_distance": "0", "cloudiness": 79.59744077285433, "fog_density": 9.801698992240146, "wetness": 52.05711631722979, "precipitation_deposits": 74.73272448314027}}], "scenario_type": "Scenario39"}], "Town01": [{"available_event_configurations": [{"transform": {"pitch": "0", "x": 300, "y": 129, "yaw": 180, "z": 0}, "_start_distance": 19.407078670237674, "_actor_vel": 2.370181597909113, "_trigger_distance": 19.013760761177572, "_brake": 0.8715059812145791, "weather": {"sun_altitude_angle": 72.44161754631162, "precipitation": 88.68352381598184, "wind_intensity": 42.17499543142672, "sun_azimuth_angle": 103.34661682680522, "fog_distance": "0", "cloudiness": 79.59744077285433, "fog_density": 9.801698992240146, "wetness": 52.05711631722979, "precipitation_deposits": 74.73272448314027}}], "scenario_type": "Scenario39"}], "Town04": [{"available_event_configurations": [{"transform": {"pitch": "0", "x": 254.9, "y": -230.9, "yaw": 90, "z": 0}, "_start_distance": 19.407078670237674, "_actor_vel": 2.370181597909113, "_trigger_distance": 19.013760761177572, "_brake": 0.8715059812145791, "weather": {"sun_altitude_angle": 72.44161754631162, "precipitation": 88.68352381598184, "wind_intensity": 42.17499543142672, "sun_azimuth_angle": 103.34661682680522, "fog_distance": "0", "cloudiness": 79.59744077285433, "fog_density": 9.801698992240146, "wetness": 52.05711631722979, "precipitation_deposits": 74.73272448314027}}], "scenario_type": "Scenario39"}], "Town03": [{"available_event_configurations": [{"transform": {"pitch": "0", "x": -88.5, "y": -90, "yaw": 90, "z": 0}, "_start_distance": 19.407078670237674, "_actor_vel": 2.370181597909113, "_trigger_distance": 19.013760761177572, "_brake": 0.8715059812145791, "weather": {"sun_altitude_angle": 72.44161754631162, "precipitation": 88.68352381598184, "wind_intensity": 42.17499543142672, "sun_azimuth_angle": 103.34661682680522, "fog_distance": "0", "cloudiness": 79.59744077285433, "fog_density": 9.801698992240146, "wetness": 52.05711631722979, "precipitation_deposits": 74.73272448314027}}], "scenario_type": "Scenario39"}]}]}