{"available_scenarios": [{"Town05": [{"available_event_configurations": [{"transform": {"pitch": "0", "x": 35, "y": 130, "yaw": -90, "z": 0}, "_start_distance": 17.662235765733538, "_actor_vel": 2.4350145887127432, "_trigger_distance": 19.549615227433765, "_brake": 0.9254436225717676}, {"transform": {"pitch": "0", "x": 35, "y": 70, "yaw": -90, "z": 0}, "_start_distance": 17.662235765733538, "_actor_vel": 2.4350145887127432, "_trigger_distance": 19.549615227433765, "_brake": 0.9254436225717676, "weather": {"sun_altitude_angle": 55.186476823511406, "precipitation": 45.94216865789404, "wind_intensity": 11.686249407690008, "sun_azimuth_angle": 199.79999230641138, "fog_distance": "0", "cloudiness": 24.161296635689634, "fog_density": 2.524256663318256, "wetness": 5.406271643096883, "precipitation_deposits": 40.12175878336486}}], "scenario_type": "Scenario39"}], "Town01": [{"available_event_configurations": [{"transform": {"pitch": "0", "x": 300, "y": 129, "yaw": 180, "z": 0}, "_start_distance": 17.662235765733538, "_actor_vel": 2.4350145887127432, "_trigger_distance": 19.549615227433765, "_brake": 0.9254436225717676, "weather": {"sun_altitude_angle": 55.186476823511406, "precipitation": 45.94216865789404, "wind_intensity": 11.686249407690008, "sun_azimuth_angle": 199.79999230641138, "fog_distance": "0", "cloudiness": 24.161296635689634, "fog_density": 2.524256663318256, "wetness": 5.406271643096883, "precipitation_deposits": 40.12175878336486}}], "scenario_type": "Scenario39"}], "Town04": [{"available_event_configurations": [{"transform": {"pitch": "0", "x": 254.9, "y": -230.9, "yaw": 90, "z": 0}, "_start_distance": 17.662235765733538, "_actor_vel": 2.4350145887127432, "_trigger_distance": 19.549615227433765, "_brake": 0.9254436225717676, "weather": {"sun_altitude_angle": 55.186476823511406, "precipitation": 45.94216865789404, "wind_intensity": 11.686249407690008, "sun_azimuth_angle": 199.79999230641138, "fog_distance": "0", "cloudiness": 24.161296635689634, "fog_density": 2.524256663318256, "wetness": 5.406271643096883, "precipitation_deposits": 40.12175878336486}}], "scenario_type": "Scenario39"}], "Town03": [{"available_event_configurations": [{"transform": {"pitch": "0", "x": -88.5, "y": -90, "yaw": 90, "z": 0}, "_start_distance": 17.662235765733538, "_actor_vel": 2.4350145887127432, "_trigger_distance": 19.549615227433765, "_brake": 0.9254436225717676, "weather": {"sun_altitude_angle": 55.186476823511406, "precipitation": 45.94216865789404, "wind_intensity": 11.686249407690008, "sun_azimuth_angle": 199.79999230641138, "fog_distance": "0", "cloudiness": 24.161296635689634, "fog_density": 2.524256663318256, "wetness": 5.406271643096883, "precipitation_deposits": 40.12175878336486}}], "scenario_type": "Scenario39"}]}]}