{"available_scenarios": [{"Town05": [{"available_event_configurations": [{"transform": {"pitch": "0", "x": 35, "y": 130, "yaw": -90, "z": 0}, "_start_distance": 17.63232692463604, "_actor_vel": 2.320437968579409, "_trigger_distance": 18.193153504375374, "_brake": 0.777878913819877}, {"transform": {"pitch": "0", "x": 35, "y": 70, "yaw": -90, "z": 0}, "_start_distance": 17.63232692463604, "_actor_vel": 2.320437968579409, "_trigger_distance": 18.193153504375374, "_brake": 0.777878913819877, "weather": {"sun_altitude_angle": 85.19553620571496, "precipitation": 77.1783247878504, "wind_intensity": 69.26761416207039, "sun_azimuth_angle": 135.48804155077858, "fog_distance": "0", "cloudiness": 98.41661940319986, "fog_density": 9.144377989138809, "wetness": 9.308398094974512, "precipitation_deposits": 57.743726620024916}}], "scenario_type": "Scenario39"}], "Town01": [{"available_event_configurations": [{"transform": {"pitch": "0", "x": 300, "y": 129, "yaw": 180, "z": 0}, "_start_distance": 17.63232692463604, "_actor_vel": 2.320437968579409, "_trigger_distance": 18.193153504375374, "_brake": 0.777878913819877, "weather": {"sun_altitude_angle": 85.19553620571496, "precipitation": 77.1783247878504, "wind_intensity": 69.26761416207039, "sun_azimuth_angle": 135.48804155077858, "fog_distance": "0", "cloudiness": 98.41661940319986, "fog_density": 9.144377989138809, "wetness": 9.308398094974512, "precipitation_deposits": 57.743726620024916}}], "scenario_type": "Scenario39"}], "Town04": [{"available_event_configurations": [{"transform": {"pitch": "0", "x": 254.9, "y": -230.9, "yaw": 90, "z": 0}, "_start_distance": 17.63232692463604, "_actor_vel": 2.320437968579409, "_trigger_distance": 18.193153504375374, "_brake": 0.777878913819877, "weather": {"sun_altitude_angle": 85.19553620571496, "precipitation": 77.1783247878504, "wind_intensity": 69.26761416207039, "sun_azimuth_angle": 135.48804155077858, "fog_distance": "0", "cloudiness": 98.41661940319986, "fog_density": 9.144377989138809, "wetness": 9.308398094974512, "precipitation_deposits": 57.743726620024916}}], "scenario_type": "Scenario39"}], "Town03": [{"available_event_configurations": [{"transform": {"pitch": "0", "x": -88.5, "y": -90, "yaw": 90, "z": 0}, "_start_distance": 17.63232692463604, "_actor_vel": 2.320437968579409, "_trigger_distance": 18.193153504375374, "_brake": 0.777878913819877, "weather": {"sun_altitude_angle": 85.19553620571496, "precipitation": 77.1783247878504, "wind_intensity": 69.26761416207039, "sun_azimuth_angle": 135.48804155077858, "fog_distance": "0", "cloudiness": 98.41661940319986, "fog_density": 9.144377989138809, "wetness": 9.308398094974512, "precipitation_deposits": 57.743726620024916}}], "scenario_type": "Scenario39"}]}]}