{"available_scenarios": [{"Town05": [{"available_event_configurations": [{"transform": {"pitch": "0", "x": 35, "y": 130, "yaw": -90, "z": 0}, "_start_distance": 18.164773766513044, "_actor_vel": 2.4290140546406915, "_trigger_distance": 18.866356250987028, "_brake": 0.5962490617551542}, {"transform": {"pitch": "0", "x": 35, "y": 70, "yaw": -90, "z": 0}, "_start_distance": 18.164773766513044, "_actor_vel": 2.4290140546406915, "_trigger_distance": 18.866356250987028, "_brake": 0.5962490617551542, "weather": {"sun_altitude_angle": 64.97588530105804, "precipitation": 12.093103742105772, "wind_intensity": 46.64656318467244, "sun_azimuth_angle": 104.47327434971304, "fog_distance": "0", "cloudiness": 59.294609308872595, "fog_density": 0.8681959746363044, "wetness": 36.02305452120318, "precipitation_deposits": 91.06032725199941}}], "scenario_type": "Scenario39"}], "Town01": [{"available_event_configurations": [{"transform": {"pitch": "0", "x": 300, "y": 129, "yaw": 180, "z": 0}, "_start_distance": 18.164773766513044, "_actor_vel": 2.4290140546406915, "_trigger_distance": 18.866356250987028, "_brake": 0.5962490617551542, "weather": {"sun_altitude_angle": 64.97588530105804, "precipitation": 12.093103742105772, "wind_intensity": 46.64656318467244, "sun_azimuth_angle": 104.47327434971304, "fog_distance": "0", "cloudiness": 59.294609308872595, "fog_density": 0.8681959746363044, "wetness": 36.02305452120318, "precipitation_deposits": 91.06032725199941}}], "scenario_type": "Scenario39"}], "Town04": [{"available_event_configurations": [{"transform": {"pitch": "0", "x": 254.9, "y": -230.9, "yaw": 90, "z": 0}, "_start_distance": 18.164773766513044, "_actor_vel": 2.4290140546406915, "_trigger_distance": 18.866356250987028, "_brake": 0.5962490617551542, "weather": {"sun_altitude_angle": 64.97588530105804, "precipitation": 12.093103742105772, "wind_intensity": 46.64656318467244, "sun_azimuth_angle": 104.47327434971304, "fog_distance": "0", "cloudiness": 59.294609308872595, "fog_density": 0.8681959746363044, "wetness": 36.02305452120318, "precipitation_deposits": 91.06032725199941}}], "scenario_type": "Scenario39"}], "Town03": [{"available_event_configurations": [{"transform": {"pitch": "0", "x": -88.5, "y": -90, "yaw": 90, "z": 0}, "_start_distance": 18.164773766513044, "_actor_vel": 2.4290140546406915, "_trigger_distance": 18.866356250987028, "_brake": 0.5962490617551542, "weather": {"sun_altitude_angle": 64.97588530105804, "precipitation": 12.093103742105772, "wind_intensity": 46.64656318467244, "sun_azimuth_angle": 104.47327434971304, "fog_distance": "0", "cloudiness": 59.294609308872595, "fog_density": 0.8681959746363044, "wetness": 36.02305452120318, "precipitation_deposits": 91.06032725199941}}], "scenario_type": "Scenario39"}]}]}