{"available_scenarios": [{"Town05": [{"available_event_configurations": [{"transform": {"pitch": "0", "x": 35, "y": 130, "yaw": -90, "z": 0}, "_start_distance": 15.586985236396787, "_actor_vel": 2.4407170486677527, "_trigger_distance": 18.825615293814394, "_brake": 0.5919304742237608}, {"transform": {"pitch": "0", "x": 35, "y": 70, "yaw": -90, "z": 0}, "_start_distance": 15.586985236396787, "_actor_vel": 2.4407170486677527, "_trigger_distance": 18.825615293814394, "_brake": 0.5919304742237608, "weather": {"sun_altitude_angle": 38.245152140352516, "precipitation": 3.10852540065667, "wind_intensity": 43.352989645313755, "sun_azimuth_angle": 238.96571111751794, "fog_distance": "0", "cloudiness": 79.62613608073944, "fog_density": 6.8529679732813324, "wetness": 23.504360934492542, "precipitation_deposits": 75.79808437385857}}], "scenario_type": "Scenario39"}], "Town01": [{"available_event_configurations": [{"transform": {"pitch": "0", "x": 300, "y": 129, "yaw": 180, "z": 0}, "_start_distance": 15.586985236396787, "_actor_vel": 2.4407170486677527, "_trigger_distance": 18.825615293814394, "_brake": 0.5919304742237608, "weather": {"sun_altitude_angle": 38.245152140352516, "precipitation": 3.10852540065667, "wind_intensity": 43.352989645313755, "sun_azimuth_angle": 238.96571111751794, "fog_distance": "0", "cloudiness": 79.62613608073944, "fog_density": 6.8529679732813324, "wetness": 23.504360934492542, "precipitation_deposits": 75.79808437385857}}], "scenario_type": "Scenario39"}], "Town04": [{"available_event_configurations": [{"transform": {"pitch": "0", "x": 254.9, "y": -230.9, "yaw": 90, "z": 0}, "_start_distance": 15.586985236396787, "_actor_vel": 2.4407170486677527, "_trigger_distance": 18.825615293814394, "_brake": 0.5919304742237608, "weather": {"sun_altitude_angle": 38.245152140352516, "precipitation": 3.10852540065667, "wind_intensity": 43.352989645313755, "sun_azimuth_angle": 238.96571111751794, "fog_distance": "0", "cloudiness": 79.62613608073944, "fog_density": 6.8529679732813324, "wetness": 23.504360934492542, "precipitation_deposits": 75.79808437385857}}], "scenario_type": "Scenario39"}], "Town03": [{"available_event_configurations": [{"transform": {"pitch": "0", "x": -88.5, "y": -90, "yaw": 90, "z": 0}, "_start_distance": 15.586985236396787, "_actor_vel": 2.4407170486677527, "_trigger_distance": 18.825615293814394, "_brake": 0.5919304742237608, "weather": {"sun_altitude_angle": 38.245152140352516, "precipitation": 3.10852540065667, "wind_intensity": 43.352989645313755, "sun_azimuth_angle": 238.96571111751794, "fog_distance": "0", "cloudiness": 79.62613608073944, "fog_density": 6.8529679732813324, "wetness": 23.504360934492542, "precipitation_deposits": 75.79808437385857}}], "scenario_type": "Scenario39"}]}]}