{"available_scenarios": [{"Town05": [{"available_event_configurations": [{"transform": {"pitch": "0", "x": 35, "y": 130, "yaw": -90, "z": 0}, "_start_distance": 19.854203122688105, "_actor_vel": 2.3500011886478998, "_trigger_distance": 17.701230234508166, "_brake": 0.7880114970049523}, {"transform": {"pitch": "0", "x": 35, "y": 70, "yaw": -90, "z": 0}, "_start_distance": 19.854203122688105, "_actor_vel": 2.3500011886478998, "_trigger_distance": 17.701230234508166, "_brake": 0.7880114970049523, "weather": {"sun_altitude_angle": 49.2691990354891, "precipitation": 71.30595159838445, "wind_intensity": 17.10431633187198, "sun_azimuth_angle": 91.89510468008498, "fog_distance": "0", "cloudiness": 50.61142347269817, "fog_density": 8.059342722448399, "wetness": 13.629974044142335, "precipitation_deposits": 35.083168048516896}}], "scenario_type": "Scenario39"}], "Town01": [{"available_event_configurations": [{"transform": {"pitch": "0", "x": 300, "y": 129, "yaw": 180, "z": 0}, "_start_distance": 19.854203122688105, "_actor_vel": 2.3500011886478998, "_trigger_distance": 17.701230234508166, "_brake": 0.7880114970049523, "weather": {"sun_altitude_angle": 49.2691990354891, "precipitation": 71.30595159838445, "wind_intensity": 17.10431633187198, "sun_azimuth_angle": 91.89510468008498, "fog_distance": "0", "cloudiness": 50.61142347269817, "fog_density": 8.059342722448399, "wetness": 13.629974044142335, "precipitation_deposits": 35.083168048516896}}], "scenario_type": "Scenario39"}], "Town04": [{"available_event_configurations": [{"transform": {"pitch": "0", "x": 254.9, "y": -230.9, "yaw": 90, "z": 0}, "_start_distance": 19.854203122688105, "_actor_vel": 2.3500011886478998, "_trigger_distance": 17.701230234508166, "_brake": 0.7880114970049523, "weather": {"sun_altitude_angle": 49.2691990354891, "precipitation": 71.30595159838445, "wind_intensity": 17.10431633187198, "sun_azimuth_angle": 91.89510468008498, "fog_distance": "0", "cloudiness": 50.61142347269817, "fog_density": 8.059342722448399, "wetness": 13.629974044142335, "precipitation_deposits": 35.083168048516896}}], "scenario_type": "Scenario39"}], "Town03": [{"available_event_configurations": [{"transform": {"pitch": "0", "x": -88.5, "y": -90, "yaw": 90, "z": 0}, "_start_distance": 19.854203122688105, "_actor_vel": 2.3500011886478998, "_trigger_distance": 17.701230234508166, "_brake": 0.7880114970049523, "weather": {"sun_altitude_angle": 49.2691990354891, "precipitation": 71.30595159838445, "wind_intensity": 17.10431633187198, "sun_azimuth_angle": 91.89510468008498, "fog_distance": "0", "cloudiness": 50.61142347269817, "fog_density": 8.059342722448399, "wetness": 13.629974044142335, "precipitation_deposits": 35.083168048516896}}], "scenario_type": "Scenario39"}]}]}