{"available_scenarios": [{"Town05": [{"available_event_configurations": [{"transform": {"pitch": "0", "x": 35, "y": 130, "yaw": -90, "z": 0}, "_start_distance": 18.195380852764806, "_actor_vel": 2.2083786772888354, "_trigger_distance": 17.39763715648978, "_brake": 0.729823083372849}, {"transform": {"pitch": "0", "x": 35, "y": 70, "yaw": -90, "z": 0}, "_start_distance": 18.195380852764806, "_actor_vel": 2.2083786772888354, "_trigger_distance": 17.39763715648978, "_brake": 0.729823083372849, "weather": {"sun_altitude_angle": 82.85525827310096, "precipitation": 48.77000445779173, "wind_intensity": 94.67707807452501, "sun_azimuth_angle": 122.45036748268556, "fog_distance": "0", "cloudiness": 17.6241110816582, "fog_density": 5.904192477805706, "wetness": 91.32967963777661, "precipitation_deposits": 69.9594134663631}}], "scenario_type": "Scenario39"}], "Town01": [{"available_event_configurations": [{"transform": {"pitch": "0", "x": 300, "y": 129, "yaw": 180, "z": 0}, "_start_distance": 18.195380852764806, "_actor_vel": 2.2083786772888354, "_trigger_distance": 17.39763715648978, "_brake": 0.729823083372849, "weather": {"sun_altitude_angle": 82.85525827310096, "precipitation": 48.77000445779173, "wind_intensity": 94.67707807452501, "sun_azimuth_angle": 122.45036748268556, "fog_distance": "0", "cloudiness": 17.6241110816582, "fog_density": 5.904192477805706, "wetness": 91.32967963777661, "precipitation_deposits": 69.9594134663631}}], "scenario_type": "Scenario39"}], "Town04": [{"available_event_configurations": [{"transform": {"pitch": "0", "x": 254.9, "y": -230.9, "yaw": 90, "z": 0}, "_start_distance": 18.195380852764806, "_actor_vel": 2.2083786772888354, "_trigger_distance": 17.39763715648978, "_brake": 0.729823083372849, "weather": {"sun_altitude_angle": 82.85525827310096, "precipitation": 48.77000445779173, "wind_intensity": 94.67707807452501, "sun_azimuth_angle": 122.45036748268556, "fog_distance": "0", "cloudiness": 17.6241110816582, "fog_density": 5.904192477805706, "wetness": 91.32967963777661, "precipitation_deposits": 69.9594134663631}}], "scenario_type": "Scenario39"}], "Town03": [{"available_event_configurations": [{"transform": {"pitch": "0", "x": -88.5, "y": -90, "yaw": 90, "z": 0}, "_start_distance": 18.195380852764806, "_actor_vel": 2.2083786772888354, "_trigger_distance": 17.39763715648978, "_brake": 0.729823083372849, "weather": {"sun_altitude_angle": 82.85525827310096, "precipitation": 48.77000445779173, "wind_intensity": 94.67707807452501, "sun_azimuth_angle": 122.45036748268556, "fog_distance": "0", "cloudiness": 17.6241110816582, "fog_density": 5.904192477805706, "wetness": 91.32967963777661, "precipitation_deposits": 69.9594134663631}}], "scenario_type": "Scenario39"}]}]}