{"available_scenarios": [{"Town05": [{"available_event_configurations": [{"transform": {"pitch": "0", "x": 35, "y": 130, "yaw": -90, "z": 0}, "_start_distance": 16.339348171997802, "_actor_vel": 2.0725946781825484, "_trigger_distance": 16.6325012689623, "_brake": 0.9772403435227224}, {"transform": {"pitch": "0", "x": 35, "y": 70, "yaw": -90, "z": 0}, "_start_distance": 16.339348171997802, "_actor_vel": 2.0725946781825484, "_trigger_distance": 16.6325012689623, "_brake": 0.9772403435227224, "weather": {"sun_altitude_angle": 10.471635573265829, "precipitation": 87.85952017665316, "wind_intensity": 28.647372995855957, "sun_azimuth_angle": 98.80497979252395, "fog_distance": "0", "cloudiness": 55.428707283711255, "fog_density": 1.536288028330779, "wetness": 21.378615673189692, "precipitation_deposits": 68.08860900785201}}], "scenario_type": "Scenario39"}], "Town01": [{"available_event_configurations": [{"transform": {"pitch": "0", "x": 300, "y": 129, "yaw": 180, "z": 0}, "_start_distance": 16.339348171997802, "_actor_vel": 2.0725946781825484, "_trigger_distance": 16.6325012689623, "_brake": 0.9772403435227224, "weather": {"sun_altitude_angle": 10.471635573265829, "precipitation": 87.85952017665316, "wind_intensity": 28.647372995855957, "sun_azimuth_angle": 98.80497979252395, "fog_distance": "0", "cloudiness": 55.428707283711255, "fog_density": 1.536288028330779, "wetness": 21.378615673189692, "precipitation_deposits": 68.08860900785201}}], "scenario_type": "Scenario39"}], "Town04": [{"available_event_configurations": [{"transform": {"pitch": "0", "x": 254.9, "y": -230.9, "yaw": 90, "z": 0}, "_start_distance": 16.339348171997802, "_actor_vel": 2.0725946781825484, "_trigger_distance": 16.6325012689623, "_brake": 0.9772403435227224, "weather": {"sun_altitude_angle": 10.471635573265829, "precipitation": 87.85952017665316, "wind_intensity": 28.647372995855957, "sun_azimuth_angle": 98.80497979252395, "fog_distance": "0", "cloudiness": 55.428707283711255, "fog_density": 1.536288028330779, "wetness": 21.378615673189692, "precipitation_deposits": 68.08860900785201}}], "scenario_type": "Scenario39"}], "Town03": [{"available_event_configurations": [{"transform": {"pitch": "0", "x": -88.5, "y": -90, "yaw": 90, "z": 0}, "_start_distance": 16.339348171997802, "_actor_vel": 2.0725946781825484, "_trigger_distance": 16.6325012689623, "_brake": 0.9772403435227224, "weather": {"sun_altitude_angle": 10.471635573265829, "precipitation": 87.85952017665316, "wind_intensity": 28.647372995855957, "sun_azimuth_angle": 98.80497979252395, "fog_distance": "0", "cloudiness": 55.428707283711255, "fog_density": 1.536288028330779, "wetness": 21.378615673189692, "precipitation_deposits": 68.08860900785201}}], "scenario_type": "Scenario39"}]}]}