{"available_scenarios": [{"Town05": [{"available_event_configurations": [{"transform": {"pitch": "0", "x": 35, "y": 130, "yaw": -90, "z": 0}, "_start_distance": 17.64549004403928, "_actor_vel": 2.2008025401572953, "_trigger_distance": 19.77456754484385, "_brake": 0.9367989874167966}, {"transform": {"pitch": "0", "x": 35, "y": 70, "yaw": -90, "z": 0}, "_start_distance": 17.64549004403928, "_actor_vel": 2.2008025401572953, "_trigger_distance": 19.77456754484385, "_brake": 0.9367989874167966, "weather": {"sun_altitude_angle": 58.308072215812075, "precipitation": 9.00105795176721, "wind_intensity": 62.378645683177616, "sun_azimuth_angle": 20.900415686883903, "fog_distance": "0", "cloudiness": 54.66679813844847, "fog_density": 4.054839348105972, "wetness": 30.275721466719176, "precipitation_deposits": 40.68397286405801}}], "scenario_type": "Scenario39"}], "Town01": [{"available_event_configurations": [{"transform": {"pitch": "0", "x": 300, "y": 129, "yaw": 180, "z": 0}, "_start_distance": 17.64549004403928, "_actor_vel": 2.2008025401572953, "_trigger_distance": 19.77456754484385, "_brake": 0.9367989874167966, "weather": {"sun_altitude_angle": 58.308072215812075, "precipitation": 9.00105795176721, "wind_intensity": 62.378645683177616, "sun_azimuth_angle": 20.900415686883903, "fog_distance": "0", "cloudiness": 54.66679813844847, "fog_density": 4.054839348105972, "wetness": 30.275721466719176, "precipitation_deposits": 40.68397286405801}}], "scenario_type": "Scenario39"}], "Town04": [{"available_event_configurations": [{"transform": {"pitch": "0", "x": 254.9, "y": -230.9, "yaw": 90, "z": 0}, "_start_distance": 17.64549004403928, "_actor_vel": 2.2008025401572953, "_trigger_distance": 19.77456754484385, "_brake": 0.9367989874167966, "weather": {"sun_altitude_angle": 58.308072215812075, "precipitation": 9.00105795176721, "wind_intensity": 62.378645683177616, "sun_azimuth_angle": 20.900415686883903, "fog_distance": "0", "cloudiness": 54.66679813844847, "fog_density": 4.054839348105972, "wetness": 30.275721466719176, "precipitation_deposits": 40.68397286405801}}], "scenario_type": "Scenario39"}], "Town03": [{"available_event_configurations": [{"transform": {"pitch": "0", "x": -88.5, "y": -90, "yaw": 90, "z": 0}, "_start_distance": 17.64549004403928, "_actor_vel": 2.2008025401572953, "_trigger_distance": 19.77456754484385, "_brake": 0.9367989874167966, "weather": {"sun_altitude_angle": 58.308072215812075, "precipitation": 9.00105795176721, "wind_intensity": 62.378645683177616, "sun_azimuth_angle": 20.900415686883903, "fog_distance": "0", "cloudiness": 54.66679813844847, "fog_density": 4.054839348105972, "wetness": 30.275721466719176, "precipitation_deposits": 40.68397286405801}}], "scenario_type": "Scenario39"}]}]}