{"available_scenarios": [{"Town05": [{"available_event_configurations": [{"transform": {"pitch": "0", "x": 35, "y": 130, "yaw": -90, "z": 0}, "_start_distance": 15.708511185206003, "_actor_vel": 2.3591817734721214, "_trigger_distance": 18.629938603513175, "_brake": 0.7463975539902211}, {"transform": {"pitch": "0", "x": 35, "y": 70, "yaw": -90, "z": 0}, "_start_distance": 15.708511185206003, "_actor_vel": 2.3591817734721214, "_trigger_distance": 18.629938603513175, "_brake": 0.7463975539902211, "weather": {"sun_altitude_angle": 21.40438247631969, "precipitation": 86.14232718794553, "wind_intensity": 85.02354383898775, "sun_azimuth_angle": 55.147813512074514, "fog_distance": "0", "cloudiness": 97.25947235347755, "fog_density": 4.516662142795531, "wetness": 65.6349177188284, "precipitation_deposits": 95.60687605850211}}], "scenario_type": "Scenario39"}], "Town01": [{"available_event_configurations": [{"transform": {"pitch": "0", "x": 300, "y": 129, "yaw": 180, "z": 0}, "_start_distance": 15.708511185206003, "_actor_vel": 2.3591817734721214, "_trigger_distance": 18.629938603513175, "_brake": 0.7463975539902211, "weather": {"sun_altitude_angle": 21.40438247631969, "precipitation": 86.14232718794553, "wind_intensity": 85.02354383898775, "sun_azimuth_angle": 55.147813512074514, "fog_distance": "0", "cloudiness": 97.25947235347755, "fog_density": 4.516662142795531, "wetness": 65.6349177188284, "precipitation_deposits": 95.60687605850211}}], "scenario_type": "Scenario39"}], "Town04": [{"available_event_configurations": [{"transform": {"pitch": "0", "x": 254.9, "y": -230.9, "yaw": 90, "z": 0}, "_start_distance": 15.708511185206003, "_actor_vel": 2.3591817734721214, "_trigger_distance": 18.629938603513175, "_brake": 0.7463975539902211, "weather": {"sun_altitude_angle": 21.40438247631969, "precipitation": 86.14232718794553, "wind_intensity": 85.02354383898775, "sun_azimuth_angle": 55.147813512074514, "fog_distance": "0", "cloudiness": 97.25947235347755, "fog_density": 4.516662142795531, "wetness": 65.6349177188284, "precipitation_deposits": 95.60687605850211}}], "scenario_type": "Scenario39"}], "Town03": [{"available_event_configurations": [{"transform": {"pitch": "0", "x": -88.5, "y": -90, "yaw": 90, "z": 0}, "_start_distance": 15.708511185206003, "_actor_vel": 2.3591817734721214, "_trigger_distance": 18.629938603513175, "_brake": 0.7463975539902211, "weather": {"sun_altitude_angle": 21.40438247631969, "precipitation": 86.14232718794553, "wind_intensity": 85.02354383898775, "sun_azimuth_angle": 55.147813512074514, "fog_distance": "0", "cloudiness": 97.25947235347755, "fog_density": 4.516662142795531, "wetness": 65.6349177188284, "precipitation_deposits": 95.60687605850211}}], "scenario_type": "Scenario39"}]}]}