{"available_scenarios": [{"Town05": [{"available_event_configurations": [{"transform": {"pitch": "0", "x": 35, "y": 130, "yaw": -90, "z": 0}, "_start_distance": 17.834235611187406, "_actor_vel": 2.2774737356747954, "_trigger_distance": 19.955400919617308, "_brake": 0.5723836174288471}, {"transform": {"pitch": "0", "x": 35, "y": 70, "yaw": -90, "z": 0}, "_start_distance": 17.834235611187406, "_actor_vel": 2.2774737356747954, "_trigger_distance": 19.955400919617308, "_brake": 0.5723836174288471, "weather": {"sun_altitude_angle": 25.484687797566554, "precipitation": 13.163230161196605, "wind_intensity": 54.190946430306, "sun_azimuth_angle": 72.95045667662382, "fog_distance": "0", "cloudiness": 72.23631264737428, "fog_density": 6.915737775817959, "wetness": 68.5658754983804, "precipitation_deposits": 38.80557943952243}}], "scenario_type": "Scenario39"}], "Town01": [{"available_event_configurations": [{"transform": {"pitch": "0", "x": 300, "y": 129, "yaw": 180, "z": 0}, "_start_distance": 17.834235611187406, "_actor_vel": 2.2774737356747954, "_trigger_distance": 19.955400919617308, "_brake": 0.5723836174288471, "weather": {"sun_altitude_angle": 25.484687797566554, "precipitation": 13.163230161196605, "wind_intensity": 54.190946430306, "sun_azimuth_angle": 72.95045667662382, "fog_distance": "0", "cloudiness": 72.23631264737428, "fog_density": 6.915737775817959, "wetness": 68.5658754983804, "precipitation_deposits": 38.80557943952243}}], "scenario_type": "Scenario39"}], "Town04": [{"available_event_configurations": [{"transform": {"pitch": "0", "x": 254.9, "y": -230.9, "yaw": 90, "z": 0}, "_start_distance": 17.834235611187406, "_actor_vel": 2.2774737356747954, "_trigger_distance": 19.955400919617308, "_brake": 0.5723836174288471, "weather": {"sun_altitude_angle": 25.484687797566554, "precipitation": 13.163230161196605, "wind_intensity": 54.190946430306, "sun_azimuth_angle": 72.95045667662382, "fog_distance": "0", "cloudiness": 72.23631264737428, "fog_density": 6.915737775817959, "wetness": 68.5658754983804, "precipitation_deposits": 38.80557943952243}}], "scenario_type": "Scenario39"}], "Town03": [{"available_event_configurations": [{"transform": {"pitch": "0", "x": -88.5, "y": -90, "yaw": 90, "z": 0}, "_start_distance": 17.834235611187406, "_actor_vel": 2.2774737356747954, "_trigger_distance": 19.955400919617308, "_brake": 0.5723836174288471, "weather": {"sun_altitude_angle": 25.484687797566554, "precipitation": 13.163230161196605, "wind_intensity": 54.190946430306, "sun_azimuth_angle": 72.95045667662382, "fog_distance": "0", "cloudiness": 72.23631264737428, "fog_density": 6.915737775817959, "wetness": 68.5658754983804, "precipitation_deposits": 38.80557943952243}}], "scenario_type": "Scenario39"}]}]}