{"available_scenarios": [{"Town05": [{"available_event_configurations": [{"transform": {"pitch": "0", "x": 35, "y": 130, "yaw": -90, "z": 0}, "_start_distance": 15.183149861938485, "_actor_vel": 2.295713610283979, "_trigger_distance": 16.364679226986624, "_brake": 0.545457453646667}, {"transform": {"pitch": "0", "x": 35, "y": 70, "yaw": -90, "z": 0}, "_start_distance": 15.183149861938485, "_actor_vel": 2.295713610283979, "_trigger_distance": 16.364679226986624, "_brake": 0.545457453646667, "weather": {"sun_altitude_angle": 46.38717131522698, "precipitation": 85.7689888354202, "wind_intensity": 30.06433295671571, "sun_azimuth_angle": 29.947529913921407, "fog_distance": "0", "cloudiness": 36.98766206793961, "fog_density": 4.017824481690794, "wetness": 89.89306780769488, "precipitation_deposits": 10.814072018643927}}], "scenario_type": "Scenario39"}], "Town01": [{"available_event_configurations": [{"transform": {"pitch": "0", "x": 300, "y": 129, "yaw": 180, "z": 0}, "_start_distance": 15.183149861938485, "_actor_vel": 2.295713610283979, "_trigger_distance": 16.364679226986624, "_brake": 0.545457453646667, "weather": {"sun_altitude_angle": 46.38717131522698, "precipitation": 85.7689888354202, "wind_intensity": 30.06433295671571, "sun_azimuth_angle": 29.947529913921407, "fog_distance": "0", "cloudiness": 36.98766206793961, "fog_density": 4.017824481690794, "wetness": 89.89306780769488, "precipitation_deposits": 10.814072018643927}}], "scenario_type": "Scenario39"}], "Town04": [{"available_event_configurations": [{"transform": {"pitch": "0", "x": 254.9, "y": -230.9, "yaw": 90, "z": 0}, "_start_distance": 15.183149861938485, "_actor_vel": 2.295713610283979, "_trigger_distance": 16.364679226986624, "_brake": 0.545457453646667, "weather": {"sun_altitude_angle": 46.38717131522698, "precipitation": 85.7689888354202, "wind_intensity": 30.06433295671571, "sun_azimuth_angle": 29.947529913921407, "fog_distance": "0", "cloudiness": 36.98766206793961, "fog_density": 4.017824481690794, "wetness": 89.89306780769488, "precipitation_deposits": 10.814072018643927}}], "scenario_type": "Scenario39"}], "Town03": [{"available_event_configurations": [{"transform": {"pitch": "0", "x": -88.5, "y": -90, "yaw": 90, "z": 0}, "_start_distance": 15.183149861938485, "_actor_vel": 2.295713610283979, "_trigger_distance": 16.364679226986624, "_brake": 0.545457453646667, "weather": {"sun_altitude_angle": 46.38717131522698, "precipitation": 85.7689888354202, "wind_intensity": 30.06433295671571, "sun_azimuth_angle": 29.947529913921407, "fog_distance": "0", "cloudiness": 36.98766206793961, "fog_density": 4.017824481690794, "wetness": 89.89306780769488, "precipitation_deposits": 10.814072018643927}}], "scenario_type": "Scenario39"}]}]}