{"available_scenarios": [{"Town05": [{"available_event_configurations": [{"transform": {"pitch": "0", "x": 35, "y": 130, "yaw": -90, "z": 0}, "_start_distance": 16.46538041806117, "_actor_vel": 2.0345579945095165, "_trigger_distance": 18.048839925466776, "_brake": 0.6071587368986566}, {"transform": {"pitch": "0", "x": 35, "y": 70, "yaw": -90, "z": 0}, "_start_distance": 16.46538041806117, "_actor_vel": 2.0345579945095165, "_trigger_distance": 18.048839925466776, "_brake": 0.6071587368986566, "weather": {"sun_altitude_angle": 54.25385821621146, "precipitation": 22.324667922295504, "wind_intensity": 16.30056414054055, "sun_azimuth_angle": 64.53546934773875, "fog_distance": "0", "cloudiness": 10.1692534668668, "fog_density": 9.504203600399006, "wetness": 85.75895120688597, "precipitation_deposits": 36.9818695085853}}], "scenario_type": "Scenario39"}], "Town01": [{"available_event_configurations": [{"transform": {"pitch": "0", "x": 300, "y": 129, "yaw": 180, "z": 0}, "_start_distance": 16.46538041806117, "_actor_vel": 2.0345579945095165, "_trigger_distance": 18.048839925466776, "_brake": 0.6071587368986566, "weather": {"sun_altitude_angle": 54.25385821621146, "precipitation": 22.324667922295504, "wind_intensity": 16.30056414054055, "sun_azimuth_angle": 64.53546934773875, "fog_distance": "0", "cloudiness": 10.1692534668668, "fog_density": 9.504203600399006, "wetness": 85.75895120688597, "precipitation_deposits": 36.9818695085853}}], "scenario_type": "Scenario39"}], "Town04": [{"available_event_configurations": [{"transform": {"pitch": "0", "x": 254.9, "y": -230.9, "yaw": 90, "z": 0}, "_start_distance": 16.46538041806117, "_actor_vel": 2.0345579945095165, "_trigger_distance": 18.048839925466776, "_brake": 0.6071587368986566, "weather": {"sun_altitude_angle": 54.25385821621146, "precipitation": 22.324667922295504, "wind_intensity": 16.30056414054055, "sun_azimuth_angle": 64.53546934773875, "fog_distance": "0", "cloudiness": 10.1692534668668, "fog_density": 9.504203600399006, "wetness": 85.75895120688597, "precipitation_deposits": 36.9818695085853}}], "scenario_type": "Scenario39"}], "Town03": [{"available_event_configurations": [{"transform": {"pitch": "0", "x": -88.5, "y": -90, "yaw": 90, "z": 0}, "_start_distance": 16.46538041806117, "_actor_vel": 2.0345579945095165, "_trigger_distance": 18.048839925466776, "_brake": 0.6071587368986566, "weather": {"sun_altitude_angle": 54.25385821621146, "precipitation": 22.324667922295504, "wind_intensity": 16.30056414054055, "sun_azimuth_angle": 64.53546934773875, "fog_distance": "0", "cloudiness": 10.1692534668668, "fog_density": 9.504203600399006, "wetness": 85.75895120688597, "precipitation_deposits": 36.9818695085853}}], "scenario_type": "Scenario39"}]}]}