{"available_scenarios": [{"Town05": [{"available_event_configurations": [{"transform": {"pitch": "0", "x": 35, "y": 130, "yaw": -90, "z": 0}, "_start_distance": 16.897235402875808, "_actor_vel": 2.434771379429335, "_trigger_distance": 19.560752906733597, "_brake": 0.8892450714318132}, {"transform": {"pitch": "0", "x": 35, "y": 70, "yaw": -90, "z": 0}, "_start_distance": 16.897235402875808, "_actor_vel": 2.434771379429335, "_trigger_distance": 19.560752906733597, "_brake": 0.8892450714318132, "weather": {"sun_altitude_angle": 25.672611437213618, "precipitation": 81.07673321726746, "wind_intensity": 23.418618286623527, "sun_azimuth_angle": 272.90263339501564, "fog_distance": "0", "cloudiness": 5.06809153572102, "fog_density": 6.555059102744345, "wetness": 46.77443840265618, "precipitation_deposits": 65.37778070329178}}], "scenario_type": "Scenario39"}], "Town01": [{"available_event_configurations": [{"transform": {"pitch": "0", "x": 300, "y": 129, "yaw": 180, "z": 0}, "_start_distance": 16.897235402875808, "_actor_vel": 2.434771379429335, "_trigger_distance": 19.560752906733597, "_brake": 0.8892450714318132, "weather": {"sun_altitude_angle": 25.672611437213618, "precipitation": 81.07673321726746, "wind_intensity": 23.418618286623527, "sun_azimuth_angle": 272.90263339501564, "fog_distance": "0", "cloudiness": 5.06809153572102, "fog_density": 6.555059102744345, "wetness": 46.77443840265618, "precipitation_deposits": 65.37778070329178}}], "scenario_type": "Scenario39"}], "Town04": [{"available_event_configurations": [{"transform": {"pitch": "0", "x": 254.9, "y": -230.9, "yaw": 90, "z": 0}, "_start_distance": 16.897235402875808, "_actor_vel": 2.434771379429335, "_trigger_distance": 19.560752906733597, "_brake": 0.8892450714318132, "weather": {"sun_altitude_angle": 25.672611437213618, "precipitation": 81.07673321726746, "wind_intensity": 23.418618286623527, "sun_azimuth_angle": 272.90263339501564, "fog_distance": "0", "cloudiness": 5.06809153572102, "fog_density": 6.555059102744345, "wetness": 46.77443840265618, "precipitation_deposits": 65.37778070329178}}], "scenario_type": "Scenario39"}], "Town03": [{"available_event_configurations": [{"transform": {"pitch": "0", "x": -88.5, "y": -90, "yaw": 90, "z": 0}, "_start_distance": 16.897235402875808, "_actor_vel": 2.434771379429335, "_trigger_distance": 19.560752906733597, "_brake": 0.8892450714318132, "weather": {"sun_altitude_angle": 25.672611437213618, "precipitation": 81.07673321726746, "wind_intensity": 23.418618286623527, "sun_azimuth_angle": 272.90263339501564, "fog_distance": "0", "cloudiness": 5.06809153572102, "fog_density": 6.555059102744345, "wetness": 46.77443840265618, "precipitation_deposits": 65.37778070329178}}], "scenario_type": "Scenario39"}]}]}