{"available_scenarios": [{"Town05": [{"available_event_configurations": [{"transform": {"pitch": "0", "x": 35, "y": 130, "yaw": -90, "z": 0}, "_start_distance": 19.328917525262774, "_actor_vel": 2.0498630747016646, "_trigger_distance": 15.140849648496149, "_brake": 0.7867634317098801}, {"transform": {"pitch": "0", "x": 35, "y": 70, "yaw": -90, "z": 0}, "_start_distance": 19.328917525262774, "_actor_vel": 2.0498630747016646, "_trigger_distance": 15.140849648496149, "_brake": 0.7867634317098801, "weather": {"sun_altitude_angle": 63.668942968834095, "precipitation": 66.78546593074667, "wind_intensity": 60.79815936131679, "sun_azimuth_angle": 137.59599038804458, "fog_distance": "0", "cloudiness": 28.818455228580508, "fog_density": 2.9680951658784362, "wetness": 44.16165023978217, "precipitation_deposits": 14.290372199909186}}], "scenario_type": "Scenario39"}], "Town01": [{"available_event_configurations": [{"transform": {"pitch": "0", "x": 300, "y": 129, "yaw": 180, "z": 0}, "_start_distance": 19.328917525262774, "_actor_vel": 2.0498630747016646, "_trigger_distance": 15.140849648496149, "_brake": 0.7867634317098801, "weather": {"sun_altitude_angle": 63.668942968834095, "precipitation": 66.78546593074667, "wind_intensity": 60.79815936131679, "sun_azimuth_angle": 137.59599038804458, "fog_distance": "0", "cloudiness": 28.818455228580508, "fog_density": 2.9680951658784362, "wetness": 44.16165023978217, "precipitation_deposits": 14.290372199909186}}], "scenario_type": "Scenario39"}], "Town04": [{"available_event_configurations": [{"transform": {"pitch": "0", "x": 254.9, "y": -230.9, "yaw": 90, "z": 0}, "_start_distance": 19.328917525262774, "_actor_vel": 2.0498630747016646, "_trigger_distance": 15.140849648496149, "_brake": 0.7867634317098801, "weather": {"sun_altitude_angle": 63.668942968834095, "precipitation": 66.78546593074667, "wind_intensity": 60.79815936131679, "sun_azimuth_angle": 137.59599038804458, "fog_distance": "0", "cloudiness": 28.818455228580508, "fog_density": 2.9680951658784362, "wetness": 44.16165023978217, "precipitation_deposits": 14.290372199909186}}], "scenario_type": "Scenario39"}], "Town03": [{"available_event_configurations": [{"transform": {"pitch": "0", "x": -88.5, "y": -90, "yaw": 90, "z": 0}, "_start_distance": 19.328917525262774, "_actor_vel": 2.0498630747016646, "_trigger_distance": 15.140849648496149, "_brake": 0.7867634317098801, "weather": {"sun_altitude_angle": 63.668942968834095, "precipitation": 66.78546593074667, "wind_intensity": 60.79815936131679, "sun_azimuth_angle": 137.59599038804458, "fog_distance": "0", "cloudiness": 28.818455228580508, "fog_density": 2.9680951658784362, "wetness": 44.16165023978217, "precipitation_deposits": 14.290372199909186}}], "scenario_type": "Scenario39"}]}]}