{"available_scenarios": [{"Town05": [{"available_event_configurations": [{"transform": {"pitch": "0", "x": 35, "y": 130, "yaw": -90, "z": 0}, "_start_distance": 17.28170630867072, "_actor_vel": 2.1840607498068088, "_trigger_distance": 15.768241600892026, "_brake": 0.7774650447379089}, {"transform": {"pitch": "0", "x": 35, "y": 70, "yaw": -90, "z": 0}, "_start_distance": 17.28170630867072, "_actor_vel": 2.1840607498068088, "_trigger_distance": 15.768241600892026, "_brake": 0.7774650447379089, "weather": {"sun_altitude_angle": 86.34960818440538, "precipitation": 6.98963413879834, "wind_intensity": 81.39464189591199, "sun_azimuth_angle": 181.67878062914232, "fog_distance": "0", "cloudiness": 83.59112680214484, "fog_density": 9.15154926587985, "wetness": 18.49538770022977, "precipitation_deposits": 55.505016482824274}}], "scenario_type": "Scenario39"}], "Town01": [{"available_event_configurations": [{"transform": {"pitch": "0", "x": 300, "y": 129, "yaw": 180, "z": 0}, "_start_distance": 17.28170630867072, "_actor_vel": 2.1840607498068088, "_trigger_distance": 15.768241600892026, "_brake": 0.7774650447379089, "weather": {"sun_altitude_angle": 86.34960818440538, "precipitation": 6.98963413879834, "wind_intensity": 81.39464189591199, "sun_azimuth_angle": 181.67878062914232, "fog_distance": "0", "cloudiness": 83.59112680214484, "fog_density": 9.15154926587985, "wetness": 18.49538770022977, "precipitation_deposits": 55.505016482824274}}], "scenario_type": "Scenario39"}], "Town04": [{"available_event_configurations": [{"transform": {"pitch": "0", "x": 254.9, "y": -230.9, "yaw": 90, "z": 0}, "_start_distance": 17.28170630867072, "_actor_vel": 2.1840607498068088, "_trigger_distance": 15.768241600892026, "_brake": 0.7774650447379089, "weather": {"sun_altitude_angle": 86.34960818440538, "precipitation": 6.98963413879834, "wind_intensity": 81.39464189591199, "sun_azimuth_angle": 181.67878062914232, "fog_distance": "0", "cloudiness": 83.59112680214484, "fog_density": 9.15154926587985, "wetness": 18.49538770022977, "precipitation_deposits": 55.505016482824274}}], "scenario_type": "Scenario39"}], "Town03": [{"available_event_configurations": [{"transform": {"pitch": "0", "x": -88.5, "y": -90, "yaw": 90, "z": 0}, "_start_distance": 17.28170630867072, "_actor_vel": 2.1840607498068088, "_trigger_distance": 15.768241600892026, "_brake": 0.7774650447379089, "weather": {"sun_altitude_angle": 86.34960818440538, "precipitation": 6.98963413879834, "wind_intensity": 81.39464189591199, "sun_azimuth_angle": 181.67878062914232, "fog_distance": "0", "cloudiness": 83.59112680214484, "fog_density": 9.15154926587985, "wetness": 18.49538770022977, "precipitation_deposits": 55.505016482824274}}], "scenario_type": "Scenario39"}]}]}