{"available_scenarios": [{"Town05": [{"available_event_configurations": [{"transform": {"pitch": "0", "x": 35, "y": 130, "yaw": -90, "z": 0}, "_start_distance": 15.428648516895548, "_actor_vel": 2.2245526980570425, "_trigger_distance": 19.720402134602377, "_brake": 0.9044864582346144}, {"transform": {"pitch": "0", "x": 35, "y": 70, "yaw": -90, "z": 0}, "_start_distance": 15.428648516895548, "_actor_vel": 2.2245526980570425, "_trigger_distance": 19.720402134602377, "_brake": 0.9044864582346144, "weather": {"sun_altitude_angle": 87.03702102239549, "precipitation": 36.67331229513947, "wind_intensity": 67.63774186393536, "sun_azimuth_angle": 299.24811833960047, "fog_distance": "0", "cloudiness": 17.135444986999282, "fog_density": 5.207597554234834, "wetness": 22.05220253876714, "precipitation_deposits": 96.4767099397443}}], "scenario_type": "Scenario39"}], "Town01": [{"available_event_configurations": [{"transform": {"pitch": "0", "x": 300, "y": 129, "yaw": 180, "z": 0}, "_start_distance": 15.428648516895548, "_actor_vel": 2.2245526980570425, "_trigger_distance": 19.720402134602377, "_brake": 0.9044864582346144, "weather": {"sun_altitude_angle": 87.03702102239549, "precipitation": 36.67331229513947, "wind_intensity": 67.63774186393536, "sun_azimuth_angle": 299.24811833960047, "fog_distance": "0", "cloudiness": 17.135444986999282, "fog_density": 5.207597554234834, "wetness": 22.05220253876714, "precipitation_deposits": 96.4767099397443}}], "scenario_type": "Scenario39"}], "Town04": [{"available_event_configurations": [{"transform": {"pitch": "0", "x": 254.9, "y": -230.9, "yaw": 90, "z": 0}, "_start_distance": 15.428648516895548, "_actor_vel": 2.2245526980570425, "_trigger_distance": 19.720402134602377, "_brake": 0.9044864582346144, "weather": {"sun_altitude_angle": 87.03702102239549, "precipitation": 36.67331229513947, "wind_intensity": 67.63774186393536, "sun_azimuth_angle": 299.24811833960047, "fog_distance": "0", "cloudiness": 17.135444986999282, "fog_density": 5.207597554234834, "wetness": 22.05220253876714, "precipitation_deposits": 96.4767099397443}}], "scenario_type": "Scenario39"}], "Town03": [{"available_event_configurations": [{"transform": {"pitch": "0", "x": -88.5, "y": -90, "yaw": 90, "z": 0}, "_start_distance": 15.428648516895548, "_actor_vel": 2.2245526980570425, "_trigger_distance": 19.720402134602377, "_brake": 0.9044864582346144, "weather": {"sun_altitude_angle": 87.03702102239549, "precipitation": 36.67331229513947, "wind_intensity": 67.63774186393536, "sun_azimuth_angle": 299.24811833960047, "fog_distance": "0", "cloudiness": 17.135444986999282, "fog_density": 5.207597554234834, "wetness": 22.05220253876714, "precipitation_deposits": 96.4767099397443}}], "scenario_type": "Scenario39"}]}]}