{"available_scenarios": [{"Town05": [{"available_event_configurations": [{"transform": {"pitch": "0", "x": 35, "y": 130, "yaw": -90, "z": 0}, "_start_distance": 17.938596815774783, "_actor_vel": 2.1315502299304345, "_trigger_distance": 16.78765792437046, "_brake": 0.688770657283761}, {"transform": {"pitch": "0", "x": 35, "y": 70, "yaw": -90, "z": 0}, "_start_distance": 17.938596815774783, "_actor_vel": 2.1315502299304345, "_trigger_distance": 16.78765792437046, "_brake": 0.688770657283761, "weather": {"sun_altitude_angle": 84.29426035314411, "precipitation": 9.703114820828496, "wind_intensity": 31.147861338618, "sun_azimuth_angle": 100.51288406105984, "fog_distance": "0", "cloudiness": 36.9047545483566, "fog_density": 6.796493610390031, "wetness": 38.77029659893293, "precipitation_deposits": 28.773625132945423}}], "scenario_type": "Scenario39"}], "Town01": [{"available_event_configurations": [{"transform": {"pitch": "0", "x": 300, "y": 129, "yaw": 180, "z": 0}, "_start_distance": 17.938596815774783, "_actor_vel": 2.1315502299304345, "_trigger_distance": 16.78765792437046, "_brake": 0.688770657283761, "weather": {"sun_altitude_angle": 84.29426035314411, "precipitation": 9.703114820828496, "wind_intensity": 31.147861338618, "sun_azimuth_angle": 100.51288406105984, "fog_distance": "0", "cloudiness": 36.9047545483566, "fog_density": 6.796493610390031, "wetness": 38.77029659893293, "precipitation_deposits": 28.773625132945423}}], "scenario_type": "Scenario39"}], "Town04": [{"available_event_configurations": [{"transform": {"pitch": "0", "x": 254.9, "y": -230.9, "yaw": 90, "z": 0}, "_start_distance": 17.938596815774783, "_actor_vel": 2.1315502299304345, "_trigger_distance": 16.78765792437046, "_brake": 0.688770657283761, "weather": {"sun_altitude_angle": 84.29426035314411, "precipitation": 9.703114820828496, "wind_intensity": 31.147861338618, "sun_azimuth_angle": 100.51288406105984, "fog_distance": "0", "cloudiness": 36.9047545483566, "fog_density": 6.796493610390031, "wetness": 38.77029659893293, "precipitation_deposits": 28.773625132945423}}], "scenario_type": "Scenario39"}], "Town03": [{"available_event_configurations": [{"transform": {"pitch": "0", "x": -88.5, "y": -90, "yaw": 90, "z": 0}, "_start_distance": 17.938596815774783, "_actor_vel": 2.1315502299304345, "_trigger_distance": 16.78765792437046, "_brake": 0.688770657283761, "weather": {"sun_altitude_angle": 84.29426035314411, "precipitation": 9.703114820828496, "wind_intensity": 31.147861338618, "sun_azimuth_angle": 100.51288406105984, "fog_distance": "0", "cloudiness": 36.9047545483566, "fog_density": 6.796493610390031, "wetness": 38.77029659893293, "precipitation_deposits": 28.773625132945423}}], "scenario_type": "Scenario39"}]}]}