{"available_scenarios": [{"Town05": [{"available_event_configurations": [{"transform": {"pitch": "0", "x": 35, "y": 130, "yaw": -90, "z": 0}, "_start_distance": 16.388996374227595, "_actor_vel": 2.3498860413381886, "_trigger_distance": 15.968923286142761, "_brake": 0.6358896570566841}, {"transform": {"pitch": "0", "x": 35, "y": 70, "yaw": -90, "z": 0}, "_start_distance": 16.388996374227595, "_actor_vel": 2.3498860413381886, "_trigger_distance": 15.968923286142761, "_brake": 0.6358896570566841, "weather": {"sun_altitude_angle": 20.34912454472474, "precipitation": 53.86416344173451, "wind_intensity": 5.615781401367204, "sun_azimuth_angle": 284.77615235991624, "fog_distance": "0", "cloudiness": 34.88170062861986, "fog_density": 6.278818674224774, "wetness": 80.79489315521585, "precipitation_deposits": 0.7737213314736313}}], "scenario_type": "Scenario39"}], "Town01": [{"available_event_configurations": [{"transform": {"pitch": "0", "x": 300, "y": 129, "yaw": 180, "z": 0}, "_start_distance": 16.388996374227595, "_actor_vel": 2.3498860413381886, "_trigger_distance": 15.968923286142761, "_brake": 0.6358896570566841, "weather": {"sun_altitude_angle": 20.34912454472474, "precipitation": 53.86416344173451, "wind_intensity": 5.615781401367204, "sun_azimuth_angle": 284.77615235991624, "fog_distance": "0", "cloudiness": 34.88170062861986, "fog_density": 6.278818674224774, "wetness": 80.79489315521585, "precipitation_deposits": 0.7737213314736313}}], "scenario_type": "Scenario39"}], "Town04": [{"available_event_configurations": [{"transform": {"pitch": "0", "x": 254.9, "y": -230.9, "yaw": 90, "z": 0}, "_start_distance": 16.388996374227595, "_actor_vel": 2.3498860413381886, "_trigger_distance": 15.968923286142761, "_brake": 0.6358896570566841, "weather": {"sun_altitude_angle": 20.34912454472474, "precipitation": 53.86416344173451, "wind_intensity": 5.615781401367204, "sun_azimuth_angle": 284.77615235991624, "fog_distance": "0", "cloudiness": 34.88170062861986, "fog_density": 6.278818674224774, "wetness": 80.79489315521585, "precipitation_deposits": 0.7737213314736313}}], "scenario_type": "Scenario39"}], "Town03": [{"available_event_configurations": [{"transform": {"pitch": "0", "x": -88.5, "y": -90, "yaw": 90, "z": 0}, "_start_distance": 16.388996374227595, "_actor_vel": 2.3498860413381886, "_trigger_distance": 15.968923286142761, "_brake": 0.6358896570566841, "weather": {"sun_altitude_angle": 20.34912454472474, "precipitation": 53.86416344173451, "wind_intensity": 5.615781401367204, "sun_azimuth_angle": 284.77615235991624, "fog_distance": "0", "cloudiness": 34.88170062861986, "fog_density": 6.278818674224774, "wetness": 80.79489315521585, "precipitation_deposits": 0.7737213314736313}}], "scenario_type": "Scenario39"}]}]}