{"available_scenarios": [{"Town05": [{"available_event_configurations": [{"transform": {"pitch": "0", "x": 35, "y": 130, "yaw": -90, "z": 0}, "_start_distance": 15.54400018867825, "_actor_vel": 2.220808734942837, "_trigger_distance": 16.706779653232466, "_brake": 0.6519760712818053}, {"transform": {"pitch": "0", "x": 35, "y": 70, "yaw": -90, "z": 0}, "_start_distance": 15.54400018867825, "_actor_vel": 2.220808734942837, "_trigger_distance": 16.706779653232466, "_brake": 0.6519760712818053, "weather": {"sun_altitude_angle": 61.5927192069368, "precipitation": 36.27598201856287, "wind_intensity": 28.26893899967423, "sun_azimuth_angle": 70.10995107527289, "fog_distance": "0", "cloudiness": 78.57790553008891, "fog_density": 9.54788330827942, "wetness": 98.17063016706302, "precipitation_deposits": 35.036886653974406}}], "scenario_type": "Scenario39"}], "Town01": [{"available_event_configurations": [{"transform": {"pitch": "0", "x": 300, "y": 129, "yaw": 180, "z": 0}, "_start_distance": 15.54400018867825, "_actor_vel": 2.220808734942837, "_trigger_distance": 16.706779653232466, "_brake": 0.6519760712818053, "weather": {"sun_altitude_angle": 61.5927192069368, "precipitation": 36.27598201856287, "wind_intensity": 28.26893899967423, "sun_azimuth_angle": 70.10995107527289, "fog_distance": "0", "cloudiness": 78.57790553008891, "fog_density": 9.54788330827942, "wetness": 98.17063016706302, "precipitation_deposits": 35.036886653974406}}], "scenario_type": "Scenario39"}], "Town04": [{"available_event_configurations": [{"transform": {"pitch": "0", "x": 254.9, "y": -230.9, "yaw": 90, "z": 0}, "_start_distance": 15.54400018867825, "_actor_vel": 2.220808734942837, "_trigger_distance": 16.706779653232466, "_brake": 0.6519760712818053, "weather": {"sun_altitude_angle": 61.5927192069368, "precipitation": 36.27598201856287, "wind_intensity": 28.26893899967423, "sun_azimuth_angle": 70.10995107527289, "fog_distance": "0", "cloudiness": 78.57790553008891, "fog_density": 9.54788330827942, "wetness": 98.17063016706302, "precipitation_deposits": 35.036886653974406}}], "scenario_type": "Scenario39"}], "Town03": [{"available_event_configurations": [{"transform": {"pitch": "0", "x": -88.5, "y": -90, "yaw": 90, "z": 0}, "_start_distance": 15.54400018867825, "_actor_vel": 2.220808734942837, "_trigger_distance": 16.706779653232466, "_brake": 0.6519760712818053, "weather": {"sun_altitude_angle": 61.5927192069368, "precipitation": 36.27598201856287, "wind_intensity": 28.26893899967423, "sun_azimuth_angle": 70.10995107527289, "fog_distance": "0", "cloudiness": 78.57790553008891, "fog_density": 9.54788330827942, "wetness": 98.17063016706302, "precipitation_deposits": 35.036886653974406}}], "scenario_type": "Scenario39"}]}]}