{"available_scenarios": [{"Town05": [{"available_event_configurations": [{"transform": {"pitch": "0", "x": 35, "y": 130, "yaw": -90, "z": 0}, "_start_distance": 16.50596384977847, "_actor_vel": 2.413971511115885, "_trigger_distance": 18.50244251261009, "_brake": 0.6660879005476432}, {"transform": {"pitch": "0", "x": 35, "y": 70, "yaw": -90, "z": 0}, "_start_distance": 16.50596384977847, "_actor_vel": 2.413971511115885, "_trigger_distance": 18.50244251261009, "_brake": 0.6660879005476432, "weather": {"sun_altitude_angle": 71.74510825538766, "precipitation": 28.60297718954483, "wind_intensity": 65.87762338778593, "sun_azimuth_angle": 221.3577017769886, "fog_distance": "0", "cloudiness": 94.8696962159934, "fog_density": 8.499634563660553, "wetness": 70.85764241455155, "precipitation_deposits": 73.65868702977015}}], "scenario_type": "Scenario39"}], "Town01": [{"available_event_configurations": [{"transform": {"pitch": "0", "x": 300, "y": 129, "yaw": 180, "z": 0}, "_start_distance": 16.50596384977847, "_actor_vel": 2.413971511115885, "_trigger_distance": 18.50244251261009, "_brake": 0.6660879005476432, "weather": {"sun_altitude_angle": 71.74510825538766, "precipitation": 28.60297718954483, "wind_intensity": 65.87762338778593, "sun_azimuth_angle": 221.3577017769886, "fog_distance": "0", "cloudiness": 94.8696962159934, "fog_density": 8.499634563660553, "wetness": 70.85764241455155, "precipitation_deposits": 73.65868702977015}}], "scenario_type": "Scenario39"}], "Town04": [{"available_event_configurations": [{"transform": {"pitch": "0", "x": 254.9, "y": -230.9, "yaw": 90, "z": 0}, "_start_distance": 16.50596384977847, "_actor_vel": 2.413971511115885, "_trigger_distance": 18.50244251261009, "_brake": 0.6660879005476432, "weather": {"sun_altitude_angle": 71.74510825538766, "precipitation": 28.60297718954483, "wind_intensity": 65.87762338778593, "sun_azimuth_angle": 221.3577017769886, "fog_distance": "0", "cloudiness": 94.8696962159934, "fog_density": 8.499634563660553, "wetness": 70.85764241455155, "precipitation_deposits": 73.65868702977015}}], "scenario_type": "Scenario39"}], "Town03": [{"available_event_configurations": [{"transform": {"pitch": "0", "x": -88.5, "y": -90, "yaw": 90, "z": 0}, "_start_distance": 16.50596384977847, "_actor_vel": 2.413971511115885, "_trigger_distance": 18.50244251261009, "_brake": 0.6660879005476432, "weather": {"sun_altitude_angle": 71.74510825538766, "precipitation": 28.60297718954483, "wind_intensity": 65.87762338778593, "sun_azimuth_angle": 221.3577017769886, "fog_distance": "0", "cloudiness": 94.8696962159934, "fog_density": 8.499634563660553, "wetness": 70.85764241455155, "precipitation_deposits": 73.65868702977015}}], "scenario_type": "Scenario39"}]}]}