{"available_scenarios": [{"Town05": [{"available_event_configurations": [{"transform": {"pitch": "0", "x": 35, "y": 130, "yaw": -90, "z": 0}, "_start_distance": 15.05287055368071, "_actor_vel": 2.0439997023782412, "_trigger_distance": 19.806157903129915, "_brake": 0.8641789736653962}, {"transform": {"pitch": "0", "x": 35, "y": 70, "yaw": -90, "z": 0}, "_start_distance": 15.05287055368071, "_actor_vel": 2.0439997023782412, "_trigger_distance": 19.806157903129915, "_brake": 0.8641789736653962, "weather": {"sun_altitude_angle": 20.73460466446381, "precipitation": 49.62133526965066, "wind_intensity": 51.15024721572965, "sun_azimuth_angle": 141.9221824021987, "fog_distance": "0", "cloudiness": 21.152194324929717, "fog_density": 9.516443160145398, "wetness": 58.29467389604515, "precipitation_deposits": 6.9711234246014335}}], "scenario_type": "Scenario39"}], "Town01": [{"available_event_configurations": [{"transform": {"pitch": "0", "x": 300, "y": 129, "yaw": 180, "z": 0}, "_start_distance": 15.05287055368071, "_actor_vel": 2.0439997023782412, "_trigger_distance": 19.806157903129915, "_brake": 0.8641789736653962, "weather": {"sun_altitude_angle": 20.73460466446381, "precipitation": 49.62133526965066, "wind_intensity": 51.15024721572965, "sun_azimuth_angle": 141.9221824021987, "fog_distance": "0", "cloudiness": 21.152194324929717, "fog_density": 9.516443160145398, "wetness": 58.29467389604515, "precipitation_deposits": 6.9711234246014335}}], "scenario_type": "Scenario39"}], "Town04": [{"available_event_configurations": [{"transform": {"pitch": "0", "x": 254.9, "y": -230.9, "yaw": 90, "z": 0}, "_start_distance": 15.05287055368071, "_actor_vel": 2.0439997023782412, "_trigger_distance": 19.806157903129915, "_brake": 0.8641789736653962, "weather": {"sun_altitude_angle": 20.73460466446381, "precipitation": 49.62133526965066, "wind_intensity": 51.15024721572965, "sun_azimuth_angle": 141.9221824021987, "fog_distance": "0", "cloudiness": 21.152194324929717, "fog_density": 9.516443160145398, "wetness": 58.29467389604515, "precipitation_deposits": 6.9711234246014335}}], "scenario_type": "Scenario39"}], "Town03": [{"available_event_configurations": [{"transform": {"pitch": "0", "x": -88.5, "y": -90, "yaw": 90, "z": 0}, "_start_distance": 15.05287055368071, "_actor_vel": 2.0439997023782412, "_trigger_distance": 19.806157903129915, "_brake": 0.8641789736653962, "weather": {"sun_altitude_angle": 20.73460466446381, "precipitation": 49.62133526965066, "wind_intensity": 51.15024721572965, "sun_azimuth_angle": 141.9221824021987, "fog_distance": "0", "cloudiness": 21.152194324929717, "fog_density": 9.516443160145398, "wetness": 58.29467389604515, "precipitation_deposits": 6.9711234246014335}}], "scenario_type": "Scenario39"}]}]}