{"available_scenarios": [{"Town05": [{"available_event_configurations": [{"transform": {"pitch": "0", "x": 35, "y": 130, "yaw": -90, "z": 0}, "_start_distance": 15.569997031715724, "_actor_vel": 2.4201818125155294, "_trigger_distance": 19.2000546282384, "_brake": 0.8895146976275572}, {"transform": {"pitch": "0", "x": 35, "y": 70, "yaw": -90, "z": 0}, "_start_distance": 15.569997031715724, "_actor_vel": 2.4201818125155294, "_trigger_distance": 19.2000546282384, "_brake": 0.8895146976275572, "weather": {"sun_altitude_angle": 82.48133721885877, "precipitation": 60.567044564934434, "wind_intensity": 64.1379045091025, "sun_azimuth_angle": 128.6647874384827, "fog_distance": "0", "cloudiness": 8.13954903917361, "fog_density": 3.909889080553859, "wetness": 20.265906534394894, "precipitation_deposits": 7.559948481264955}}], "scenario_type": "Scenario39"}], "Town01": [{"available_event_configurations": [{"transform": {"pitch": "0", "x": 300, "y": 129, "yaw": 180, "z": 0}, "_start_distance": 15.569997031715724, "_actor_vel": 2.4201818125155294, "_trigger_distance": 19.2000546282384, "_brake": 0.8895146976275572, "weather": {"sun_altitude_angle": 82.48133721885877, "precipitation": 60.567044564934434, "wind_intensity": 64.1379045091025, "sun_azimuth_angle": 128.6647874384827, "fog_distance": "0", "cloudiness": 8.13954903917361, "fog_density": 3.909889080553859, "wetness": 20.265906534394894, "precipitation_deposits": 7.559948481264955}}], "scenario_type": "Scenario39"}], "Town04": [{"available_event_configurations": [{"transform": {"pitch": "0", "x": 254.9, "y": -230.9, "yaw": 90, "z": 0}, "_start_distance": 15.569997031715724, "_actor_vel": 2.4201818125155294, "_trigger_distance": 19.2000546282384, "_brake": 0.8895146976275572, "weather": {"sun_altitude_angle": 82.48133721885877, "precipitation": 60.567044564934434, "wind_intensity": 64.1379045091025, "sun_azimuth_angle": 128.6647874384827, "fog_distance": "0", "cloudiness": 8.13954903917361, "fog_density": 3.909889080553859, "wetness": 20.265906534394894, "precipitation_deposits": 7.559948481264955}}], "scenario_type": "Scenario39"}], "Town03": [{"available_event_configurations": [{"transform": {"pitch": "0", "x": -88.5, "y": -90, "yaw": 90, "z": 0}, "_start_distance": 15.569997031715724, "_actor_vel": 2.4201818125155294, "_trigger_distance": 19.2000546282384, "_brake": 0.8895146976275572, "weather": {"sun_altitude_angle": 82.48133721885877, "precipitation": 60.567044564934434, "wind_intensity": 64.1379045091025, "sun_azimuth_angle": 128.6647874384827, "fog_distance": "0", "cloudiness": 8.13954903917361, "fog_density": 3.909889080553859, "wetness": 20.265906534394894, "precipitation_deposits": 7.559948481264955}}], "scenario_type": "Scenario39"}]}]}