{"available_scenarios": [{"Town05": [{"available_event_configurations": [{"transform": {"pitch": "0", "x": 35, "y": 130, "yaw": -90, "z": 0}, "_start_distance": 18.967152741908613, "_actor_vel": 2.160909221004533, "_trigger_distance": 15.156989717908251, "_brake": 0.8597185971178023}, {"transform": {"pitch": "0", "x": 35, "y": 70, "yaw": -90, "z": 0}, "_start_distance": 18.967152741908613, "_actor_vel": 2.160909221004533, "_trigger_distance": 15.156989717908251, "_brake": 0.8597185971178023, "weather": {"sun_altitude_angle": 60.60504260500421, "precipitation": 49.54275673957017, "wind_intensity": 94.73234035222298, "sun_azimuth_angle": 30.42720084700436, "fog_distance": "0", "cloudiness": 61.729381623130244, "fog_density": 4.99317813774563, "wetness": 65.44780363323706, "precipitation_deposits": 63.96076943079127}}], "scenario_type": "Scenario39"}], "Town01": [{"available_event_configurations": [{"transform": {"pitch": "0", "x": 300, "y": 129, "yaw": 180, "z": 0}, "_start_distance": 18.967152741908613, "_actor_vel": 2.160909221004533, "_trigger_distance": 15.156989717908251, "_brake": 0.8597185971178023, "weather": {"sun_altitude_angle": 60.60504260500421, "precipitation": 49.54275673957017, "wind_intensity": 94.73234035222298, "sun_azimuth_angle": 30.42720084700436, "fog_distance": "0", "cloudiness": 61.729381623130244, "fog_density": 4.99317813774563, "wetness": 65.44780363323706, "precipitation_deposits": 63.96076943079127}}], "scenario_type": "Scenario39"}], "Town04": [{"available_event_configurations": [{"transform": {"pitch": "0", "x": 254.9, "y": -230.9, "yaw": 90, "z": 0}, "_start_distance": 18.967152741908613, "_actor_vel": 2.160909221004533, "_trigger_distance": 15.156989717908251, "_brake": 0.8597185971178023, "weather": {"sun_altitude_angle": 60.60504260500421, "precipitation": 49.54275673957017, "wind_intensity": 94.73234035222298, "sun_azimuth_angle": 30.42720084700436, "fog_distance": "0", "cloudiness": 61.729381623130244, "fog_density": 4.99317813774563, "wetness": 65.44780363323706, "precipitation_deposits": 63.96076943079127}}], "scenario_type": "Scenario39"}], "Town03": [{"available_event_configurations": [{"transform": {"pitch": "0", "x": -88.5, "y": -90, "yaw": 90, "z": 0}, "_start_distance": 18.967152741908613, "_actor_vel": 2.160909221004533, "_trigger_distance": 15.156989717908251, "_brake": 0.8597185971178023, "weather": {"sun_altitude_angle": 60.60504260500421, "precipitation": 49.54275673957017, "wind_intensity": 94.73234035222298, "sun_azimuth_angle": 30.42720084700436, "fog_distance": "0", "cloudiness": 61.729381623130244, "fog_density": 4.99317813774563, "wetness": 65.44780363323706, "precipitation_deposits": 63.96076943079127}}], "scenario_type": "Scenario39"}]}]}