{"available_scenarios": [{"Town05": [{"available_event_configurations": [{"transform": {"pitch": "0", "x": 35, "y": 70, "yaw": -90, "z": 0}, "_start_distance": 18.93822473280328, "_actor_vel": 3.578887618743722, "_trigger_distance": 8.680405742320174, "_brake": 1.0, "weather": {"sun_altitude_angle": 29.14803184596046, "precipitation": 6.214769104245521, "wind_intensity": 92.66148570463966, "sun_azimuth_angle": 167.02480286163322, "fog_distance": "0", "cloudiness": 14.841560145727906, "fog_density": 67.41425406684483, "wetness": 93.48250057111007, "precipitation_deposits": 39.49163447298398}}], "scenario_type": "Scenario57"}], "Town04": [{"available_event_configurations": [{"transform": {"pitch": "0", "x": -13.4, "y": -160, "yaw": 90, "z": 0}, "_start_distance": 18.93822473280328, "_actor_vel": 3.578887618743722, "_trigger_distance": 8.680405742320174, "_brake": 1.0, "weather": {"sun_altitude_angle": 29.14803184596046, "precipitation": 6.214769104245521, "wind_intensity": 92.66148570463966, "sun_azimuth_angle": 167.02480286163322, "fog_distance": "0", "cloudiness": 14.841560145727906, "fog_density": 67.41425406684483, "wetness": 93.48250057111007, "precipitation_deposits": 39.49163447298398}}], "scenario_type": "Scenario57"}], "Town03": [{"available_event_configurations": [{"transform": {"pitch": "0", "x": -88.5, "y": -90, "yaw": 90, "z": 0}, "_start_distance": 18.93822473280328, "_actor_vel": 3.578887618743722, "_trigger_distance": 8.680405742320174, "_brake": 1.0, "weather": {"sun_altitude_angle": 29.14803184596046, "precipitation": 6.214769104245521, "wind_intensity": 92.66148570463966, "sun_azimuth_angle": 167.02480286163322, "fog_distance": "0", "cloudiness": 14.841560145727906, "fog_density": 67.41425406684483, "wetness": 93.48250057111007, "precipitation_deposits": 39.49163447298398}}], "scenario_type": "Scenario57"}], "Town06": [{"available_event_configurations": [{"transform": {"pitch": "0", "x": 8.4, "y": 220, "yaw": -90, "z": 0}, "_start_distance": 18.93822473280328, "_actor_vel": 3.578887618743722, "_trigger_distance": 8.680405742320174, "_brake": 1.0, "weather": {"sun_altitude_angle": 29.14803184596046, "precipitation": 6.214769104245521, "wind_intensity": 92.66148570463966, "sun_azimuth_angle": 167.02480286163322, "fog_distance": "0", "cloudiness": 14.841560145727906, "fog_density": 67.41425406684483, "wetness": 93.48250057111007, "precipitation_deposits": 39.49163447298398}}], "scenario_type": "Scenario57"}]}]}