{"available_scenarios": [{"Town05": [{"available_event_configurations": [{"transform": {"pitch": "0", "x": 35, "y": 70, "yaw": -90, "z": 0}, "_start_distance": 18.8757416072672, "_actor_vel": 2.9483371474251925, "_trigger_distance": 7.2470887943785405, "_brake": 1.0, "weather": {"sun_altitude_angle": 85.83745777863865, "precipitation": 95.14403474615905, "wind_intensity": 3.5180209189301426, "sun_azimuth_angle": 159.0493241204078, "fog_distance": "0", "cloudiness": 20.975170741417326, "fog_density": 79.32863946031796, "wetness": 2.8534327239453483, "precipitation_deposits": 86.20345508283249}}], "scenario_type": "Scenario57"}], "Town04": [{"available_event_configurations": [{"transform": {"pitch": "0", "x": -13.4, "y": -160, "yaw": 90, "z": 0}, "_start_distance": 18.8757416072672, "_actor_vel": 2.9483371474251925, "_trigger_distance": 7.2470887943785405, "_brake": 1.0, "weather": {"sun_altitude_angle": 85.83745777863865, "precipitation": 95.14403474615905, "wind_intensity": 3.5180209189301426, "sun_azimuth_angle": 159.0493241204078, "fog_distance": "0", "cloudiness": 20.975170741417326, "fog_density": 79.32863946031796, "wetness": 2.8534327239453483, "precipitation_deposits": 86.20345508283249}}], "scenario_type": "Scenario57"}], "Town03": [{"available_event_configurations": [{"transform": {"pitch": "0", "x": -88.5, "y": -90, "yaw": 90, "z": 0}, "_start_distance": 18.8757416072672, "_actor_vel": 2.9483371474251925, "_trigger_distance": 7.2470887943785405, "_brake": 1.0, "weather": {"sun_altitude_angle": 85.83745777863865, "precipitation": 95.14403474615905, "wind_intensity": 3.5180209189301426, "sun_azimuth_angle": 159.0493241204078, "fog_distance": "0", "cloudiness": 20.975170741417326, "fog_density": 79.32863946031796, "wetness": 2.8534327239453483, "precipitation_deposits": 86.20345508283249}}], "scenario_type": "Scenario57"}], "Town06": [{"available_event_configurations": [{"transform": {"pitch": "0", "x": 8.4, "y": 220, "yaw": -90, "z": 0}, "_start_distance": 18.8757416072672, "_actor_vel": 2.9483371474251925, "_trigger_distance": 7.2470887943785405, "_brake": 1.0, "weather": {"sun_altitude_angle": 85.83745777863865, "precipitation": 95.14403474615905, "wind_intensity": 3.5180209189301426, "sun_azimuth_angle": 159.0493241204078, "fog_distance": "0", "cloudiness": 20.975170741417326, "fog_density": 79.32863946031796, "wetness": 2.8534327239453483, "precipitation_deposits": 86.20345508283249}}], "scenario_type": "Scenario57"}]}]}