{"available_scenarios": [{"Town05": [{"available_event_configurations": [{"transform": {"pitch": "0", "x": 35, "y": 70, "yaw": -90, "z": 0}, "_start_distance": 17.125161272111118, "_actor_vel": 2.363132573552483, "_trigger_distance": 7.201471703389597, "_brake": 1.0, "weather": {"sun_altitude_angle": 25.397783898950593, "precipitation": 92.2385019560454, "wind_intensity": 87.26892386707584, "sun_azimuth_angle": 8.44933676801583, "fog_distance": "0", "cloudiness": 28.56685302615939, "fog_density": 9.742403635180318, "wetness": 10.50710669278584, "precipitation_deposits": 3.3788514841525896}}], "scenario_type": "Scenario57"}], "Town04": [{"available_event_configurations": [{"transform": {"pitch": "0", "x": -13.4, "y": -160, "yaw": 90, "z": 0}, "_start_distance": 17.125161272111118, "_actor_vel": 2.363132573552483, "_trigger_distance": 7.201471703389597, "_brake": 1.0, "weather": {"sun_altitude_angle": 25.397783898950593, "precipitation": 92.2385019560454, "wind_intensity": 87.26892386707584, "sun_azimuth_angle": 8.44933676801583, "fog_distance": "0", "cloudiness": 28.56685302615939, "fog_density": 9.742403635180318, "wetness": 10.50710669278584, "precipitation_deposits": 3.3788514841525896}}], "scenario_type": "Scenario57"}], "Town03": [{"available_event_configurations": [{"transform": {"pitch": "0", "x": -88.5, "y": -90, "yaw": 90, "z": 0}, "_start_distance": 17.125161272111118, "_actor_vel": 2.363132573552483, "_trigger_distance": 7.201471703389597, "_brake": 1.0, "weather": {"sun_altitude_angle": 25.397783898950593, "precipitation": 92.2385019560454, "wind_intensity": 87.26892386707584, "sun_azimuth_angle": 8.44933676801583, "fog_distance": "0", "cloudiness": 28.56685302615939, "fog_density": 9.742403635180318, "wetness": 10.50710669278584, "precipitation_deposits": 3.3788514841525896}}], "scenario_type": "Scenario57"}], "Town06": [{"available_event_configurations": [{"transform": {"pitch": "0", "x": 8.4, "y": 220, "yaw": -90, "z": 0}, "_start_distance": 17.125161272111118, "_actor_vel": 2.363132573552483, "_trigger_distance": 7.201471703389597, "_brake": 1.0, "weather": {"sun_altitude_angle": 25.397783898950593, "precipitation": 92.2385019560454, "wind_intensity": 87.26892386707584, "sun_azimuth_angle": 8.44933676801583, "fog_distance": "0", "cloudiness": 28.56685302615939, "fog_density": 9.742403635180318, "wetness": 10.50710669278584, "precipitation_deposits": 3.3788514841525896}}], "scenario_type": "Scenario57"}]}]}