{"available_scenarios": [{"Town05": [{"available_event_configurations": [{"transform": {"pitch": "0", "x": 35, "y": 70, "yaw": -90, "z": 0}, "_start_distance": 17.401326871225216, "_actor_vel": 3.1569600607008685, "_trigger_distance": 6.6489692564209255, "_brake": 1.0, "weather": {"sun_altitude_angle": 56.36318845302236, "precipitation": 80.68401998636881, "wind_intensity": 60.74921956829885, "sun_azimuth_angle": 338.0323570983631, "fog_distance": "0", "cloudiness": 97.77689527481424, "fog_density": 83.10507210049026, "wetness": 0.43938839459157775, "precipitation_deposits": 43.78751484730069}}], "scenario_type": "Scenario57"}], "Town04": [{"available_event_configurations": [{"transform": {"pitch": "0", "x": -13.4, "y": -160, "yaw": 90, "z": 0}, "_start_distance": 17.401326871225216, "_actor_vel": 3.1569600607008685, "_trigger_distance": 6.6489692564209255, "_brake": 1.0, "weather": {"sun_altitude_angle": 56.36318845302236, "precipitation": 80.68401998636881, "wind_intensity": 60.74921956829885, "sun_azimuth_angle": 338.0323570983631, "fog_distance": "0", "cloudiness": 97.77689527481424, "fog_density": 83.10507210049026, "wetness": 0.43938839459157775, "precipitation_deposits": 43.78751484730069}}], "scenario_type": "Scenario57"}], "Town03": [{"available_event_configurations": [{"transform": {"pitch": "0", "x": -88.5, "y": -90, "yaw": 90, "z": 0}, "_start_distance": 17.401326871225216, "_actor_vel": 3.1569600607008685, "_trigger_distance": 6.6489692564209255, "_brake": 1.0, "weather": {"sun_altitude_angle": 56.36318845302236, "precipitation": 80.68401998636881, "wind_intensity": 60.74921956829885, "sun_azimuth_angle": 338.0323570983631, "fog_distance": "0", "cloudiness": 97.77689527481424, "fog_density": 83.10507210049026, "wetness": 0.43938839459157775, "precipitation_deposits": 43.78751484730069}}], "scenario_type": "Scenario57"}], "Town06": [{"available_event_configurations": [{"transform": {"pitch": "0", "x": 8.4, "y": 220, "yaw": -90, "z": 0}, "_start_distance": 17.401326871225216, "_actor_vel": 3.1569600607008685, "_trigger_distance": 6.6489692564209255, "_brake": 1.0, "weather": {"sun_altitude_angle": 56.36318845302236, "precipitation": 80.68401998636881, "wind_intensity": 60.74921956829885, "sun_azimuth_angle": 338.0323570983631, "fog_distance": "0", "cloudiness": 97.77689527481424, "fog_density": 83.10507210049026, "wetness": 0.43938839459157775, "precipitation_deposits": 43.78751484730069}}], "scenario_type": "Scenario57"}]}]}