{"available_scenarios": [{"Town05": [{"available_event_configurations": [{"transform": {"pitch": "0", "x": 35, "y": 70, "yaw": -90, "z": 0}, "_start_distance": 18.32572706426506, "_actor_vel": 2.4738571092620196, "_trigger_distance": 7.2776849624281414, "_brake": 1.0, "weather": {"sun_altitude_angle": -26.686383180365162, "precipitation": 90.23192582090708, "wind_intensity": 64.12812219125009, "sun_azimuth_angle": 88.02580672438123, "fog_distance": "0", "cloudiness": 14.302094371143925, "fog_density": 72.29940921277584, "wetness": 7.33430846387807, "precipitation_deposits": 99.91917910334409}}], "scenario_type": "Scenario57"}], "Town04": [{"available_event_configurations": [{"transform": {"pitch": "0", "x": -13.4, "y": -160, "yaw": 90, "z": 0}, "_start_distance": 18.32572706426506, "_actor_vel": 2.4738571092620196, "_trigger_distance": 7.2776849624281414, "_brake": 1.0, "weather": {"sun_altitude_angle": -26.686383180365162, "precipitation": 90.23192582090708, "wind_intensity": 64.12812219125009, "sun_azimuth_angle": 88.02580672438123, "fog_distance": "0", "cloudiness": 14.302094371143925, "fog_density": 72.29940921277584, "wetness": 7.33430846387807, "precipitation_deposits": 99.91917910334409}}], "scenario_type": "Scenario57"}], "Town03": [{"available_event_configurations": [{"transform": {"pitch": "0", "x": -88.5, "y": -90, "yaw": 90, "z": 0}, "_start_distance": 18.32572706426506, "_actor_vel": 2.4738571092620196, "_trigger_distance": 7.2776849624281414, "_brake": 1.0, "weather": {"sun_altitude_angle": -26.686383180365162, "precipitation": 90.23192582090708, "wind_intensity": 64.12812219125009, "sun_azimuth_angle": 88.02580672438123, "fog_distance": "0", "cloudiness": 14.302094371143925, "fog_density": 72.29940921277584, "wetness": 7.33430846387807, "precipitation_deposits": 99.91917910334409}}], "scenario_type": "Scenario57"}], "Town06": [{"available_event_configurations": [{"transform": {"pitch": "0", "x": 8.4, "y": 220, "yaw": -90, "z": 0}, "_start_distance": 18.32572706426506, "_actor_vel": 2.4738571092620196, "_trigger_distance": 7.2776849624281414, "_brake": 1.0, "weather": {"sun_altitude_angle": -26.686383180365162, "precipitation": 90.23192582090708, "wind_intensity": 64.12812219125009, "sun_azimuth_angle": 88.02580672438123, "fog_distance": "0", "cloudiness": 14.302094371143925, "fog_density": 72.29940921277584, "wetness": 7.33430846387807, "precipitation_deposits": 99.91917910334409}}], "scenario_type": "Scenario57"}]}]}