{"available_scenarios": [{"Town05": [{"available_event_configurations": [{"transform": {"pitch": "0", "x": 35, "y": 70, "yaw": -90, "z": 0}, "_start_distance": 19.093648015609418, "_actor_vel": 2.4809964019341675, "_trigger_distance": 6.148993875623377, "_brake": 1.0, "weather": {"sun_altitude_angle": -4.638025589811178, "precipitation": 15.926660763465406, "wind_intensity": 62.685950961004735, "sun_azimuth_angle": 267.1529400497869, "fog_distance": "0", "cloudiness": 67.5224296480739, "fog_density": 23.61260721733416, "wetness": 9.411040200443722, "precipitation_deposits": 12.5035866506371}}], "scenario_type": "Scenario57"}], "Town04": [{"available_event_configurations": [{"transform": {"pitch": "0", "x": -13.4, "y": -160, "yaw": 90, "z": 0}, "_start_distance": 19.093648015609418, "_actor_vel": 2.4809964019341675, "_trigger_distance": 6.148993875623377, "_brake": 1.0, "weather": {"sun_altitude_angle": -4.638025589811178, "precipitation": 15.926660763465406, "wind_intensity": 62.685950961004735, "sun_azimuth_angle": 267.1529400497869, "fog_distance": "0", "cloudiness": 67.5224296480739, "fog_density": 23.61260721733416, "wetness": 9.411040200443722, "precipitation_deposits": 12.5035866506371}}], "scenario_type": "Scenario57"}], "Town03": [{"available_event_configurations": [{"transform": {"pitch": "0", "x": -88.5, "y": -90, "yaw": 90, "z": 0}, "_start_distance": 19.093648015609418, "_actor_vel": 2.4809964019341675, "_trigger_distance": 6.148993875623377, "_brake": 1.0, "weather": {"sun_altitude_angle": -4.638025589811178, "precipitation": 15.926660763465406, "wind_intensity": 62.685950961004735, "sun_azimuth_angle": 267.1529400497869, "fog_distance": "0", "cloudiness": 67.5224296480739, "fog_density": 23.61260721733416, "wetness": 9.411040200443722, "precipitation_deposits": 12.5035866506371}}], "scenario_type": "Scenario57"}], "Town06": [{"available_event_configurations": [{"transform": {"pitch": "0", "x": 8.4, "y": 220, "yaw": -90, "z": 0}, "_start_distance": 19.093648015609418, "_actor_vel": 2.4809964019341675, "_trigger_distance": 6.148993875623377, "_brake": 1.0, "weather": {"sun_altitude_angle": -4.638025589811178, "precipitation": 15.926660763465406, "wind_intensity": 62.685950961004735, "sun_azimuth_angle": 267.1529400497869, "fog_distance": "0", "cloudiness": 67.5224296480739, "fog_density": 23.61260721733416, "wetness": 9.411040200443722, "precipitation_deposits": 12.5035866506371}}], "scenario_type": "Scenario57"}]}]}