{"available_scenarios": [{"Town05": [{"available_event_configurations": [{"transform": {"pitch": "0", "x": 35, "y": 70, "yaw": -90, "z": 0}, "_start_distance": 18.827542738728365, "_actor_vel": 2.3345783948481102, "_trigger_distance": 6.57480117276109, "_brake": 1.0, "weather": {"sun_altitude_angle": -55.00227812298688, "precipitation": 99.22724445821231, "wind_intensity": 77.47716959423312, "sun_azimuth_angle": 146.87280779388863, "fog_distance": "0", "cloudiness": 23.58477315824934, "fog_density": 83.49470394794888, "wetness": 90.51593645640249, "precipitation_deposits": 21.28961507051389}}], "scenario_type": "Scenario57"}], "Town04": [{"available_event_configurations": [{"transform": {"pitch": "0", "x": -13.4, "y": -160, "yaw": 90, "z": 0}, "_start_distance": 18.827542738728365, "_actor_vel": 2.3345783948481102, "_trigger_distance": 6.57480117276109, "_brake": 1.0, "weather": {"sun_altitude_angle": -55.00227812298688, "precipitation": 99.22724445821231, "wind_intensity": 77.47716959423312, "sun_azimuth_angle": 146.87280779388863, "fog_distance": "0", "cloudiness": 23.58477315824934, "fog_density": 83.49470394794888, "wetness": 90.51593645640249, "precipitation_deposits": 21.28961507051389}}], "scenario_type": "Scenario57"}], "Town03": [{"available_event_configurations": [{"transform": {"pitch": "0", "x": -88.5, "y": -90, "yaw": 90, "z": 0}, "_start_distance": 18.827542738728365, "_actor_vel": 2.3345783948481102, "_trigger_distance": 6.57480117276109, "_brake": 1.0, "weather": {"sun_altitude_angle": -55.00227812298688, "precipitation": 99.22724445821231, "wind_intensity": 77.47716959423312, "sun_azimuth_angle": 146.87280779388863, "fog_distance": "0", "cloudiness": 23.58477315824934, "fog_density": 83.49470394794888, "wetness": 90.51593645640249, "precipitation_deposits": 21.28961507051389}}], "scenario_type": "Scenario57"}], "Town06": [{"available_event_configurations": [{"transform": {"pitch": "0", "x": 8.4, "y": 220, "yaw": -90, "z": 0}, "_start_distance": 18.827542738728365, "_actor_vel": 2.3345783948481102, "_trigger_distance": 6.57480117276109, "_brake": 1.0, "weather": {"sun_altitude_angle": -55.00227812298688, "precipitation": 99.22724445821231, "wind_intensity": 77.47716959423312, "sun_azimuth_angle": 146.87280779388863, "fog_distance": "0", "cloudiness": 23.58477315824934, "fog_density": 83.49470394794888, "wetness": 90.51593645640249, "precipitation_deposits": 21.28961507051389}}], "scenario_type": "Scenario57"}]}]}