{"available_scenarios": [{"Town05": [{"available_event_configurations": [{"transform": {"pitch": "0", "x": 35, "y": 70, "yaw": -90, "z": 0}, "_start_distance": 19.041217823653284, "_actor_vel": 2.147026631904952, "_trigger_distance": 9.953588860899304, "_brake": 1.0, "weather": {"sun_altitude_angle": -39.82017444867584, "precipitation": 52.87663753595556, "wind_intensity": 22.47534174095739, "sun_azimuth_angle": 300.5774579630804, "fog_distance": "0", "cloudiness": 77.63069992156984, "fog_density": 66.47417438291201, "wetness": 75.2223800059916, "precipitation_deposits": 32.05154085826681}}], "scenario_type": "Scenario57"}], "Town04": [{"available_event_configurations": [{"transform": {"pitch": "0", "x": -13.4, "y": -160, "yaw": 90, "z": 0}, "_start_distance": 19.041217823653284, "_actor_vel": 2.147026631904952, "_trigger_distance": 9.953588860899304, "_brake": 1.0, "weather": {"sun_altitude_angle": -39.82017444867584, "precipitation": 52.87663753595556, "wind_intensity": 22.47534174095739, "sun_azimuth_angle": 300.5774579630804, "fog_distance": "0", "cloudiness": 77.63069992156984, "fog_density": 66.47417438291201, "wetness": 75.2223800059916, "precipitation_deposits": 32.05154085826681}}], "scenario_type": "Scenario57"}], "Town03": [{"available_event_configurations": [{"transform": {"pitch": "0", "x": -88.5, "y": -90, "yaw": 90, "z": 0}, "_start_distance": 19.041217823653284, "_actor_vel": 2.147026631904952, "_trigger_distance": 9.953588860899304, "_brake": 1.0, "weather": {"sun_altitude_angle": -39.82017444867584, "precipitation": 52.87663753595556, "wind_intensity": 22.47534174095739, "sun_azimuth_angle": 300.5774579630804, "fog_distance": "0", "cloudiness": 77.63069992156984, "fog_density": 66.47417438291201, "wetness": 75.2223800059916, "precipitation_deposits": 32.05154085826681}}], "scenario_type": "Scenario57"}], "Town06": [{"available_event_configurations": [{"transform": {"pitch": "0", "x": 8.4, "y": 220, "yaw": -90, "z": 0}, "_start_distance": 19.041217823653284, "_actor_vel": 2.147026631904952, "_trigger_distance": 9.953588860899304, "_brake": 1.0, "weather": {"sun_altitude_angle": -39.82017444867584, "precipitation": 52.87663753595556, "wind_intensity": 22.47534174095739, "sun_azimuth_angle": 300.5774579630804, "fog_distance": "0", "cloudiness": 77.63069992156984, "fog_density": 66.47417438291201, "wetness": 75.2223800059916, "precipitation_deposits": 32.05154085826681}}], "scenario_type": "Scenario57"}]}]}