{"available_scenarios": [{"Town05": [{"available_event_configurations": [{"transform": {"pitch": "0", "x": 35, "y": 70, "yaw": -90, "z": 0}, "_start_distance": 18.17442511778144, "_actor_vel": 3.8725876640959314, "_trigger_distance": 8.303131555026026, "_brake": 1.0, "weather": {"sun_altitude_angle": 11.115696155272644, "precipitation": 82.38769564627323, "wind_intensity": 33.11802652284357, "sun_azimuth_angle": 139.9199877055665, "fog_distance": "0", "cloudiness": 35.32693840134452, "fog_density": 18.745270748364163, "wetness": 0.5740396692206939, "precipitation_deposits": 27.62623647458198}}], "scenario_type": "Scenario57"}], "Town04": [{"available_event_configurations": [{"transform": {"pitch": "0", "x": -13.4, "y": -160, "yaw": 90, "z": 0}, "_start_distance": 18.17442511778144, "_actor_vel": 3.8725876640959314, "_trigger_distance": 8.303131555026026, "_brake": 1.0, "weather": {"sun_altitude_angle": 11.115696155272644, "precipitation": 82.38769564627323, "wind_intensity": 33.11802652284357, "sun_azimuth_angle": 139.9199877055665, "fog_distance": "0", "cloudiness": 35.32693840134452, "fog_density": 18.745270748364163, "wetness": 0.5740396692206939, "precipitation_deposits": 27.62623647458198}}], "scenario_type": "Scenario57"}], "Town03": [{"available_event_configurations": [{"transform": {"pitch": "0", "x": -88.5, "y": -90, "yaw": 90, "z": 0}, "_start_distance": 18.17442511778144, "_actor_vel": 3.8725876640959314, "_trigger_distance": 8.303131555026026, "_brake": 1.0, "weather": {"sun_altitude_angle": 11.115696155272644, "precipitation": 82.38769564627323, "wind_intensity": 33.11802652284357, "sun_azimuth_angle": 139.9199877055665, "fog_distance": "0", "cloudiness": 35.32693840134452, "fog_density": 18.745270748364163, "wetness": 0.5740396692206939, "precipitation_deposits": 27.62623647458198}}], "scenario_type": "Scenario57"}], "Town06": [{"available_event_configurations": [{"transform": {"pitch": "0", "x": 8.4, "y": 220, "yaw": -90, "z": 0}, "_start_distance": 18.17442511778144, "_actor_vel": 3.8725876640959314, "_trigger_distance": 8.303131555026026, "_brake": 1.0, "weather": {"sun_altitude_angle": 11.115696155272644, "precipitation": 82.38769564627323, "wind_intensity": 33.11802652284357, "sun_azimuth_angle": 139.9199877055665, "fog_distance": "0", "cloudiness": 35.32693840134452, "fog_density": 18.745270748364163, "wetness": 0.5740396692206939, "precipitation_deposits": 27.62623647458198}}], "scenario_type": "Scenario57"}]}]}