{"available_scenarios": [{"Town05": [{"available_event_configurations": [{"transform": {"pitch": "0", "x": 35, "y": 70, "yaw": -90, "z": 0}, "_start_distance": 15.054875508447472, "_actor_vel": 3.5131874736354587, "_trigger_distance": 7.003758188241299, "_brake": 1.0, "weather": {"sun_altitude_angle": -10.763299426264794, "precipitation": 90.79136281229128, "wind_intensity": 17.534464691090857, "sun_azimuth_angle": 110.99259634860785, "fog_distance": "0", "cloudiness": 88.70850008827824, "fog_density": 93.68607434780655, "wetness": 87.61103409763649, "precipitation_deposits": 11.696818897507132}}], "scenario_type": "Scenario57"}], "Town04": [{"available_event_configurations": [{"transform": {"pitch": "0", "x": -13.4, "y": -160, "yaw": 90, "z": 0}, "_start_distance": 15.054875508447472, "_actor_vel": 3.5131874736354587, "_trigger_distance": 7.003758188241299, "_brake": 1.0, "weather": {"sun_altitude_angle": -10.763299426264794, "precipitation": 90.79136281229128, "wind_intensity": 17.534464691090857, "sun_azimuth_angle": 110.99259634860785, "fog_distance": "0", "cloudiness": 88.70850008827824, "fog_density": 93.68607434780655, "wetness": 87.61103409763649, "precipitation_deposits": 11.696818897507132}}], "scenario_type": "Scenario57"}], "Town03": [{"available_event_configurations": [{"transform": {"pitch": "0", "x": -88.5, "y": -90, "yaw": 90, "z": 0}, "_start_distance": 15.054875508447472, "_actor_vel": 3.5131874736354587, "_trigger_distance": 7.003758188241299, "_brake": 1.0, "weather": {"sun_altitude_angle": -10.763299426264794, "precipitation": 90.79136281229128, "wind_intensity": 17.534464691090857, "sun_azimuth_angle": 110.99259634860785, "fog_distance": "0", "cloudiness": 88.70850008827824, "fog_density": 93.68607434780655, "wetness": 87.61103409763649, "precipitation_deposits": 11.696818897507132}}], "scenario_type": "Scenario57"}], "Town06": [{"available_event_configurations": [{"transform": {"pitch": "0", "x": 8.4, "y": 220, "yaw": -90, "z": 0}, "_start_distance": 15.054875508447472, "_actor_vel": 3.5131874736354587, "_trigger_distance": 7.003758188241299, "_brake": 1.0, "weather": {"sun_altitude_angle": -10.763299426264794, "precipitation": 90.79136281229128, "wind_intensity": 17.534464691090857, "sun_azimuth_angle": 110.99259634860785, "fog_distance": "0", "cloudiness": 88.70850008827824, "fog_density": 93.68607434780655, "wetness": 87.61103409763649, "precipitation_deposits": 11.696818897507132}}], "scenario_type": "Scenario57"}]}]}