{"available_scenarios": [{"Town05": [{"available_event_configurations": [{"transform": {"pitch": "0", "x": 35, "y": 70, "yaw": -90, "z": 0}, "_start_distance": 17.189915738027988, "_actor_vel": 2.983324536077379, "_trigger_distance": 6.217279084782748, "_brake": 1.0, "weather": {"sun_altitude_angle": -84.03138153699696, "precipitation": 74.00268351650125, "wind_intensity": 17.993068896829612, "sun_azimuth_angle": 154.9066067041258, "fog_distance": "0", "cloudiness": 58.76403941500128, "fog_density": 61.75781077200344, "wetness": 18.920937517641146, "precipitation_deposits": 81.52809532607364}}], "scenario_type": "Scenario57"}], "Town04": [{"available_event_configurations": [{"transform": {"pitch": "0", "x": -13.4, "y": -160, "yaw": 90, "z": 0}, "_start_distance": 17.189915738027988, "_actor_vel": 2.983324536077379, "_trigger_distance": 6.217279084782748, "_brake": 1.0, "weather": {"sun_altitude_angle": -84.03138153699696, "precipitation": 74.00268351650125, "wind_intensity": 17.993068896829612, "sun_azimuth_angle": 154.9066067041258, "fog_distance": "0", "cloudiness": 58.76403941500128, "fog_density": 61.75781077200344, "wetness": 18.920937517641146, "precipitation_deposits": 81.52809532607364}}], "scenario_type": "Scenario57"}], "Town03": [{"available_event_configurations": [{"transform": {"pitch": "0", "x": -88.5, "y": -90, "yaw": 90, "z": 0}, "_start_distance": 17.189915738027988, "_actor_vel": 2.983324536077379, "_trigger_distance": 6.217279084782748, "_brake": 1.0, "weather": {"sun_altitude_angle": -84.03138153699696, "precipitation": 74.00268351650125, "wind_intensity": 17.993068896829612, "sun_azimuth_angle": 154.9066067041258, "fog_distance": "0", "cloudiness": 58.76403941500128, "fog_density": 61.75781077200344, "wetness": 18.920937517641146, "precipitation_deposits": 81.52809532607364}}], "scenario_type": "Scenario57"}], "Town06": [{"available_event_configurations": [{"transform": {"pitch": "0", "x": 8.4, "y": 220, "yaw": -90, "z": 0}, "_start_distance": 17.189915738027988, "_actor_vel": 2.983324536077379, "_trigger_distance": 6.217279084782748, "_brake": 1.0, "weather": {"sun_altitude_angle": -84.03138153699696, "precipitation": 74.00268351650125, "wind_intensity": 17.993068896829612, "sun_azimuth_angle": 154.9066067041258, "fog_distance": "0", "cloudiness": 58.76403941500128, "fog_density": 61.75781077200344, "wetness": 18.920937517641146, "precipitation_deposits": 81.52809532607364}}], "scenario_type": "Scenario57"}]}]}