{"available_scenarios": [{"Town05": [{"available_event_configurations": [{"transform": {"pitch": "0", "x": 35, "y": 70, "yaw": -90, "z": 0}, "_start_distance": 19.546702950517673, "_actor_vel": 3.156419874301501, "_trigger_distance": 8.06847777396966, "_brake": 1.0, "weather": {"sun_altitude_angle": -32.44035186376869, "precipitation": 39.739616694853574, "wind_intensity": 10.965501266305678, "sun_azimuth_angle": 207.8981665424672, "fog_distance": "0", "cloudiness": 68.724844065695, "fog_density": 36.67816581481964, "wetness": 43.849560761440664, "precipitation_deposits": 32.92241196238813}}], "scenario_type": "Scenario57"}], "Town04": [{"available_event_configurations": [{"transform": {"pitch": "0", "x": -13.4, "y": -160, "yaw": 90, "z": 0}, "_start_distance": 19.546702950517673, "_actor_vel": 3.156419874301501, "_trigger_distance": 8.06847777396966, "_brake": 1.0, "weather": {"sun_altitude_angle": -32.44035186376869, "precipitation": 39.739616694853574, "wind_intensity": 10.965501266305678, "sun_azimuth_angle": 207.8981665424672, "fog_distance": "0", "cloudiness": 68.724844065695, "fog_density": 36.67816581481964, "wetness": 43.849560761440664, "precipitation_deposits": 32.92241196238813}}], "scenario_type": "Scenario57"}], "Town03": [{"available_event_configurations": [{"transform": {"pitch": "0", "x": -88.5, "y": -90, "yaw": 90, "z": 0}, "_start_distance": 19.546702950517673, "_actor_vel": 3.156419874301501, "_trigger_distance": 8.06847777396966, "_brake": 1.0, "weather": {"sun_altitude_angle": -32.44035186376869, "precipitation": 39.739616694853574, "wind_intensity": 10.965501266305678, "sun_azimuth_angle": 207.8981665424672, "fog_distance": "0", "cloudiness": 68.724844065695, "fog_density": 36.67816581481964, "wetness": 43.849560761440664, "precipitation_deposits": 32.92241196238813}}], "scenario_type": "Scenario57"}], "Town06": [{"available_event_configurations": [{"transform": {"pitch": "0", "x": 8.4, "y": 220, "yaw": -90, "z": 0}, "_start_distance": 19.546702950517673, "_actor_vel": 3.156419874301501, "_trigger_distance": 8.06847777396966, "_brake": 1.0, "weather": {"sun_altitude_angle": -32.44035186376869, "precipitation": 39.739616694853574, "wind_intensity": 10.965501266305678, "sun_azimuth_angle": 207.8981665424672, "fog_distance": "0", "cloudiness": 68.724844065695, "fog_density": 36.67816581481964, "wetness": 43.849560761440664, "precipitation_deposits": 32.92241196238813}}], "scenario_type": "Scenario57"}]}]}