{"available_scenarios": [{"Town05": [{"available_event_configurations": [{"transform": {"pitch": "0", "x": 35, "y": 70, "yaw": -90, "z": 0}, "_start_distance": 16.670836873053847, "_actor_vel": 3.262736405642416, "_trigger_distance": 9.382428484507532, "_brake": 1.0, "weather": {"sun_altitude_angle": -4.752867700082376, "precipitation": 30.284999564310798, "wind_intensity": 33.84119672901297, "sun_azimuth_angle": 310.5406123376836, "fog_distance": "0", "cloudiness": 84.04615379855318, "fog_density": 7.332476650995146, "wetness": 20.089247621142647, "precipitation_deposits": 2.3882629578285464}}], "scenario_type": "Scenario57"}], "Town04": [{"available_event_configurations": [{"transform": {"pitch": "0", "x": -13.4, "y": -160, "yaw": 90, "z": 0}, "_start_distance": 16.670836873053847, "_actor_vel": 3.262736405642416, "_trigger_distance": 9.382428484507532, "_brake": 1.0, "weather": {"sun_altitude_angle": -4.752867700082376, "precipitation": 30.284999564310798, "wind_intensity": 33.84119672901297, "sun_azimuth_angle": 310.5406123376836, "fog_distance": "0", "cloudiness": 84.04615379855318, "fog_density": 7.332476650995146, "wetness": 20.089247621142647, "precipitation_deposits": 2.3882629578285464}}], "scenario_type": "Scenario57"}], "Town03": [{"available_event_configurations": [{"transform": {"pitch": "0", "x": -88.5, "y": -90, "yaw": 90, "z": 0}, "_start_distance": 16.670836873053847, "_actor_vel": 3.262736405642416, "_trigger_distance": 9.382428484507532, "_brake": 1.0, "weather": {"sun_altitude_angle": -4.752867700082376, "precipitation": 30.284999564310798, "wind_intensity": 33.84119672901297, "sun_azimuth_angle": 310.5406123376836, "fog_distance": "0", "cloudiness": 84.04615379855318, "fog_density": 7.332476650995146, "wetness": 20.089247621142647, "precipitation_deposits": 2.3882629578285464}}], "scenario_type": "Scenario57"}], "Town06": [{"available_event_configurations": [{"transform": {"pitch": "0", "x": 8.4, "y": 220, "yaw": -90, "z": 0}, "_start_distance": 16.670836873053847, "_actor_vel": 3.262736405642416, "_trigger_distance": 9.382428484507532, "_brake": 1.0, "weather": {"sun_altitude_angle": -4.752867700082376, "precipitation": 30.284999564310798, "wind_intensity": 33.84119672901297, "sun_azimuth_angle": 310.5406123376836, "fog_distance": "0", "cloudiness": 84.04615379855318, "fog_density": 7.332476650995146, "wetness": 20.089247621142647, "precipitation_deposits": 2.3882629578285464}}], "scenario_type": "Scenario57"}]}]}