{"available_scenarios": [{"Town05": [{"available_event_configurations": [{"transform": {"pitch": "0", "x": 35, "y": 70, "yaw": -90, "z": 0}, "_start_distance": 15.940354348736404, "_actor_vel": 3.995395969194748, "_trigger_distance": 7.142453259891155, "_brake": 1.0, "weather": {"sun_altitude_angle": 72.86802110741792, "precipitation": 38.65259885872605, "wind_intensity": 16.62682365452719, "sun_azimuth_angle": 187.28400616320263, "fog_distance": "0", "cloudiness": 40.77044637572121, "fog_density": 48.106321690073905, "wetness": 14.231611838874237, "precipitation_deposits": 30.58644497686488}}], "scenario_type": "Scenario57"}], "Town04": [{"available_event_configurations": [{"transform": {"pitch": "0", "x": -13.4, "y": -160, "yaw": 90, "z": 0}, "_start_distance": 15.940354348736404, "_actor_vel": 3.995395969194748, "_trigger_distance": 7.142453259891155, "_brake": 1.0, "weather": {"sun_altitude_angle": 72.86802110741792, "precipitation": 38.65259885872605, "wind_intensity": 16.62682365452719, "sun_azimuth_angle": 187.28400616320263, "fog_distance": "0", "cloudiness": 40.77044637572121, "fog_density": 48.106321690073905, "wetness": 14.231611838874237, "precipitation_deposits": 30.58644497686488}}], "scenario_type": "Scenario57"}], "Town03": [{"available_event_configurations": [{"transform": {"pitch": "0", "x": -88.5, "y": -90, "yaw": 90, "z": 0}, "_start_distance": 15.940354348736404, "_actor_vel": 3.995395969194748, "_trigger_distance": 7.142453259891155, "_brake": 1.0, "weather": {"sun_altitude_angle": 72.86802110741792, "precipitation": 38.65259885872605, "wind_intensity": 16.62682365452719, "sun_azimuth_angle": 187.28400616320263, "fog_distance": "0", "cloudiness": 40.77044637572121, "fog_density": 48.106321690073905, "wetness": 14.231611838874237, "precipitation_deposits": 30.58644497686488}}], "scenario_type": "Scenario57"}], "Town06": [{"available_event_configurations": [{"transform": {"pitch": "0", "x": 8.4, "y": 220, "yaw": -90, "z": 0}, "_start_distance": 15.940354348736404, "_actor_vel": 3.995395969194748, "_trigger_distance": 7.142453259891155, "_brake": 1.0, "weather": {"sun_altitude_angle": 72.86802110741792, "precipitation": 38.65259885872605, "wind_intensity": 16.62682365452719, "sun_azimuth_angle": 187.28400616320263, "fog_distance": "0", "cloudiness": 40.77044637572121, "fog_density": 48.106321690073905, "wetness": 14.231611838874237, "precipitation_deposits": 30.58644497686488}}], "scenario_type": "Scenario57"}]}]}