{"available_scenarios": [{"Town05": [{"available_event_configurations": [{"transform": {"pitch": "0", "x": 35, "y": 70, "yaw": -90, "z": 0}, "_start_distance": 15.861945931670727, "_actor_vel": 3.2668662743479073, "_trigger_distance": 7.690788375242932, "_brake": 1.0, "weather": {"sun_altitude_angle": 34.301572866638864, "precipitation": 56.743715258903514, "wind_intensity": 67.29323828577985, "sun_azimuth_angle": 134.6925753922484, "fog_distance": "0", "cloudiness": 8.404416510108359, "fog_density": 14.85218248884419, "wetness": 57.36916831694562, "precipitation_deposits": 27.087055880468156}}], "scenario_type": "Scenario57"}], "Town04": [{"available_event_configurations": [{"transform": {"pitch": "0", "x": -13.4, "y": -160, "yaw": 90, "z": 0}, "_start_distance": 15.861945931670727, "_actor_vel": 3.2668662743479073, "_trigger_distance": 7.690788375242932, "_brake": 1.0, "weather": {"sun_altitude_angle": 34.301572866638864, "precipitation": 56.743715258903514, "wind_intensity": 67.29323828577985, "sun_azimuth_angle": 134.6925753922484, "fog_distance": "0", "cloudiness": 8.404416510108359, "fog_density": 14.85218248884419, "wetness": 57.36916831694562, "precipitation_deposits": 27.087055880468156}}], "scenario_type": "Scenario57"}], "Town03": [{"available_event_configurations": [{"transform": {"pitch": "0", "x": -88.5, "y": -90, "yaw": 90, "z": 0}, "_start_distance": 15.861945931670727, "_actor_vel": 3.2668662743479073, "_trigger_distance": 7.690788375242932, "_brake": 1.0, "weather": {"sun_altitude_angle": 34.301572866638864, "precipitation": 56.743715258903514, "wind_intensity": 67.29323828577985, "sun_azimuth_angle": 134.6925753922484, "fog_distance": "0", "cloudiness": 8.404416510108359, "fog_density": 14.85218248884419, "wetness": 57.36916831694562, "precipitation_deposits": 27.087055880468156}}], "scenario_type": "Scenario57"}], "Town06": [{"available_event_configurations": [{"transform": {"pitch": "0", "x": 8.4, "y": 220, "yaw": -90, "z": 0}, "_start_distance": 15.861945931670727, "_actor_vel": 3.2668662743479073, "_trigger_distance": 7.690788375242932, "_brake": 1.0, "weather": {"sun_altitude_angle": 34.301572866638864, "precipitation": 56.743715258903514, "wind_intensity": 67.29323828577985, "sun_azimuth_angle": 134.6925753922484, "fog_distance": "0", "cloudiness": 8.404416510108359, "fog_density": 14.85218248884419, "wetness": 57.36916831694562, "precipitation_deposits": 27.087055880468156}}], "scenario_type": "Scenario57"}]}]}