{"available_scenarios": [{"Town05": [{"available_event_configurations": [{"transform": {"pitch": "0", "x": 35, "y": 70, "yaw": -90, "z": 0}, "_start_distance": 15.52513123589622, "_actor_vel": 2.2901980042586154, "_trigger_distance": 9.762768109119069, "_brake": 1.0, "weather": {"sun_altitude_angle": 9.60176525184221, "precipitation": 12.905839899739425, "wind_intensity": 75.06979166731344, "sun_azimuth_angle": 239.267077572888, "fog_distance": "0", "cloudiness": 72.13975034679868, "fog_density": 96.17475023057952, "wetness": 80.00783172567027, "precipitation_deposits": 50.105854228829436}}], "scenario_type": "Scenario57"}], "Town04": [{"available_event_configurations": [{"transform": {"pitch": "0", "x": -13.4, "y": -160, "yaw": 90, "z": 0}, "_start_distance": 15.52513123589622, "_actor_vel": 2.2901980042586154, "_trigger_distance": 9.762768109119069, "_brake": 1.0, "weather": {"sun_altitude_angle": 9.60176525184221, "precipitation": 12.905839899739425, "wind_intensity": 75.06979166731344, "sun_azimuth_angle": 239.267077572888, "fog_distance": "0", "cloudiness": 72.13975034679868, "fog_density": 96.17475023057952, "wetness": 80.00783172567027, "precipitation_deposits": 50.105854228829436}}], "scenario_type": "Scenario57"}], "Town03": [{"available_event_configurations": [{"transform": {"pitch": "0", "x": -88.5, "y": -90, "yaw": 90, "z": 0}, "_start_distance": 15.52513123589622, "_actor_vel": 2.2901980042586154, "_trigger_distance": 9.762768109119069, "_brake": 1.0, "weather": {"sun_altitude_angle": 9.60176525184221, "precipitation": 12.905839899739425, "wind_intensity": 75.06979166731344, "sun_azimuth_angle": 239.267077572888, "fog_distance": "0", "cloudiness": 72.13975034679868, "fog_density": 96.17475023057952, "wetness": 80.00783172567027, "precipitation_deposits": 50.105854228829436}}], "scenario_type": "Scenario57"}], "Town06": [{"available_event_configurations": [{"transform": {"pitch": "0", "x": 8.4, "y": 220, "yaw": -90, "z": 0}, "_start_distance": 15.52513123589622, "_actor_vel": 2.2901980042586154, "_trigger_distance": 9.762768109119069, "_brake": 1.0, "weather": {"sun_altitude_angle": 9.60176525184221, "precipitation": 12.905839899739425, "wind_intensity": 75.06979166731344, "sun_azimuth_angle": 239.267077572888, "fog_distance": "0", "cloudiness": 72.13975034679868, "fog_density": 96.17475023057952, "wetness": 80.00783172567027, "precipitation_deposits": 50.105854228829436}}], "scenario_type": "Scenario57"}]}]}