{"available_scenarios": [{"Town05": [{"available_event_configurations": [{"transform": {"pitch": "0", "x": 35, "y": 70, "yaw": -90, "z": 0}, "_start_distance": 15.019612703430749, "_actor_vel": 2.717279953438114, "_trigger_distance": 8.088103463006593, "_brake": 1.0, "weather": {"sun_altitude_angle": -26.83574301979911, "precipitation": 73.54322978450625, "wind_intensity": 31.864057032638826, "sun_azimuth_angle": 5.184488590895411, "fog_distance": "0", "cloudiness": 43.38082961312815, "fog_density": 33.91140460124837, "wetness": 15.92252347473404, "precipitation_deposits": 96.17861035983809}}], "scenario_type": "Scenario57"}], "Town04": [{"available_event_configurations": [{"transform": {"pitch": "0", "x": -13.4, "y": -160, "yaw": 90, "z": 0}, "_start_distance": 15.019612703430749, "_actor_vel": 2.717279953438114, "_trigger_distance": 8.088103463006593, "_brake": 1.0, "weather": {"sun_altitude_angle": -26.83574301979911, "precipitation": 73.54322978450625, "wind_intensity": 31.864057032638826, "sun_azimuth_angle": 5.184488590895411, "fog_distance": "0", "cloudiness": 43.38082961312815, "fog_density": 33.91140460124837, "wetness": 15.92252347473404, "precipitation_deposits": 96.17861035983809}}], "scenario_type": "Scenario57"}], "Town03": [{"available_event_configurations": [{"transform": {"pitch": "0", "x": -88.5, "y": -90, "yaw": 90, "z": 0}, "_start_distance": 15.019612703430749, "_actor_vel": 2.717279953438114, "_trigger_distance": 8.088103463006593, "_brake": 1.0, "weather": {"sun_altitude_angle": -26.83574301979911, "precipitation": 73.54322978450625, "wind_intensity": 31.864057032638826, "sun_azimuth_angle": 5.184488590895411, "fog_distance": "0", "cloudiness": 43.38082961312815, "fog_density": 33.91140460124837, "wetness": 15.92252347473404, "precipitation_deposits": 96.17861035983809}}], "scenario_type": "Scenario57"}], "Town06": [{"available_event_configurations": [{"transform": {"pitch": "0", "x": 8.4, "y": 220, "yaw": -90, "z": 0}, "_start_distance": 15.019612703430749, "_actor_vel": 2.717279953438114, "_trigger_distance": 8.088103463006593, "_brake": 1.0, "weather": {"sun_altitude_angle": -26.83574301979911, "precipitation": 73.54322978450625, "wind_intensity": 31.864057032638826, "sun_azimuth_angle": 5.184488590895411, "fog_distance": "0", "cloudiness": 43.38082961312815, "fog_density": 33.91140460124837, "wetness": 15.92252347473404, "precipitation_deposits": 96.17861035983809}}], "scenario_type": "Scenario57"}]}]}