{"available_scenarios": [{"Town05": [{"available_event_configurations": [{"transform": {"pitch": "0", "x": 35, "y": 70, "yaw": -90, "z": 0}, "_start_distance": 19.863764768433384, "_actor_vel": 2.1717743013028077, "_trigger_distance": 9.256576011667338, "_brake": 1.0, "weather": {"sun_altitude_angle": 50.20839594300426, "precipitation": 71.03738189525608, "wind_intensity": 88.72212446814223, "sun_azimuth_angle": 109.91796179925878, "fog_distance": "0", "cloudiness": 14.860699050085934, "fog_density": 62.05523391800038, "wetness": 53.85266109351391, "precipitation_deposits": 33.99565533882046}}], "scenario_type": "Scenario57"}], "Town04": [{"available_event_configurations": [{"transform": {"pitch": "0", "x": -13.4, "y": -160, "yaw": 90, "z": 0}, "_start_distance": 19.863764768433384, "_actor_vel": 2.1717743013028077, "_trigger_distance": 9.256576011667338, "_brake": 1.0, "weather": {"sun_altitude_angle": 50.20839594300426, "precipitation": 71.03738189525608, "wind_intensity": 88.72212446814223, "sun_azimuth_angle": 109.91796179925878, "fog_distance": "0", "cloudiness": 14.860699050085934, "fog_density": 62.05523391800038, "wetness": 53.85266109351391, "precipitation_deposits": 33.99565533882046}}], "scenario_type": "Scenario57"}], "Town03": [{"available_event_configurations": [{"transform": {"pitch": "0", "x": -88.5, "y": -90, "yaw": 90, "z": 0}, "_start_distance": 19.863764768433384, "_actor_vel": 2.1717743013028077, "_trigger_distance": 9.256576011667338, "_brake": 1.0, "weather": {"sun_altitude_angle": 50.20839594300426, "precipitation": 71.03738189525608, "wind_intensity": 88.72212446814223, "sun_azimuth_angle": 109.91796179925878, "fog_distance": "0", "cloudiness": 14.860699050085934, "fog_density": 62.05523391800038, "wetness": 53.85266109351391, "precipitation_deposits": 33.99565533882046}}], "scenario_type": "Scenario57"}], "Town06": [{"available_event_configurations": [{"transform": {"pitch": "0", "x": 8.4, "y": 220, "yaw": -90, "z": 0}, "_start_distance": 19.863764768433384, "_actor_vel": 2.1717743013028077, "_trigger_distance": 9.256576011667338, "_brake": 1.0, "weather": {"sun_altitude_angle": 50.20839594300426, "precipitation": 71.03738189525608, "wind_intensity": 88.72212446814223, "sun_azimuth_angle": 109.91796179925878, "fog_distance": "0", "cloudiness": 14.860699050085934, "fog_density": 62.05523391800038, "wetness": 53.85266109351391, "precipitation_deposits": 33.99565533882046}}], "scenario_type": "Scenario57"}]}]}