{"available_scenarios": [{"Town05": [{"available_event_configurations": [{"transform": {"pitch": "0", "x": 35, "y": 70, "yaw": -90, "z": 0}, "_start_distance": 15.164822732811803, "_actor_vel": 3.5018300297491356, "_trigger_distance": 8.650261845251597, "_brake": 1.0, "weather": {"sun_altitude_angle": -78.35007121344167, "precipitation": 94.54961171850871, "wind_intensity": 52.98311750734938, "sun_azimuth_angle": 241.2205764270728, "fog_distance": "0", "cloudiness": 93.55055214522226, "fog_density": 11.061946205361261, "wetness": 79.68304870587954, "precipitation_deposits": 49.71421578051777}}], "scenario_type": "Scenario57"}], "Town04": [{"available_event_configurations": [{"transform": {"pitch": "0", "x": -13.4, "y": -160, "yaw": 90, "z": 0}, "_start_distance": 15.164822732811803, "_actor_vel": 3.5018300297491356, "_trigger_distance": 8.650261845251597, "_brake": 1.0, "weather": {"sun_altitude_angle": -78.35007121344167, "precipitation": 94.54961171850871, "wind_intensity": 52.98311750734938, "sun_azimuth_angle": 241.2205764270728, "fog_distance": "0", "cloudiness": 93.55055214522226, "fog_density": 11.061946205361261, "wetness": 79.68304870587954, "precipitation_deposits": 49.71421578051777}}], "scenario_type": "Scenario57"}], "Town03": [{"available_event_configurations": [{"transform": {"pitch": "0", "x": -88.5, "y": -90, "yaw": 90, "z": 0}, "_start_distance": 15.164822732811803, "_actor_vel": 3.5018300297491356, "_trigger_distance": 8.650261845251597, "_brake": 1.0, "weather": {"sun_altitude_angle": -78.35007121344167, "precipitation": 94.54961171850871, "wind_intensity": 52.98311750734938, "sun_azimuth_angle": 241.2205764270728, "fog_distance": "0", "cloudiness": 93.55055214522226, "fog_density": 11.061946205361261, "wetness": 79.68304870587954, "precipitation_deposits": 49.71421578051777}}], "scenario_type": "Scenario57"}], "Town06": [{"available_event_configurations": [{"transform": {"pitch": "0", "x": 8.4, "y": 220, "yaw": -90, "z": 0}, "_start_distance": 15.164822732811803, "_actor_vel": 3.5018300297491356, "_trigger_distance": 8.650261845251597, "_brake": 1.0, "weather": {"sun_altitude_angle": -78.35007121344167, "precipitation": 94.54961171850871, "wind_intensity": 52.98311750734938, "sun_azimuth_angle": 241.2205764270728, "fog_distance": "0", "cloudiness": 93.55055214522226, "fog_density": 11.061946205361261, "wetness": 79.68304870587954, "precipitation_deposits": 49.71421578051777}}], "scenario_type": "Scenario57"}]}]}