{"available_scenarios": [{"Town05": [{"available_event_configurations": [{"transform": {"pitch": "0", "x": 35, "y": 70, "yaw": -90, "z": 0}, "_start_distance": 17.113312984936517, "_actor_vel": 3.9163483464490105, "_trigger_distance": 6.769092169367851, "_brake": 1.0, "weather": {"sun_altitude_angle": -21.736568003157146, "precipitation": 26.387471938721408, "wind_intensity": 22.0845218126155, "sun_azimuth_angle": 168.8949413717126, "fog_distance": "0", "cloudiness": 53.741514758847565, "fog_density": 70.07463221863904, "wetness": 78.90907465848376, "precipitation_deposits": 52.55185332522084}}], "scenario_type": "Scenario57"}], "Town04": [{"available_event_configurations": [{"transform": {"pitch": "0", "x": -13.4, "y": -160, "yaw": 90, "z": 0}, "_start_distance": 17.113312984936517, "_actor_vel": 3.9163483464490105, "_trigger_distance": 6.769092169367851, "_brake": 1.0, "weather": {"sun_altitude_angle": -21.736568003157146, "precipitation": 26.387471938721408, "wind_intensity": 22.0845218126155, "sun_azimuth_angle": 168.8949413717126, "fog_distance": "0", "cloudiness": 53.741514758847565, "fog_density": 70.07463221863904, "wetness": 78.90907465848376, "precipitation_deposits": 52.55185332522084}}], "scenario_type": "Scenario57"}], "Town03": [{"available_event_configurations": [{"transform": {"pitch": "0", "x": -88.5, "y": -90, "yaw": 90, "z": 0}, "_start_distance": 17.113312984936517, "_actor_vel": 3.9163483464490105, "_trigger_distance": 6.769092169367851, "_brake": 1.0, "weather": {"sun_altitude_angle": -21.736568003157146, "precipitation": 26.387471938721408, "wind_intensity": 22.0845218126155, "sun_azimuth_angle": 168.8949413717126, "fog_distance": "0", "cloudiness": 53.741514758847565, "fog_density": 70.07463221863904, "wetness": 78.90907465848376, "precipitation_deposits": 52.55185332522084}}], "scenario_type": "Scenario57"}], "Town06": [{"available_event_configurations": [{"transform": {"pitch": "0", "x": 8.4, "y": 220, "yaw": -90, "z": 0}, "_start_distance": 17.113312984936517, "_actor_vel": 3.9163483464490105, "_trigger_distance": 6.769092169367851, "_brake": 1.0, "weather": {"sun_altitude_angle": -21.736568003157146, "precipitation": 26.387471938721408, "wind_intensity": 22.0845218126155, "sun_azimuth_angle": 168.8949413717126, "fog_distance": "0", "cloudiness": 53.741514758847565, "fog_density": 70.07463221863904, "wetness": 78.90907465848376, "precipitation_deposits": 52.55185332522084}}], "scenario_type": "Scenario57"}]}]}