{"available_scenarios": [{"Town05": [{"available_event_configurations": [{"transform": {"pitch": "0", "x": 35, "y": 70, "yaw": -90, "z": 0}, "_start_distance": 19.198341120760155, "_actor_vel": 3.43156530376445, "_trigger_distance": 7.938388649958682, "_brake": 1.0, "weather": {"sun_altitude_angle": 18.313162460066124, "precipitation": 36.873709283260645, "wind_intensity": 36.512497376125395, "sun_azimuth_angle": 270.6928269365725, "fog_distance": "0", "cloudiness": 74.08518004413776, "fog_density": 95.77580208149041, "wetness": 94.4124217042662, "precipitation_deposits": 59.00476131418192}}], "scenario_type": "Scenario57"}], "Town04": [{"available_event_configurations": [{"transform": {"pitch": "0", "x": -13.4, "y": -160, "yaw": 90, "z": 0}, "_start_distance": 19.198341120760155, "_actor_vel": 3.43156530376445, "_trigger_distance": 7.938388649958682, "_brake": 1.0, "weather": {"sun_altitude_angle": 18.313162460066124, "precipitation": 36.873709283260645, "wind_intensity": 36.512497376125395, "sun_azimuth_angle": 270.6928269365725, "fog_distance": "0", "cloudiness": 74.08518004413776, "fog_density": 95.77580208149041, "wetness": 94.4124217042662, "precipitation_deposits": 59.00476131418192}}], "scenario_type": "Scenario57"}], "Town03": [{"available_event_configurations": [{"transform": {"pitch": "0", "x": -88.5, "y": -90, "yaw": 90, "z": 0}, "_start_distance": 19.198341120760155, "_actor_vel": 3.43156530376445, "_trigger_distance": 7.938388649958682, "_brake": 1.0, "weather": {"sun_altitude_angle": 18.313162460066124, "precipitation": 36.873709283260645, "wind_intensity": 36.512497376125395, "sun_azimuth_angle": 270.6928269365725, "fog_distance": "0", "cloudiness": 74.08518004413776, "fog_density": 95.77580208149041, "wetness": 94.4124217042662, "precipitation_deposits": 59.00476131418192}}], "scenario_type": "Scenario57"}], "Town06": [{"available_event_configurations": [{"transform": {"pitch": "0", "x": 8.4, "y": 220, "yaw": -90, "z": 0}, "_start_distance": 19.198341120760155, "_actor_vel": 3.43156530376445, "_trigger_distance": 7.938388649958682, "_brake": 1.0, "weather": {"sun_altitude_angle": 18.313162460066124, "precipitation": 36.873709283260645, "wind_intensity": 36.512497376125395, "sun_azimuth_angle": 270.6928269365725, "fog_distance": "0", "cloudiness": 74.08518004413776, "fog_density": 95.77580208149041, "wetness": 94.4124217042662, "precipitation_deposits": 59.00476131418192}}], "scenario_type": "Scenario57"}]}]}