{"available_scenarios": [{"Town05": [{"available_event_configurations": [{"transform": {"pitch": "0", "x": 35, "y": 70, "yaw": -90, "z": 0}, "_start_distance": 17.296853255931502, "_actor_vel": 2.4453517090752213, "_trigger_distance": 6.19344970269362, "_brake": 1.0, "weather": {"sun_altitude_angle": 56.8596484144021, "precipitation": 57.40531041986666, "wind_intensity": 41.976969499980044, "sun_azimuth_angle": 220.02071225918715, "fog_distance": "0", "cloudiness": 27.73612517926951, "fog_density": 28.688981970814385, "wetness": 91.7677855670384, "precipitation_deposits": 37.86314915340826}}], "scenario_type": "Scenario57"}], "Town04": [{"available_event_configurations": [{"transform": {"pitch": "0", "x": -13.4, "y": -160, "yaw": 90, "z": 0}, "_start_distance": 17.296853255931502, "_actor_vel": 2.4453517090752213, "_trigger_distance": 6.19344970269362, "_brake": 1.0, "weather": {"sun_altitude_angle": 56.8596484144021, "precipitation": 57.40531041986666, "wind_intensity": 41.976969499980044, "sun_azimuth_angle": 220.02071225918715, "fog_distance": "0", "cloudiness": 27.73612517926951, "fog_density": 28.688981970814385, "wetness": 91.7677855670384, "precipitation_deposits": 37.86314915340826}}], "scenario_type": "Scenario57"}], "Town03": [{"available_event_configurations": [{"transform": {"pitch": "0", "x": -88.5, "y": -90, "yaw": 90, "z": 0}, "_start_distance": 17.296853255931502, "_actor_vel": 2.4453517090752213, "_trigger_distance": 6.19344970269362, "_brake": 1.0, "weather": {"sun_altitude_angle": 56.8596484144021, "precipitation": 57.40531041986666, "wind_intensity": 41.976969499980044, "sun_azimuth_angle": 220.02071225918715, "fog_distance": "0", "cloudiness": 27.73612517926951, "fog_density": 28.688981970814385, "wetness": 91.7677855670384, "precipitation_deposits": 37.86314915340826}}], "scenario_type": "Scenario57"}], "Town06": [{"available_event_configurations": [{"transform": {"pitch": "0", "x": 8.4, "y": 220, "yaw": -90, "z": 0}, "_start_distance": 17.296853255931502, "_actor_vel": 2.4453517090752213, "_trigger_distance": 6.19344970269362, "_brake": 1.0, "weather": {"sun_altitude_angle": 56.8596484144021, "precipitation": 57.40531041986666, "wind_intensity": 41.976969499980044, "sun_azimuth_angle": 220.02071225918715, "fog_distance": "0", "cloudiness": 27.73612517926951, "fog_density": 28.688981970814385, "wetness": 91.7677855670384, "precipitation_deposits": 37.86314915340826}}], "scenario_type": "Scenario57"}]}]}