{"available_scenarios": [{"Town05": [{"available_event_configurations": [{"transform": {"pitch": "0", "x": 35, "y": 70, "yaw": -90, "z": 0}, "_start_distance": 18.602075959498837, "_actor_vel": 2.07979138087076, "_trigger_distance": 7.172800429063557, "_brake": 1.0, "weather": {"sun_altitude_angle": -17.959901462340042, "precipitation": 17.92174499873438, "wind_intensity": 21.542472127632728, "sun_azimuth_angle": 354.61508152301633, "fog_distance": "0", "cloudiness": 66.51073553287816, "fog_density": 18.46503336036539, "wetness": 37.70243964908907, "precipitation_deposits": 75.28114828678541}}], "scenario_type": "Scenario57"}], "Town04": [{"available_event_configurations": [{"transform": {"pitch": "0", "x": -13.4, "y": -160, "yaw": 90, "z": 0}, "_start_distance": 18.602075959498837, "_actor_vel": 2.07979138087076, "_trigger_distance": 7.172800429063557, "_brake": 1.0, "weather": {"sun_altitude_angle": -17.959901462340042, "precipitation": 17.92174499873438, "wind_intensity": 21.542472127632728, "sun_azimuth_angle": 354.61508152301633, "fog_distance": "0", "cloudiness": 66.51073553287816, "fog_density": 18.46503336036539, "wetness": 37.70243964908907, "precipitation_deposits": 75.28114828678541}}], "scenario_type": "Scenario57"}], "Town03": [{"available_event_configurations": [{"transform": {"pitch": "0", "x": -88.5, "y": -90, "yaw": 90, "z": 0}, "_start_distance": 18.602075959498837, "_actor_vel": 2.07979138087076, "_trigger_distance": 7.172800429063557, "_brake": 1.0, "weather": {"sun_altitude_angle": -17.959901462340042, "precipitation": 17.92174499873438, "wind_intensity": 21.542472127632728, "sun_azimuth_angle": 354.61508152301633, "fog_distance": "0", "cloudiness": 66.51073553287816, "fog_density": 18.46503336036539, "wetness": 37.70243964908907, "precipitation_deposits": 75.28114828678541}}], "scenario_type": "Scenario57"}], "Town06": [{"available_event_configurations": [{"transform": {"pitch": "0", "x": 8.4, "y": 220, "yaw": -90, "z": 0}, "_start_distance": 18.602075959498837, "_actor_vel": 2.07979138087076, "_trigger_distance": 7.172800429063557, "_brake": 1.0, "weather": {"sun_altitude_angle": -17.959901462340042, "precipitation": 17.92174499873438, "wind_intensity": 21.542472127632728, "sun_azimuth_angle": 354.61508152301633, "fog_distance": "0", "cloudiness": 66.51073553287816, "fog_density": 18.46503336036539, "wetness": 37.70243964908907, "precipitation_deposits": 75.28114828678541}}], "scenario_type": "Scenario57"}]}]}