{"available_scenarios": [{"Town05": [{"available_event_configurations": [{"transform": {"pitch": "0", "x": 35, "y": 70, "yaw": -90, "z": 0}, "_start_distance": 19.382609276321922, "_actor_vel": 3.597793234524529, "_trigger_distance": 6.744285831187463, "_brake": 1.0, "weather": {"sun_altitude_angle": 20.43035411480797, "precipitation": 67.56339317023098, "wind_intensity": 79.4590470142673, "sun_azimuth_angle": 147.10306824249585, "fog_distance": "0", "cloudiness": 21.71888802401304, "fog_density": 85.48065323677348, "wetness": 66.87274618347989, "precipitation_deposits": 7.08447558173898}}], "scenario_type": "Scenario57"}], "Town04": [{"available_event_configurations": [{"transform": {"pitch": "0", "x": -13.4, "y": -160, "yaw": 90, "z": 0}, "_start_distance": 19.382609276321922, "_actor_vel": 3.597793234524529, "_trigger_distance": 6.744285831187463, "_brake": 1.0, "weather": {"sun_altitude_angle": 20.43035411480797, "precipitation": 67.56339317023098, "wind_intensity": 79.4590470142673, "sun_azimuth_angle": 147.10306824249585, "fog_distance": "0", "cloudiness": 21.71888802401304, "fog_density": 85.48065323677348, "wetness": 66.87274618347989, "precipitation_deposits": 7.08447558173898}}], "scenario_type": "Scenario57"}], "Town03": [{"available_event_configurations": [{"transform": {"pitch": "0", "x": -88.5, "y": -90, "yaw": 90, "z": 0}, "_start_distance": 19.382609276321922, "_actor_vel": 3.597793234524529, "_trigger_distance": 6.744285831187463, "_brake": 1.0, "weather": {"sun_altitude_angle": 20.43035411480797, "precipitation": 67.56339317023098, "wind_intensity": 79.4590470142673, "sun_azimuth_angle": 147.10306824249585, "fog_distance": "0", "cloudiness": 21.71888802401304, "fog_density": 85.48065323677348, "wetness": 66.87274618347989, "precipitation_deposits": 7.08447558173898}}], "scenario_type": "Scenario57"}], "Town06": [{"available_event_configurations": [{"transform": {"pitch": "0", "x": 8.4, "y": 220, "yaw": -90, "z": 0}, "_start_distance": 19.382609276321922, "_actor_vel": 3.597793234524529, "_trigger_distance": 6.744285831187463, "_brake": 1.0, "weather": {"sun_altitude_angle": 20.43035411480797, "precipitation": 67.56339317023098, "wind_intensity": 79.4590470142673, "sun_azimuth_angle": 147.10306824249585, "fog_distance": "0", "cloudiness": 21.71888802401304, "fog_density": 85.48065323677348, "wetness": 66.87274618347989, "precipitation_deposits": 7.08447558173898}}], "scenario_type": "Scenario57"}]}]}