{"available_scenarios": [{"Town05": [{"available_event_configurations": [{"transform": {"pitch": "0", "x": 35, "y": 70, "yaw": -90, "z": 0}, "_start_distance": 17.493135510052443, "_actor_vel": 3.3497225810196927, "_trigger_distance": 6.468602290321035, "_brake": 1.0, "weather": {"sun_altitude_angle": -29.01323550429295, "precipitation": 70.81480112618726, "wind_intensity": 77.96902547512727, "sun_azimuth_angle": 42.20295824901412, "fog_distance": "0", "cloudiness": 22.57750085245376, "fog_density": 41.890565441171745, "wetness": 17.453577674781563, "precipitation_deposits": 38.767028698877034}}], "scenario_type": "Scenario57"}], "Town04": [{"available_event_configurations": [{"transform": {"pitch": "0", "x": -13.4, "y": -160, "yaw": 90, "z": 0}, "_start_distance": 17.493135510052443, "_actor_vel": 3.3497225810196927, "_trigger_distance": 6.468602290321035, "_brake": 1.0, "weather": {"sun_altitude_angle": -29.01323550429295, "precipitation": 70.81480112618726, "wind_intensity": 77.96902547512727, "sun_azimuth_angle": 42.20295824901412, "fog_distance": "0", "cloudiness": 22.57750085245376, "fog_density": 41.890565441171745, "wetness": 17.453577674781563, "precipitation_deposits": 38.767028698877034}}], "scenario_type": "Scenario57"}], "Town03": [{"available_event_configurations": [{"transform": {"pitch": "0", "x": -88.5, "y": -90, "yaw": 90, "z": 0}, "_start_distance": 17.493135510052443, "_actor_vel": 3.3497225810196927, "_trigger_distance": 6.468602290321035, "_brake": 1.0, "weather": {"sun_altitude_angle": -29.01323550429295, "precipitation": 70.81480112618726, "wind_intensity": 77.96902547512727, "sun_azimuth_angle": 42.20295824901412, "fog_distance": "0", "cloudiness": 22.57750085245376, "fog_density": 41.890565441171745, "wetness": 17.453577674781563, "precipitation_deposits": 38.767028698877034}}], "scenario_type": "Scenario57"}], "Town06": [{"available_event_configurations": [{"transform": {"pitch": "0", "x": 8.4, "y": 220, "yaw": -90, "z": 0}, "_start_distance": 17.493135510052443, "_actor_vel": 3.3497225810196927, "_trigger_distance": 6.468602290321035, "_brake": 1.0, "weather": {"sun_altitude_angle": -29.01323550429295, "precipitation": 70.81480112618726, "wind_intensity": 77.96902547512727, "sun_azimuth_angle": 42.20295824901412, "fog_distance": "0", "cloudiness": 22.57750085245376, "fog_density": 41.890565441171745, "wetness": 17.453577674781563, "precipitation_deposits": 38.767028698877034}}], "scenario_type": "Scenario57"}]}]}