{"available_scenarios": [{"Town05": [{"available_event_configurations": [{"transform": {"pitch": "0", "x": 35, "y": 70, "yaw": -90, "z": 0}, "_start_distance": 18.076129938898752, "_actor_vel": 2.714199736116367, "_trigger_distance": 7.140833623606904, "_brake": 1.0, "weather": {"sun_altitude_angle": 81.53223855396371, "precipitation": 75.4757205052388, "wind_intensity": 31.44415631885762, "sun_azimuth_angle": 141.49464468856323, "fog_distance": "0", "cloudiness": 68.59945567679367, "fog_density": 31.312194900162503, "wetness": 93.12988489781837, "precipitation_deposits": 84.46435662729823}}], "scenario_type": "Scenario57"}], "Town04": [{"available_event_configurations": [{"transform": {"pitch": "0", "x": -13.4, "y": -160, "yaw": 90, "z": 0}, "_start_distance": 18.076129938898752, "_actor_vel": 2.714199736116367, "_trigger_distance": 7.140833623606904, "_brake": 1.0, "weather": {"sun_altitude_angle": 81.53223855396371, "precipitation": 75.4757205052388, "wind_intensity": 31.44415631885762, "sun_azimuth_angle": 141.49464468856323, "fog_distance": "0", "cloudiness": 68.59945567679367, "fog_density": 31.312194900162503, "wetness": 93.12988489781837, "precipitation_deposits": 84.46435662729823}}], "scenario_type": "Scenario57"}], "Town03": [{"available_event_configurations": [{"transform": {"pitch": "0", "x": -88.5, "y": -90, "yaw": 90, "z": 0}, "_start_distance": 18.076129938898752, "_actor_vel": 2.714199736116367, "_trigger_distance": 7.140833623606904, "_brake": 1.0, "weather": {"sun_altitude_angle": 81.53223855396371, "precipitation": 75.4757205052388, "wind_intensity": 31.44415631885762, "sun_azimuth_angle": 141.49464468856323, "fog_distance": "0", "cloudiness": 68.59945567679367, "fog_density": 31.312194900162503, "wetness": 93.12988489781837, "precipitation_deposits": 84.46435662729823}}], "scenario_type": "Scenario57"}], "Town06": [{"available_event_configurations": [{"transform": {"pitch": "0", "x": 8.4, "y": 220, "yaw": -90, "z": 0}, "_start_distance": 18.076129938898752, "_actor_vel": 2.714199736116367, "_trigger_distance": 7.140833623606904, "_brake": 1.0, "weather": {"sun_altitude_angle": 81.53223855396371, "precipitation": 75.4757205052388, "wind_intensity": 31.44415631885762, "sun_azimuth_angle": 141.49464468856323, "fog_distance": "0", "cloudiness": 68.59945567679367, "fog_density": 31.312194900162503, "wetness": 93.12988489781837, "precipitation_deposits": 84.46435662729823}}], "scenario_type": "Scenario57"}]}]}