{"available_scenarios": [{"Town05": [{"available_event_configurations": [{"transform": {"pitch": "0", "x": 35, "y": 70, "yaw": -90, "z": 0}, "_start_distance": 18.150950121631514, "_actor_vel": 2.9956704655490345, "_trigger_distance": 7.520822544422622, "_brake": 1.0, "weather": {"sun_altitude_angle": 30.609975851580344, "precipitation": 65.71604325698202, "wind_intensity": 96.10724360891037, "sun_azimuth_angle": 120.37547219101788, "fog_distance": "0", "cloudiness": 62.17191865588251, "fog_density": 73.4406274489157, "wetness": 51.05606655262296, "precipitation_deposits": 88.41480356388158}}], "scenario_type": "Scenario57"}], "Town04": [{"available_event_configurations": [{"transform": {"pitch": "0", "x": -13.4, "y": -160, "yaw": 90, "z": 0}, "_start_distance": 18.150950121631514, "_actor_vel": 2.9956704655490345, "_trigger_distance": 7.520822544422622, "_brake": 1.0, "weather": {"sun_altitude_angle": 30.609975851580344, "precipitation": 65.71604325698202, "wind_intensity": 96.10724360891037, "sun_azimuth_angle": 120.37547219101788, "fog_distance": "0", "cloudiness": 62.17191865588251, "fog_density": 73.4406274489157, "wetness": 51.05606655262296, "precipitation_deposits": 88.41480356388158}}], "scenario_type": "Scenario57"}], "Town03": [{"available_event_configurations": [{"transform": {"pitch": "0", "x": -88.5, "y": -90, "yaw": 90, "z": 0}, "_start_distance": 18.150950121631514, "_actor_vel": 2.9956704655490345, "_trigger_distance": 7.520822544422622, "_brake": 1.0, "weather": {"sun_altitude_angle": 30.609975851580344, "precipitation": 65.71604325698202, "wind_intensity": 96.10724360891037, "sun_azimuth_angle": 120.37547219101788, "fog_distance": "0", "cloudiness": 62.17191865588251, "fog_density": 73.4406274489157, "wetness": 51.05606655262296, "precipitation_deposits": 88.41480356388158}}], "scenario_type": "Scenario57"}], "Town06": [{"available_event_configurations": [{"transform": {"pitch": "0", "x": 8.4, "y": 220, "yaw": -90, "z": 0}, "_start_distance": 18.150950121631514, "_actor_vel": 2.9956704655490345, "_trigger_distance": 7.520822544422622, "_brake": 1.0, "weather": {"sun_altitude_angle": 30.609975851580344, "precipitation": 65.71604325698202, "wind_intensity": 96.10724360891037, "sun_azimuth_angle": 120.37547219101788, "fog_distance": "0", "cloudiness": 62.17191865588251, "fog_density": 73.4406274489157, "wetness": 51.05606655262296, "precipitation_deposits": 88.41480356388158}}], "scenario_type": "Scenario57"}]}]}