{"available_scenarios": [{"Town05": [{"available_event_configurations": [{"transform": {"pitch": "0", "x": 35, "y": 70, "yaw": -90, "z": 0}, "_start_distance": 15.89189038691929, "_actor_vel": 3.207344980879554, "_trigger_distance": 7.522481749039702, "_brake": 1.0, "weather": {"sun_altitude_angle": 58.45322596148591, "precipitation": 44.718603737752446, "wind_intensity": 47.67571448437301, "sun_azimuth_angle": 116.96877506180076, "fog_distance": "0", "cloudiness": 23.274150769413204, "fog_density": 2.8268023241827644, "wetness": 44.131749734726085, "precipitation_deposits": 89.86790788370351}}], "scenario_type": "Scenario57"}], "Town04": [{"available_event_configurations": [{"transform": {"pitch": "0", "x": -13.4, "y": -160, "yaw": 90, "z": 0}, "_start_distance": 15.89189038691929, "_actor_vel": 3.207344980879554, "_trigger_distance": 7.522481749039702, "_brake": 1.0, "weather": {"sun_altitude_angle": 58.45322596148591, "precipitation": 44.718603737752446, "wind_intensity": 47.67571448437301, "sun_azimuth_angle": 116.96877506180076, "fog_distance": "0", "cloudiness": 23.274150769413204, "fog_density": 2.8268023241827644, "wetness": 44.131749734726085, "precipitation_deposits": 89.86790788370351}}], "scenario_type": "Scenario57"}], "Town03": [{"available_event_configurations": [{"transform": {"pitch": "0", "x": -88.5, "y": -90, "yaw": 90, "z": 0}, "_start_distance": 15.89189038691929, "_actor_vel": 3.207344980879554, "_trigger_distance": 7.522481749039702, "_brake": 1.0, "weather": {"sun_altitude_angle": 58.45322596148591, "precipitation": 44.718603737752446, "wind_intensity": 47.67571448437301, "sun_azimuth_angle": 116.96877506180076, "fog_distance": "0", "cloudiness": 23.274150769413204, "fog_density": 2.8268023241827644, "wetness": 44.131749734726085, "precipitation_deposits": 89.86790788370351}}], "scenario_type": "Scenario57"}], "Town06": [{"available_event_configurations": [{"transform": {"pitch": "0", "x": 8.4, "y": 220, "yaw": -90, "z": 0}, "_start_distance": 15.89189038691929, "_actor_vel": 3.207344980879554, "_trigger_distance": 7.522481749039702, "_brake": 1.0, "weather": {"sun_altitude_angle": 58.45322596148591, "precipitation": 44.718603737752446, "wind_intensity": 47.67571448437301, "sun_azimuth_angle": 116.96877506180076, "fog_distance": "0", "cloudiness": 23.274150769413204, "fog_density": 2.8268023241827644, "wetness": 44.131749734726085, "precipitation_deposits": 89.86790788370351}}], "scenario_type": "Scenario57"}]}]}