{"available_scenarios": [{"Town05": [{"available_event_configurations": [{"transform": {"pitch": "0", "x": 35, "y": 70, "yaw": -90, "z": 0}, "_start_distance": 16.846236600703993, "_actor_vel": 2.1545202409629143, "_trigger_distance": 8.357751324481962, "_brake": 1.0, "weather": {"sun_altitude_angle": -72.0015806003347, "precipitation": 97.28191884649648, "wind_intensity": 1.2850044840578279, "sun_azimuth_angle": 337.8707253322378, "fog_distance": "0", "cloudiness": 43.251381320992564, "fog_density": 92.50003485523996, "wetness": 76.82229511790337, "precipitation_deposits": 18.285770324793972}}], "scenario_type": "Scenario57"}], "Town04": [{"available_event_configurations": [{"transform": {"pitch": "0", "x": -13.4, "y": -160, "yaw": 90, "z": 0}, "_start_distance": 16.846236600703993, "_actor_vel": 2.1545202409629143, "_trigger_distance": 8.357751324481962, "_brake": 1.0, "weather": {"sun_altitude_angle": -72.0015806003347, "precipitation": 97.28191884649648, "wind_intensity": 1.2850044840578279, "sun_azimuth_angle": 337.8707253322378, "fog_distance": "0", "cloudiness": 43.251381320992564, "fog_density": 92.50003485523996, "wetness": 76.82229511790337, "precipitation_deposits": 18.285770324793972}}], "scenario_type": "Scenario57"}], "Town03": [{"available_event_configurations": [{"transform": {"pitch": "0", "x": -88.5, "y": -90, "yaw": 90, "z": 0}, "_start_distance": 16.846236600703993, "_actor_vel": 2.1545202409629143, "_trigger_distance": 8.357751324481962, "_brake": 1.0, "weather": {"sun_altitude_angle": -72.0015806003347, "precipitation": 97.28191884649648, "wind_intensity": 1.2850044840578279, "sun_azimuth_angle": 337.8707253322378, "fog_distance": "0", "cloudiness": 43.251381320992564, "fog_density": 92.50003485523996, "wetness": 76.82229511790337, "precipitation_deposits": 18.285770324793972}}], "scenario_type": "Scenario57"}], "Town06": [{"available_event_configurations": [{"transform": {"pitch": "0", "x": 8.4, "y": 220, "yaw": -90, "z": 0}, "_start_distance": 16.846236600703993, "_actor_vel": 2.1545202409629143, "_trigger_distance": 8.357751324481962, "_brake": 1.0, "weather": {"sun_altitude_angle": -72.0015806003347, "precipitation": 97.28191884649648, "wind_intensity": 1.2850044840578279, "sun_azimuth_angle": 337.8707253322378, "fog_distance": "0", "cloudiness": 43.251381320992564, "fog_density": 92.50003485523996, "wetness": 76.82229511790337, "precipitation_deposits": 18.285770324793972}}], "scenario_type": "Scenario57"}]}]}