{"available_scenarios": [{"Town05": [{"available_event_configurations": [{"transform": {"pitch": "0", "x": 35, "y": 70, "yaw": -90, "z": 0}, "_start_distance": 15.925754918594626, "_actor_vel": 2.7329346726372905, "_trigger_distance": 7.3845806963777, "_brake": 1.0, "weather": {"sun_altitude_angle": 67.85115832184013, "precipitation": 37.92986232813519, "wind_intensity": 25.30069726252352, "sun_azimuth_angle": 148.55585135646908, "fog_distance": "0", "cloudiness": 67.10062528752991, "fog_density": 36.14257834056627, "wetness": 54.50368952148664, "precipitation_deposits": 10.06488502603875}}], "scenario_type": "Scenario57"}], "Town04": [{"available_event_configurations": [{"transform": {"pitch": "0", "x": -13.4, "y": -160, "yaw": 90, "z": 0}, "_start_distance": 15.925754918594626, "_actor_vel": 2.7329346726372905, "_trigger_distance": 7.3845806963777, "_brake": 1.0, "weather": {"sun_altitude_angle": 67.85115832184013, "precipitation": 37.92986232813519, "wind_intensity": 25.30069726252352, "sun_azimuth_angle": 148.55585135646908, "fog_distance": "0", "cloudiness": 67.10062528752991, "fog_density": 36.14257834056627, "wetness": 54.50368952148664, "precipitation_deposits": 10.06488502603875}}], "scenario_type": "Scenario57"}], "Town03": [{"available_event_configurations": [{"transform": {"pitch": "0", "x": -88.5, "y": -90, "yaw": 90, "z": 0}, "_start_distance": 15.925754918594626, "_actor_vel": 2.7329346726372905, "_trigger_distance": 7.3845806963777, "_brake": 1.0, "weather": {"sun_altitude_angle": 67.85115832184013, "precipitation": 37.92986232813519, "wind_intensity": 25.30069726252352, "sun_azimuth_angle": 148.55585135646908, "fog_distance": "0", "cloudiness": 67.10062528752991, "fog_density": 36.14257834056627, "wetness": 54.50368952148664, "precipitation_deposits": 10.06488502603875}}], "scenario_type": "Scenario57"}], "Town06": [{"available_event_configurations": [{"transform": {"pitch": "0", "x": 8.4, "y": 220, "yaw": -90, "z": 0}, "_start_distance": 15.925754918594626, "_actor_vel": 2.7329346726372905, "_trigger_distance": 7.3845806963777, "_brake": 1.0, "weather": {"sun_altitude_angle": 67.85115832184013, "precipitation": 37.92986232813519, "wind_intensity": 25.30069726252352, "sun_azimuth_angle": 148.55585135646908, "fog_distance": "0", "cloudiness": 67.10062528752991, "fog_density": 36.14257834056627, "wetness": 54.50368952148664, "precipitation_deposits": 10.06488502603875}}], "scenario_type": "Scenario57"}]}]}