{"available_scenarios": [{"Town05": [{"available_event_configurations": [{"transform": {"pitch": "0", "x": 35, "y": 70, "yaw": -90, "z": 0}, "_start_distance": 19.106893767526554, "_actor_vel": 3.6777598696588094, "_trigger_distance": 8.605011280949167, "_brake": 1.0, "weather": {"sun_altitude_angle": 5.214282694731054, "precipitation": 20.55025191161447, "wind_intensity": 43.24228996419826, "sun_azimuth_angle": 86.76296810461089, "fog_distance": "0", "cloudiness": 66.56862588519566, "fog_density": 70.75987567017576, "wetness": 5.698768909057805, "precipitation_deposits": 46.41325962436448}}], "scenario_type": "Scenario57"}], "Town04": [{"available_event_configurations": [{"transform": {"pitch": "0", "x": -13.4, "y": -160, "yaw": 90, "z": 0}, "_start_distance": 19.106893767526554, "_actor_vel": 3.6777598696588094, "_trigger_distance": 8.605011280949167, "_brake": 1.0, "weather": {"sun_altitude_angle": 5.214282694731054, "precipitation": 20.55025191161447, "wind_intensity": 43.24228996419826, "sun_azimuth_angle": 86.76296810461089, "fog_distance": "0", "cloudiness": 66.56862588519566, "fog_density": 70.75987567017576, "wetness": 5.698768909057805, "precipitation_deposits": 46.41325962436448}}], "scenario_type": "Scenario57"}], "Town03": [{"available_event_configurations": [{"transform": {"pitch": "0", "x": -88.5, "y": -90, "yaw": 90, "z": 0}, "_start_distance": 19.106893767526554, "_actor_vel": 3.6777598696588094, "_trigger_distance": 8.605011280949167, "_brake": 1.0, "weather": {"sun_altitude_angle": 5.214282694731054, "precipitation": 20.55025191161447, "wind_intensity": 43.24228996419826, "sun_azimuth_angle": 86.76296810461089, "fog_distance": "0", "cloudiness": 66.56862588519566, "fog_density": 70.75987567017576, "wetness": 5.698768909057805, "precipitation_deposits": 46.41325962436448}}], "scenario_type": "Scenario57"}], "Town06": [{"available_event_configurations": [{"transform": {"pitch": "0", "x": 8.4, "y": 220, "yaw": -90, "z": 0}, "_start_distance": 19.106893767526554, "_actor_vel": 3.6777598696588094, "_trigger_distance": 8.605011280949167, "_brake": 1.0, "weather": {"sun_altitude_angle": 5.214282694731054, "precipitation": 20.55025191161447, "wind_intensity": 43.24228996419826, "sun_azimuth_angle": 86.76296810461089, "fog_distance": "0", "cloudiness": 66.56862588519566, "fog_density": 70.75987567017576, "wetness": 5.698768909057805, "precipitation_deposits": 46.41325962436448}}], "scenario_type": "Scenario57"}]}]}