{"available_scenarios": [{"Town05": [{"available_event_configurations": [{"transform": {"pitch": "0", "x": 35, "y": 70, "yaw": -90, "z": 0}, "_start_distance": 19.722090429326997, "_actor_vel": 3.9349871294827734, "_trigger_distance": 6.486525359957129, "_brake": 1.0, "weather": {"sun_altitude_angle": -0.7210747825716624, "precipitation": 20.53381850781719, "wind_intensity": 51.91901200880055, "sun_azimuth_angle": 51.63861074643299, "fog_distance": "0", "cloudiness": 57.31372003143357, "fog_density": 59.857140779821485, "wetness": 6.123825977371888, "precipitation_deposits": 88.57757184190089}}], "scenario_type": "Scenario57"}], "Town04": [{"available_event_configurations": [{"transform": {"pitch": "0", "x": -13.4, "y": -160, "yaw": 90, "z": 0}, "_start_distance": 19.722090429326997, "_actor_vel": 3.9349871294827734, "_trigger_distance": 6.486525359957129, "_brake": 1.0, "weather": {"sun_altitude_angle": -0.7210747825716624, "precipitation": 20.53381850781719, "wind_intensity": 51.91901200880055, "sun_azimuth_angle": 51.63861074643299, "fog_distance": "0", "cloudiness": 57.31372003143357, "fog_density": 59.857140779821485, "wetness": 6.123825977371888, "precipitation_deposits": 88.57757184190089}}], "scenario_type": "Scenario57"}], "Town03": [{"available_event_configurations": [{"transform": {"pitch": "0", "x": -88.5, "y": -90, "yaw": 90, "z": 0}, "_start_distance": 19.722090429326997, "_actor_vel": 3.9349871294827734, "_trigger_distance": 6.486525359957129, "_brake": 1.0, "weather": {"sun_altitude_angle": -0.7210747825716624, "precipitation": 20.53381850781719, "wind_intensity": 51.91901200880055, "sun_azimuth_angle": 51.63861074643299, "fog_distance": "0", "cloudiness": 57.31372003143357, "fog_density": 59.857140779821485, "wetness": 6.123825977371888, "precipitation_deposits": 88.57757184190089}}], "scenario_type": "Scenario57"}], "Town06": [{"available_event_configurations": [{"transform": {"pitch": "0", "x": 8.4, "y": 220, "yaw": -90, "z": 0}, "_start_distance": 19.722090429326997, "_actor_vel": 3.9349871294827734, "_trigger_distance": 6.486525359957129, "_brake": 1.0, "weather": {"sun_altitude_angle": -0.7210747825716624, "precipitation": 20.53381850781719, "wind_intensity": 51.91901200880055, "sun_azimuth_angle": 51.63861074643299, "fog_distance": "0", "cloudiness": 57.31372003143357, "fog_density": 59.857140779821485, "wetness": 6.123825977371888, "precipitation_deposits": 88.57757184190089}}], "scenario_type": "Scenario57"}]}]}