{"available_scenarios": [{"Town05": [{"available_event_configurations": [{"transform": {"pitch": "0", "x": 35, "y": 70, "yaw": -90, "z": 0}, "_start_distance": 18.765407911478164, "_actor_vel": 3.0055319101404043, "_trigger_distance": 6.742298851009657, "_brake": 1.0, "weather": {"sun_altitude_angle": 58.47418202967725, "precipitation": 21.043272011834404, "wind_intensity": 41.802488128558515, "sun_azimuth_angle": 265.18801498780715, "fog_distance": "0", "cloudiness": 82.23011597539379, "fog_density": 15.50883012634998, "wetness": 80.83206463256427, "precipitation_deposits": 97.7196986378704}}], "scenario_type": "Scenario57"}], "Town04": [{"available_event_configurations": [{"transform": {"pitch": "0", "x": -13.4, "y": -160, "yaw": 90, "z": 0}, "_start_distance": 18.765407911478164, "_actor_vel": 3.0055319101404043, "_trigger_distance": 6.742298851009657, "_brake": 1.0, "weather": {"sun_altitude_angle": 58.47418202967725, "precipitation": 21.043272011834404, "wind_intensity": 41.802488128558515, "sun_azimuth_angle": 265.18801498780715, "fog_distance": "0", "cloudiness": 82.23011597539379, "fog_density": 15.50883012634998, "wetness": 80.83206463256427, "precipitation_deposits": 97.7196986378704}}], "scenario_type": "Scenario57"}], "Town03": [{"available_event_configurations": [{"transform": {"pitch": "0", "x": -88.5, "y": -90, "yaw": 90, "z": 0}, "_start_distance": 18.765407911478164, "_actor_vel": 3.0055319101404043, "_trigger_distance": 6.742298851009657, "_brake": 1.0, "weather": {"sun_altitude_angle": 58.47418202967725, "precipitation": 21.043272011834404, "wind_intensity": 41.802488128558515, "sun_azimuth_angle": 265.18801498780715, "fog_distance": "0", "cloudiness": 82.23011597539379, "fog_density": 15.50883012634998, "wetness": 80.83206463256427, "precipitation_deposits": 97.7196986378704}}], "scenario_type": "Scenario57"}], "Town06": [{"available_event_configurations": [{"transform": {"pitch": "0", "x": 8.4, "y": 220, "yaw": -90, "z": 0}, "_start_distance": 18.765407911478164, "_actor_vel": 3.0055319101404043, "_trigger_distance": 6.742298851009657, "_brake": 1.0, "weather": {"sun_altitude_angle": 58.47418202967725, "precipitation": 21.043272011834404, "wind_intensity": 41.802488128558515, "sun_azimuth_angle": 265.18801498780715, "fog_distance": "0", "cloudiness": 82.23011597539379, "fog_density": 15.50883012634998, "wetness": 80.83206463256427, "precipitation_deposits": 97.7196986378704}}], "scenario_type": "Scenario57"}]}]}