{"available_scenarios": [{"Town05": [{"available_event_configurations": [{"transform": {"pitch": "0", "x": 35, "y": 70, "yaw": -90, "z": 0}, "_start_distance": 17.226294101155936, "_actor_vel": 2.2913286423199724, "_trigger_distance": 6.693295218707618, "_brake": 1.0, "weather": {"sun_altitude_angle": 89.76033500263264, "precipitation": 60.32978104492869, "wind_intensity": 77.37867790640941, "sun_azimuth_angle": 233.36972490834862, "fog_distance": "0", "cloudiness": 15.646205976098393, "fog_density": 56.461873546140176, "wetness": 89.59194295834433, "precipitation_deposits": 93.0349061180963}}], "scenario_type": "Scenario57"}], "Town04": [{"available_event_configurations": [{"transform": {"pitch": "0", "x": -13.4, "y": -160, "yaw": 90, "z": 0}, "_start_distance": 17.226294101155936, "_actor_vel": 2.2913286423199724, "_trigger_distance": 6.693295218707618, "_brake": 1.0, "weather": {"sun_altitude_angle": 89.76033500263264, "precipitation": 60.32978104492869, "wind_intensity": 77.37867790640941, "sun_azimuth_angle": 233.36972490834862, "fog_distance": "0", "cloudiness": 15.646205976098393, "fog_density": 56.461873546140176, "wetness": 89.59194295834433, "precipitation_deposits": 93.0349061180963}}], "scenario_type": "Scenario57"}], "Town03": [{"available_event_configurations": [{"transform": {"pitch": "0", "x": -88.5, "y": -90, "yaw": 90, "z": 0}, "_start_distance": 17.226294101155936, "_actor_vel": 2.2913286423199724, "_trigger_distance": 6.693295218707618, "_brake": 1.0, "weather": {"sun_altitude_angle": 89.76033500263264, "precipitation": 60.32978104492869, "wind_intensity": 77.37867790640941, "sun_azimuth_angle": 233.36972490834862, "fog_distance": "0", "cloudiness": 15.646205976098393, "fog_density": 56.461873546140176, "wetness": 89.59194295834433, "precipitation_deposits": 93.0349061180963}}], "scenario_type": "Scenario57"}], "Town06": [{"available_event_configurations": [{"transform": {"pitch": "0", "x": 8.4, "y": 220, "yaw": -90, "z": 0}, "_start_distance": 17.226294101155936, "_actor_vel": 2.2913286423199724, "_trigger_distance": 6.693295218707618, "_brake": 1.0, "weather": {"sun_altitude_angle": 89.76033500263264, "precipitation": 60.32978104492869, "wind_intensity": 77.37867790640941, "sun_azimuth_angle": 233.36972490834862, "fog_distance": "0", "cloudiness": 15.646205976098393, "fog_density": 56.461873546140176, "wetness": 89.59194295834433, "precipitation_deposits": 93.0349061180963}}], "scenario_type": "Scenario57"}]}]}