{"available_scenarios": [{"Town05": [{"available_event_configurations": [{"transform": {"pitch": "0", "x": 35, "y": 70, "yaw": -90, "z": 0}, "_start_distance": 16.446971230055652, "_actor_vel": 2.823616148615598, "_trigger_distance": 7.441285841779357, "_brake": 1.0, "weather": {"sun_altitude_angle": -32.97157719833296, "precipitation": 20.972704549316145, "wind_intensity": 97.06226822906861, "sun_azimuth_angle": 298.57975437678704, "fog_distance": "0", "cloudiness": 88.59851763903342, "fog_density": 96.69731795603506, "wetness": 43.02371830748483, "precipitation_deposits": 60.23811751251949}}], "scenario_type": "Scenario57"}], "Town04": [{"available_event_configurations": [{"transform": {"pitch": "0", "x": -13.4, "y": -160, "yaw": 90, "z": 0}, "_start_distance": 16.446971230055652, "_actor_vel": 2.823616148615598, "_trigger_distance": 7.441285841779357, "_brake": 1.0, "weather": {"sun_altitude_angle": -32.97157719833296, "precipitation": 20.972704549316145, "wind_intensity": 97.06226822906861, "sun_azimuth_angle": 298.57975437678704, "fog_distance": "0", "cloudiness": 88.59851763903342, "fog_density": 96.69731795603506, "wetness": 43.02371830748483, "precipitation_deposits": 60.23811751251949}}], "scenario_type": "Scenario57"}], "Town03": [{"available_event_configurations": [{"transform": {"pitch": "0", "x": -88.5, "y": -90, "yaw": 90, "z": 0}, "_start_distance": 16.446971230055652, "_actor_vel": 2.823616148615598, "_trigger_distance": 7.441285841779357, "_brake": 1.0, "weather": {"sun_altitude_angle": -32.97157719833296, "precipitation": 20.972704549316145, "wind_intensity": 97.06226822906861, "sun_azimuth_angle": 298.57975437678704, "fog_distance": "0", "cloudiness": 88.59851763903342, "fog_density": 96.69731795603506, "wetness": 43.02371830748483, "precipitation_deposits": 60.23811751251949}}], "scenario_type": "Scenario57"}], "Town06": [{"available_event_configurations": [{"transform": {"pitch": "0", "x": 8.4, "y": 220, "yaw": -90, "z": 0}, "_start_distance": 16.446971230055652, "_actor_vel": 2.823616148615598, "_trigger_distance": 7.441285841779357, "_brake": 1.0, "weather": {"sun_altitude_angle": -32.97157719833296, "precipitation": 20.972704549316145, "wind_intensity": 97.06226822906861, "sun_azimuth_angle": 298.57975437678704, "fog_distance": "0", "cloudiness": 88.59851763903342, "fog_density": 96.69731795603506, "wetness": 43.02371830748483, "precipitation_deposits": 60.23811751251949}}], "scenario_type": "Scenario57"}]}]}