{"available_scenarios": [{"Town05": [{"available_event_configurations": [{"transform": {"pitch": "0", "x": 35, "y": 70, "yaw": -90, "z": 0}, "_start_distance": 15.640995004022033, "_actor_vel": 2.408508517927299, "_trigger_distance": 8.609389280151118, "_brake": 1.0, "weather": {"sun_altitude_angle": 27.397588075341517, "precipitation": 20.567265664637823, "wind_intensity": 10.755432705813995, "sun_azimuth_angle": 101.03811531940092, "fog_distance": "0", "cloudiness": 83.76815231322759, "fog_density": 76.9263722451832, "wetness": 59.828867150521056, "precipitation_deposits": 76.29610057118012}}], "scenario_type": "Scenario57"}], "Town04": [{"available_event_configurations": [{"transform": {"pitch": "0", "x": -13.4, "y": -160, "yaw": 90, "z": 0}, "_start_distance": 15.640995004022033, "_actor_vel": 2.408508517927299, "_trigger_distance": 8.609389280151118, "_brake": 1.0, "weather": {"sun_altitude_angle": 27.397588075341517, "precipitation": 20.567265664637823, "wind_intensity": 10.755432705813995, "sun_azimuth_angle": 101.03811531940092, "fog_distance": "0", "cloudiness": 83.76815231322759, "fog_density": 76.9263722451832, "wetness": 59.828867150521056, "precipitation_deposits": 76.29610057118012}}], "scenario_type": "Scenario57"}], "Town03": [{"available_event_configurations": [{"transform": {"pitch": "0", "x": -88.5, "y": -90, "yaw": 90, "z": 0}, "_start_distance": 15.640995004022033, "_actor_vel": 2.408508517927299, "_trigger_distance": 8.609389280151118, "_brake": 1.0, "weather": {"sun_altitude_angle": 27.397588075341517, "precipitation": 20.567265664637823, "wind_intensity": 10.755432705813995, "sun_azimuth_angle": 101.03811531940092, "fog_distance": "0", "cloudiness": 83.76815231322759, "fog_density": 76.9263722451832, "wetness": 59.828867150521056, "precipitation_deposits": 76.29610057118012}}], "scenario_type": "Scenario57"}], "Town06": [{"available_event_configurations": [{"transform": {"pitch": "0", "x": 8.4, "y": 220, "yaw": -90, "z": 0}, "_start_distance": 15.640995004022033, "_actor_vel": 2.408508517927299, "_trigger_distance": 8.609389280151118, "_brake": 1.0, "weather": {"sun_altitude_angle": 27.397588075341517, "precipitation": 20.567265664637823, "wind_intensity": 10.755432705813995, "sun_azimuth_angle": 101.03811531940092, "fog_distance": "0", "cloudiness": 83.76815231322759, "fog_density": 76.9263722451832, "wetness": 59.828867150521056, "precipitation_deposits": 76.29610057118012}}], "scenario_type": "Scenario57"}]}]}