{"available_scenarios": [{"Town05": [{"available_event_configurations": [{"transform": {"pitch": "0", "x": 35, "y": 70, "yaw": -90, "z": 0}, "_start_distance": 18.783602620689866, "_actor_vel": 3.5341140046551054, "_trigger_distance": 9.818552353435653, "_brake": 1.0, "weather": {"sun_altitude_angle": 85.20790618089634, "precipitation": 47.98829393517781, "wind_intensity": 71.83739607652187, "sun_azimuth_angle": 225.23592059876847, "fog_distance": "0", "cloudiness": 57.71195045955935, "fog_density": 57.23608999507679, "wetness": 59.0536256959478, "precipitation_deposits": 81.72590441115247}}], "scenario_type": "Scenario57"}], "Town04": [{"available_event_configurations": [{"transform": {"pitch": "0", "x": -13.4, "y": -160, "yaw": 90, "z": 0}, "_start_distance": 18.783602620689866, "_actor_vel": 3.5341140046551054, "_trigger_distance": 9.818552353435653, "_brake": 1.0, "weather": {"sun_altitude_angle": 85.20790618089634, "precipitation": 47.98829393517781, "wind_intensity": 71.83739607652187, "sun_azimuth_angle": 225.23592059876847, "fog_distance": "0", "cloudiness": 57.71195045955935, "fog_density": 57.23608999507679, "wetness": 59.0536256959478, "precipitation_deposits": 81.72590441115247}}], "scenario_type": "Scenario57"}], "Town03": [{"available_event_configurations": [{"transform": {"pitch": "0", "x": -88.5, "y": -90, "yaw": 90, "z": 0}, "_start_distance": 18.783602620689866, "_actor_vel": 3.5341140046551054, "_trigger_distance": 9.818552353435653, "_brake": 1.0, "weather": {"sun_altitude_angle": 85.20790618089634, "precipitation": 47.98829393517781, "wind_intensity": 71.83739607652187, "sun_azimuth_angle": 225.23592059876847, "fog_distance": "0", "cloudiness": 57.71195045955935, "fog_density": 57.23608999507679, "wetness": 59.0536256959478, "precipitation_deposits": 81.72590441115247}}], "scenario_type": "Scenario57"}], "Town06": [{"available_event_configurations": [{"transform": {"pitch": "0", "x": 8.4, "y": 220, "yaw": -90, "z": 0}, "_start_distance": 18.783602620689866, "_actor_vel": 3.5341140046551054, "_trigger_distance": 9.818552353435653, "_brake": 1.0, "weather": {"sun_altitude_angle": 85.20790618089634, "precipitation": 47.98829393517781, "wind_intensity": 71.83739607652187, "sun_azimuth_angle": 225.23592059876847, "fog_distance": "0", "cloudiness": 57.71195045955935, "fog_density": 57.23608999507679, "wetness": 59.0536256959478, "precipitation_deposits": 81.72590441115247}}], "scenario_type": "Scenario57"}]}]}