{"available_scenarios": [{"Town05": [{"available_event_configurations": [{"transform": {"pitch": "0", "x": 35, "y": 70, "yaw": -90, "z": 0}, "_start_distance": 16.006938131451715, "_actor_vel": 2.422269947368326, "_trigger_distance": 7.295896292607829, "_brake": 1.0, "weather": {"sun_altitude_angle": 9.770541701738566, "precipitation": 14.22705449322006, "wind_intensity": 42.891182114697024, "sun_azimuth_angle": 99.67492618378685, "fog_distance": "0", "cloudiness": 64.45805802236443, "fog_density": 60.721242031163115, "wetness": 92.16192784787798, "precipitation_deposits": 32.81070795198914}}], "scenario_type": "Scenario57"}], "Town04": [{"available_event_configurations": [{"transform": {"pitch": "0", "x": -13.4, "y": -160, "yaw": 90, "z": 0}, "_start_distance": 16.006938131451715, "_actor_vel": 2.422269947368326, "_trigger_distance": 7.295896292607829, "_brake": 1.0, "weather": {"sun_altitude_angle": 9.770541701738566, "precipitation": 14.22705449322006, "wind_intensity": 42.891182114697024, "sun_azimuth_angle": 99.67492618378685, "fog_distance": "0", "cloudiness": 64.45805802236443, "fog_density": 60.721242031163115, "wetness": 92.16192784787798, "precipitation_deposits": 32.81070795198914}}], "scenario_type": "Scenario57"}], "Town03": [{"available_event_configurations": [{"transform": {"pitch": "0", "x": -88.5, "y": -90, "yaw": 90, "z": 0}, "_start_distance": 16.006938131451715, "_actor_vel": 2.422269947368326, "_trigger_distance": 7.295896292607829, "_brake": 1.0, "weather": {"sun_altitude_angle": 9.770541701738566, "precipitation": 14.22705449322006, "wind_intensity": 42.891182114697024, "sun_azimuth_angle": 99.67492618378685, "fog_distance": "0", "cloudiness": 64.45805802236443, "fog_density": 60.721242031163115, "wetness": 92.16192784787798, "precipitation_deposits": 32.81070795198914}}], "scenario_type": "Scenario57"}], "Town06": [{"available_event_configurations": [{"transform": {"pitch": "0", "x": 8.4, "y": 220, "yaw": -90, "z": 0}, "_start_distance": 16.006938131451715, "_actor_vel": 2.422269947368326, "_trigger_distance": 7.295896292607829, "_brake": 1.0, "weather": {"sun_altitude_angle": 9.770541701738566, "precipitation": 14.22705449322006, "wind_intensity": 42.891182114697024, "sun_azimuth_angle": 99.67492618378685, "fog_distance": "0", "cloudiness": 64.45805802236443, "fog_density": 60.721242031163115, "wetness": 92.16192784787798, "precipitation_deposits": 32.81070795198914}}], "scenario_type": "Scenario57"}]}]}