{"available_scenarios": [{"Town05": [{"available_event_configurations": [{"transform": {"pitch": "0", "x": 35, "y": 70, "yaw": -90, "z": 0}, "_start_distance": 18.77613722186372, "_actor_vel": 2.590711468843576, "_trigger_distance": 8.894878659184567, "_brake": 1.0, "weather": {"sun_altitude_angle": -60.1259591529383, "precipitation": 17.673750577246906, "wind_intensity": 70.58730391887454, "sun_azimuth_angle": 318.2473114376939, "fog_distance": "0", "cloudiness": 22.22561076865357, "fog_density": 68.39349295330788, "wetness": 16.059040773851407, "precipitation_deposits": 34.30055364110611}}], "scenario_type": "Scenario57"}], "Town04": [{"available_event_configurations": [{"transform": {"pitch": "0", "x": -13.4, "y": -160, "yaw": 90, "z": 0}, "_start_distance": 18.77613722186372, "_actor_vel": 2.590711468843576, "_trigger_distance": 8.894878659184567, "_brake": 1.0, "weather": {"sun_altitude_angle": -60.1259591529383, "precipitation": 17.673750577246906, "wind_intensity": 70.58730391887454, "sun_azimuth_angle": 318.2473114376939, "fog_distance": "0", "cloudiness": 22.22561076865357, "fog_density": 68.39349295330788, "wetness": 16.059040773851407, "precipitation_deposits": 34.30055364110611}}], "scenario_type": "Scenario57"}], "Town03": [{"available_event_configurations": [{"transform": {"pitch": "0", "x": -88.5, "y": -90, "yaw": 90, "z": 0}, "_start_distance": 18.77613722186372, "_actor_vel": 2.590711468843576, "_trigger_distance": 8.894878659184567, "_brake": 1.0, "weather": {"sun_altitude_angle": -60.1259591529383, "precipitation": 17.673750577246906, "wind_intensity": 70.58730391887454, "sun_azimuth_angle": 318.2473114376939, "fog_distance": "0", "cloudiness": 22.22561076865357, "fog_density": 68.39349295330788, "wetness": 16.059040773851407, "precipitation_deposits": 34.30055364110611}}], "scenario_type": "Scenario57"}], "Town06": [{"available_event_configurations": [{"transform": {"pitch": "0", "x": 8.4, "y": 220, "yaw": -90, "z": 0}, "_start_distance": 18.77613722186372, "_actor_vel": 2.590711468843576, "_trigger_distance": 8.894878659184567, "_brake": 1.0, "weather": {"sun_altitude_angle": -60.1259591529383, "precipitation": 17.673750577246906, "wind_intensity": 70.58730391887454, "sun_azimuth_angle": 318.2473114376939, "fog_distance": "0", "cloudiness": 22.22561076865357, "fog_density": 68.39349295330788, "wetness": 16.059040773851407, "precipitation_deposits": 34.30055364110611}}], "scenario_type": "Scenario57"}]}]}