{"available_scenarios": [{"Town05": [{"available_event_configurations": [{"transform": {"pitch": "0", "x": 35, "y": 70, "yaw": -90, "z": 0}, "_start_distance": 16.419273494119242, "_actor_vel": 2.9851990769492733, "_trigger_distance": 7.805192833409315, "_brake": 1.0, "weather": {"sun_altitude_angle": 32.22893668494001, "precipitation": 63.62157577281541, "wind_intensity": 58.31673442233114, "sun_azimuth_angle": 354.5686367053449, "fog_distance": "0", "cloudiness": 30.998307984139796, "fog_density": 27.731852813865, "wetness": 30.44321903422763, "precipitation_deposits": 74.95867969081863}}], "scenario_type": "Scenario57"}], "Town04": [{"available_event_configurations": [{"transform": {"pitch": "0", "x": -13.4, "y": -160, "yaw": 90, "z": 0}, "_start_distance": 16.419273494119242, "_actor_vel": 2.9851990769492733, "_trigger_distance": 7.805192833409315, "_brake": 1.0, "weather": {"sun_altitude_angle": 32.22893668494001, "precipitation": 63.62157577281541, "wind_intensity": 58.31673442233114, "sun_azimuth_angle": 354.5686367053449, "fog_distance": "0", "cloudiness": 30.998307984139796, "fog_density": 27.731852813865, "wetness": 30.44321903422763, "precipitation_deposits": 74.95867969081863}}], "scenario_type": "Scenario57"}], "Town03": [{"available_event_configurations": [{"transform": {"pitch": "0", "x": -88.5, "y": -90, "yaw": 90, "z": 0}, "_start_distance": 16.419273494119242, "_actor_vel": 2.9851990769492733, "_trigger_distance": 7.805192833409315, "_brake": 1.0, "weather": {"sun_altitude_angle": 32.22893668494001, "precipitation": 63.62157577281541, "wind_intensity": 58.31673442233114, "sun_azimuth_angle": 354.5686367053449, "fog_distance": "0", "cloudiness": 30.998307984139796, "fog_density": 27.731852813865, "wetness": 30.44321903422763, "precipitation_deposits": 74.95867969081863}}], "scenario_type": "Scenario57"}], "Town06": [{"available_event_configurations": [{"transform": {"pitch": "0", "x": 8.4, "y": 220, "yaw": -90, "z": 0}, "_start_distance": 16.419273494119242, "_actor_vel": 2.9851990769492733, "_trigger_distance": 7.805192833409315, "_brake": 1.0, "weather": {"sun_altitude_angle": 32.22893668494001, "precipitation": 63.62157577281541, "wind_intensity": 58.31673442233114, "sun_azimuth_angle": 354.5686367053449, "fog_distance": "0", "cloudiness": 30.998307984139796, "fog_density": 27.731852813865, "wetness": 30.44321903422763, "precipitation_deposits": 74.95867969081863}}], "scenario_type": "Scenario57"}]}]}