{"available_scenarios": [{"Town05": [{"available_event_configurations": [{"transform": {"pitch": "0", "x": 35, "y": 70, "yaw": -90, "z": 0}, "_start_distance": 17.95381597482401, "_actor_vel": 2.7815315255997763, "_trigger_distance": 8.633513129854009, "_brake": 1.0, "weather": {"sun_altitude_angle": 12.929374936567385, "precipitation": 43.15950355875848, "wind_intensity": 35.09886583863954, "sun_azimuth_angle": 136.56496858988103, "fog_distance": "0", "cloudiness": 14.11340785033216, "fog_density": 80.33418506993544, "wetness": 59.05046642265799, "precipitation_deposits": 3.525287345640682}}], "scenario_type": "Scenario57"}], "Town04": [{"available_event_configurations": [{"transform": {"pitch": "0", "x": -13.4, "y": -160, "yaw": 90, "z": 0}, "_start_distance": 17.95381597482401, "_actor_vel": 2.7815315255997763, "_trigger_distance": 8.633513129854009, "_brake": 1.0, "weather": {"sun_altitude_angle": 12.929374936567385, "precipitation": 43.15950355875848, "wind_intensity": 35.09886583863954, "sun_azimuth_angle": 136.56496858988103, "fog_distance": "0", "cloudiness": 14.11340785033216, "fog_density": 80.33418506993544, "wetness": 59.05046642265799, "precipitation_deposits": 3.525287345640682}}], "scenario_type": "Scenario57"}], "Town03": [{"available_event_configurations": [{"transform": {"pitch": "0", "x": -88.5, "y": -90, "yaw": 90, "z": 0}, "_start_distance": 17.95381597482401, "_actor_vel": 2.7815315255997763, "_trigger_distance": 8.633513129854009, "_brake": 1.0, "weather": {"sun_altitude_angle": 12.929374936567385, "precipitation": 43.15950355875848, "wind_intensity": 35.09886583863954, "sun_azimuth_angle": 136.56496858988103, "fog_distance": "0", "cloudiness": 14.11340785033216, "fog_density": 80.33418506993544, "wetness": 59.05046642265799, "precipitation_deposits": 3.525287345640682}}], "scenario_type": "Scenario57"}], "Town06": [{"available_event_configurations": [{"transform": {"pitch": "0", "x": 8.4, "y": 220, "yaw": -90, "z": 0}, "_start_distance": 17.95381597482401, "_actor_vel": 2.7815315255997763, "_trigger_distance": 8.633513129854009, "_brake": 1.0, "weather": {"sun_altitude_angle": 12.929374936567385, "precipitation": 43.15950355875848, "wind_intensity": 35.09886583863954, "sun_azimuth_angle": 136.56496858988103, "fog_distance": "0", "cloudiness": 14.11340785033216, "fog_density": 80.33418506993544, "wetness": 59.05046642265799, "precipitation_deposits": 3.525287345640682}}], "scenario_type": "Scenario57"}]}]}