{"available_scenarios": [{"Town05": [{"available_event_configurations": [{"transform": {"pitch": "0", "x": 35, "y": 70, "yaw": -90, "z": 0}, "_start_distance": 15.903868576132583, "_actor_vel": 3.9755811879356253, "_trigger_distance": 9.712826563852955, "_brake": 1.0, "weather": {"sun_altitude_angle": -53.94444682128653, "precipitation": 15.455571450472117, "wind_intensity": 18.98459477552088, "sun_azimuth_angle": 8.450830496490859, "fog_distance": "0", "cloudiness": 95.40206644525738, "fog_density": 90.62315986514159, "wetness": 30.875979847789903, "precipitation_deposits": 34.908165381701686}}], "scenario_type": "Scenario57"}], "Town04": [{"available_event_configurations": [{"transform": {"pitch": "0", "x": -13.4, "y": -160, "yaw": 90, "z": 0}, "_start_distance": 15.903868576132583, "_actor_vel": 3.9755811879356253, "_trigger_distance": 9.712826563852955, "_brake": 1.0, "weather": {"sun_altitude_angle": -53.94444682128653, "precipitation": 15.455571450472117, "wind_intensity": 18.98459477552088, "sun_azimuth_angle": 8.450830496490859, "fog_distance": "0", "cloudiness": 95.40206644525738, "fog_density": 90.62315986514159, "wetness": 30.875979847789903, "precipitation_deposits": 34.908165381701686}}], "scenario_type": "Scenario57"}], "Town03": [{"available_event_configurations": [{"transform": {"pitch": "0", "x": -88.5, "y": -90, "yaw": 90, "z": 0}, "_start_distance": 15.903868576132583, "_actor_vel": 3.9755811879356253, "_trigger_distance": 9.712826563852955, "_brake": 1.0, "weather": {"sun_altitude_angle": -53.94444682128653, "precipitation": 15.455571450472117, "wind_intensity": 18.98459477552088, "sun_azimuth_angle": 8.450830496490859, "fog_distance": "0", "cloudiness": 95.40206644525738, "fog_density": 90.62315986514159, "wetness": 30.875979847789903, "precipitation_deposits": 34.908165381701686}}], "scenario_type": "Scenario57"}], "Town06": [{"available_event_configurations": [{"transform": {"pitch": "0", "x": 8.4, "y": 220, "yaw": -90, "z": 0}, "_start_distance": 15.903868576132583, "_actor_vel": 3.9755811879356253, "_trigger_distance": 9.712826563852955, "_brake": 1.0, "weather": {"sun_altitude_angle": -53.94444682128653, "precipitation": 15.455571450472117, "wind_intensity": 18.98459477552088, "sun_azimuth_angle": 8.450830496490859, "fog_distance": "0", "cloudiness": 95.40206644525738, "fog_density": 90.62315986514159, "wetness": 30.875979847789903, "precipitation_deposits": 34.908165381701686}}], "scenario_type": "Scenario57"}]}]}