{"available_scenarios": [{"Town05": [{"available_event_configurations": [{"transform": {"pitch": "0", "x": 35, "y": 70, "yaw": -90, "z": 0}, "_start_distance": 15.684372027297876, "_actor_vel": 2.0885802159601967, "_trigger_distance": 6.859489320698282, "_brake": 1.0, "weather": {"sun_altitude_angle": -61.069062689571126, "precipitation": 16.738902767631515, "wind_intensity": 29.960807111332265, "sun_azimuth_angle": 152.9109705197882, "fog_distance": "0", "cloudiness": 56.15948156885564, "fog_density": 16.759549249082106, "wetness": 97.55823360735877, "precipitation_deposits": 78.0336009350988}}], "scenario_type": "Scenario57"}], "Town04": [{"available_event_configurations": [{"transform": {"pitch": "0", "x": -13.4, "y": -160, "yaw": 90, "z": 0}, "_start_distance": 15.684372027297876, "_actor_vel": 2.0885802159601967, "_trigger_distance": 6.859489320698282, "_brake": 1.0, "weather": {"sun_altitude_angle": -61.069062689571126, "precipitation": 16.738902767631515, "wind_intensity": 29.960807111332265, "sun_azimuth_angle": 152.9109705197882, "fog_distance": "0", "cloudiness": 56.15948156885564, "fog_density": 16.759549249082106, "wetness": 97.55823360735877, "precipitation_deposits": 78.0336009350988}}], "scenario_type": "Scenario57"}], "Town03": [{"available_event_configurations": [{"transform": {"pitch": "0", "x": -88.5, "y": -90, "yaw": 90, "z": 0}, "_start_distance": 15.684372027297876, "_actor_vel": 2.0885802159601967, "_trigger_distance": 6.859489320698282, "_brake": 1.0, "weather": {"sun_altitude_angle": -61.069062689571126, "precipitation": 16.738902767631515, "wind_intensity": 29.960807111332265, "sun_azimuth_angle": 152.9109705197882, "fog_distance": "0", "cloudiness": 56.15948156885564, "fog_density": 16.759549249082106, "wetness": 97.55823360735877, "precipitation_deposits": 78.0336009350988}}], "scenario_type": "Scenario57"}], "Town06": [{"available_event_configurations": [{"transform": {"pitch": "0", "x": 8.4, "y": 220, "yaw": -90, "z": 0}, "_start_distance": 15.684372027297876, "_actor_vel": 2.0885802159601967, "_trigger_distance": 6.859489320698282, "_brake": 1.0, "weather": {"sun_altitude_angle": -61.069062689571126, "precipitation": 16.738902767631515, "wind_intensity": 29.960807111332265, "sun_azimuth_angle": 152.9109705197882, "fog_distance": "0", "cloudiness": 56.15948156885564, "fog_density": 16.759549249082106, "wetness": 97.55823360735877, "precipitation_deposits": 78.0336009350988}}], "scenario_type": "Scenario57"}]}]}