{"available_scenarios": [{"Town05": [{"available_event_configurations": [{"transform": {"pitch": "0", "x": 35, "y": 70, "yaw": -90, "z": 0}, "_start_distance": 15.393431356390373, "_actor_vel": 2.617103724651292, "_trigger_distance": 6.427464659188207, "_brake": 1.0, "weather": {"sun_altitude_angle": 85.2546401719759, "precipitation": 15.005354698582341, "wind_intensity": 60.41844223374895, "sun_azimuth_angle": 350.009925074875, "fog_distance": "0", "cloudiness": 75.46096456189689, "fog_density": 27.647777836568288, "wetness": 63.98162410849848, "precipitation_deposits": 97.49720985614694}}], "scenario_type": "Scenario57"}], "Town04": [{"available_event_configurations": [{"transform": {"pitch": "0", "x": -13.4, "y": -160, "yaw": 90, "z": 0}, "_start_distance": 15.393431356390373, "_actor_vel": 2.617103724651292, "_trigger_distance": 6.427464659188207, "_brake": 1.0, "weather": {"sun_altitude_angle": 85.2546401719759, "precipitation": 15.005354698582341, "wind_intensity": 60.41844223374895, "sun_azimuth_angle": 350.009925074875, "fog_distance": "0", "cloudiness": 75.46096456189689, "fog_density": 27.647777836568288, "wetness": 63.98162410849848, "precipitation_deposits": 97.49720985614694}}], "scenario_type": "Scenario57"}], "Town03": [{"available_event_configurations": [{"transform": {"pitch": "0", "x": -88.5, "y": -90, "yaw": 90, "z": 0}, "_start_distance": 15.393431356390373, "_actor_vel": 2.617103724651292, "_trigger_distance": 6.427464659188207, "_brake": 1.0, "weather": {"sun_altitude_angle": 85.2546401719759, "precipitation": 15.005354698582341, "wind_intensity": 60.41844223374895, "sun_azimuth_angle": 350.009925074875, "fog_distance": "0", "cloudiness": 75.46096456189689, "fog_density": 27.647777836568288, "wetness": 63.98162410849848, "precipitation_deposits": 97.49720985614694}}], "scenario_type": "Scenario57"}], "Town06": [{"available_event_configurations": [{"transform": {"pitch": "0", "x": 8.4, "y": 220, "yaw": -90, "z": 0}, "_start_distance": 15.393431356390373, "_actor_vel": 2.617103724651292, "_trigger_distance": 6.427464659188207, "_brake": 1.0, "weather": {"sun_altitude_angle": 85.2546401719759, "precipitation": 15.005354698582341, "wind_intensity": 60.41844223374895, "sun_azimuth_angle": 350.009925074875, "fog_distance": "0", "cloudiness": 75.46096456189689, "fog_density": 27.647777836568288, "wetness": 63.98162410849848, "precipitation_deposits": 97.49720985614694}}], "scenario_type": "Scenario57"}]}]}