{"available_scenarios": [{"Town05": [{"available_event_configurations": [{"transform": {"pitch": "0", "x": 35, "y": 70, "yaw": -90, "z": 0}, "_start_distance": 16.628079734675552, "_actor_vel": 3.902050615930756, "_trigger_distance": 6.340727418652733, "_brake": 1.0, "weather": {"sun_altitude_angle": -52.91200267627182, "precipitation": 50.6449282069768, "wind_intensity": 88.77324372630562, "sun_azimuth_angle": 3.0378940987845615, "fog_distance": "0", "cloudiness": 20.558216214964276, "fog_density": 3.7715419434267594, "wetness": 87.3051804382622, "precipitation_deposits": 85.03363549588265}}], "scenario_type": "Scenario57"}], "Town04": [{"available_event_configurations": [{"transform": {"pitch": "0", "x": -13.4, "y": -160, "yaw": 90, "z": 0}, "_start_distance": 16.628079734675552, "_actor_vel": 3.902050615930756, "_trigger_distance": 6.340727418652733, "_brake": 1.0, "weather": {"sun_altitude_angle": -52.91200267627182, "precipitation": 50.6449282069768, "wind_intensity": 88.77324372630562, "sun_azimuth_angle": 3.0378940987845615, "fog_distance": "0", "cloudiness": 20.558216214964276, "fog_density": 3.7715419434267594, "wetness": 87.3051804382622, "precipitation_deposits": 85.03363549588265}}], "scenario_type": "Scenario57"}], "Town03": [{"available_event_configurations": [{"transform": {"pitch": "0", "x": -88.5, "y": -90, "yaw": 90, "z": 0}, "_start_distance": 16.628079734675552, "_actor_vel": 3.902050615930756, "_trigger_distance": 6.340727418652733, "_brake": 1.0, "weather": {"sun_altitude_angle": -52.91200267627182, "precipitation": 50.6449282069768, "wind_intensity": 88.77324372630562, "sun_azimuth_angle": 3.0378940987845615, "fog_distance": "0", "cloudiness": 20.558216214964276, "fog_density": 3.7715419434267594, "wetness": 87.3051804382622, "precipitation_deposits": 85.03363549588265}}], "scenario_type": "Scenario57"}], "Town06": [{"available_event_configurations": [{"transform": {"pitch": "0", "x": 8.4, "y": 220, "yaw": -90, "z": 0}, "_start_distance": 16.628079734675552, "_actor_vel": 3.902050615930756, "_trigger_distance": 6.340727418652733, "_brake": 1.0, "weather": {"sun_altitude_angle": -52.91200267627182, "precipitation": 50.6449282069768, "wind_intensity": 88.77324372630562, "sun_azimuth_angle": 3.0378940987845615, "fog_distance": "0", "cloudiness": 20.558216214964276, "fog_density": 3.7715419434267594, "wetness": 87.3051804382622, "precipitation_deposits": 85.03363549588265}}], "scenario_type": "Scenario57"}]}]}