{"available_scenarios": [{"Town05": [{"available_event_configurations": [{"transform": {"pitch": "0", "x": 35, "y": 70, "yaw": -90, "z": 0}, "_start_distance": 19.416334522466304, "_actor_vel": 3.6443100587581094, "_trigger_distance": 8.45131381305534, "_brake": 1.0, "weather": {"sun_altitude_angle": 80.32895263788956, "precipitation": 47.174953398384446, "wind_intensity": 70.9538211610805, "sun_azimuth_angle": 170.65564300579487, "fog_distance": "0", "cloudiness": 85.90137895841472, "fog_density": 76.15421233622493, "wetness": 72.72446153139487, "precipitation_deposits": 69.32446725816233}}], "scenario_type": "Scenario57"}], "Town04": [{"available_event_configurations": [{"transform": {"pitch": "0", "x": -13.4, "y": -160, "yaw": 90, "z": 0}, "_start_distance": 19.416334522466304, "_actor_vel": 3.6443100587581094, "_trigger_distance": 8.45131381305534, "_brake": 1.0, "weather": {"sun_altitude_angle": 80.32895263788956, "precipitation": 47.174953398384446, "wind_intensity": 70.9538211610805, "sun_azimuth_angle": 170.65564300579487, "fog_distance": "0", "cloudiness": 85.90137895841472, "fog_density": 76.15421233622493, "wetness": 72.72446153139487, "precipitation_deposits": 69.32446725816233}}], "scenario_type": "Scenario57"}], "Town03": [{"available_event_configurations": [{"transform": {"pitch": "0", "x": -88.5, "y": -90, "yaw": 90, "z": 0}, "_start_distance": 19.416334522466304, "_actor_vel": 3.6443100587581094, "_trigger_distance": 8.45131381305534, "_brake": 1.0, "weather": {"sun_altitude_angle": 80.32895263788956, "precipitation": 47.174953398384446, "wind_intensity": 70.9538211610805, "sun_azimuth_angle": 170.65564300579487, "fog_distance": "0", "cloudiness": 85.90137895841472, "fog_density": 76.15421233622493, "wetness": 72.72446153139487, "precipitation_deposits": 69.32446725816233}}], "scenario_type": "Scenario57"}], "Town06": [{"available_event_configurations": [{"transform": {"pitch": "0", "x": 8.4, "y": 220, "yaw": -90, "z": 0}, "_start_distance": 19.416334522466304, "_actor_vel": 3.6443100587581094, "_trigger_distance": 8.45131381305534, "_brake": 1.0, "weather": {"sun_altitude_angle": 80.32895263788956, "precipitation": 47.174953398384446, "wind_intensity": 70.9538211610805, "sun_azimuth_angle": 170.65564300579487, "fog_distance": "0", "cloudiness": 85.90137895841472, "fog_density": 76.15421233622493, "wetness": 72.72446153139487, "precipitation_deposits": 69.32446725816233}}], "scenario_type": "Scenario57"}]}]}