{"available_scenarios": [{"Town05": [{"available_event_configurations": [{"transform": {"pitch": "0", "x": 35, "y": 70, "yaw": -90, "z": 0}, "_start_distance": 17.26513232905769, "_actor_vel": 3.5794676452794016, "_trigger_distance": 7.952718491137297, "_brake": 1.0, "weather": {"sun_altitude_angle": -37.453979249187256, "precipitation": 61.894181420578676, "wind_intensity": 48.59172481802977, "sun_azimuth_angle": 3.704059827296602, "fog_distance": "0", "cloudiness": 7.245504121833191, "fog_density": 56.05536526666853, "wetness": 95.86153220988585, "precipitation_deposits": 29.226129821703573}}], "scenario_type": "Scenario57"}], "Town04": [{"available_event_configurations": [{"transform": {"pitch": "0", "x": -13.4, "y": -160, "yaw": 90, "z": 0}, "_start_distance": 17.26513232905769, "_actor_vel": 3.5794676452794016, "_trigger_distance": 7.952718491137297, "_brake": 1.0, "weather": {"sun_altitude_angle": -37.453979249187256, "precipitation": 61.894181420578676, "wind_intensity": 48.59172481802977, "sun_azimuth_angle": 3.704059827296602, "fog_distance": "0", "cloudiness": 7.245504121833191, "fog_density": 56.05536526666853, "wetness": 95.86153220988585, "precipitation_deposits": 29.226129821703573}}], "scenario_type": "Scenario57"}], "Town03": [{"available_event_configurations": [{"transform": {"pitch": "0", "x": -88.5, "y": -90, "yaw": 90, "z": 0}, "_start_distance": 17.26513232905769, "_actor_vel": 3.5794676452794016, "_trigger_distance": 7.952718491137297, "_brake": 1.0, "weather": {"sun_altitude_angle": -37.453979249187256, "precipitation": 61.894181420578676, "wind_intensity": 48.59172481802977, "sun_azimuth_angle": 3.704059827296602, "fog_distance": "0", "cloudiness": 7.245504121833191, "fog_density": 56.05536526666853, "wetness": 95.86153220988585, "precipitation_deposits": 29.226129821703573}}], "scenario_type": "Scenario57"}], "Town06": [{"available_event_configurations": [{"transform": {"pitch": "0", "x": 8.4, "y": 220, "yaw": -90, "z": 0}, "_start_distance": 17.26513232905769, "_actor_vel": 3.5794676452794016, "_trigger_distance": 7.952718491137297, "_brake": 1.0, "weather": {"sun_altitude_angle": -37.453979249187256, "precipitation": 61.894181420578676, "wind_intensity": 48.59172481802977, "sun_azimuth_angle": 3.704059827296602, "fog_distance": "0", "cloudiness": 7.245504121833191, "fog_density": 56.05536526666853, "wetness": 95.86153220988585, "precipitation_deposits": 29.226129821703573}}], "scenario_type": "Scenario57"}]}]}