{"available_scenarios": [{"Town05": [{"available_event_configurations": [{"transform": {"pitch": "0", "x": 35, "y": 70, "yaw": -90, "z": 0}, "_start_distance": 19.798974987992604, "_actor_vel": 3.345486400241117, "_trigger_distance": 8.428758337837943, "_brake": 1.0, "weather": {"sun_altitude_angle": 2.7332875169459356, "precipitation": 35.17477007987024, "wind_intensity": 15.642526956950299, "sun_azimuth_angle": 79.57006624526161, "fog_distance": "0", "cloudiness": 36.36827276899255, "fog_density": 41.523844437851075, "wetness": 75.92125889446794, "precipitation_deposits": 68.24172925810709}}], "scenario_type": "Scenario57"}], "Town04": [{"available_event_configurations": [{"transform": {"pitch": "0", "x": -13.4, "y": -160, "yaw": 90, "z": 0}, "_start_distance": 19.798974987992604, "_actor_vel": 3.345486400241117, "_trigger_distance": 8.428758337837943, "_brake": 1.0, "weather": {"sun_altitude_angle": 2.7332875169459356, "precipitation": 35.17477007987024, "wind_intensity": 15.642526956950299, "sun_azimuth_angle": 79.57006624526161, "fog_distance": "0", "cloudiness": 36.36827276899255, "fog_density": 41.523844437851075, "wetness": 75.92125889446794, "precipitation_deposits": 68.24172925810709}}], "scenario_type": "Scenario57"}], "Town03": [{"available_event_configurations": [{"transform": {"pitch": "0", "x": -88.5, "y": -90, "yaw": 90, "z": 0}, "_start_distance": 19.798974987992604, "_actor_vel": 3.345486400241117, "_trigger_distance": 8.428758337837943, "_brake": 1.0, "weather": {"sun_altitude_angle": 2.7332875169459356, "precipitation": 35.17477007987024, "wind_intensity": 15.642526956950299, "sun_azimuth_angle": 79.57006624526161, "fog_distance": "0", "cloudiness": 36.36827276899255, "fog_density": 41.523844437851075, "wetness": 75.92125889446794, "precipitation_deposits": 68.24172925810709}}], "scenario_type": "Scenario57"}], "Town06": [{"available_event_configurations": [{"transform": {"pitch": "0", "x": 8.4, "y": 220, "yaw": -90, "z": 0}, "_start_distance": 19.798974987992604, "_actor_vel": 3.345486400241117, "_trigger_distance": 8.428758337837943, "_brake": 1.0, "weather": {"sun_altitude_angle": 2.7332875169459356, "precipitation": 35.17477007987024, "wind_intensity": 15.642526956950299, "sun_azimuth_angle": 79.57006624526161, "fog_distance": "0", "cloudiness": 36.36827276899255, "fog_density": 41.523844437851075, "wetness": 75.92125889446794, "precipitation_deposits": 68.24172925810709}}], "scenario_type": "Scenario57"}]}]}