{"available_scenarios": [{"Town05": [{"available_event_configurations": [{"transform": {"pitch": "0", "x": 35, "y": 70, "yaw": -90, "z": 0}, "_start_distance": 17.346532758932312, "_actor_vel": 2.4668969334707036, "_trigger_distance": 6.009753042386691, "_brake": 1.0, "weather": {"sun_altitude_angle": -4.513885319378375, "precipitation": 22.79487822291947, "wind_intensity": 60.22142517654891, "sun_azimuth_angle": 264.57097160063455, "fog_distance": "0", "cloudiness": 31.775350689760494, "fog_density": 94.41812948902395, "wetness": 30.277730137743298, "precipitation_deposits": 94.9026956579145}}], "scenario_type": "Scenario57"}], "Town04": [{"available_event_configurations": [{"transform": {"pitch": "0", "x": -13.4, "y": -160, "yaw": 90, "z": 0}, "_start_distance": 17.346532758932312, "_actor_vel": 2.4668969334707036, "_trigger_distance": 6.009753042386691, "_brake": 1.0, "weather": {"sun_altitude_angle": -4.513885319378375, "precipitation": 22.79487822291947, "wind_intensity": 60.22142517654891, "sun_azimuth_angle": 264.57097160063455, "fog_distance": "0", "cloudiness": 31.775350689760494, "fog_density": 94.41812948902395, "wetness": 30.277730137743298, "precipitation_deposits": 94.9026956579145}}], "scenario_type": "Scenario57"}], "Town03": [{"available_event_configurations": [{"transform": {"pitch": "0", "x": -88.5, "y": -90, "yaw": 90, "z": 0}, "_start_distance": 17.346532758932312, "_actor_vel": 2.4668969334707036, "_trigger_distance": 6.009753042386691, "_brake": 1.0, "weather": {"sun_altitude_angle": -4.513885319378375, "precipitation": 22.79487822291947, "wind_intensity": 60.22142517654891, "sun_azimuth_angle": 264.57097160063455, "fog_distance": "0", "cloudiness": 31.775350689760494, "fog_density": 94.41812948902395, "wetness": 30.277730137743298, "precipitation_deposits": 94.9026956579145}}], "scenario_type": "Scenario57"}], "Town06": [{"available_event_configurations": [{"transform": {"pitch": "0", "x": 8.4, "y": 220, "yaw": -90, "z": 0}, "_start_distance": 17.346532758932312, "_actor_vel": 2.4668969334707036, "_trigger_distance": 6.009753042386691, "_brake": 1.0, "weather": {"sun_altitude_angle": -4.513885319378375, "precipitation": 22.79487822291947, "wind_intensity": 60.22142517654891, "sun_azimuth_angle": 264.57097160063455, "fog_distance": "0", "cloudiness": 31.775350689760494, "fog_density": 94.41812948902395, "wetness": 30.277730137743298, "precipitation_deposits": 94.9026956579145}}], "scenario_type": "Scenario57"}]}]}