{"available_scenarios": [{"Town05": [{"available_event_configurations": [{"transform": {"pitch": "0", "x": 35, "y": 70, "yaw": -90, "z": 0}, "_start_distance": 15.649270364811331, "_actor_vel": 3.057075976507063, "_trigger_distance": 7.154628775386451, "_brake": 1.0, "weather": {"sun_altitude_angle": 55.56042127331159, "precipitation": 93.97635795956224, "wind_intensity": 78.97785225770384, "sun_azimuth_angle": 238.76972941801438, "fog_distance": "0", "cloudiness": 22.408315523712186, "fog_density": 33.901297287429266, "wetness": 9.031233806423455, "precipitation_deposits": 6.649348866373572}}], "scenario_type": "Scenario57"}], "Town04": [{"available_event_configurations": [{"transform": {"pitch": "0", "x": -13.4, "y": -160, "yaw": 90, "z": 0}, "_start_distance": 15.649270364811331, "_actor_vel": 3.057075976507063, "_trigger_distance": 7.154628775386451, "_brake": 1.0, "weather": {"sun_altitude_angle": 55.56042127331159, "precipitation": 93.97635795956224, "wind_intensity": 78.97785225770384, "sun_azimuth_angle": 238.76972941801438, "fog_distance": "0", "cloudiness": 22.408315523712186, "fog_density": 33.901297287429266, "wetness": 9.031233806423455, "precipitation_deposits": 6.649348866373572}}], "scenario_type": "Scenario57"}], "Town03": [{"available_event_configurations": [{"transform": {"pitch": "0", "x": -88.5, "y": -90, "yaw": 90, "z": 0}, "_start_distance": 15.649270364811331, "_actor_vel": 3.057075976507063, "_trigger_distance": 7.154628775386451, "_brake": 1.0, "weather": {"sun_altitude_angle": 55.56042127331159, "precipitation": 93.97635795956224, "wind_intensity": 78.97785225770384, "sun_azimuth_angle": 238.76972941801438, "fog_distance": "0", "cloudiness": 22.408315523712186, "fog_density": 33.901297287429266, "wetness": 9.031233806423455, "precipitation_deposits": 6.649348866373572}}], "scenario_type": "Scenario57"}], "Town06": [{"available_event_configurations": [{"transform": {"pitch": "0", "x": 8.4, "y": 220, "yaw": -90, "z": 0}, "_start_distance": 15.649270364811331, "_actor_vel": 3.057075976507063, "_trigger_distance": 7.154628775386451, "_brake": 1.0, "weather": {"sun_altitude_angle": 55.56042127331159, "precipitation": 93.97635795956224, "wind_intensity": 78.97785225770384, "sun_azimuth_angle": 238.76972941801438, "fog_distance": "0", "cloudiness": 22.408315523712186, "fog_density": 33.901297287429266, "wetness": 9.031233806423455, "precipitation_deposits": 6.649348866373572}}], "scenario_type": "Scenario57"}]}]}