{"available_scenarios": [{"Town05": [{"available_event_configurations": [{"transform": {"pitch": "0", "x": 35, "y": 70, "yaw": -90, "z": 0}, "_start_distance": 16.76646035008816, "_actor_vel": 3.6352568898192663, "_trigger_distance": 7.305169220582464, "_brake": 1.0, "weather": {"sun_altitude_angle": 75.47209944791317, "precipitation": 22.62071569823111, "wind_intensity": 37.560621702959494, "sun_azimuth_angle": 40.97985843318969, "fog_distance": "0", "cloudiness": 64.48700685884032, "fog_density": 44.25690704434564, "wetness": 15.997793713347285, "precipitation_deposits": 44.32792884891609}}], "scenario_type": "Scenario57"}], "Town04": [{"available_event_configurations": [{"transform": {"pitch": "0", "x": -13.4, "y": -160, "yaw": 90, "z": 0}, "_start_distance": 16.76646035008816, "_actor_vel": 3.6352568898192663, "_trigger_distance": 7.305169220582464, "_brake": 1.0, "weather": {"sun_altitude_angle": 75.47209944791317, "precipitation": 22.62071569823111, "wind_intensity": 37.560621702959494, "sun_azimuth_angle": 40.97985843318969, "fog_distance": "0", "cloudiness": 64.48700685884032, "fog_density": 44.25690704434564, "wetness": 15.997793713347285, "precipitation_deposits": 44.32792884891609}}], "scenario_type": "Scenario57"}], "Town03": [{"available_event_configurations": [{"transform": {"pitch": "0", "x": -88.5, "y": -90, "yaw": 90, "z": 0}, "_start_distance": 16.76646035008816, "_actor_vel": 3.6352568898192663, "_trigger_distance": 7.305169220582464, "_brake": 1.0, "weather": {"sun_altitude_angle": 75.47209944791317, "precipitation": 22.62071569823111, "wind_intensity": 37.560621702959494, "sun_azimuth_angle": 40.97985843318969, "fog_distance": "0", "cloudiness": 64.48700685884032, "fog_density": 44.25690704434564, "wetness": 15.997793713347285, "precipitation_deposits": 44.32792884891609}}], "scenario_type": "Scenario57"}], "Town06": [{"available_event_configurations": [{"transform": {"pitch": "0", "x": 8.4, "y": 220, "yaw": -90, "z": 0}, "_start_distance": 16.76646035008816, "_actor_vel": 3.6352568898192663, "_trigger_distance": 7.305169220582464, "_brake": 1.0, "weather": {"sun_altitude_angle": 75.47209944791317, "precipitation": 22.62071569823111, "wind_intensity": 37.560621702959494, "sun_azimuth_angle": 40.97985843318969, "fog_distance": "0", "cloudiness": 64.48700685884032, "fog_density": 44.25690704434564, "wetness": 15.997793713347285, "precipitation_deposits": 44.32792884891609}}], "scenario_type": "Scenario57"}]}]}