{"available_scenarios": [{"Town05": [{"available_event_configurations": [{"transform": {"pitch": "0", "x": 35, "y": 70, "yaw": -90, "z": 0}, "_start_distance": 15.834382656134522, "_actor_vel": 3.930864680387447, "_trigger_distance": 9.729070684334786, "_brake": 1.0, "weather": {"sun_altitude_angle": 4.043242752224671, "precipitation": 47.54552390944211, "wind_intensity": 62.216271121577634, "sun_azimuth_angle": 173.236839453919, "fog_distance": "0", "cloudiness": 75.6288541433642, "fog_density": 26.374712215081274, "wetness": 61.24565385580346, "precipitation_deposits": 97.1984006255647}}], "scenario_type": "Scenario57"}], "Town04": [{"available_event_configurations": [{"transform": {"pitch": "0", "x": -13.4, "y": -160, "yaw": 90, "z": 0}, "_start_distance": 15.834382656134522, "_actor_vel": 3.930864680387447, "_trigger_distance": 9.729070684334786, "_brake": 1.0, "weather": {"sun_altitude_angle": 4.043242752224671, "precipitation": 47.54552390944211, "wind_intensity": 62.216271121577634, "sun_azimuth_angle": 173.236839453919, "fog_distance": "0", "cloudiness": 75.6288541433642, "fog_density": 26.374712215081274, "wetness": 61.24565385580346, "precipitation_deposits": 97.1984006255647}}], "scenario_type": "Scenario57"}], "Town03": [{"available_event_configurations": [{"transform": {"pitch": "0", "x": -88.5, "y": -90, "yaw": 90, "z": 0}, "_start_distance": 15.834382656134522, "_actor_vel": 3.930864680387447, "_trigger_distance": 9.729070684334786, "_brake": 1.0, "weather": {"sun_altitude_angle": 4.043242752224671, "precipitation": 47.54552390944211, "wind_intensity": 62.216271121577634, "sun_azimuth_angle": 173.236839453919, "fog_distance": "0", "cloudiness": 75.6288541433642, "fog_density": 26.374712215081274, "wetness": 61.24565385580346, "precipitation_deposits": 97.1984006255647}}], "scenario_type": "Scenario57"}], "Town06": [{"available_event_configurations": [{"transform": {"pitch": "0", "x": 8.4, "y": 220, "yaw": -90, "z": 0}, "_start_distance": 15.834382656134522, "_actor_vel": 3.930864680387447, "_trigger_distance": 9.729070684334786, "_brake": 1.0, "weather": {"sun_altitude_angle": 4.043242752224671, "precipitation": 47.54552390944211, "wind_intensity": 62.216271121577634, "sun_azimuth_angle": 173.236839453919, "fog_distance": "0", "cloudiness": 75.6288541433642, "fog_density": 26.374712215081274, "wetness": 61.24565385580346, "precipitation_deposits": 97.1984006255647}}], "scenario_type": "Scenario57"}]}]}