{"available_scenarios": [{"Town05": [{"available_event_configurations": [{"transform": {"pitch": "0", "x": 35, "y": 70, "yaw": -90, "z": 0}, "_start_distance": 19.81475320432644, "_actor_vel": 2.5244078011012627, "_trigger_distance": 8.758310418659375, "_brake": 1.0, "weather": {"sun_altitude_angle": 25.99352014733647, "precipitation": 61.36814314732737, "wind_intensity": 4.199701783087373, "sun_azimuth_angle": 333.59244857689663, "fog_distance": "0", "cloudiness": 7.5528345191827935, "fog_density": 48.46208552615817, "wetness": 61.67548417655221, "precipitation_deposits": 2.1230576922904754}}], "scenario_type": "Scenario57"}], "Town04": [{"available_event_configurations": [{"transform": {"pitch": "0", "x": -13.4, "y": -160, "yaw": 90, "z": 0}, "_start_distance": 19.81475320432644, "_actor_vel": 2.5244078011012627, "_trigger_distance": 8.758310418659375, "_brake": 1.0, "weather": {"sun_altitude_angle": 25.99352014733647, "precipitation": 61.36814314732737, "wind_intensity": 4.199701783087373, "sun_azimuth_angle": 333.59244857689663, "fog_distance": "0", "cloudiness": 7.5528345191827935, "fog_density": 48.46208552615817, "wetness": 61.67548417655221, "precipitation_deposits": 2.1230576922904754}}], "scenario_type": "Scenario57"}], "Town03": [{"available_event_configurations": [{"transform": {"pitch": "0", "x": -88.5, "y": -90, "yaw": 90, "z": 0}, "_start_distance": 19.81475320432644, "_actor_vel": 2.5244078011012627, "_trigger_distance": 8.758310418659375, "_brake": 1.0, "weather": {"sun_altitude_angle": 25.99352014733647, "precipitation": 61.36814314732737, "wind_intensity": 4.199701783087373, "sun_azimuth_angle": 333.59244857689663, "fog_distance": "0", "cloudiness": 7.5528345191827935, "fog_density": 48.46208552615817, "wetness": 61.67548417655221, "precipitation_deposits": 2.1230576922904754}}], "scenario_type": "Scenario57"}], "Town06": [{"available_event_configurations": [{"transform": {"pitch": "0", "x": 8.4, "y": 220, "yaw": -90, "z": 0}, "_start_distance": 19.81475320432644, "_actor_vel": 2.5244078011012627, "_trigger_distance": 8.758310418659375, "_brake": 1.0, "weather": {"sun_altitude_angle": 25.99352014733647, "precipitation": 61.36814314732737, "wind_intensity": 4.199701783087373, "sun_azimuth_angle": 333.59244857689663, "fog_distance": "0", "cloudiness": 7.5528345191827935, "fog_density": 48.46208552615817, "wetness": 61.67548417655221, "precipitation_deposits": 2.1230576922904754}}], "scenario_type": "Scenario57"}]}]}