{"available_scenarios": [{"Town05": [{"available_event_configurations": [{"transform": {"pitch": "0", "x": 35, "y": 70, "yaw": -90, "z": 0}, "_start_distance": 18.63841230627494, "_actor_vel": 3.1362639324801647, "_trigger_distance": 9.920693168872578, "_brake": 1.0, "weather": {"sun_altitude_angle": 47.25613732118302, "precipitation": 73.31841109325235, "wind_intensity": 42.19550984234595, "sun_azimuth_angle": 202.0501304800554, "fog_distance": "0", "cloudiness": 55.11093612720354, "fog_density": 67.26627949557212, "wetness": 58.87415374264307, "precipitation_deposits": 71.3547578828803}}], "scenario_type": "Scenario57"}], "Town04": [{"available_event_configurations": [{"transform": {"pitch": "0", "x": -13.4, "y": -160, "yaw": 90, "z": 0}, "_start_distance": 18.63841230627494, "_actor_vel": 3.1362639324801647, "_trigger_distance": 9.920693168872578, "_brake": 1.0, "weather": {"sun_altitude_angle": 47.25613732118302, "precipitation": 73.31841109325235, "wind_intensity": 42.19550984234595, "sun_azimuth_angle": 202.0501304800554, "fog_distance": "0", "cloudiness": 55.11093612720354, "fog_density": 67.26627949557212, "wetness": 58.87415374264307, "precipitation_deposits": 71.3547578828803}}], "scenario_type": "Scenario57"}], "Town03": [{"available_event_configurations": [{"transform": {"pitch": "0", "x": -88.5, "y": -90, "yaw": 90, "z": 0}, "_start_distance": 18.63841230627494, "_actor_vel": 3.1362639324801647, "_trigger_distance": 9.920693168872578, "_brake": 1.0, "weather": {"sun_altitude_angle": 47.25613732118302, "precipitation": 73.31841109325235, "wind_intensity": 42.19550984234595, "sun_azimuth_angle": 202.0501304800554, "fog_distance": "0", "cloudiness": 55.11093612720354, "fog_density": 67.26627949557212, "wetness": 58.87415374264307, "precipitation_deposits": 71.3547578828803}}], "scenario_type": "Scenario57"}], "Town06": [{"available_event_configurations": [{"transform": {"pitch": "0", "x": 8.4, "y": 220, "yaw": -90, "z": 0}, "_start_distance": 18.63841230627494, "_actor_vel": 3.1362639324801647, "_trigger_distance": 9.920693168872578, "_brake": 1.0, "weather": {"sun_altitude_angle": 47.25613732118302, "precipitation": 73.31841109325235, "wind_intensity": 42.19550984234595, "sun_azimuth_angle": 202.0501304800554, "fog_distance": "0", "cloudiness": 55.11093612720354, "fog_density": 67.26627949557212, "wetness": 58.87415374264307, "precipitation_deposits": 71.3547578828803}}], "scenario_type": "Scenario57"}]}]}