{"available_scenarios": [{"Town05": [{"available_event_configurations": [{"transform": {"pitch": "0", "x": 35, "y": 70, "yaw": -90, "z": 0}, "_start_distance": 17.52380073139097, "_actor_vel": 3.561435069784098, "_trigger_distance": 6.8717305986100845, "_brake": 1.0, "weather": {"sun_altitude_angle": 53.34251276379635, "precipitation": 2.8731763431472657, "wind_intensity": 61.00260412137906, "sun_azimuth_angle": 146.7489862025759, "fog_distance": "0", "cloudiness": 72.15592428792878, "fog_density": 94.05898442214962, "wetness": 36.473550137455625, "precipitation_deposits": 19.890279830405976}}], "scenario_type": "Scenario57"}], "Town04": [{"available_event_configurations": [{"transform": {"pitch": "0", "x": -13.4, "y": -160, "yaw": 90, "z": 0}, "_start_distance": 17.52380073139097, "_actor_vel": 3.561435069784098, "_trigger_distance": 6.8717305986100845, "_brake": 1.0, "weather": {"sun_altitude_angle": 53.34251276379635, "precipitation": 2.8731763431472657, "wind_intensity": 61.00260412137906, "sun_azimuth_angle": 146.7489862025759, "fog_distance": "0", "cloudiness": 72.15592428792878, "fog_density": 94.05898442214962, "wetness": 36.473550137455625, "precipitation_deposits": 19.890279830405976}}], "scenario_type": "Scenario57"}], "Town03": [{"available_event_configurations": [{"transform": {"pitch": "0", "x": -88.5, "y": -90, "yaw": 90, "z": 0}, "_start_distance": 17.52380073139097, "_actor_vel": 3.561435069784098, "_trigger_distance": 6.8717305986100845, "_brake": 1.0, "weather": {"sun_altitude_angle": 53.34251276379635, "precipitation": 2.8731763431472657, "wind_intensity": 61.00260412137906, "sun_azimuth_angle": 146.7489862025759, "fog_distance": "0", "cloudiness": 72.15592428792878, "fog_density": 94.05898442214962, "wetness": 36.473550137455625, "precipitation_deposits": 19.890279830405976}}], "scenario_type": "Scenario57"}], "Town06": [{"available_event_configurations": [{"transform": {"pitch": "0", "x": 8.4, "y": 220, "yaw": -90, "z": 0}, "_start_distance": 17.52380073139097, "_actor_vel": 3.561435069784098, "_trigger_distance": 6.8717305986100845, "_brake": 1.0, "weather": {"sun_altitude_angle": 53.34251276379635, "precipitation": 2.8731763431472657, "wind_intensity": 61.00260412137906, "sun_azimuth_angle": 146.7489862025759, "fog_distance": "0", "cloudiness": 72.15592428792878, "fog_density": 94.05898442214962, "wetness": 36.473550137455625, "precipitation_deposits": 19.890279830405976}}], "scenario_type": "Scenario57"}]}]}