{"available_scenarios": [{"Town05": [{"available_event_configurations": [{"transform": {"pitch": "0", "x": 35, "y": 70, "yaw": -90, "z": 0}, "_start_distance": 17.446474566243054, "_actor_vel": 3.0154063563522757, "_trigger_distance": 7.303991608112954, "_brake": 1.0, "weather": {"sun_altitude_angle": -23.382379842396062, "precipitation": 95.7192282465941, "wind_intensity": 58.216930291330215, "sun_azimuth_angle": 88.30931146181109, "fog_distance": "0", "cloudiness": 26.355878284625867, "fog_density": 15.973745190644173, "wetness": 88.08972993953584, "precipitation_deposits": 27.86578199090235}}], "scenario_type": "Scenario57"}], "Town04": [{"available_event_configurations": [{"transform": {"pitch": "0", "x": -13.4, "y": -160, "yaw": 90, "z": 0}, "_start_distance": 17.446474566243054, "_actor_vel": 3.0154063563522757, "_trigger_distance": 7.303991608112954, "_brake": 1.0, "weather": {"sun_altitude_angle": -23.382379842396062, "precipitation": 95.7192282465941, "wind_intensity": 58.216930291330215, "sun_azimuth_angle": 88.30931146181109, "fog_distance": "0", "cloudiness": 26.355878284625867, "fog_density": 15.973745190644173, "wetness": 88.08972993953584, "precipitation_deposits": 27.86578199090235}}], "scenario_type": "Scenario57"}], "Town03": [{"available_event_configurations": [{"transform": {"pitch": "0", "x": -88.5, "y": -90, "yaw": 90, "z": 0}, "_start_distance": 17.446474566243054, "_actor_vel": 3.0154063563522757, "_trigger_distance": 7.303991608112954, "_brake": 1.0, "weather": {"sun_altitude_angle": -23.382379842396062, "precipitation": 95.7192282465941, "wind_intensity": 58.216930291330215, "sun_azimuth_angle": 88.30931146181109, "fog_distance": "0", "cloudiness": 26.355878284625867, "fog_density": 15.973745190644173, "wetness": 88.08972993953584, "precipitation_deposits": 27.86578199090235}}], "scenario_type": "Scenario57"}], "Town06": [{"available_event_configurations": [{"transform": {"pitch": "0", "x": 8.4, "y": 220, "yaw": -90, "z": 0}, "_start_distance": 17.446474566243054, "_actor_vel": 3.0154063563522757, "_trigger_distance": 7.303991608112954, "_brake": 1.0, "weather": {"sun_altitude_angle": -23.382379842396062, "precipitation": 95.7192282465941, "wind_intensity": 58.216930291330215, "sun_azimuth_angle": 88.30931146181109, "fog_distance": "0", "cloudiness": 26.355878284625867, "fog_density": 15.973745190644173, "wetness": 88.08972993953584, "precipitation_deposits": 27.86578199090235}}], "scenario_type": "Scenario57"}]}]}