{"available_scenarios": [{"Town05": [{"available_event_configurations": [{"transform": {"pitch": "0", "x": 35, "y": 70, "yaw": -90, "z": 0}, "_start_distance": 18.64229636783265, "_actor_vel": 2.7486726305883438, "_trigger_distance": 8.821003388673724, "_brake": 1.0, "weather": {"sun_altitude_angle": 86.80973300670146, "precipitation": 25.00860283503187, "wind_intensity": 97.91904387790586, "sun_azimuth_angle": 106.98240485154048, "fog_distance": "0", "cloudiness": 29.024291212400442, "fog_density": 49.01668296010684, "wetness": 15.533061892785039, "precipitation_deposits": 61.99779807638858}}], "scenario_type": "Scenario57"}], "Town04": [{"available_event_configurations": [{"transform": {"pitch": "0", "x": -13.4, "y": -160, "yaw": 90, "z": 0}, "_start_distance": 18.64229636783265, "_actor_vel": 2.7486726305883438, "_trigger_distance": 8.821003388673724, "_brake": 1.0, "weather": {"sun_altitude_angle": 86.80973300670146, "precipitation": 25.00860283503187, "wind_intensity": 97.91904387790586, "sun_azimuth_angle": 106.98240485154048, "fog_distance": "0", "cloudiness": 29.024291212400442, "fog_density": 49.01668296010684, "wetness": 15.533061892785039, "precipitation_deposits": 61.99779807638858}}], "scenario_type": "Scenario57"}], "Town03": [{"available_event_configurations": [{"transform": {"pitch": "0", "x": -88.5, "y": -90, "yaw": 90, "z": 0}, "_start_distance": 18.64229636783265, "_actor_vel": 2.7486726305883438, "_trigger_distance": 8.821003388673724, "_brake": 1.0, "weather": {"sun_altitude_angle": 86.80973300670146, "precipitation": 25.00860283503187, "wind_intensity": 97.91904387790586, "sun_azimuth_angle": 106.98240485154048, "fog_distance": "0", "cloudiness": 29.024291212400442, "fog_density": 49.01668296010684, "wetness": 15.533061892785039, "precipitation_deposits": 61.99779807638858}}], "scenario_type": "Scenario57"}], "Town06": [{"available_event_configurations": [{"transform": {"pitch": "0", "x": 8.4, "y": 220, "yaw": -90, "z": 0}, "_start_distance": 18.64229636783265, "_actor_vel": 2.7486726305883438, "_trigger_distance": 8.821003388673724, "_brake": 1.0, "weather": {"sun_altitude_angle": 86.80973300670146, "precipitation": 25.00860283503187, "wind_intensity": 97.91904387790586, "sun_azimuth_angle": 106.98240485154048, "fog_distance": "0", "cloudiness": 29.024291212400442, "fog_density": 49.01668296010684, "wetness": 15.533061892785039, "precipitation_deposits": 61.99779807638858}}], "scenario_type": "Scenario57"}]}]}