{"available_scenarios": [{"Town05": [{"available_event_configurations": [{"transform": {"pitch": "0", "x": 35, "y": 70, "yaw": -90, "z": 0}, "_start_distance": 15.40674856284169, "_actor_vel": 3.2011919492481784, "_trigger_distance": 7.557565526232411, "_brake": 1.0, "weather": {"sun_altitude_angle": 55.56575519361647, "precipitation": 88.90469350643791, "wind_intensity": 12.85311963867315, "sun_azimuth_angle": 122.27862276990328, "fog_distance": "0", "cloudiness": 84.7031042860287, "fog_density": 22.675729304986213, "wetness": 79.32243884129815, "precipitation_deposits": 73.72948255986451}}], "scenario_type": "Scenario57"}], "Town04": [{"available_event_configurations": [{"transform": {"pitch": "0", "x": -13.4, "y": -160, "yaw": 90, "z": 0}, "_start_distance": 15.40674856284169, "_actor_vel": 3.2011919492481784, "_trigger_distance": 7.557565526232411, "_brake": 1.0, "weather": {"sun_altitude_angle": 55.56575519361647, "precipitation": 88.90469350643791, "wind_intensity": 12.85311963867315, "sun_azimuth_angle": 122.27862276990328, "fog_distance": "0", "cloudiness": 84.7031042860287, "fog_density": 22.675729304986213, "wetness": 79.32243884129815, "precipitation_deposits": 73.72948255986451}}], "scenario_type": "Scenario57"}], "Town03": [{"available_event_configurations": [{"transform": {"pitch": "0", "x": -88.5, "y": -90, "yaw": 90, "z": 0}, "_start_distance": 15.40674856284169, "_actor_vel": 3.2011919492481784, "_trigger_distance": 7.557565526232411, "_brake": 1.0, "weather": {"sun_altitude_angle": 55.56575519361647, "precipitation": 88.90469350643791, "wind_intensity": 12.85311963867315, "sun_azimuth_angle": 122.27862276990328, "fog_distance": "0", "cloudiness": 84.7031042860287, "fog_density": 22.675729304986213, "wetness": 79.32243884129815, "precipitation_deposits": 73.72948255986451}}], "scenario_type": "Scenario57"}], "Town06": [{"available_event_configurations": [{"transform": {"pitch": "0", "x": 8.4, "y": 220, "yaw": -90, "z": 0}, "_start_distance": 15.40674856284169, "_actor_vel": 3.2011919492481784, "_trigger_distance": 7.557565526232411, "_brake": 1.0, "weather": {"sun_altitude_angle": 55.56575519361647, "precipitation": 88.90469350643791, "wind_intensity": 12.85311963867315, "sun_azimuth_angle": 122.27862276990328, "fog_distance": "0", "cloudiness": 84.7031042860287, "fog_density": 22.675729304986213, "wetness": 79.32243884129815, "precipitation_deposits": 73.72948255986451}}], "scenario_type": "Scenario57"}]}]}