{"available_scenarios": [{"Town05": [{"available_event_configurations": [{"transform": {"pitch": "0", "x": 35, "y": 70, "yaw": -90, "z": 0}, "_start_distance": 16.177152761043736, "_actor_vel": 3.564543096937734, "_trigger_distance": 9.089997263652204, "_brake": 1.0, "weather": {"sun_altitude_angle": 55.83582572889, "precipitation": 94.02218530448035, "wind_intensity": 90.4785271978474, "sun_azimuth_angle": 292.2585397920648, "fog_distance": "0", "cloudiness": 71.49229553146054, "fog_density": 59.38347934576351, "wetness": 19.9342175326627, "precipitation_deposits": 86.71626223987394}}], "scenario_type": "Scenario57"}], "Town04": [{"available_event_configurations": [{"transform": {"pitch": "0", "x": -13.4, "y": -160, "yaw": 90, "z": 0}, "_start_distance": 16.177152761043736, "_actor_vel": 3.564543096937734, "_trigger_distance": 9.089997263652204, "_brake": 1.0, "weather": {"sun_altitude_angle": 55.83582572889, "precipitation": 94.02218530448035, "wind_intensity": 90.4785271978474, "sun_azimuth_angle": 292.2585397920648, "fog_distance": "0", "cloudiness": 71.49229553146054, "fog_density": 59.38347934576351, "wetness": 19.9342175326627, "precipitation_deposits": 86.71626223987394}}], "scenario_type": "Scenario57"}], "Town03": [{"available_event_configurations": [{"transform": {"pitch": "0", "x": -88.5, "y": -90, "yaw": 90, "z": 0}, "_start_distance": 16.177152761043736, "_actor_vel": 3.564543096937734, "_trigger_distance": 9.089997263652204, "_brake": 1.0, "weather": {"sun_altitude_angle": 55.83582572889, "precipitation": 94.02218530448035, "wind_intensity": 90.4785271978474, "sun_azimuth_angle": 292.2585397920648, "fog_distance": "0", "cloudiness": 71.49229553146054, "fog_density": 59.38347934576351, "wetness": 19.9342175326627, "precipitation_deposits": 86.71626223987394}}], "scenario_type": "Scenario57"}], "Town06": [{"available_event_configurations": [{"transform": {"pitch": "0", "x": 8.4, "y": 220, "yaw": -90, "z": 0}, "_start_distance": 16.177152761043736, "_actor_vel": 3.564543096937734, "_trigger_distance": 9.089997263652204, "_brake": 1.0, "weather": {"sun_altitude_angle": 55.83582572889, "precipitation": 94.02218530448035, "wind_intensity": 90.4785271978474, "sun_azimuth_angle": 292.2585397920648, "fog_distance": "0", "cloudiness": 71.49229553146054, "fog_density": 59.38347934576351, "wetness": 19.9342175326627, "precipitation_deposits": 86.71626223987394}}], "scenario_type": "Scenario57"}]}]}