{"available_scenarios": [{"Town05": [{"available_event_configurations": [{"transform": {"pitch": "0", "x": 35, "y": 70, "yaw": -90, "z": 0}, "_start_distance": 15.042368270619209, "_actor_vel": 2.7330870187012546, "_trigger_distance": 6.351252979580263, "_brake": 1.0, "weather": {"sun_altitude_angle": -9.83129092066524, "precipitation": 0.004269392854683307, "wind_intensity": 10.592042565751214, "sun_azimuth_angle": 85.88728507392506, "fog_distance": "0", "cloudiness": 34.193520413030896, "fog_density": 69.76325166195967, "wetness": 49.289165749554165, "precipitation_deposits": 12.035324875263875}}], "scenario_type": "Scenario57"}], "Town04": [{"available_event_configurations": [{"transform": {"pitch": "0", "x": -13.4, "y": -160, "yaw": 90, "z": 0}, "_start_distance": 15.042368270619209, "_actor_vel": 2.7330870187012546, "_trigger_distance": 6.351252979580263, "_brake": 1.0, "weather": {"sun_altitude_angle": -9.83129092066524, "precipitation": 0.004269392854683307, "wind_intensity": 10.592042565751214, "sun_azimuth_angle": 85.88728507392506, "fog_distance": "0", "cloudiness": 34.193520413030896, "fog_density": 69.76325166195967, "wetness": 49.289165749554165, "precipitation_deposits": 12.035324875263875}}], "scenario_type": "Scenario57"}], "Town03": [{"available_event_configurations": [{"transform": {"pitch": "0", "x": -88.5, "y": -90, "yaw": 90, "z": 0}, "_start_distance": 15.042368270619209, "_actor_vel": 2.7330870187012546, "_trigger_distance": 6.351252979580263, "_brake": 1.0, "weather": {"sun_altitude_angle": -9.83129092066524, "precipitation": 0.004269392854683307, "wind_intensity": 10.592042565751214, "sun_azimuth_angle": 85.88728507392506, "fog_distance": "0", "cloudiness": 34.193520413030896, "fog_density": 69.76325166195967, "wetness": 49.289165749554165, "precipitation_deposits": 12.035324875263875}}], "scenario_type": "Scenario57"}], "Town06": [{"available_event_configurations": [{"transform": {"pitch": "0", "x": 8.4, "y": 220, "yaw": -90, "z": 0}, "_start_distance": 15.042368270619209, "_actor_vel": 2.7330870187012546, "_trigger_distance": 6.351252979580263, "_brake": 1.0, "weather": {"sun_altitude_angle": -9.83129092066524, "precipitation": 0.004269392854683307, "wind_intensity": 10.592042565751214, "sun_azimuth_angle": 85.88728507392506, "fog_distance": "0", "cloudiness": 34.193520413030896, "fog_density": 69.76325166195967, "wetness": 49.289165749554165, "precipitation_deposits": 12.035324875263875}}], "scenario_type": "Scenario57"}]}]}