{"available_scenarios": [{"Town05": [{"available_event_configurations": [{"transform": {"pitch": "0", "x": 35, "y": 70, "yaw": -90, "z": 0}, "_start_distance": 16.610603772209352, "_actor_vel": 2.1902550890010257, "_trigger_distance": 6.352657585841402, "_brake": 1.0, "weather": {"sun_altitude_angle": 7.487533280480605, "precipitation": 59.78712378761859, "wind_intensity": 88.63130340559522, "sun_azimuth_angle": 148.82586200582224, "fog_distance": "0", "cloudiness": 24.552647969545262, "fog_density": 80.80427846464885, "wetness": 65.83880013861165, "precipitation_deposits": 7.259102377126403}}], "scenario_type": "Scenario57"}], "Town04": [{"available_event_configurations": [{"transform": {"pitch": "0", "x": -13.4, "y": -160, "yaw": 90, "z": 0}, "_start_distance": 16.610603772209352, "_actor_vel": 2.1902550890010257, "_trigger_distance": 6.352657585841402, "_brake": 1.0, "weather": {"sun_altitude_angle": 7.487533280480605, "precipitation": 59.78712378761859, "wind_intensity": 88.63130340559522, "sun_azimuth_angle": 148.82586200582224, "fog_distance": "0", "cloudiness": 24.552647969545262, "fog_density": 80.80427846464885, "wetness": 65.83880013861165, "precipitation_deposits": 7.259102377126403}}], "scenario_type": "Scenario57"}], "Town03": [{"available_event_configurations": [{"transform": {"pitch": "0", "x": -88.5, "y": -90, "yaw": 90, "z": 0}, "_start_distance": 16.610603772209352, "_actor_vel": 2.1902550890010257, "_trigger_distance": 6.352657585841402, "_brake": 1.0, "weather": {"sun_altitude_angle": 7.487533280480605, "precipitation": 59.78712378761859, "wind_intensity": 88.63130340559522, "sun_azimuth_angle": 148.82586200582224, "fog_distance": "0", "cloudiness": 24.552647969545262, "fog_density": 80.80427846464885, "wetness": 65.83880013861165, "precipitation_deposits": 7.259102377126403}}], "scenario_type": "Scenario57"}], "Town06": [{"available_event_configurations": [{"transform": {"pitch": "0", "x": 8.4, "y": 220, "yaw": -90, "z": 0}, "_start_distance": 16.610603772209352, "_actor_vel": 2.1902550890010257, "_trigger_distance": 6.352657585841402, "_brake": 1.0, "weather": {"sun_altitude_angle": 7.487533280480605, "precipitation": 59.78712378761859, "wind_intensity": 88.63130340559522, "sun_azimuth_angle": 148.82586200582224, "fog_distance": "0", "cloudiness": 24.552647969545262, "fog_density": 80.80427846464885, "wetness": 65.83880013861165, "precipitation_deposits": 7.259102377126403}}], "scenario_type": "Scenario57"}]}]}