{"available_scenarios": [{"Town05": [{"available_event_configurations": [{"transform": {"pitch": "0", "x": 35, "y": 70, "yaw": -90, "z": 0}, "_start_distance": 15.055543145225345, "_actor_vel": 3.684801871109281, "_trigger_distance": 9.228076735411925, "_brake": 1.0, "weather": {"sun_altitude_angle": -31.136961449660888, "precipitation": 36.70496781327876, "wind_intensity": 13.632998316031264, "sun_azimuth_angle": 8.605353470129145, "fog_distance": "0", "cloudiness": 10.556609331430844, "fog_density": 77.76048533379513, "wetness": 12.75247878550555, "precipitation_deposits": 73.35850959036715}}], "scenario_type": "Scenario57"}], "Town04": [{"available_event_configurations": [{"transform": {"pitch": "0", "x": -13.4, "y": -160, "yaw": 90, "z": 0}, "_start_distance": 15.055543145225345, "_actor_vel": 3.684801871109281, "_trigger_distance": 9.228076735411925, "_brake": 1.0, "weather": {"sun_altitude_angle": -31.136961449660888, "precipitation": 36.70496781327876, "wind_intensity": 13.632998316031264, "sun_azimuth_angle": 8.605353470129145, "fog_distance": "0", "cloudiness": 10.556609331430844, "fog_density": 77.76048533379513, "wetness": 12.75247878550555, "precipitation_deposits": 73.35850959036715}}], "scenario_type": "Scenario57"}], "Town03": [{"available_event_configurations": [{"transform": {"pitch": "0", "x": -88.5, "y": -90, "yaw": 90, "z": 0}, "_start_distance": 15.055543145225345, "_actor_vel": 3.684801871109281, "_trigger_distance": 9.228076735411925, "_brake": 1.0, "weather": {"sun_altitude_angle": -31.136961449660888, "precipitation": 36.70496781327876, "wind_intensity": 13.632998316031264, "sun_azimuth_angle": 8.605353470129145, "fog_distance": "0", "cloudiness": 10.556609331430844, "fog_density": 77.76048533379513, "wetness": 12.75247878550555, "precipitation_deposits": 73.35850959036715}}], "scenario_type": "Scenario57"}], "Town06": [{"available_event_configurations": [{"transform": {"pitch": "0", "x": 8.4, "y": 220, "yaw": -90, "z": 0}, "_start_distance": 15.055543145225345, "_actor_vel": 3.684801871109281, "_trigger_distance": 9.228076735411925, "_brake": 1.0, "weather": {"sun_altitude_angle": -31.136961449660888, "precipitation": 36.70496781327876, "wind_intensity": 13.632998316031264, "sun_azimuth_angle": 8.605353470129145, "fog_distance": "0", "cloudiness": 10.556609331430844, "fog_density": 77.76048533379513, "wetness": 12.75247878550555, "precipitation_deposits": 73.35850959036715}}], "scenario_type": "Scenario57"}]}]}