{"available_scenarios": [{"Town05": [{"available_event_configurations": [{"transform": {"pitch": "0", "x": 35, "y": 70, "yaw": -90, "z": 0}, "_start_distance": 15.774772529963602, "_actor_vel": 3.244731990625333, "_trigger_distance": 8.149370605002831, "_brake": 1.0, "weather": {"sun_altitude_angle": -73.25082391181283, "precipitation": 63.86229379842209, "wind_intensity": 80.89367323069516, "sun_azimuth_angle": 75.70140001375948, "fog_distance": "0", "cloudiness": 86.28951786538974, "fog_density": 47.13234521474686, "wetness": 79.79832708310947, "precipitation_deposits": 58.27094203519487}}], "scenario_type": "Scenario57"}], "Town04": [{"available_event_configurations": [{"transform": {"pitch": "0", "x": -13.4, "y": -160, "yaw": 90, "z": 0}, "_start_distance": 15.774772529963602, "_actor_vel": 3.244731990625333, "_trigger_distance": 8.149370605002831, "_brake": 1.0, "weather": {"sun_altitude_angle": -73.25082391181283, "precipitation": 63.86229379842209, "wind_intensity": 80.89367323069516, "sun_azimuth_angle": 75.70140001375948, "fog_distance": "0", "cloudiness": 86.28951786538974, "fog_density": 47.13234521474686, "wetness": 79.79832708310947, "precipitation_deposits": 58.27094203519487}}], "scenario_type": "Scenario57"}], "Town03": [{"available_event_configurations": [{"transform": {"pitch": "0", "x": -88.5, "y": -90, "yaw": 90, "z": 0}, "_start_distance": 15.774772529963602, "_actor_vel": 3.244731990625333, "_trigger_distance": 8.149370605002831, "_brake": 1.0, "weather": {"sun_altitude_angle": -73.25082391181283, "precipitation": 63.86229379842209, "wind_intensity": 80.89367323069516, "sun_azimuth_angle": 75.70140001375948, "fog_distance": "0", "cloudiness": 86.28951786538974, "fog_density": 47.13234521474686, "wetness": 79.79832708310947, "precipitation_deposits": 58.27094203519487}}], "scenario_type": "Scenario57"}], "Town06": [{"available_event_configurations": [{"transform": {"pitch": "0", "x": 8.4, "y": 220, "yaw": -90, "z": 0}, "_start_distance": 15.774772529963602, "_actor_vel": 3.244731990625333, "_trigger_distance": 8.149370605002831, "_brake": 1.0, "weather": {"sun_altitude_angle": -73.25082391181283, "precipitation": 63.86229379842209, "wind_intensity": 80.89367323069516, "sun_azimuth_angle": 75.70140001375948, "fog_distance": "0", "cloudiness": 86.28951786538974, "fog_density": 47.13234521474686, "wetness": 79.79832708310947, "precipitation_deposits": 58.27094203519487}}], "scenario_type": "Scenario57"}]}]}