{"available_scenarios": [{"Town05": [{"available_event_configurations": [{"transform": {"pitch": "0", "x": 35, "y": 70, "yaw": -90, "z": 0}, "_start_distance": 19.642897418563756, "_actor_vel": 3.224692376014331, "_trigger_distance": 6.794987876997212, "_brake": 1.0, "weather": {"sun_altitude_angle": 37.34556090040377, "precipitation": 79.24341487252806, "wind_intensity": 13.261339974312325, "sun_azimuth_angle": 197.91050657724298, "fog_distance": "0", "cloudiness": 72.61852860074536, "fog_density": 40.70096856431446, "wetness": 25.85431482340821, "precipitation_deposits": 44.10461366131646}}], "scenario_type": "Scenario57"}], "Town04": [{"available_event_configurations": [{"transform": {"pitch": "0", "x": -13.4, "y": -160, "yaw": 90, "z": 0}, "_start_distance": 19.642897418563756, "_actor_vel": 3.224692376014331, "_trigger_distance": 6.794987876997212, "_brake": 1.0, "weather": {"sun_altitude_angle": 37.34556090040377, "precipitation": 79.24341487252806, "wind_intensity": 13.261339974312325, "sun_azimuth_angle": 197.91050657724298, "fog_distance": "0", "cloudiness": 72.61852860074536, "fog_density": 40.70096856431446, "wetness": 25.85431482340821, "precipitation_deposits": 44.10461366131646}}], "scenario_type": "Scenario57"}], "Town03": [{"available_event_configurations": [{"transform": {"pitch": "0", "x": -88.5, "y": -90, "yaw": 90, "z": 0}, "_start_distance": 19.642897418563756, "_actor_vel": 3.224692376014331, "_trigger_distance": 6.794987876997212, "_brake": 1.0, "weather": {"sun_altitude_angle": 37.34556090040377, "precipitation": 79.24341487252806, "wind_intensity": 13.261339974312325, "sun_azimuth_angle": 197.91050657724298, "fog_distance": "0", "cloudiness": 72.61852860074536, "fog_density": 40.70096856431446, "wetness": 25.85431482340821, "precipitation_deposits": 44.10461366131646}}], "scenario_type": "Scenario57"}], "Town06": [{"available_event_configurations": [{"transform": {"pitch": "0", "x": 8.4, "y": 220, "yaw": -90, "z": 0}, "_start_distance": 19.642897418563756, "_actor_vel": 3.224692376014331, "_trigger_distance": 6.794987876997212, "_brake": 1.0, "weather": {"sun_altitude_angle": 37.34556090040377, "precipitation": 79.24341487252806, "wind_intensity": 13.261339974312325, "sun_azimuth_angle": 197.91050657724298, "fog_distance": "0", "cloudiness": 72.61852860074536, "fog_density": 40.70096856431446, "wetness": 25.85431482340821, "precipitation_deposits": 44.10461366131646}}], "scenario_type": "Scenario57"}]}]}