{"available_scenarios": [{"Town05": [{"available_event_configurations": [{"transform": {"pitch": "0", "x": 35, "y": 70, "yaw": -90, "z": 0}, "_start_distance": 16.14720796817872, "_actor_vel": 3.142353052951017, "_trigger_distance": 6.3728183569459995, "_brake": 1.0, "weather": {"sun_altitude_angle": -47.29979789443484, "precipitation": 27.500859953970213, "wind_intensity": 0.9386146635382286, "sun_azimuth_angle": 196.67820877706546, "fog_distance": "0", "cloudiness": 42.876032032889086, "fog_density": 15.257426091580816, "wetness": 14.926827601326686, "precipitation_deposits": 88.42625456690875}}], "scenario_type": "Scenario57"}], "Town04": [{"available_event_configurations": [{"transform": {"pitch": "0", "x": -13.4, "y": -160, "yaw": 90, "z": 0}, "_start_distance": 16.14720796817872, "_actor_vel": 3.142353052951017, "_trigger_distance": 6.3728183569459995, "_brake": 1.0, "weather": {"sun_altitude_angle": -47.29979789443484, "precipitation": 27.500859953970213, "wind_intensity": 0.9386146635382286, "sun_azimuth_angle": 196.67820877706546, "fog_distance": "0", "cloudiness": 42.876032032889086, "fog_density": 15.257426091580816, "wetness": 14.926827601326686, "precipitation_deposits": 88.42625456690875}}], "scenario_type": "Scenario57"}], "Town03": [{"available_event_configurations": [{"transform": {"pitch": "0", "x": -88.5, "y": -90, "yaw": 90, "z": 0}, "_start_distance": 16.14720796817872, "_actor_vel": 3.142353052951017, "_trigger_distance": 6.3728183569459995, "_brake": 1.0, "weather": {"sun_altitude_angle": -47.29979789443484, "precipitation": 27.500859953970213, "wind_intensity": 0.9386146635382286, "sun_azimuth_angle": 196.67820877706546, "fog_distance": "0", "cloudiness": 42.876032032889086, "fog_density": 15.257426091580816, "wetness": 14.926827601326686, "precipitation_deposits": 88.42625456690875}}], "scenario_type": "Scenario57"}], "Town06": [{"available_event_configurations": [{"transform": {"pitch": "0", "x": 8.4, "y": 220, "yaw": -90, "z": 0}, "_start_distance": 16.14720796817872, "_actor_vel": 3.142353052951017, "_trigger_distance": 6.3728183569459995, "_brake": 1.0, "weather": {"sun_altitude_angle": -47.29979789443484, "precipitation": 27.500859953970213, "wind_intensity": 0.9386146635382286, "sun_azimuth_angle": 196.67820877706546, "fog_distance": "0", "cloudiness": 42.876032032889086, "fog_density": 15.257426091580816, "wetness": 14.926827601326686, "precipitation_deposits": 88.42625456690875}}], "scenario_type": "Scenario57"}]}]}