{"available_scenarios": [{"Town05": [{"available_event_configurations": [{"transform": {"pitch": "0", "x": 35, "y": 70, "yaw": -90, "z": 0}, "_start_distance": 17.6801985023751, "_actor_vel": 2.9828595060226872, "_trigger_distance": 7.100950941896268, "_brake": 1.0, "weather": {"sun_altitude_angle": 89.4959464340375, "precipitation": 74.13289540244222, "wind_intensity": 27.92359913158673, "sun_azimuth_angle": 273.0408313347369, "fog_distance": "0", "cloudiness": 94.83938225871368, "fog_density": 39.72403321613838, "wetness": 6.631910340766201, "precipitation_deposits": 76.22217182606771}}], "scenario_type": "Scenario57"}], "Town04": [{"available_event_configurations": [{"transform": {"pitch": "0", "x": -13.4, "y": -160, "yaw": 90, "z": 0}, "_start_distance": 17.6801985023751, "_actor_vel": 2.9828595060226872, "_trigger_distance": 7.100950941896268, "_brake": 1.0, "weather": {"sun_altitude_angle": 89.4959464340375, "precipitation": 74.13289540244222, "wind_intensity": 27.92359913158673, "sun_azimuth_angle": 273.0408313347369, "fog_distance": "0", "cloudiness": 94.83938225871368, "fog_density": 39.72403321613838, "wetness": 6.631910340766201, "precipitation_deposits": 76.22217182606771}}], "scenario_type": "Scenario57"}], "Town03": [{"available_event_configurations": [{"transform": {"pitch": "0", "x": -88.5, "y": -90, "yaw": 90, "z": 0}, "_start_distance": 17.6801985023751, "_actor_vel": 2.9828595060226872, "_trigger_distance": 7.100950941896268, "_brake": 1.0, "weather": {"sun_altitude_angle": 89.4959464340375, "precipitation": 74.13289540244222, "wind_intensity": 27.92359913158673, "sun_azimuth_angle": 273.0408313347369, "fog_distance": "0", "cloudiness": 94.83938225871368, "fog_density": 39.72403321613838, "wetness": 6.631910340766201, "precipitation_deposits": 76.22217182606771}}], "scenario_type": "Scenario57"}], "Town06": [{"available_event_configurations": [{"transform": {"pitch": "0", "x": 8.4, "y": 220, "yaw": -90, "z": 0}, "_start_distance": 17.6801985023751, "_actor_vel": 2.9828595060226872, "_trigger_distance": 7.100950941896268, "_brake": 1.0, "weather": {"sun_altitude_angle": 89.4959464340375, "precipitation": 74.13289540244222, "wind_intensity": 27.92359913158673, "sun_azimuth_angle": 273.0408313347369, "fog_distance": "0", "cloudiness": 94.83938225871368, "fog_density": 39.72403321613838, "wetness": 6.631910340766201, "precipitation_deposits": 76.22217182606771}}], "scenario_type": "Scenario57"}]}]}