{"available_scenarios": [{"Town05": [{"available_event_configurations": [{"transform": {"pitch": "0", "x": 35, "y": 70, "yaw": -90, "z": 0}, "_start_distance": 19.629939274614408, "_actor_vel": 2.8230542074183798, "_trigger_distance": 9.118932028778383, "_brake": 1.0, "weather": {"sun_altitude_angle": 60.83852560311982, "precipitation": 17.94502066651039, "wind_intensity": 80.06177051054314, "sun_azimuth_angle": 91.80299222271697, "fog_distance": "0", "cloudiness": 80.86307431723462, "fog_density": 17.61503138019853, "wetness": 10.240063154055012, "precipitation_deposits": 30.709697859797803}}], "scenario_type": "Scenario57"}], "Town04": [{"available_event_configurations": [{"transform": {"pitch": "0", "x": -13.4, "y": -160, "yaw": 90, "z": 0}, "_start_distance": 19.629939274614408, "_actor_vel": 2.8230542074183798, "_trigger_distance": 9.118932028778383, "_brake": 1.0, "weather": {"sun_altitude_angle": 60.83852560311982, "precipitation": 17.94502066651039, "wind_intensity": 80.06177051054314, "sun_azimuth_angle": 91.80299222271697, "fog_distance": "0", "cloudiness": 80.86307431723462, "fog_density": 17.61503138019853, "wetness": 10.240063154055012, "precipitation_deposits": 30.709697859797803}}], "scenario_type": "Scenario57"}], "Town03": [{"available_event_configurations": [{"transform": {"pitch": "0", "x": -88.5, "y": -90, "yaw": 90, "z": 0}, "_start_distance": 19.629939274614408, "_actor_vel": 2.8230542074183798, "_trigger_distance": 9.118932028778383, "_brake": 1.0, "weather": {"sun_altitude_angle": 60.83852560311982, "precipitation": 17.94502066651039, "wind_intensity": 80.06177051054314, "sun_azimuth_angle": 91.80299222271697, "fog_distance": "0", "cloudiness": 80.86307431723462, "fog_density": 17.61503138019853, "wetness": 10.240063154055012, "precipitation_deposits": 30.709697859797803}}], "scenario_type": "Scenario57"}], "Town06": [{"available_event_configurations": [{"transform": {"pitch": "0", "x": 8.4, "y": 220, "yaw": -90, "z": 0}, "_start_distance": 19.629939274614408, "_actor_vel": 2.8230542074183798, "_trigger_distance": 9.118932028778383, "_brake": 1.0, "weather": {"sun_altitude_angle": 60.83852560311982, "precipitation": 17.94502066651039, "wind_intensity": 80.06177051054314, "sun_azimuth_angle": 91.80299222271697, "fog_distance": "0", "cloudiness": 80.86307431723462, "fog_density": 17.61503138019853, "wetness": 10.240063154055012, "precipitation_deposits": 30.709697859797803}}], "scenario_type": "Scenario57"}]}]}