{"available_scenarios": [{"Town05": [{"available_event_configurations": [{"transform": {"pitch": "0", "x": 35, "y": 70, "yaw": -90, "z": 0}, "_start_distance": 15.806971992471286, "_actor_vel": 2.791854880094068, "_trigger_distance": 8.294241852609941, "_brake": 1.0, "weather": {"sun_altitude_angle": 74.8737352454009, "precipitation": 32.94286424206464, "wind_intensity": 76.8579474735035, "sun_azimuth_angle": 210.99045463261754, "fog_distance": "0", "cloudiness": 17.134769146607987, "fog_density": 92.40633343378754, "wetness": 68.59958888307052, "precipitation_deposits": 41.75652936913797}}], "scenario_type": "Scenario57"}], "Town04": [{"available_event_configurations": [{"transform": {"pitch": "0", "x": -13.4, "y": -160, "yaw": 90, "z": 0}, "_start_distance": 15.806971992471286, "_actor_vel": 2.791854880094068, "_trigger_distance": 8.294241852609941, "_brake": 1.0, "weather": {"sun_altitude_angle": 74.8737352454009, "precipitation": 32.94286424206464, "wind_intensity": 76.8579474735035, "sun_azimuth_angle": 210.99045463261754, "fog_distance": "0", "cloudiness": 17.134769146607987, "fog_density": 92.40633343378754, "wetness": 68.59958888307052, "precipitation_deposits": 41.75652936913797}}], "scenario_type": "Scenario57"}], "Town03": [{"available_event_configurations": [{"transform": {"pitch": "0", "x": -88.5, "y": -90, "yaw": 90, "z": 0}, "_start_distance": 15.806971992471286, "_actor_vel": 2.791854880094068, "_trigger_distance": 8.294241852609941, "_brake": 1.0, "weather": {"sun_altitude_angle": 74.8737352454009, "precipitation": 32.94286424206464, "wind_intensity": 76.8579474735035, "sun_azimuth_angle": 210.99045463261754, "fog_distance": "0", "cloudiness": 17.134769146607987, "fog_density": 92.40633343378754, "wetness": 68.59958888307052, "precipitation_deposits": 41.75652936913797}}], "scenario_type": "Scenario57"}], "Town06": [{"available_event_configurations": [{"transform": {"pitch": "0", "x": 8.4, "y": 220, "yaw": -90, "z": 0}, "_start_distance": 15.806971992471286, "_actor_vel": 2.791854880094068, "_trigger_distance": 8.294241852609941, "_brake": 1.0, "weather": {"sun_altitude_angle": 74.8737352454009, "precipitation": 32.94286424206464, "wind_intensity": 76.8579474735035, "sun_azimuth_angle": 210.99045463261754, "fog_distance": "0", "cloudiness": 17.134769146607987, "fog_density": 92.40633343378754, "wetness": 68.59958888307052, "precipitation_deposits": 41.75652936913797}}], "scenario_type": "Scenario57"}]}]}