{"available_scenarios": [{"Town05": [{"available_event_configurations": [{"transform": {"pitch": "0", "x": 35, "y": 70, "yaw": -90, "z": 0}, "_start_distance": 15.562808734979692, "_actor_vel": 3.7800157166473833, "_trigger_distance": 6.474300336326172, "_brake": 1.0, "weather": {"sun_altitude_angle": 31.341106117455908, "precipitation": 65.88447562626499, "wind_intensity": 88.65524248964121, "sun_azimuth_angle": 288.89745856527543, "fog_distance": "0", "cloudiness": 85.03001345697582, "fog_density": 65.77764817658243, "wetness": 51.17763129041255, "precipitation_deposits": 92.18400399118947}}], "scenario_type": "Scenario57"}], "Town04": [{"available_event_configurations": [{"transform": {"pitch": "0", "x": -13.4, "y": -160, "yaw": 90, "z": 0}, "_start_distance": 15.562808734979692, "_actor_vel": 3.7800157166473833, "_trigger_distance": 6.474300336326172, "_brake": 1.0, "weather": {"sun_altitude_angle": 31.341106117455908, "precipitation": 65.88447562626499, "wind_intensity": 88.65524248964121, "sun_azimuth_angle": 288.89745856527543, "fog_distance": "0", "cloudiness": 85.03001345697582, "fog_density": 65.77764817658243, "wetness": 51.17763129041255, "precipitation_deposits": 92.18400399118947}}], "scenario_type": "Scenario57"}], "Town03": [{"available_event_configurations": [{"transform": {"pitch": "0", "x": -88.5, "y": -90, "yaw": 90, "z": 0}, "_start_distance": 15.562808734979692, "_actor_vel": 3.7800157166473833, "_trigger_distance": 6.474300336326172, "_brake": 1.0, "weather": {"sun_altitude_angle": 31.341106117455908, "precipitation": 65.88447562626499, "wind_intensity": 88.65524248964121, "sun_azimuth_angle": 288.89745856527543, "fog_distance": "0", "cloudiness": 85.03001345697582, "fog_density": 65.77764817658243, "wetness": 51.17763129041255, "precipitation_deposits": 92.18400399118947}}], "scenario_type": "Scenario57"}], "Town06": [{"available_event_configurations": [{"transform": {"pitch": "0", "x": 8.4, "y": 220, "yaw": -90, "z": 0}, "_start_distance": 15.562808734979692, "_actor_vel": 3.7800157166473833, "_trigger_distance": 6.474300336326172, "_brake": 1.0, "weather": {"sun_altitude_angle": 31.341106117455908, "precipitation": 65.88447562626499, "wind_intensity": 88.65524248964121, "sun_azimuth_angle": 288.89745856527543, "fog_distance": "0", "cloudiness": 85.03001345697582, "fog_density": 65.77764817658243, "wetness": 51.17763129041255, "precipitation_deposits": 92.18400399118947}}], "scenario_type": "Scenario57"}]}]}