{"available_scenarios": [{"Town05": [{"available_event_configurations": [{"transform": {"pitch": "0", "x": 35, "y": 70, "yaw": -90, "z": 0}, "_start_distance": 18.781634849385608, "_actor_vel": 2.995965135050941, "_trigger_distance": 8.700788589547008, "_brake": 1.0, "weather": {"sun_altitude_angle": -70.4588162432461, "precipitation": 55.889999930507706, "wind_intensity": 35.41401783263849, "sun_azimuth_angle": 162.5686336778082, "fog_distance": "0", "cloudiness": 47.339770926141256, "fog_density": 32.6580916069003, "wetness": 59.98339115956885, "precipitation_deposits": 90.58662548070427}}], "scenario_type": "Scenario57"}], "Town04": [{"available_event_configurations": [{"transform": {"pitch": "0", "x": -13.4, "y": -160, "yaw": 90, "z": 0}, "_start_distance": 18.781634849385608, "_actor_vel": 2.995965135050941, "_trigger_distance": 8.700788589547008, "_brake": 1.0, "weather": {"sun_altitude_angle": -70.4588162432461, "precipitation": 55.889999930507706, "wind_intensity": 35.41401783263849, "sun_azimuth_angle": 162.5686336778082, "fog_distance": "0", "cloudiness": 47.339770926141256, "fog_density": 32.6580916069003, "wetness": 59.98339115956885, "precipitation_deposits": 90.58662548070427}}], "scenario_type": "Scenario57"}], "Town03": [{"available_event_configurations": [{"transform": {"pitch": "0", "x": -88.5, "y": -90, "yaw": 90, "z": 0}, "_start_distance": 18.781634849385608, "_actor_vel": 2.995965135050941, "_trigger_distance": 8.700788589547008, "_brake": 1.0, "weather": {"sun_altitude_angle": -70.4588162432461, "precipitation": 55.889999930507706, "wind_intensity": 35.41401783263849, "sun_azimuth_angle": 162.5686336778082, "fog_distance": "0", "cloudiness": 47.339770926141256, "fog_density": 32.6580916069003, "wetness": 59.98339115956885, "precipitation_deposits": 90.58662548070427}}], "scenario_type": "Scenario57"}], "Town06": [{"available_event_configurations": [{"transform": {"pitch": "0", "x": 8.4, "y": 220, "yaw": -90, "z": 0}, "_start_distance": 18.781634849385608, "_actor_vel": 2.995965135050941, "_trigger_distance": 8.700788589547008, "_brake": 1.0, "weather": {"sun_altitude_angle": -70.4588162432461, "precipitation": 55.889999930507706, "wind_intensity": 35.41401783263849, "sun_azimuth_angle": 162.5686336778082, "fog_distance": "0", "cloudiness": 47.339770926141256, "fog_density": 32.6580916069003, "wetness": 59.98339115956885, "precipitation_deposits": 90.58662548070427}}], "scenario_type": "Scenario57"}]}]}