{"available_scenarios": [{"Town05": [{"available_event_configurations": [{"transform": {"pitch": "0", "x": 35, "y": 70, "yaw": -90, "z": 0}, "_start_distance": 16.96558242004028, "_actor_vel": 3.6514763624453854, "_trigger_distance": 9.30348672606326, "_brake": 1.0, "weather": {"sun_altitude_angle": 58.035645108603575, "precipitation": 71.7884648086275, "wind_intensity": 57.808056678344876, "sun_azimuth_angle": 358.03937897302364, "fog_distance": "0", "cloudiness": 49.92839191421178, "fog_density": 15.926444887963475, "wetness": 28.14415364282383, "precipitation_deposits": 28.307667408752447}}], "scenario_type": "Scenario57"}], "Town04": [{"available_event_configurations": [{"transform": {"pitch": "0", "x": -13.4, "y": -160, "yaw": 90, "z": 0}, "_start_distance": 16.96558242004028, "_actor_vel": 3.6514763624453854, "_trigger_distance": 9.30348672606326, "_brake": 1.0, "weather": {"sun_altitude_angle": 58.035645108603575, "precipitation": 71.7884648086275, "wind_intensity": 57.808056678344876, "sun_azimuth_angle": 358.03937897302364, "fog_distance": "0", "cloudiness": 49.92839191421178, "fog_density": 15.926444887963475, "wetness": 28.14415364282383, "precipitation_deposits": 28.307667408752447}}], "scenario_type": "Scenario57"}], "Town03": [{"available_event_configurations": [{"transform": {"pitch": "0", "x": -88.5, "y": -90, "yaw": 90, "z": 0}, "_start_distance": 16.96558242004028, "_actor_vel": 3.6514763624453854, "_trigger_distance": 9.30348672606326, "_brake": 1.0, "weather": {"sun_altitude_angle": 58.035645108603575, "precipitation": 71.7884648086275, "wind_intensity": 57.808056678344876, "sun_azimuth_angle": 358.03937897302364, "fog_distance": "0", "cloudiness": 49.92839191421178, "fog_density": 15.926444887963475, "wetness": 28.14415364282383, "precipitation_deposits": 28.307667408752447}}], "scenario_type": "Scenario57"}], "Town06": [{"available_event_configurations": [{"transform": {"pitch": "0", "x": 8.4, "y": 220, "yaw": -90, "z": 0}, "_start_distance": 16.96558242004028, "_actor_vel": 3.6514763624453854, "_trigger_distance": 9.30348672606326, "_brake": 1.0, "weather": {"sun_altitude_angle": 58.035645108603575, "precipitation": 71.7884648086275, "wind_intensity": 57.808056678344876, "sun_azimuth_angle": 358.03937897302364, "fog_distance": "0", "cloudiness": 49.92839191421178, "fog_density": 15.926444887963475, "wetness": 28.14415364282383, "precipitation_deposits": 28.307667408752447}}], "scenario_type": "Scenario57"}]}]}