{"available_scenarios": [{"Town05": [{"available_event_configurations": [{"transform": {"pitch": "0", "x": 35, "y": 70, "yaw": -90, "z": 0}, "_start_distance": 16.652589846787187, "_actor_vel": 2.9574438439756587, "_trigger_distance": 7.729930284436362, "_brake": 1.0, "weather": {"sun_altitude_angle": -25.32620882808905, "precipitation": 14.974827540354173, "wind_intensity": 83.60577462769253, "sun_azimuth_angle": 124.26121118831351, "fog_distance": "0", "cloudiness": 95.61412739716928, "fog_density": 39.06527141354652, "wetness": 67.30453303865428, "precipitation_deposits": 23.722088139629026}}], "scenario_type": "Scenario57"}], "Town04": [{"available_event_configurations": [{"transform": {"pitch": "0", "x": -13.4, "y": -160, "yaw": 90, "z": 0}, "_start_distance": 16.652589846787187, "_actor_vel": 2.9574438439756587, "_trigger_distance": 7.729930284436362, "_brake": 1.0, "weather": {"sun_altitude_angle": -25.32620882808905, "precipitation": 14.974827540354173, "wind_intensity": 83.60577462769253, "sun_azimuth_angle": 124.26121118831351, "fog_distance": "0", "cloudiness": 95.61412739716928, "fog_density": 39.06527141354652, "wetness": 67.30453303865428, "precipitation_deposits": 23.722088139629026}}], "scenario_type": "Scenario57"}], "Town03": [{"available_event_configurations": [{"transform": {"pitch": "0", "x": -88.5, "y": -90, "yaw": 90, "z": 0}, "_start_distance": 16.652589846787187, "_actor_vel": 2.9574438439756587, "_trigger_distance": 7.729930284436362, "_brake": 1.0, "weather": {"sun_altitude_angle": -25.32620882808905, "precipitation": 14.974827540354173, "wind_intensity": 83.60577462769253, "sun_azimuth_angle": 124.26121118831351, "fog_distance": "0", "cloudiness": 95.61412739716928, "fog_density": 39.06527141354652, "wetness": 67.30453303865428, "precipitation_deposits": 23.722088139629026}}], "scenario_type": "Scenario57"}], "Town06": [{"available_event_configurations": [{"transform": {"pitch": "0", "x": 8.4, "y": 220, "yaw": -90, "z": 0}, "_start_distance": 16.652589846787187, "_actor_vel": 2.9574438439756587, "_trigger_distance": 7.729930284436362, "_brake": 1.0, "weather": {"sun_altitude_angle": -25.32620882808905, "precipitation": 14.974827540354173, "wind_intensity": 83.60577462769253, "sun_azimuth_angle": 124.26121118831351, "fog_distance": "0", "cloudiness": 95.61412739716928, "fog_density": 39.06527141354652, "wetness": 67.30453303865428, "precipitation_deposits": 23.722088139629026}}], "scenario_type": "Scenario57"}]}]}