{"available_scenarios": [{"Town05": [{"available_event_configurations": [{"transform": {"pitch": "0", "x": 35, "y": 70, "yaw": -90, "z": 0}, "_start_distance": 15.409917319267812, "_actor_vel": 3.1882468381896585, "_trigger_distance": 6.326092715484096, "_brake": 1.0, "weather": {"sun_altitude_angle": -23.28317181899837, "precipitation": 69.738375440319, "wind_intensity": 87.21550088749669, "sun_azimuth_angle": 316.75117373694957, "fog_distance": "0", "cloudiness": 29.21960452250738, "fog_density": 29.174475944629908, "wetness": 76.97410130631044, "precipitation_deposits": 35.608615700786316}}], "scenario_type": "Scenario57"}], "Town04": [{"available_event_configurations": [{"transform": {"pitch": "0", "x": -13.4, "y": -160, "yaw": 90, "z": 0}, "_start_distance": 15.409917319267812, "_actor_vel": 3.1882468381896585, "_trigger_distance": 6.326092715484096, "_brake": 1.0, "weather": {"sun_altitude_angle": -23.28317181899837, "precipitation": 69.738375440319, "wind_intensity": 87.21550088749669, "sun_azimuth_angle": 316.75117373694957, "fog_distance": "0", "cloudiness": 29.21960452250738, "fog_density": 29.174475944629908, "wetness": 76.97410130631044, "precipitation_deposits": 35.608615700786316}}], "scenario_type": "Scenario57"}], "Town03": [{"available_event_configurations": [{"transform": {"pitch": "0", "x": -88.5, "y": -90, "yaw": 90, "z": 0}, "_start_distance": 15.409917319267812, "_actor_vel": 3.1882468381896585, "_trigger_distance": 6.326092715484096, "_brake": 1.0, "weather": {"sun_altitude_angle": -23.28317181899837, "precipitation": 69.738375440319, "wind_intensity": 87.21550088749669, "sun_azimuth_angle": 316.75117373694957, "fog_distance": "0", "cloudiness": 29.21960452250738, "fog_density": 29.174475944629908, "wetness": 76.97410130631044, "precipitation_deposits": 35.608615700786316}}], "scenario_type": "Scenario57"}], "Town06": [{"available_event_configurations": [{"transform": {"pitch": "0", "x": 8.4, "y": 220, "yaw": -90, "z": 0}, "_start_distance": 15.409917319267812, "_actor_vel": 3.1882468381896585, "_trigger_distance": 6.326092715484096, "_brake": 1.0, "weather": {"sun_altitude_angle": -23.28317181899837, "precipitation": 69.738375440319, "wind_intensity": 87.21550088749669, "sun_azimuth_angle": 316.75117373694957, "fog_distance": "0", "cloudiness": 29.21960452250738, "fog_density": 29.174475944629908, "wetness": 76.97410130631044, "precipitation_deposits": 35.608615700786316}}], "scenario_type": "Scenario57"}]}]}