{"available_scenarios": [{"Town05": [{"available_event_configurations": [{"transform": {"pitch": "0", "x": 35, "y": 70, "yaw": -90, "z": 0}, "_start_distance": 19.484182620978434, "_actor_vel": 2.8923262667358425, "_trigger_distance": 7.151970335453184, "_brake": 1.0, "weather": {"sun_altitude_angle": 70.56305308397788, "precipitation": 34.88673942493137, "wind_intensity": 26.29632050036559, "sun_azimuth_angle": 140.75636442198456, "fog_distance": "0", "cloudiness": 41.48045435408106, "fog_density": 96.62296271953004, "wetness": 25.809308156445677, "precipitation_deposits": 78.68884997366573}}], "scenario_type": "Scenario57"}], "Town04": [{"available_event_configurations": [{"transform": {"pitch": "0", "x": -13.4, "y": -160, "yaw": 90, "z": 0}, "_start_distance": 19.484182620978434, "_actor_vel": 2.8923262667358425, "_trigger_distance": 7.151970335453184, "_brake": 1.0, "weather": {"sun_altitude_angle": 70.56305308397788, "precipitation": 34.88673942493137, "wind_intensity": 26.29632050036559, "sun_azimuth_angle": 140.75636442198456, "fog_distance": "0", "cloudiness": 41.48045435408106, "fog_density": 96.62296271953004, "wetness": 25.809308156445677, "precipitation_deposits": 78.68884997366573}}], "scenario_type": "Scenario57"}], "Town03": [{"available_event_configurations": [{"transform": {"pitch": "0", "x": -88.5, "y": -90, "yaw": 90, "z": 0}, "_start_distance": 19.484182620978434, "_actor_vel": 2.8923262667358425, "_trigger_distance": 7.151970335453184, "_brake": 1.0, "weather": {"sun_altitude_angle": 70.56305308397788, "precipitation": 34.88673942493137, "wind_intensity": 26.29632050036559, "sun_azimuth_angle": 140.75636442198456, "fog_distance": "0", "cloudiness": 41.48045435408106, "fog_density": 96.62296271953004, "wetness": 25.809308156445677, "precipitation_deposits": 78.68884997366573}}], "scenario_type": "Scenario57"}], "Town06": [{"available_event_configurations": [{"transform": {"pitch": "0", "x": 8.4, "y": 220, "yaw": -90, "z": 0}, "_start_distance": 19.484182620978434, "_actor_vel": 2.8923262667358425, "_trigger_distance": 7.151970335453184, "_brake": 1.0, "weather": {"sun_altitude_angle": 70.56305308397788, "precipitation": 34.88673942493137, "wind_intensity": 26.29632050036559, "sun_azimuth_angle": 140.75636442198456, "fog_distance": "0", "cloudiness": 41.48045435408106, "fog_density": 96.62296271953004, "wetness": 25.809308156445677, "precipitation_deposits": 78.68884997366573}}], "scenario_type": "Scenario57"}]}]}