{"available_scenarios": [{"Town05": [{"available_event_configurations": [{"transform": {"pitch": "0", "x": 35, "y": 70, "yaw": -90, "z": 0}, "_start_distance": 18.620575992355086, "_actor_vel": 3.2018164030762697, "_trigger_distance": 8.61483474925258, "_brake": 1.0, "weather": {"sun_altitude_angle": 85.58060505732493, "precipitation": 7.5753197747328365, "wind_intensity": 45.05937425490062, "sun_azimuth_angle": 250.39439615417788, "fog_distance": "0", "cloudiness": 50.4585593959603, "fog_density": 95.91611301249306, "wetness": 72.20528723042213, "precipitation_deposits": 70.86732884942103}}], "scenario_type": "Scenario57"}], "Town04": [{"available_event_configurations": [{"transform": {"pitch": "0", "x": -13.4, "y": -160, "yaw": 90, "z": 0}, "_start_distance": 18.620575992355086, "_actor_vel": 3.2018164030762697, "_trigger_distance": 8.61483474925258, "_brake": 1.0, "weather": {"sun_altitude_angle": 85.58060505732493, "precipitation": 7.5753197747328365, "wind_intensity": 45.05937425490062, "sun_azimuth_angle": 250.39439615417788, "fog_distance": "0", "cloudiness": 50.4585593959603, "fog_density": 95.91611301249306, "wetness": 72.20528723042213, "precipitation_deposits": 70.86732884942103}}], "scenario_type": "Scenario57"}], "Town03": [{"available_event_configurations": [{"transform": {"pitch": "0", "x": -88.5, "y": -90, "yaw": 90, "z": 0}, "_start_distance": 18.620575992355086, "_actor_vel": 3.2018164030762697, "_trigger_distance": 8.61483474925258, "_brake": 1.0, "weather": {"sun_altitude_angle": 85.58060505732493, "precipitation": 7.5753197747328365, "wind_intensity": 45.05937425490062, "sun_azimuth_angle": 250.39439615417788, "fog_distance": "0", "cloudiness": 50.4585593959603, "fog_density": 95.91611301249306, "wetness": 72.20528723042213, "precipitation_deposits": 70.86732884942103}}], "scenario_type": "Scenario57"}], "Town06": [{"available_event_configurations": [{"transform": {"pitch": "0", "x": 8.4, "y": 220, "yaw": -90, "z": 0}, "_start_distance": 18.620575992355086, "_actor_vel": 3.2018164030762697, "_trigger_distance": 8.61483474925258, "_brake": 1.0, "weather": {"sun_altitude_angle": 85.58060505732493, "precipitation": 7.5753197747328365, "wind_intensity": 45.05937425490062, "sun_azimuth_angle": 250.39439615417788, "fog_distance": "0", "cloudiness": 50.4585593959603, "fog_density": 95.91611301249306, "wetness": 72.20528723042213, "precipitation_deposits": 70.86732884942103}}], "scenario_type": "Scenario57"}]}]}