{"available_scenarios": [{"Town05": [{"available_event_configurations": [{"transform": {"pitch": "0", "x": 35, "y": 70, "yaw": -90, "z": 0}, "_start_distance": 15.673671552355513, "_actor_vel": 2.4788793211912545, "_trigger_distance": 6.831264176503197, "_brake": 1.0, "weather": {"sun_altitude_angle": -40.365151054647285, "precipitation": 9.709864727960893, "wind_intensity": 50.430717389036076, "sun_azimuth_angle": 296.93902209988386, "fog_distance": "0", "cloudiness": 16.08913439979258, "fog_density": 83.9896641168321, "wetness": 29.482293241554935, "precipitation_deposits": 57.91410609062254}}], "scenario_type": "Scenario57"}], "Town04": [{"available_event_configurations": [{"transform": {"pitch": "0", "x": -13.4, "y": -160, "yaw": 90, "z": 0}, "_start_distance": 15.673671552355513, "_actor_vel": 2.4788793211912545, "_trigger_distance": 6.831264176503197, "_brake": 1.0, "weather": {"sun_altitude_angle": -40.365151054647285, "precipitation": 9.709864727960893, "wind_intensity": 50.430717389036076, "sun_azimuth_angle": 296.93902209988386, "fog_distance": "0", "cloudiness": 16.08913439979258, "fog_density": 83.9896641168321, "wetness": 29.482293241554935, "precipitation_deposits": 57.91410609062254}}], "scenario_type": "Scenario57"}], "Town03": [{"available_event_configurations": [{"transform": {"pitch": "0", "x": -88.5, "y": -90, "yaw": 90, "z": 0}, "_start_distance": 15.673671552355513, "_actor_vel": 2.4788793211912545, "_trigger_distance": 6.831264176503197, "_brake": 1.0, "weather": {"sun_altitude_angle": -40.365151054647285, "precipitation": 9.709864727960893, "wind_intensity": 50.430717389036076, "sun_azimuth_angle": 296.93902209988386, "fog_distance": "0", "cloudiness": 16.08913439979258, "fog_density": 83.9896641168321, "wetness": 29.482293241554935, "precipitation_deposits": 57.91410609062254}}], "scenario_type": "Scenario57"}], "Town06": [{"available_event_configurations": [{"transform": {"pitch": "0", "x": 8.4, "y": 220, "yaw": -90, "z": 0}, "_start_distance": 15.673671552355513, "_actor_vel": 2.4788793211912545, "_trigger_distance": 6.831264176503197, "_brake": 1.0, "weather": {"sun_altitude_angle": -40.365151054647285, "precipitation": 9.709864727960893, "wind_intensity": 50.430717389036076, "sun_azimuth_angle": 296.93902209988386, "fog_distance": "0", "cloudiness": 16.08913439979258, "fog_density": 83.9896641168321, "wetness": 29.482293241554935, "precipitation_deposits": 57.91410609062254}}], "scenario_type": "Scenario57"}]}]}