{"available_scenarios": [{"Town05": [{"available_event_configurations": [{"transform": {"pitch": "0", "x": 35, "y": 70, "yaw": -90, "z": 0}, "_start_distance": 16.32545461361573, "_actor_vel": 3.1475791495074503, "_trigger_distance": 8.298539628986449, "_brake": 1.0, "weather": {"sun_altitude_angle": 75.52791998931178, "precipitation": 30.52538622388279, "wind_intensity": 68.93867762112009, "sun_azimuth_angle": 72.73766457951452, "fog_distance": "0", "cloudiness": 74.55619526368824, "fog_density": 92.61492423310588, "wetness": 29.4698147738795, "precipitation_deposits": 25.30324334035946}}], "scenario_type": "Scenario57"}], "Town04": [{"available_event_configurations": [{"transform": {"pitch": "0", "x": -13.4, "y": -160, "yaw": 90, "z": 0}, "_start_distance": 16.32545461361573, "_actor_vel": 3.1475791495074503, "_trigger_distance": 8.298539628986449, "_brake": 1.0, "weather": {"sun_altitude_angle": 75.52791998931178, "precipitation": 30.52538622388279, "wind_intensity": 68.93867762112009, "sun_azimuth_angle": 72.73766457951452, "fog_distance": "0", "cloudiness": 74.55619526368824, "fog_density": 92.61492423310588, "wetness": 29.4698147738795, "precipitation_deposits": 25.30324334035946}}], "scenario_type": "Scenario57"}], "Town03": [{"available_event_configurations": [{"transform": {"pitch": "0", "x": -88.5, "y": -90, "yaw": 90, "z": 0}, "_start_distance": 16.32545461361573, "_actor_vel": 3.1475791495074503, "_trigger_distance": 8.298539628986449, "_brake": 1.0, "weather": {"sun_altitude_angle": 75.52791998931178, "precipitation": 30.52538622388279, "wind_intensity": 68.93867762112009, "sun_azimuth_angle": 72.73766457951452, "fog_distance": "0", "cloudiness": 74.55619526368824, "fog_density": 92.61492423310588, "wetness": 29.4698147738795, "precipitation_deposits": 25.30324334035946}}], "scenario_type": "Scenario57"}], "Town06": [{"available_event_configurations": [{"transform": {"pitch": "0", "x": 8.4, "y": 220, "yaw": -90, "z": 0}, "_start_distance": 16.32545461361573, "_actor_vel": 3.1475791495074503, "_trigger_distance": 8.298539628986449, "_brake": 1.0, "weather": {"sun_altitude_angle": 75.52791998931178, "precipitation": 30.52538622388279, "wind_intensity": 68.93867762112009, "sun_azimuth_angle": 72.73766457951452, "fog_distance": "0", "cloudiness": 74.55619526368824, "fog_density": 92.61492423310588, "wetness": 29.4698147738795, "precipitation_deposits": 25.30324334035946}}], "scenario_type": "Scenario57"}]}]}