{"available_scenarios": [{"Town05": [{"available_event_configurations": [{"transform": {"pitch": "0", "x": 35, "y": 70, "yaw": -90, "z": 0}, "_start_distance": 17.77139155502177, "_actor_vel": 3.410996827753242, "_trigger_distance": 7.649762490732774, "_brake": 1.0, "weather": {"sun_altitude_angle": 26.376978951214028, "precipitation": 29.161153139326935, "wind_intensity": 70.08082656328747, "sun_azimuth_angle": 102.98025915522611, "fog_distance": "0", "cloudiness": 16.20791997724075, "fog_density": 95.27223127600871, "wetness": 10.547851831167721, "precipitation_deposits": 95.04466577559153}}], "scenario_type": "Scenario57"}], "Town04": [{"available_event_configurations": [{"transform": {"pitch": "0", "x": -13.4, "y": -160, "yaw": 90, "z": 0}, "_start_distance": 17.77139155502177, "_actor_vel": 3.410996827753242, "_trigger_distance": 7.649762490732774, "_brake": 1.0, "weather": {"sun_altitude_angle": 26.376978951214028, "precipitation": 29.161153139326935, "wind_intensity": 70.08082656328747, "sun_azimuth_angle": 102.98025915522611, "fog_distance": "0", "cloudiness": 16.20791997724075, "fog_density": 95.27223127600871, "wetness": 10.547851831167721, "precipitation_deposits": 95.04466577559153}}], "scenario_type": "Scenario57"}], "Town03": [{"available_event_configurations": [{"transform": {"pitch": "0", "x": -88.5, "y": -90, "yaw": 90, "z": 0}, "_start_distance": 17.77139155502177, "_actor_vel": 3.410996827753242, "_trigger_distance": 7.649762490732774, "_brake": 1.0, "weather": {"sun_altitude_angle": 26.376978951214028, "precipitation": 29.161153139326935, "wind_intensity": 70.08082656328747, "sun_azimuth_angle": 102.98025915522611, "fog_distance": "0", "cloudiness": 16.20791997724075, "fog_density": 95.27223127600871, "wetness": 10.547851831167721, "precipitation_deposits": 95.04466577559153}}], "scenario_type": "Scenario57"}], "Town06": [{"available_event_configurations": [{"transform": {"pitch": "0", "x": 8.4, "y": 220, "yaw": -90, "z": 0}, "_start_distance": 17.77139155502177, "_actor_vel": 3.410996827753242, "_trigger_distance": 7.649762490732774, "_brake": 1.0, "weather": {"sun_altitude_angle": 26.376978951214028, "precipitation": 29.161153139326935, "wind_intensity": 70.08082656328747, "sun_azimuth_angle": 102.98025915522611, "fog_distance": "0", "cloudiness": 16.20791997724075, "fog_density": 95.27223127600871, "wetness": 10.547851831167721, "precipitation_deposits": 95.04466577559153}}], "scenario_type": "Scenario57"}]}]}