{"available_scenarios": [{"Town05": [{"available_event_configurations": [{"transform": {"pitch": "0", "x": 35, "y": 70, "yaw": -90, "z": 0}, "_start_distance": 17.882495439646814, "_actor_vel": 3.894769382425256, "_trigger_distance": 7.15533150403953, "_brake": 1.0, "weather": {"sun_altitude_angle": -16.548838285241658, "precipitation": 85.47809572693852, "wind_intensity": 9.910229159236806, "sun_azimuth_angle": 195.6519396956368, "fog_distance": "0", "cloudiness": 35.99627930604866, "fog_density": 22.119210747664063, "wetness": 96.86156175895792, "precipitation_deposits": 44.352268676164705}}], "scenario_type": "Scenario57"}], "Town04": [{"available_event_configurations": [{"transform": {"pitch": "0", "x": -13.4, "y": -160, "yaw": 90, "z": 0}, "_start_distance": 17.882495439646814, "_actor_vel": 3.894769382425256, "_trigger_distance": 7.15533150403953, "_brake": 1.0, "weather": {"sun_altitude_angle": -16.548838285241658, "precipitation": 85.47809572693852, "wind_intensity": 9.910229159236806, "sun_azimuth_angle": 195.6519396956368, "fog_distance": "0", "cloudiness": 35.99627930604866, "fog_density": 22.119210747664063, "wetness": 96.86156175895792, "precipitation_deposits": 44.352268676164705}}], "scenario_type": "Scenario57"}], "Town03": [{"available_event_configurations": [{"transform": {"pitch": "0", "x": -88.5, "y": -90, "yaw": 90, "z": 0}, "_start_distance": 17.882495439646814, "_actor_vel": 3.894769382425256, "_trigger_distance": 7.15533150403953, "_brake": 1.0, "weather": {"sun_altitude_angle": -16.548838285241658, "precipitation": 85.47809572693852, "wind_intensity": 9.910229159236806, "sun_azimuth_angle": 195.6519396956368, "fog_distance": "0", "cloudiness": 35.99627930604866, "fog_density": 22.119210747664063, "wetness": 96.86156175895792, "precipitation_deposits": 44.352268676164705}}], "scenario_type": "Scenario57"}], "Town06": [{"available_event_configurations": [{"transform": {"pitch": "0", "x": 8.4, "y": 220, "yaw": -90, "z": 0}, "_start_distance": 17.882495439646814, "_actor_vel": 3.894769382425256, "_trigger_distance": 7.15533150403953, "_brake": 1.0, "weather": {"sun_altitude_angle": -16.548838285241658, "precipitation": 85.47809572693852, "wind_intensity": 9.910229159236806, "sun_azimuth_angle": 195.6519396956368, "fog_distance": "0", "cloudiness": 35.99627930604866, "fog_density": 22.119210747664063, "wetness": 96.86156175895792, "precipitation_deposits": 44.352268676164705}}], "scenario_type": "Scenario57"}]}]}