{"available_scenarios": [{"Town05": [{"available_event_configurations": [{"transform": {"pitch": "0", "x": 35, "y": 70, "yaw": -90, "z": 0}, "_start_distance": 16.582549885565143, "_actor_vel": 2.170578171283069, "_trigger_distance": 7.999323049739791, "_brake": 1.0, "weather": {"sun_altitude_angle": -87.98677338987518, "precipitation": 34.82582350636637, "wind_intensity": 86.0986998086368, "sun_azimuth_angle": 75.87020725219445, "fog_distance": "0", "cloudiness": 10.652710329505199, "fog_density": 94.68814968657098, "wetness": 23.38575284132952, "precipitation_deposits": 21.51005316259187}}], "scenario_type": "Scenario57"}], "Town04": [{"available_event_configurations": [{"transform": {"pitch": "0", "x": -13.4, "y": -160, "yaw": 90, "z": 0}, "_start_distance": 16.582549885565143, "_actor_vel": 2.170578171283069, "_trigger_distance": 7.999323049739791, "_brake": 1.0, "weather": {"sun_altitude_angle": -87.98677338987518, "precipitation": 34.82582350636637, "wind_intensity": 86.0986998086368, "sun_azimuth_angle": 75.87020725219445, "fog_distance": "0", "cloudiness": 10.652710329505199, "fog_density": 94.68814968657098, "wetness": 23.38575284132952, "precipitation_deposits": 21.51005316259187}}], "scenario_type": "Scenario57"}], "Town03": [{"available_event_configurations": [{"transform": {"pitch": "0", "x": -88.5, "y": -90, "yaw": 90, "z": 0}, "_start_distance": 16.582549885565143, "_actor_vel": 2.170578171283069, "_trigger_distance": 7.999323049739791, "_brake": 1.0, "weather": {"sun_altitude_angle": -87.98677338987518, "precipitation": 34.82582350636637, "wind_intensity": 86.0986998086368, "sun_azimuth_angle": 75.87020725219445, "fog_distance": "0", "cloudiness": 10.652710329505199, "fog_density": 94.68814968657098, "wetness": 23.38575284132952, "precipitation_deposits": 21.51005316259187}}], "scenario_type": "Scenario57"}], "Town06": [{"available_event_configurations": [{"transform": {"pitch": "0", "x": 8.4, "y": 220, "yaw": -90, "z": 0}, "_start_distance": 16.582549885565143, "_actor_vel": 2.170578171283069, "_trigger_distance": 7.999323049739791, "_brake": 1.0, "weather": {"sun_altitude_angle": -87.98677338987518, "precipitation": 34.82582350636637, "wind_intensity": 86.0986998086368, "sun_azimuth_angle": 75.87020725219445, "fog_distance": "0", "cloudiness": 10.652710329505199, "fog_density": 94.68814968657098, "wetness": 23.38575284132952, "precipitation_deposits": 21.51005316259187}}], "scenario_type": "Scenario57"}]}]}