{"available_scenarios": [{"Town05": [{"available_event_configurations": [{"transform": {"pitch": "0", "x": 35, "y": 70, "yaw": -90, "z": 0}, "_start_distance": 16.03791100512739, "_actor_vel": 3.3644505739051644, "_trigger_distance": 7.495395702748244, "_brake": 1.0, "weather": {"sun_altitude_angle": 47.30699395569985, "precipitation": 43.88851306314994, "wind_intensity": 14.587580544750612, "sun_azimuth_angle": 181.20880217412338, "fog_distance": "0", "cloudiness": 21.296186652032702, "fog_density": 5.189208562842474, "wetness": 31.209295296487248, "precipitation_deposits": 85.02975408419692}}], "scenario_type": "Scenario57"}], "Town04": [{"available_event_configurations": [{"transform": {"pitch": "0", "x": -13.4, "y": -160, "yaw": 90, "z": 0}, "_start_distance": 16.03791100512739, "_actor_vel": 3.3644505739051644, "_trigger_distance": 7.495395702748244, "_brake": 1.0, "weather": {"sun_altitude_angle": 47.30699395569985, "precipitation": 43.88851306314994, "wind_intensity": 14.587580544750612, "sun_azimuth_angle": 181.20880217412338, "fog_distance": "0", "cloudiness": 21.296186652032702, "fog_density": 5.189208562842474, "wetness": 31.209295296487248, "precipitation_deposits": 85.02975408419692}}], "scenario_type": "Scenario57"}], "Town03": [{"available_event_configurations": [{"transform": {"pitch": "0", "x": -88.5, "y": -90, "yaw": 90, "z": 0}, "_start_distance": 16.03791100512739, "_actor_vel": 3.3644505739051644, "_trigger_distance": 7.495395702748244, "_brake": 1.0, "weather": {"sun_altitude_angle": 47.30699395569985, "precipitation": 43.88851306314994, "wind_intensity": 14.587580544750612, "sun_azimuth_angle": 181.20880217412338, "fog_distance": "0", "cloudiness": 21.296186652032702, "fog_density": 5.189208562842474, "wetness": 31.209295296487248, "precipitation_deposits": 85.02975408419692}}], "scenario_type": "Scenario57"}], "Town06": [{"available_event_configurations": [{"transform": {"pitch": "0", "x": 8.4, "y": 220, "yaw": -90, "z": 0}, "_start_distance": 16.03791100512739, "_actor_vel": 3.3644505739051644, "_trigger_distance": 7.495395702748244, "_brake": 1.0, "weather": {"sun_altitude_angle": 47.30699395569985, "precipitation": 43.88851306314994, "wind_intensity": 14.587580544750612, "sun_azimuth_angle": 181.20880217412338, "fog_distance": "0", "cloudiness": 21.296186652032702, "fog_density": 5.189208562842474, "wetness": 31.209295296487248, "precipitation_deposits": 85.02975408419692}}], "scenario_type": "Scenario57"}]}]}