{"available_scenarios": [{"Town05": [{"available_event_configurations": [{"transform": {"pitch": "0", "x": 35, "y": 70, "yaw": -90, "z": 0}, "_start_distance": 19.044011474781854, "_actor_vel": 3.8331106811019238, "_trigger_distance": 9.818044501214839, "_brake": 1.0, "weather": {"sun_altitude_angle": -8.06275143389297, "precipitation": 96.45231458045288, "wind_intensity": 98.72000517440217, "sun_azimuth_angle": 77.04582720162182, "fog_distance": "0", "cloudiness": 86.66662427896455, "fog_density": 69.92184013191253, "wetness": 76.24713736410348, "precipitation_deposits": 34.03399525116343}}], "scenario_type": "Scenario57"}], "Town04": [{"available_event_configurations": [{"transform": {"pitch": "0", "x": -13.4, "y": -160, "yaw": 90, "z": 0}, "_start_distance": 19.044011474781854, "_actor_vel": 3.8331106811019238, "_trigger_distance": 9.818044501214839, "_brake": 1.0, "weather": {"sun_altitude_angle": -8.06275143389297, "precipitation": 96.45231458045288, "wind_intensity": 98.72000517440217, "sun_azimuth_angle": 77.04582720162182, "fog_distance": "0", "cloudiness": 86.66662427896455, "fog_density": 69.92184013191253, "wetness": 76.24713736410348, "precipitation_deposits": 34.03399525116343}}], "scenario_type": "Scenario57"}], "Town03": [{"available_event_configurations": [{"transform": {"pitch": "0", "x": -88.5, "y": -90, "yaw": 90, "z": 0}, "_start_distance": 19.044011474781854, "_actor_vel": 3.8331106811019238, "_trigger_distance": 9.818044501214839, "_brake": 1.0, "weather": {"sun_altitude_angle": -8.06275143389297, "precipitation": 96.45231458045288, "wind_intensity": 98.72000517440217, "sun_azimuth_angle": 77.04582720162182, "fog_distance": "0", "cloudiness": 86.66662427896455, "fog_density": 69.92184013191253, "wetness": 76.24713736410348, "precipitation_deposits": 34.03399525116343}}], "scenario_type": "Scenario57"}], "Town06": [{"available_event_configurations": [{"transform": {"pitch": "0", "x": 8.4, "y": 220, "yaw": -90, "z": 0}, "_start_distance": 19.044011474781854, "_actor_vel": 3.8331106811019238, "_trigger_distance": 9.818044501214839, "_brake": 1.0, "weather": {"sun_altitude_angle": -8.06275143389297, "precipitation": 96.45231458045288, "wind_intensity": 98.72000517440217, "sun_azimuth_angle": 77.04582720162182, "fog_distance": "0", "cloudiness": 86.66662427896455, "fog_density": 69.92184013191253, "wetness": 76.24713736410348, "precipitation_deposits": 34.03399525116343}}], "scenario_type": "Scenario57"}]}]}