{"available_scenarios": [{"Town05": [{"available_event_configurations": [{"transform": {"pitch": "0", "x": 35, "y": 70, "yaw": -90, "z": 0}, "_start_distance": 17.183067082338326, "_actor_vel": 3.013687616544466, "_trigger_distance": 9.983366892193107, "_brake": 1.0, "weather": {"sun_altitude_angle": -88.85428155750216, "precipitation": 22.97692409691502, "wind_intensity": 94.69651722202089, "sun_azimuth_angle": 191.88832578948254, "fog_distance": "0", "cloudiness": 54.51809526409357, "fog_density": 24.483638775912407, "wetness": 70.87752722755232, "precipitation_deposits": 27.91475762186658}}], "scenario_type": "Scenario57"}], "Town04": [{"available_event_configurations": [{"transform": {"pitch": "0", "x": -13.4, "y": -160, "yaw": 90, "z": 0}, "_start_distance": 17.183067082338326, "_actor_vel": 3.013687616544466, "_trigger_distance": 9.983366892193107, "_brake": 1.0, "weather": {"sun_altitude_angle": -88.85428155750216, "precipitation": 22.97692409691502, "wind_intensity": 94.69651722202089, "sun_azimuth_angle": 191.88832578948254, "fog_distance": "0", "cloudiness": 54.51809526409357, "fog_density": 24.483638775912407, "wetness": 70.87752722755232, "precipitation_deposits": 27.91475762186658}}], "scenario_type": "Scenario57"}], "Town03": [{"available_event_configurations": [{"transform": {"pitch": "0", "x": -88.5, "y": -90, "yaw": 90, "z": 0}, "_start_distance": 17.183067082338326, "_actor_vel": 3.013687616544466, "_trigger_distance": 9.983366892193107, "_brake": 1.0, "weather": {"sun_altitude_angle": -88.85428155750216, "precipitation": 22.97692409691502, "wind_intensity": 94.69651722202089, "sun_azimuth_angle": 191.88832578948254, "fog_distance": "0", "cloudiness": 54.51809526409357, "fog_density": 24.483638775912407, "wetness": 70.87752722755232, "precipitation_deposits": 27.91475762186658}}], "scenario_type": "Scenario57"}], "Town06": [{"available_event_configurations": [{"transform": {"pitch": "0", "x": 8.4, "y": 220, "yaw": -90, "z": 0}, "_start_distance": 17.183067082338326, "_actor_vel": 3.013687616544466, "_trigger_distance": 9.983366892193107, "_brake": 1.0, "weather": {"sun_altitude_angle": -88.85428155750216, "precipitation": 22.97692409691502, "wind_intensity": 94.69651722202089, "sun_azimuth_angle": 191.88832578948254, "fog_distance": "0", "cloudiness": 54.51809526409357, "fog_density": 24.483638775912407, "wetness": 70.87752722755232, "precipitation_deposits": 27.91475762186658}}], "scenario_type": "Scenario57"}]}]}