{"available_scenarios": [{"Town05": [{"available_event_configurations": [{"transform": {"pitch": "0", "x": 35, "y": 70, "yaw": -90, "z": 0}, "_start_distance": 16.78695445402534, "_actor_vel": 3.105333720750841, "_trigger_distance": 6.6257883218859694, "_brake": 1.0, "weather": {"sun_altitude_angle": 47.04301596169677, "precipitation": 5.242382835991477, "wind_intensity": 94.17158748682462, "sun_azimuth_angle": 222.49526222203443, "fog_distance": "0", "cloudiness": 39.89537608291286, "fog_density": 32.27056205027746, "wetness": 41.09267995745963, "precipitation_deposits": 5.653946862311887}}], "scenario_type": "Scenario57"}], "Town04": [{"available_event_configurations": [{"transform": {"pitch": "0", "x": -13.4, "y": -160, "yaw": 90, "z": 0}, "_start_distance": 16.78695445402534, "_actor_vel": 3.105333720750841, "_trigger_distance": 6.6257883218859694, "_brake": 1.0, "weather": {"sun_altitude_angle": 47.04301596169677, "precipitation": 5.242382835991477, "wind_intensity": 94.17158748682462, "sun_azimuth_angle": 222.49526222203443, "fog_distance": "0", "cloudiness": 39.89537608291286, "fog_density": 32.27056205027746, "wetness": 41.09267995745963, "precipitation_deposits": 5.653946862311887}}], "scenario_type": "Scenario57"}], "Town03": [{"available_event_configurations": [{"transform": {"pitch": "0", "x": -88.5, "y": -90, "yaw": 90, "z": 0}, "_start_distance": 16.78695445402534, "_actor_vel": 3.105333720750841, "_trigger_distance": 6.6257883218859694, "_brake": 1.0, "weather": {"sun_altitude_angle": 47.04301596169677, "precipitation": 5.242382835991477, "wind_intensity": 94.17158748682462, "sun_azimuth_angle": 222.49526222203443, "fog_distance": "0", "cloudiness": 39.89537608291286, "fog_density": 32.27056205027746, "wetness": 41.09267995745963, "precipitation_deposits": 5.653946862311887}}], "scenario_type": "Scenario57"}], "Town06": [{"available_event_configurations": [{"transform": {"pitch": "0", "x": 8.4, "y": 220, "yaw": -90, "z": 0}, "_start_distance": 16.78695445402534, "_actor_vel": 3.105333720750841, "_trigger_distance": 6.6257883218859694, "_brake": 1.0, "weather": {"sun_altitude_angle": 47.04301596169677, "precipitation": 5.242382835991477, "wind_intensity": 94.17158748682462, "sun_azimuth_angle": 222.49526222203443, "fog_distance": "0", "cloudiness": 39.89537608291286, "fog_density": 32.27056205027746, "wetness": 41.09267995745963, "precipitation_deposits": 5.653946862311887}}], "scenario_type": "Scenario57"}]}]}