{"available_scenarios": [{"Town05": [{"available_event_configurations": [{"transform": {"pitch": "0", "x": 35, "y": 70, "yaw": -90, "z": 0}, "_start_distance": 18.56299706123701, "_actor_vel": 3.730704401008755, "_trigger_distance": 6.504429369199034, "_brake": 1.0, "weather": {"sun_altitude_angle": -72.64771970999897, "precipitation": 24.657442830693522, "wind_intensity": 77.52576918428868, "sun_azimuth_angle": 335.52899187833924, "fog_distance": "0", "cloudiness": 90.42072717130466, "fog_density": 32.65488270041128, "wetness": 17.929043161515935, "precipitation_deposits": 1.4298295003563832}}], "scenario_type": "Scenario57"}], "Town04": [{"available_event_configurations": [{"transform": {"pitch": "0", "x": -13.4, "y": -160, "yaw": 90, "z": 0}, "_start_distance": 18.56299706123701, "_actor_vel": 3.730704401008755, "_trigger_distance": 6.504429369199034, "_brake": 1.0, "weather": {"sun_altitude_angle": -72.64771970999897, "precipitation": 24.657442830693522, "wind_intensity": 77.52576918428868, "sun_azimuth_angle": 335.52899187833924, "fog_distance": "0", "cloudiness": 90.42072717130466, "fog_density": 32.65488270041128, "wetness": 17.929043161515935, "precipitation_deposits": 1.4298295003563832}}], "scenario_type": "Scenario57"}], "Town03": [{"available_event_configurations": [{"transform": {"pitch": "0", "x": -88.5, "y": -90, "yaw": 90, "z": 0}, "_start_distance": 18.56299706123701, "_actor_vel": 3.730704401008755, "_trigger_distance": 6.504429369199034, "_brake": 1.0, "weather": {"sun_altitude_angle": -72.64771970999897, "precipitation": 24.657442830693522, "wind_intensity": 77.52576918428868, "sun_azimuth_angle": 335.52899187833924, "fog_distance": "0", "cloudiness": 90.42072717130466, "fog_density": 32.65488270041128, "wetness": 17.929043161515935, "precipitation_deposits": 1.4298295003563832}}], "scenario_type": "Scenario57"}], "Town06": [{"available_event_configurations": [{"transform": {"pitch": "0", "x": 8.4, "y": 220, "yaw": -90, "z": 0}, "_start_distance": 18.56299706123701, "_actor_vel": 3.730704401008755, "_trigger_distance": 6.504429369199034, "_brake": 1.0, "weather": {"sun_altitude_angle": -72.64771970999897, "precipitation": 24.657442830693522, "wind_intensity": 77.52576918428868, "sun_azimuth_angle": 335.52899187833924, "fog_distance": "0", "cloudiness": 90.42072717130466, "fog_density": 32.65488270041128, "wetness": 17.929043161515935, "precipitation_deposits": 1.4298295003563832}}], "scenario_type": "Scenario57"}]}]}