{"available_scenarios": [{"Town05": [{"available_event_configurations": [{"transform": {"pitch": "0", "x": 35, "y": 70, "yaw": -90, "z": 0}, "_start_distance": 18.202364726946502, "_actor_vel": 3.8304083836813514, "_trigger_distance": 7.05494827473013, "_brake": 1.0, "weather": {"sun_altitude_angle": 8.252516261324232, "precipitation": 84.23818419672394, "wind_intensity": 2.296997238102061, "sun_azimuth_angle": 181.93333923187328, "fog_distance": "0", "cloudiness": 63.890055424288676, "fog_density": 62.11367336016335, "wetness": 95.56972206245614, "precipitation_deposits": 8.549344392606418}}], "scenario_type": "Scenario57"}], "Town04": [{"available_event_configurations": [{"transform": {"pitch": "0", "x": -13.4, "y": -160, "yaw": 90, "z": 0}, "_start_distance": 18.202364726946502, "_actor_vel": 3.8304083836813514, "_trigger_distance": 7.05494827473013, "_brake": 1.0, "weather": {"sun_altitude_angle": 8.252516261324232, "precipitation": 84.23818419672394, "wind_intensity": 2.296997238102061, "sun_azimuth_angle": 181.93333923187328, "fog_distance": "0", "cloudiness": 63.890055424288676, "fog_density": 62.11367336016335, "wetness": 95.56972206245614, "precipitation_deposits": 8.549344392606418}}], "scenario_type": "Scenario57"}], "Town03": [{"available_event_configurations": [{"transform": {"pitch": "0", "x": -88.5, "y": -90, "yaw": 90, "z": 0}, "_start_distance": 18.202364726946502, "_actor_vel": 3.8304083836813514, "_trigger_distance": 7.05494827473013, "_brake": 1.0, "weather": {"sun_altitude_angle": 8.252516261324232, "precipitation": 84.23818419672394, "wind_intensity": 2.296997238102061, "sun_azimuth_angle": 181.93333923187328, "fog_distance": "0", "cloudiness": 63.890055424288676, "fog_density": 62.11367336016335, "wetness": 95.56972206245614, "precipitation_deposits": 8.549344392606418}}], "scenario_type": "Scenario57"}], "Town06": [{"available_event_configurations": [{"transform": {"pitch": "0", "x": 8.4, "y": 220, "yaw": -90, "z": 0}, "_start_distance": 18.202364726946502, "_actor_vel": 3.8304083836813514, "_trigger_distance": 7.05494827473013, "_brake": 1.0, "weather": {"sun_altitude_angle": 8.252516261324232, "precipitation": 84.23818419672394, "wind_intensity": 2.296997238102061, "sun_azimuth_angle": 181.93333923187328, "fog_distance": "0", "cloudiness": 63.890055424288676, "fog_density": 62.11367336016335, "wetness": 95.56972206245614, "precipitation_deposits": 8.549344392606418}}], "scenario_type": "Scenario57"}]}]}