{"available_scenarios": [{"Town05": [{"available_event_configurations": [{"transform": {"pitch": "0", "x": 35, "y": 70, "yaw": -90, "z": 0}, "_start_distance": 19.548383565578163, "_actor_vel": 3.791301485288572, "_trigger_distance": 9.059836858817514, "_brake": 1.0, "weather": {"sun_altitude_angle": -11.069665452214664, "precipitation": 84.84031913938162, "wind_intensity": 46.853226212327804, "sun_azimuth_angle": 274.2143846652002, "fog_distance": "0", "cloudiness": 63.93592926357601, "fog_density": 70.49060919464534, "wetness": 90.02107683578, "precipitation_deposits": 44.76429311438178}}], "scenario_type": "Scenario57"}], "Town04": [{"available_event_configurations": [{"transform": {"pitch": "0", "x": -13.4, "y": -160, "yaw": 90, "z": 0}, "_start_distance": 19.548383565578163, "_actor_vel": 3.791301485288572, "_trigger_distance": 9.059836858817514, "_brake": 1.0, "weather": {"sun_altitude_angle": -11.069665452214664, "precipitation": 84.84031913938162, "wind_intensity": 46.853226212327804, "sun_azimuth_angle": 274.2143846652002, "fog_distance": "0", "cloudiness": 63.93592926357601, "fog_density": 70.49060919464534, "wetness": 90.02107683578, "precipitation_deposits": 44.76429311438178}}], "scenario_type": "Scenario57"}], "Town03": [{"available_event_configurations": [{"transform": {"pitch": "0", "x": -88.5, "y": -90, "yaw": 90, "z": 0}, "_start_distance": 19.548383565578163, "_actor_vel": 3.791301485288572, "_trigger_distance": 9.059836858817514, "_brake": 1.0, "weather": {"sun_altitude_angle": -11.069665452214664, "precipitation": 84.84031913938162, "wind_intensity": 46.853226212327804, "sun_azimuth_angle": 274.2143846652002, "fog_distance": "0", "cloudiness": 63.93592926357601, "fog_density": 70.49060919464534, "wetness": 90.02107683578, "precipitation_deposits": 44.76429311438178}}], "scenario_type": "Scenario57"}], "Town06": [{"available_event_configurations": [{"transform": {"pitch": "0", "x": 8.4, "y": 220, "yaw": -90, "z": 0}, "_start_distance": 19.548383565578163, "_actor_vel": 3.791301485288572, "_trigger_distance": 9.059836858817514, "_brake": 1.0, "weather": {"sun_altitude_angle": -11.069665452214664, "precipitation": 84.84031913938162, "wind_intensity": 46.853226212327804, "sun_azimuth_angle": 274.2143846652002, "fog_distance": "0", "cloudiness": 63.93592926357601, "fog_density": 70.49060919464534, "wetness": 90.02107683578, "precipitation_deposits": 44.76429311438178}}], "scenario_type": "Scenario57"}]}]}