{"available_scenarios": [{"Town05": [{"available_event_configurations": [{"transform": {"pitch": "0", "x": 35, "y": 70, "yaw": -90, "z": 0}, "_start_distance": 15.229533455114193, "_actor_vel": 3.534511433795875, "_trigger_distance": 6.681943782814187, "_brake": 1.0, "weather": {"sun_altitude_angle": -14.334807975014897, "precipitation": 31.37642325249883, "wind_intensity": 31.970978238554515, "sun_azimuth_angle": 78.40863299227895, "fog_distance": "0", "cloudiness": 77.09891301481659, "fog_density": 14.48124712740697, "wetness": 34.634059575214124, "precipitation_deposits": 19.221498393382987}}], "scenario_type": "Scenario57"}], "Town04": [{"available_event_configurations": [{"transform": {"pitch": "0", "x": -13.4, "y": -160, "yaw": 90, "z": 0}, "_start_distance": 15.229533455114193, "_actor_vel": 3.534511433795875, "_trigger_distance": 6.681943782814187, "_brake": 1.0, "weather": {"sun_altitude_angle": -14.334807975014897, "precipitation": 31.37642325249883, "wind_intensity": 31.970978238554515, "sun_azimuth_angle": 78.40863299227895, "fog_distance": "0", "cloudiness": 77.09891301481659, "fog_density": 14.48124712740697, "wetness": 34.634059575214124, "precipitation_deposits": 19.221498393382987}}], "scenario_type": "Scenario57"}], "Town03": [{"available_event_configurations": [{"transform": {"pitch": "0", "x": -88.5, "y": -90, "yaw": 90, "z": 0}, "_start_distance": 15.229533455114193, "_actor_vel": 3.534511433795875, "_trigger_distance": 6.681943782814187, "_brake": 1.0, "weather": {"sun_altitude_angle": -14.334807975014897, "precipitation": 31.37642325249883, "wind_intensity": 31.970978238554515, "sun_azimuth_angle": 78.40863299227895, "fog_distance": "0", "cloudiness": 77.09891301481659, "fog_density": 14.48124712740697, "wetness": 34.634059575214124, "precipitation_deposits": 19.221498393382987}}], "scenario_type": "Scenario57"}], "Town06": [{"available_event_configurations": [{"transform": {"pitch": "0", "x": 8.4, "y": 220, "yaw": -90, "z": 0}, "_start_distance": 15.229533455114193, "_actor_vel": 3.534511433795875, "_trigger_distance": 6.681943782814187, "_brake": 1.0, "weather": {"sun_altitude_angle": -14.334807975014897, "precipitation": 31.37642325249883, "wind_intensity": 31.970978238554515, "sun_azimuth_angle": 78.40863299227895, "fog_distance": "0", "cloudiness": 77.09891301481659, "fog_density": 14.48124712740697, "wetness": 34.634059575214124, "precipitation_deposits": 19.221498393382987}}], "scenario_type": "Scenario57"}]}]}