{"available_scenarios": [{"Town05": [{"available_event_configurations": [{"transform": {"pitch": "0", "x": 35, "y": 70, "yaw": -90, "z": 0}, "_start_distance": 15.183117011276392, "_actor_vel": 3.572251488065999, "_trigger_distance": 9.977055965433305, "_brake": 1.0, "weather": {"sun_altitude_angle": -85.41900299008762, "precipitation": 76.252957189051, "wind_intensity": 54.786666278492504, "sun_azimuth_angle": 302.32455407428273, "fog_distance": "0", "cloudiness": 85.4531822463863, "fog_density": 57.11123907117371, "wetness": 73.90437681614304, "precipitation_deposits": 25.503842406356004}}], "scenario_type": "Scenario57"}], "Town04": [{"available_event_configurations": [{"transform": {"pitch": "0", "x": -13.4, "y": -160, "yaw": 90, "z": 0}, "_start_distance": 15.183117011276392, "_actor_vel": 3.572251488065999, "_trigger_distance": 9.977055965433305, "_brake": 1.0, "weather": {"sun_altitude_angle": -85.41900299008762, "precipitation": 76.252957189051, "wind_intensity": 54.786666278492504, "sun_azimuth_angle": 302.32455407428273, "fog_distance": "0", "cloudiness": 85.4531822463863, "fog_density": 57.11123907117371, "wetness": 73.90437681614304, "precipitation_deposits": 25.503842406356004}}], "scenario_type": "Scenario57"}], "Town03": [{"available_event_configurations": [{"transform": {"pitch": "0", "x": -88.5, "y": -90, "yaw": 90, "z": 0}, "_start_distance": 15.183117011276392, "_actor_vel": 3.572251488065999, "_trigger_distance": 9.977055965433305, "_brake": 1.0, "weather": {"sun_altitude_angle": -85.41900299008762, "precipitation": 76.252957189051, "wind_intensity": 54.786666278492504, "sun_azimuth_angle": 302.32455407428273, "fog_distance": "0", "cloudiness": 85.4531822463863, "fog_density": 57.11123907117371, "wetness": 73.90437681614304, "precipitation_deposits": 25.503842406356004}}], "scenario_type": "Scenario57"}], "Town06": [{"available_event_configurations": [{"transform": {"pitch": "0", "x": 8.4, "y": 220, "yaw": -90, "z": 0}, "_start_distance": 15.183117011276392, "_actor_vel": 3.572251488065999, "_trigger_distance": 9.977055965433305, "_brake": 1.0, "weather": {"sun_altitude_angle": -85.41900299008762, "precipitation": 76.252957189051, "wind_intensity": 54.786666278492504, "sun_azimuth_angle": 302.32455407428273, "fog_distance": "0", "cloudiness": 85.4531822463863, "fog_density": 57.11123907117371, "wetness": 73.90437681614304, "precipitation_deposits": 25.503842406356004}}], "scenario_type": "Scenario57"}]}]}