{"available_scenarios": [{"Town05": [{"available_event_configurations": [{"transform": {"pitch": "0", "x": 35, "y": 70, "yaw": -90, "z": 0}, "_start_distance": 18.580191586910196, "_actor_vel": 2.1473192486766712, "_trigger_distance": 9.77201693650688, "_brake": 1.0, "weather": {"sun_altitude_angle": 83.93285934083465, "precipitation": 93.31432676707921, "wind_intensity": 70.75809214487482, "sun_azimuth_angle": 209.45717870627402, "fog_distance": "0", "cloudiness": 19.975844751500894, "fog_density": 31.78489229888767, "wetness": 18.382506155301826, "precipitation_deposits": 3.5203914678572534}}], "scenario_type": "Scenario57"}], "Town04": [{"available_event_configurations": [{"transform": {"pitch": "0", "x": -13.4, "y": -160, "yaw": 90, "z": 0}, "_start_distance": 18.580191586910196, "_actor_vel": 2.1473192486766712, "_trigger_distance": 9.77201693650688, "_brake": 1.0, "weather": {"sun_altitude_angle": 83.93285934083465, "precipitation": 93.31432676707921, "wind_intensity": 70.75809214487482, "sun_azimuth_angle": 209.45717870627402, "fog_distance": "0", "cloudiness": 19.975844751500894, "fog_density": 31.78489229888767, "wetness": 18.382506155301826, "precipitation_deposits": 3.5203914678572534}}], "scenario_type": "Scenario57"}], "Town03": [{"available_event_configurations": [{"transform": {"pitch": "0", "x": -88.5, "y": -90, "yaw": 90, "z": 0}, "_start_distance": 18.580191586910196, "_actor_vel": 2.1473192486766712, "_trigger_distance": 9.77201693650688, "_brake": 1.0, "weather": {"sun_altitude_angle": 83.93285934083465, "precipitation": 93.31432676707921, "wind_intensity": 70.75809214487482, "sun_azimuth_angle": 209.45717870627402, "fog_distance": "0", "cloudiness": 19.975844751500894, "fog_density": 31.78489229888767, "wetness": 18.382506155301826, "precipitation_deposits": 3.5203914678572534}}], "scenario_type": "Scenario57"}], "Town06": [{"available_event_configurations": [{"transform": {"pitch": "0", "x": 8.4, "y": 220, "yaw": -90, "z": 0}, "_start_distance": 18.580191586910196, "_actor_vel": 2.1473192486766712, "_trigger_distance": 9.77201693650688, "_brake": 1.0, "weather": {"sun_altitude_angle": 83.93285934083465, "precipitation": 93.31432676707921, "wind_intensity": 70.75809214487482, "sun_azimuth_angle": 209.45717870627402, "fog_distance": "0", "cloudiness": 19.975844751500894, "fog_density": 31.78489229888767, "wetness": 18.382506155301826, "precipitation_deposits": 3.5203914678572534}}], "scenario_type": "Scenario57"}]}]}