{"available_scenarios": [{"Town05": [{"available_event_configurations": [{"transform": {"pitch": "0", "x": 35, "y": 70, "yaw": -90, "z": 0}, "_start_distance": 16.532849328008584, "_actor_vel": 2.63235515414776, "_trigger_distance": 7.490163701555812, "_brake": 1.0, "weather": {"sun_altitude_angle": 40.765557375544574, "precipitation": 96.78706595031879, "wind_intensity": 47.139904138956325, "sun_azimuth_angle": 354.5596997354365, "fog_distance": "0", "cloudiness": 94.72608388618433, "fog_density": 40.5628317819692, "wetness": 66.76203765534467, "precipitation_deposits": 67.02295021275984}}], "scenario_type": "Scenario57"}], "Town04": [{"available_event_configurations": [{"transform": {"pitch": "0", "x": -13.4, "y": -160, "yaw": 90, "z": 0}, "_start_distance": 16.532849328008584, "_actor_vel": 2.63235515414776, "_trigger_distance": 7.490163701555812, "_brake": 1.0, "weather": {"sun_altitude_angle": 40.765557375544574, "precipitation": 96.78706595031879, "wind_intensity": 47.139904138956325, "sun_azimuth_angle": 354.5596997354365, "fog_distance": "0", "cloudiness": 94.72608388618433, "fog_density": 40.5628317819692, "wetness": 66.76203765534467, "precipitation_deposits": 67.02295021275984}}], "scenario_type": "Scenario57"}], "Town03": [{"available_event_configurations": [{"transform": {"pitch": "0", "x": -88.5, "y": -90, "yaw": 90, "z": 0}, "_start_distance": 16.532849328008584, "_actor_vel": 2.63235515414776, "_trigger_distance": 7.490163701555812, "_brake": 1.0, "weather": {"sun_altitude_angle": 40.765557375544574, "precipitation": 96.78706595031879, "wind_intensity": 47.139904138956325, "sun_azimuth_angle": 354.5596997354365, "fog_distance": "0", "cloudiness": 94.72608388618433, "fog_density": 40.5628317819692, "wetness": 66.76203765534467, "precipitation_deposits": 67.02295021275984}}], "scenario_type": "Scenario57"}], "Town06": [{"available_event_configurations": [{"transform": {"pitch": "0", "x": 8.4, "y": 220, "yaw": -90, "z": 0}, "_start_distance": 16.532849328008584, "_actor_vel": 2.63235515414776, "_trigger_distance": 7.490163701555812, "_brake": 1.0, "weather": {"sun_altitude_angle": 40.765557375544574, "precipitation": 96.78706595031879, "wind_intensity": 47.139904138956325, "sun_azimuth_angle": 354.5596997354365, "fog_distance": "0", "cloudiness": 94.72608388618433, "fog_density": 40.5628317819692, "wetness": 66.76203765534467, "precipitation_deposits": 67.02295021275984}}], "scenario_type": "Scenario57"}]}]}