{"available_scenarios": [{"Town05": [{"available_event_configurations": [{"transform": {"pitch": "0", "x": 35, "y": 70, "yaw": -90, "z": 0}, "_start_distance": 17.64598561168468, "_actor_vel": 2.6705980260466005, "_trigger_distance": 8.146835571192408, "_brake": 1.0, "weather": {"sun_altitude_angle": 75.01196029276221, "precipitation": 68.4027787527561, "wind_intensity": 86.84663711685332, "sun_azimuth_angle": 173.7623933971567, "fog_distance": "0", "cloudiness": 88.31976905520213, "fog_density": 87.2028929271725, "wetness": 78.89525191158594, "precipitation_deposits": 23.945036485615944}}], "scenario_type": "Scenario57"}], "Town04": [{"available_event_configurations": [{"transform": {"pitch": "0", "x": -13.4, "y": -160, "yaw": 90, "z": 0}, "_start_distance": 17.64598561168468, "_actor_vel": 2.6705980260466005, "_trigger_distance": 8.146835571192408, "_brake": 1.0, "weather": {"sun_altitude_angle": 75.01196029276221, "precipitation": 68.4027787527561, "wind_intensity": 86.84663711685332, "sun_azimuth_angle": 173.7623933971567, "fog_distance": "0", "cloudiness": 88.31976905520213, "fog_density": 87.2028929271725, "wetness": 78.89525191158594, "precipitation_deposits": 23.945036485615944}}], "scenario_type": "Scenario57"}], "Town03": [{"available_event_configurations": [{"transform": {"pitch": "0", "x": -88.5, "y": -90, "yaw": 90, "z": 0}, "_start_distance": 17.64598561168468, "_actor_vel": 2.6705980260466005, "_trigger_distance": 8.146835571192408, "_brake": 1.0, "weather": {"sun_altitude_angle": 75.01196029276221, "precipitation": 68.4027787527561, "wind_intensity": 86.84663711685332, "sun_azimuth_angle": 173.7623933971567, "fog_distance": "0", "cloudiness": 88.31976905520213, "fog_density": 87.2028929271725, "wetness": 78.89525191158594, "precipitation_deposits": 23.945036485615944}}], "scenario_type": "Scenario57"}], "Town06": [{"available_event_configurations": [{"transform": {"pitch": "0", "x": 8.4, "y": 220, "yaw": -90, "z": 0}, "_start_distance": 17.64598561168468, "_actor_vel": 2.6705980260466005, "_trigger_distance": 8.146835571192408, "_brake": 1.0, "weather": {"sun_altitude_angle": 75.01196029276221, "precipitation": 68.4027787527561, "wind_intensity": 86.84663711685332, "sun_azimuth_angle": 173.7623933971567, "fog_distance": "0", "cloudiness": 88.31976905520213, "fog_density": 87.2028929271725, "wetness": 78.89525191158594, "precipitation_deposits": 23.945036485615944}}], "scenario_type": "Scenario57"}]}]}