{"available_scenarios": [{"Town05": [{"available_event_configurations": [{"transform": {"pitch": "0", "x": 35, "y": 70, "yaw": -90, "z": 0}, "_start_distance": 18.82316108728132, "_actor_vel": 2.07865926041091, "_trigger_distance": 7.817437981288907, "_brake": 1.0, "weather": {"sun_altitude_angle": 84.54449314181065, "precipitation": 50.53511107857786, "wind_intensity": 55.64273065074828, "sun_azimuth_angle": 244.8393213219255, "fog_distance": "0", "cloudiness": 12.784742095118185, "fog_density": 10.829796687288518, "wetness": 42.06821529419172, "precipitation_deposits": 96.59865051754973}}], "scenario_type": "Scenario57"}], "Town04": [{"available_event_configurations": [{"transform": {"pitch": "0", "x": -13.4, "y": -160, "yaw": 90, "z": 0}, "_start_distance": 18.82316108728132, "_actor_vel": 2.07865926041091, "_trigger_distance": 7.817437981288907, "_brake": 1.0, "weather": {"sun_altitude_angle": 84.54449314181065, "precipitation": 50.53511107857786, "wind_intensity": 55.64273065074828, "sun_azimuth_angle": 244.8393213219255, "fog_distance": "0", "cloudiness": 12.784742095118185, "fog_density": 10.829796687288518, "wetness": 42.06821529419172, "precipitation_deposits": 96.59865051754973}}], "scenario_type": "Scenario57"}], "Town03": [{"available_event_configurations": [{"transform": {"pitch": "0", "x": -88.5, "y": -90, "yaw": 90, "z": 0}, "_start_distance": 18.82316108728132, "_actor_vel": 2.07865926041091, "_trigger_distance": 7.817437981288907, "_brake": 1.0, "weather": {"sun_altitude_angle": 84.54449314181065, "precipitation": 50.53511107857786, "wind_intensity": 55.64273065074828, "sun_azimuth_angle": 244.8393213219255, "fog_distance": "0", "cloudiness": 12.784742095118185, "fog_density": 10.829796687288518, "wetness": 42.06821529419172, "precipitation_deposits": 96.59865051754973}}], "scenario_type": "Scenario57"}], "Town06": [{"available_event_configurations": [{"transform": {"pitch": "0", "x": 8.4, "y": 220, "yaw": -90, "z": 0}, "_start_distance": 18.82316108728132, "_actor_vel": 2.07865926041091, "_trigger_distance": 7.817437981288907, "_brake": 1.0, "weather": {"sun_altitude_angle": 84.54449314181065, "precipitation": 50.53511107857786, "wind_intensity": 55.64273065074828, "sun_azimuth_angle": 244.8393213219255, "fog_distance": "0", "cloudiness": 12.784742095118185, "fog_density": 10.829796687288518, "wetness": 42.06821529419172, "precipitation_deposits": 96.59865051754973}}], "scenario_type": "Scenario57"}]}]}