{"available_scenarios": [{"Town05": [{"available_event_configurations": [{"transform": {"pitch": "0", "x": 35, "y": 70, "yaw": -90, "z": 0}, "_start_distance": 16.267720219033354, "_actor_vel": 2.06078801210249, "_trigger_distance": 7.365864590160636, "_brake": 1.0, "weather": {"sun_altitude_angle": 6.995703850632424, "precipitation": 34.82431021627036, "wind_intensity": 14.046707767153455, "sun_azimuth_angle": 356.45580506642494, "fog_distance": "0", "cloudiness": 67.44343888924296, "fog_density": 97.5890886612209, "wetness": 11.656249063796087, "precipitation_deposits": 62.07329218793214}}], "scenario_type": "Scenario57"}], "Town04": [{"available_event_configurations": [{"transform": {"pitch": "0", "x": -13.4, "y": -160, "yaw": 90, "z": 0}, "_start_distance": 16.267720219033354, "_actor_vel": 2.06078801210249, "_trigger_distance": 7.365864590160636, "_brake": 1.0, "weather": {"sun_altitude_angle": 6.995703850632424, "precipitation": 34.82431021627036, "wind_intensity": 14.046707767153455, "sun_azimuth_angle": 356.45580506642494, "fog_distance": "0", "cloudiness": 67.44343888924296, "fog_density": 97.5890886612209, "wetness": 11.656249063796087, "precipitation_deposits": 62.07329218793214}}], "scenario_type": "Scenario57"}], "Town03": [{"available_event_configurations": [{"transform": {"pitch": "0", "x": -88.5, "y": -90, "yaw": 90, "z": 0}, "_start_distance": 16.267720219033354, "_actor_vel": 2.06078801210249, "_trigger_distance": 7.365864590160636, "_brake": 1.0, "weather": {"sun_altitude_angle": 6.995703850632424, "precipitation": 34.82431021627036, "wind_intensity": 14.046707767153455, "sun_azimuth_angle": 356.45580506642494, "fog_distance": "0", "cloudiness": 67.44343888924296, "fog_density": 97.5890886612209, "wetness": 11.656249063796087, "precipitation_deposits": 62.07329218793214}}], "scenario_type": "Scenario57"}], "Town06": [{"available_event_configurations": [{"transform": {"pitch": "0", "x": 8.4, "y": 220, "yaw": -90, "z": 0}, "_start_distance": 16.267720219033354, "_actor_vel": 2.06078801210249, "_trigger_distance": 7.365864590160636, "_brake": 1.0, "weather": {"sun_altitude_angle": 6.995703850632424, "precipitation": 34.82431021627036, "wind_intensity": 14.046707767153455, "sun_azimuth_angle": 356.45580506642494, "fog_distance": "0", "cloudiness": 67.44343888924296, "fog_density": 97.5890886612209, "wetness": 11.656249063796087, "precipitation_deposits": 62.07329218793214}}], "scenario_type": "Scenario57"}]}]}