{"available_scenarios": [{"Town05": [{"available_event_configurations": [{"transform": {"pitch": "0", "x": 35, "y": 70, "yaw": -90, "z": 0}, "_start_distance": 16.287389935789754, "_actor_vel": 2.8214906198112155, "_trigger_distance": 6.522296665597262, "_brake": 1.0, "weather": {"sun_altitude_angle": 40.32561896304432, "precipitation": 51.922816821716026, "wind_intensity": 10.121757260207575, "sun_azimuth_angle": 284.5986942891383, "fog_distance": "0", "cloudiness": 66.79691946228459, "fog_density": 31.341425308902327, "wetness": 94.95225138849487, "precipitation_deposits": 22.857167932723588}}], "scenario_type": "Scenario57"}], "Town04": [{"available_event_configurations": [{"transform": {"pitch": "0", "x": -13.4, "y": -160, "yaw": 90, "z": 0}, "_start_distance": 16.287389935789754, "_actor_vel": 2.8214906198112155, "_trigger_distance": 6.522296665597262, "_brake": 1.0, "weather": {"sun_altitude_angle": 40.32561896304432, "precipitation": 51.922816821716026, "wind_intensity": 10.121757260207575, "sun_azimuth_angle": 284.5986942891383, "fog_distance": "0", "cloudiness": 66.79691946228459, "fog_density": 31.341425308902327, "wetness": 94.95225138849487, "precipitation_deposits": 22.857167932723588}}], "scenario_type": "Scenario57"}], "Town03": [{"available_event_configurations": [{"transform": {"pitch": "0", "x": -88.5, "y": -90, "yaw": 90, "z": 0}, "_start_distance": 16.287389935789754, "_actor_vel": 2.8214906198112155, "_trigger_distance": 6.522296665597262, "_brake": 1.0, "weather": {"sun_altitude_angle": 40.32561896304432, "precipitation": 51.922816821716026, "wind_intensity": 10.121757260207575, "sun_azimuth_angle": 284.5986942891383, "fog_distance": "0", "cloudiness": 66.79691946228459, "fog_density": 31.341425308902327, "wetness": 94.95225138849487, "precipitation_deposits": 22.857167932723588}}], "scenario_type": "Scenario57"}], "Town06": [{"available_event_configurations": [{"transform": {"pitch": "0", "x": 8.4, "y": 220, "yaw": -90, "z": 0}, "_start_distance": 16.287389935789754, "_actor_vel": 2.8214906198112155, "_trigger_distance": 6.522296665597262, "_brake": 1.0, "weather": {"sun_altitude_angle": 40.32561896304432, "precipitation": 51.922816821716026, "wind_intensity": 10.121757260207575, "sun_azimuth_angle": 284.5986942891383, "fog_distance": "0", "cloudiness": 66.79691946228459, "fog_density": 31.341425308902327, "wetness": 94.95225138849487, "precipitation_deposits": 22.857167932723588}}], "scenario_type": "Scenario57"}]}]}