{"available_scenarios": [{"Town05": [{"available_event_configurations": [{"transform": {"pitch": "0", "x": 35, "y": 70, "yaw": -90, "z": 0}, "_start_distance": 18.860266172257724, "_actor_vel": 2.6519310527007067, "_trigger_distance": 8.029982039843134, "_brake": 1.0, "weather": {"sun_altitude_angle": 0.12163413448355698, "precipitation": 23.7149115198127, "wind_intensity": 24.126562759433856, "sun_azimuth_angle": 263.2525189178977, "fog_distance": "0", "cloudiness": 52.861965085631525, "fog_density": 9.35292150084881, "wetness": 88.95328162572093, "precipitation_deposits": 8.42961263015819}}], "scenario_type": "Scenario57"}], "Town04": [{"available_event_configurations": [{"transform": {"pitch": "0", "x": -13.4, "y": -160, "yaw": 90, "z": 0}, "_start_distance": 18.860266172257724, "_actor_vel": 2.6519310527007067, "_trigger_distance": 8.029982039843134, "_brake": 1.0, "weather": {"sun_altitude_angle": 0.12163413448355698, "precipitation": 23.7149115198127, "wind_intensity": 24.126562759433856, "sun_azimuth_angle": 263.2525189178977, "fog_distance": "0", "cloudiness": 52.861965085631525, "fog_density": 9.35292150084881, "wetness": 88.95328162572093, "precipitation_deposits": 8.42961263015819}}], "scenario_type": "Scenario57"}], "Town03": [{"available_event_configurations": [{"transform": {"pitch": "0", "x": -88.5, "y": -90, "yaw": 90, "z": 0}, "_start_distance": 18.860266172257724, "_actor_vel": 2.6519310527007067, "_trigger_distance": 8.029982039843134, "_brake": 1.0, "weather": {"sun_altitude_angle": 0.12163413448355698, "precipitation": 23.7149115198127, "wind_intensity": 24.126562759433856, "sun_azimuth_angle": 263.2525189178977, "fog_distance": "0", "cloudiness": 52.861965085631525, "fog_density": 9.35292150084881, "wetness": 88.95328162572093, "precipitation_deposits": 8.42961263015819}}], "scenario_type": "Scenario57"}], "Town06": [{"available_event_configurations": [{"transform": {"pitch": "0", "x": 8.4, "y": 220, "yaw": -90, "z": 0}, "_start_distance": 18.860266172257724, "_actor_vel": 2.6519310527007067, "_trigger_distance": 8.029982039843134, "_brake": 1.0, "weather": {"sun_altitude_angle": 0.12163413448355698, "precipitation": 23.7149115198127, "wind_intensity": 24.126562759433856, "sun_azimuth_angle": 263.2525189178977, "fog_distance": "0", "cloudiness": 52.861965085631525, "fog_density": 9.35292150084881, "wetness": 88.95328162572093, "precipitation_deposits": 8.42961263015819}}], "scenario_type": "Scenario57"}]}]}