{"available_scenarios": [{"Town05": [{"available_event_configurations": [{"transform": {"pitch": "0", "x": 35, "y": 70, "yaw": -90, "z": 0}, "_start_distance": 19.17874159665965, "_actor_vel": 2.63496937655692, "_trigger_distance": 9.254842286529236, "_brake": 1.0, "weather": {"sun_altitude_angle": 8.347398425881707, "precipitation": 8.43920560787087, "wind_intensity": 90.84998037352268, "sun_azimuth_angle": 253.02134990182378, "fog_distance": "0", "cloudiness": 78.78697213731616, "fog_density": 18.924157055351188, "wetness": 20.34430960054443, "precipitation_deposits": 98.32086126399123}}], "scenario_type": "Scenario57"}], "Town04": [{"available_event_configurations": [{"transform": {"pitch": "0", "x": -13.4, "y": -160, "yaw": 90, "z": 0}, "_start_distance": 19.17874159665965, "_actor_vel": 2.63496937655692, "_trigger_distance": 9.254842286529236, "_brake": 1.0, "weather": {"sun_altitude_angle": 8.347398425881707, "precipitation": 8.43920560787087, "wind_intensity": 90.84998037352268, "sun_azimuth_angle": 253.02134990182378, "fog_distance": "0", "cloudiness": 78.78697213731616, "fog_density": 18.924157055351188, "wetness": 20.34430960054443, "precipitation_deposits": 98.32086126399123}}], "scenario_type": "Scenario57"}], "Town03": [{"available_event_configurations": [{"transform": {"pitch": "0", "x": -88.5, "y": -90, "yaw": 90, "z": 0}, "_start_distance": 19.17874159665965, "_actor_vel": 2.63496937655692, "_trigger_distance": 9.254842286529236, "_brake": 1.0, "weather": {"sun_altitude_angle": 8.347398425881707, "precipitation": 8.43920560787087, "wind_intensity": 90.84998037352268, "sun_azimuth_angle": 253.02134990182378, "fog_distance": "0", "cloudiness": 78.78697213731616, "fog_density": 18.924157055351188, "wetness": 20.34430960054443, "precipitation_deposits": 98.32086126399123}}], "scenario_type": "Scenario57"}], "Town06": [{"available_event_configurations": [{"transform": {"pitch": "0", "x": 8.4, "y": 220, "yaw": -90, "z": 0}, "_start_distance": 19.17874159665965, "_actor_vel": 2.63496937655692, "_trigger_distance": 9.254842286529236, "_brake": 1.0, "weather": {"sun_altitude_angle": 8.347398425881707, "precipitation": 8.43920560787087, "wind_intensity": 90.84998037352268, "sun_azimuth_angle": 253.02134990182378, "fog_distance": "0", "cloudiness": 78.78697213731616, "fog_density": 18.924157055351188, "wetness": 20.34430960054443, "precipitation_deposits": 98.32086126399123}}], "scenario_type": "Scenario57"}]}]}