{"available_scenarios": [{"Town05": [{"available_event_configurations": [{"transform": {"pitch": "0", "x": 35, "y": 70, "yaw": -90, "z": 0}, "_start_distance": 16.184867671661582, "_actor_vel": 2.9408770466045673, "_trigger_distance": 7.043798057202395, "_brake": 1.0, "weather": {"sun_altitude_angle": 70.79263162468095, "precipitation": 90.62450531318704, "wind_intensity": 46.162310336319514, "sun_azimuth_angle": 163.51251314409242, "fog_distance": "0", "cloudiness": 65.2407819649586, "fog_density": 52.30532078601484, "wetness": 46.368677897406364, "precipitation_deposits": 44.738808652880245}}], "scenario_type": "Scenario57"}], "Town04": [{"available_event_configurations": [{"transform": {"pitch": "0", "x": -13.4, "y": -160, "yaw": 90, "z": 0}, "_start_distance": 16.184867671661582, "_actor_vel": 2.9408770466045673, "_trigger_distance": 7.043798057202395, "_brake": 1.0, "weather": {"sun_altitude_angle": 70.79263162468095, "precipitation": 90.62450531318704, "wind_intensity": 46.162310336319514, "sun_azimuth_angle": 163.51251314409242, "fog_distance": "0", "cloudiness": 65.2407819649586, "fog_density": 52.30532078601484, "wetness": 46.368677897406364, "precipitation_deposits": 44.738808652880245}}], "scenario_type": "Scenario57"}], "Town03": [{"available_event_configurations": [{"transform": {"pitch": "0", "x": -88.5, "y": -90, "yaw": 90, "z": 0}, "_start_distance": 16.184867671661582, "_actor_vel": 2.9408770466045673, "_trigger_distance": 7.043798057202395, "_brake": 1.0, "weather": {"sun_altitude_angle": 70.79263162468095, "precipitation": 90.62450531318704, "wind_intensity": 46.162310336319514, "sun_azimuth_angle": 163.51251314409242, "fog_distance": "0", "cloudiness": 65.2407819649586, "fog_density": 52.30532078601484, "wetness": 46.368677897406364, "precipitation_deposits": 44.738808652880245}}], "scenario_type": "Scenario57"}], "Town06": [{"available_event_configurations": [{"transform": {"pitch": "0", "x": 8.4, "y": 220, "yaw": -90, "z": 0}, "_start_distance": 16.184867671661582, "_actor_vel": 2.9408770466045673, "_trigger_distance": 7.043798057202395, "_brake": 1.0, "weather": {"sun_altitude_angle": 70.79263162468095, "precipitation": 90.62450531318704, "wind_intensity": 46.162310336319514, "sun_azimuth_angle": 163.51251314409242, "fog_distance": "0", "cloudiness": 65.2407819649586, "fog_density": 52.30532078601484, "wetness": 46.368677897406364, "precipitation_deposits": 44.738808652880245}}], "scenario_type": "Scenario57"}]}]}