{"available_scenarios": [{"Town05": [{"available_event_configurations": [{"transform": {"pitch": "0", "x": 35, "y": 70, "yaw": -90, "z": 0}, "_start_distance": 16.63338966900102, "_actor_vel": 3.7547011476642242, "_trigger_distance": 7.927503672502954, "_brake": 1.0, "weather": {"sun_altitude_angle": 69.02941370486667, "precipitation": 95.82408597912277, "wind_intensity": 95.80624878486107, "sun_azimuth_angle": 162.06578709859883, "fog_distance": "0", "cloudiness": 22.810265654330518, "fog_density": 31.53707129821871, "wetness": 86.0281033662738, "precipitation_deposits": 84.99147325873663}}], "scenario_type": "Scenario57"}], "Town04": [{"available_event_configurations": [{"transform": {"pitch": "0", "x": -13.4, "y": -160, "yaw": 90, "z": 0}, "_start_distance": 16.63338966900102, "_actor_vel": 3.7547011476642242, "_trigger_distance": 7.927503672502954, "_brake": 1.0, "weather": {"sun_altitude_angle": 69.02941370486667, "precipitation": 95.82408597912277, "wind_intensity": 95.80624878486107, "sun_azimuth_angle": 162.06578709859883, "fog_distance": "0", "cloudiness": 22.810265654330518, "fog_density": 31.53707129821871, "wetness": 86.0281033662738, "precipitation_deposits": 84.99147325873663}}], "scenario_type": "Scenario57"}], "Town03": [{"available_event_configurations": [{"transform": {"pitch": "0", "x": -88.5, "y": -90, "yaw": 90, "z": 0}, "_start_distance": 16.63338966900102, "_actor_vel": 3.7547011476642242, "_trigger_distance": 7.927503672502954, "_brake": 1.0, "weather": {"sun_altitude_angle": 69.02941370486667, "precipitation": 95.82408597912277, "wind_intensity": 95.80624878486107, "sun_azimuth_angle": 162.06578709859883, "fog_distance": "0", "cloudiness": 22.810265654330518, "fog_density": 31.53707129821871, "wetness": 86.0281033662738, "precipitation_deposits": 84.99147325873663}}], "scenario_type": "Scenario57"}], "Town06": [{"available_event_configurations": [{"transform": {"pitch": "0", "x": 8.4, "y": 220, "yaw": -90, "z": 0}, "_start_distance": 16.63338966900102, "_actor_vel": 3.7547011476642242, "_trigger_distance": 7.927503672502954, "_brake": 1.0, "weather": {"sun_altitude_angle": 69.02941370486667, "precipitation": 95.82408597912277, "wind_intensity": 95.80624878486107, "sun_azimuth_angle": 162.06578709859883, "fog_distance": "0", "cloudiness": 22.810265654330518, "fog_density": 31.53707129821871, "wetness": 86.0281033662738, "precipitation_deposits": 84.99147325873663}}], "scenario_type": "Scenario57"}]}]}