{"available_scenarios": [{"Town05": [{"available_event_configurations": [{"transform": {"pitch": "0", "x": 35, "y": 70, "yaw": -90, "z": 0}, "_start_distance": 16.152292192264717, "_actor_vel": 2.7749828265075642, "_trigger_distance": 6.738703081733829, "_brake": 1.0, "weather": {"sun_altitude_angle": 62.045424379648125, "precipitation": 94.63240080397927, "wind_intensity": 80.37514412785563, "sun_azimuth_angle": 166.81722088377572, "fog_distance": "0", "cloudiness": 59.38559419416681, "fog_density": 72.26747898734915, "wetness": 60.353898503434614, "precipitation_deposits": 92.90576046357855}}], "scenario_type": "Scenario57"}], "Town04": [{"available_event_configurations": [{"transform": {"pitch": "0", "x": -13.4, "y": -160, "yaw": 90, "z": 0}, "_start_distance": 16.152292192264717, "_actor_vel": 2.7749828265075642, "_trigger_distance": 6.738703081733829, "_brake": 1.0, "weather": {"sun_altitude_angle": 62.045424379648125, "precipitation": 94.63240080397927, "wind_intensity": 80.37514412785563, "sun_azimuth_angle": 166.81722088377572, "fog_distance": "0", "cloudiness": 59.38559419416681, "fog_density": 72.26747898734915, "wetness": 60.353898503434614, "precipitation_deposits": 92.90576046357855}}], "scenario_type": "Scenario57"}], "Town03": [{"available_event_configurations": [{"transform": {"pitch": "0", "x": -88.5, "y": -90, "yaw": 90, "z": 0}, "_start_distance": 16.152292192264717, "_actor_vel": 2.7749828265075642, "_trigger_distance": 6.738703081733829, "_brake": 1.0, "weather": {"sun_altitude_angle": 62.045424379648125, "precipitation": 94.63240080397927, "wind_intensity": 80.37514412785563, "sun_azimuth_angle": 166.81722088377572, "fog_distance": "0", "cloudiness": 59.38559419416681, "fog_density": 72.26747898734915, "wetness": 60.353898503434614, "precipitation_deposits": 92.90576046357855}}], "scenario_type": "Scenario57"}], "Town06": [{"available_event_configurations": [{"transform": {"pitch": "0", "x": 8.4, "y": 220, "yaw": -90, "z": 0}, "_start_distance": 16.152292192264717, "_actor_vel": 2.7749828265075642, "_trigger_distance": 6.738703081733829, "_brake": 1.0, "weather": {"sun_altitude_angle": 62.045424379648125, "precipitation": 94.63240080397927, "wind_intensity": 80.37514412785563, "sun_azimuth_angle": 166.81722088377572, "fog_distance": "0", "cloudiness": 59.38559419416681, "fog_density": 72.26747898734915, "wetness": 60.353898503434614, "precipitation_deposits": 92.90576046357855}}], "scenario_type": "Scenario57"}]}]}