{"available_scenarios": [{"Town05": [{"available_event_configurations": [{"transform": {"pitch": "0", "x": 35, "y": 70, "yaw": -90, "z": 0}, "_start_distance": 17.598023022718092, "_actor_vel": 2.1401546830697873, "_trigger_distance": 8.706904742140699, "_brake": 1.0, "weather": {"sun_altitude_angle": 86.02139848164552, "precipitation": 65.02671502557743, "wind_intensity": 36.877391799916424, "sun_azimuth_angle": 17.310735960391163, "fog_distance": "0", "cloudiness": 28.51837380034812, "fog_density": 76.34119268232439, "wetness": 17.927833477692413, "precipitation_deposits": 18.26893343756575}}], "scenario_type": "Scenario57"}], "Town04": [{"available_event_configurations": [{"transform": {"pitch": "0", "x": -13.4, "y": -160, "yaw": 90, "z": 0}, "_start_distance": 17.598023022718092, "_actor_vel": 2.1401546830697873, "_trigger_distance": 8.706904742140699, "_brake": 1.0, "weather": {"sun_altitude_angle": 86.02139848164552, "precipitation": 65.02671502557743, "wind_intensity": 36.877391799916424, "sun_azimuth_angle": 17.310735960391163, "fog_distance": "0", "cloudiness": 28.51837380034812, "fog_density": 76.34119268232439, "wetness": 17.927833477692413, "precipitation_deposits": 18.26893343756575}}], "scenario_type": "Scenario57"}], "Town03": [{"available_event_configurations": [{"transform": {"pitch": "0", "x": -88.5, "y": -90, "yaw": 90, "z": 0}, "_start_distance": 17.598023022718092, "_actor_vel": 2.1401546830697873, "_trigger_distance": 8.706904742140699, "_brake": 1.0, "weather": {"sun_altitude_angle": 86.02139848164552, "precipitation": 65.02671502557743, "wind_intensity": 36.877391799916424, "sun_azimuth_angle": 17.310735960391163, "fog_distance": "0", "cloudiness": 28.51837380034812, "fog_density": 76.34119268232439, "wetness": 17.927833477692413, "precipitation_deposits": 18.26893343756575}}], "scenario_type": "Scenario57"}], "Town06": [{"available_event_configurations": [{"transform": {"pitch": "0", "x": 8.4, "y": 220, "yaw": -90, "z": 0}, "_start_distance": 17.598023022718092, "_actor_vel": 2.1401546830697873, "_trigger_distance": 8.706904742140699, "_brake": 1.0, "weather": {"sun_altitude_angle": 86.02139848164552, "precipitation": 65.02671502557743, "wind_intensity": 36.877391799916424, "sun_azimuth_angle": 17.310735960391163, "fog_distance": "0", "cloudiness": 28.51837380034812, "fog_density": 76.34119268232439, "wetness": 17.927833477692413, "precipitation_deposits": 18.26893343756575}}], "scenario_type": "Scenario57"}]}]}