{"available_scenarios": [{"Town05": [{"available_event_configurations": [{"transform": {"pitch": "0", "x": 35, "y": 70, "yaw": -90, "z": 0}, "_start_distance": 17.42091472616386, "_actor_vel": 3.327139617893304, "_trigger_distance": 9.71443593022871, "_brake": 1.0, "weather": {"sun_altitude_angle": 19.136375991166503, "precipitation": 64.31387656839706, "wind_intensity": 42.58018758986727, "sun_azimuth_angle": 129.41191043527334, "fog_distance": "0", "cloudiness": 13.285944831646413, "fog_density": 22.31089842619601, "wetness": 60.339419513567584, "precipitation_deposits": 24.274325661344896}}], "scenario_type": "Scenario57"}], "Town04": [{"available_event_configurations": [{"transform": {"pitch": "0", "x": -13.4, "y": -160, "yaw": 90, "z": 0}, "_start_distance": 17.42091472616386, "_actor_vel": 3.327139617893304, "_trigger_distance": 9.71443593022871, "_brake": 1.0, "weather": {"sun_altitude_angle": 19.136375991166503, "precipitation": 64.31387656839706, "wind_intensity": 42.58018758986727, "sun_azimuth_angle": 129.41191043527334, "fog_distance": "0", "cloudiness": 13.285944831646413, "fog_density": 22.31089842619601, "wetness": 60.339419513567584, "precipitation_deposits": 24.274325661344896}}], "scenario_type": "Scenario57"}], "Town03": [{"available_event_configurations": [{"transform": {"pitch": "0", "x": -88.5, "y": -90, "yaw": 90, "z": 0}, "_start_distance": 17.42091472616386, "_actor_vel": 3.327139617893304, "_trigger_distance": 9.71443593022871, "_brake": 1.0, "weather": {"sun_altitude_angle": 19.136375991166503, "precipitation": 64.31387656839706, "wind_intensity": 42.58018758986727, "sun_azimuth_angle": 129.41191043527334, "fog_distance": "0", "cloudiness": 13.285944831646413, "fog_density": 22.31089842619601, "wetness": 60.339419513567584, "precipitation_deposits": 24.274325661344896}}], "scenario_type": "Scenario57"}], "Town06": [{"available_event_configurations": [{"transform": {"pitch": "0", "x": 8.4, "y": 220, "yaw": -90, "z": 0}, "_start_distance": 17.42091472616386, "_actor_vel": 3.327139617893304, "_trigger_distance": 9.71443593022871, "_brake": 1.0, "weather": {"sun_altitude_angle": 19.136375991166503, "precipitation": 64.31387656839706, "wind_intensity": 42.58018758986727, "sun_azimuth_angle": 129.41191043527334, "fog_distance": "0", "cloudiness": 13.285944831646413, "fog_density": 22.31089842619601, "wetness": 60.339419513567584, "precipitation_deposits": 24.274325661344896}}], "scenario_type": "Scenario57"}]}]}