{"available_scenarios": [{"Town05": [{"available_event_configurations": [{"transform": {"pitch": "0", "x": 35, "y": 70, "yaw": -90, "z": 0}, "_start_distance": 16.310022871627684, "_actor_vel": 3.1312435845530606, "_trigger_distance": 8.540731456765316, "_brake": 1.0, "weather": {"sun_altitude_angle": -57.12680853072186, "precipitation": 90.321906372293, "wind_intensity": 43.816783292315506, "sun_azimuth_angle": 74.23052045381824, "fog_distance": "0", "cloudiness": 83.3404965564434, "fog_density": 0.28459198810810715, "wetness": 92.04220893258716, "precipitation_deposits": 16.400090951613798}}], "scenario_type": "Scenario57"}], "Town04": [{"available_event_configurations": [{"transform": {"pitch": "0", "x": -13.4, "y": -160, "yaw": 90, "z": 0}, "_start_distance": 16.310022871627684, "_actor_vel": 3.1312435845530606, "_trigger_distance": 8.540731456765316, "_brake": 1.0, "weather": {"sun_altitude_angle": -57.12680853072186, "precipitation": 90.321906372293, "wind_intensity": 43.816783292315506, "sun_azimuth_angle": 74.23052045381824, "fog_distance": "0", "cloudiness": 83.3404965564434, "fog_density": 0.28459198810810715, "wetness": 92.04220893258716, "precipitation_deposits": 16.400090951613798}}], "scenario_type": "Scenario57"}], "Town03": [{"available_event_configurations": [{"transform": {"pitch": "0", "x": -88.5, "y": -90, "yaw": 90, "z": 0}, "_start_distance": 16.310022871627684, "_actor_vel": 3.1312435845530606, "_trigger_distance": 8.540731456765316, "_brake": 1.0, "weather": {"sun_altitude_angle": -57.12680853072186, "precipitation": 90.321906372293, "wind_intensity": 43.816783292315506, "sun_azimuth_angle": 74.23052045381824, "fog_distance": "0", "cloudiness": 83.3404965564434, "fog_density": 0.28459198810810715, "wetness": 92.04220893258716, "precipitation_deposits": 16.400090951613798}}], "scenario_type": "Scenario57"}], "Town06": [{"available_event_configurations": [{"transform": {"pitch": "0", "x": 8.4, "y": 220, "yaw": -90, "z": 0}, "_start_distance": 16.310022871627684, "_actor_vel": 3.1312435845530606, "_trigger_distance": 8.540731456765316, "_brake": 1.0, "weather": {"sun_altitude_angle": -57.12680853072186, "precipitation": 90.321906372293, "wind_intensity": 43.816783292315506, "sun_azimuth_angle": 74.23052045381824, "fog_distance": "0", "cloudiness": 83.3404965564434, "fog_density": 0.28459198810810715, "wetness": 92.04220893258716, "precipitation_deposits": 16.400090951613798}}], "scenario_type": "Scenario57"}]}]}