{"available_scenarios": [{"Town05": [{"available_event_configurations": [{"transform": {"pitch": "0", "x": 35, "y": 70, "yaw": -90, "z": 0}, "_start_distance": 16.641976491710647, "_actor_vel": 2.045831594895829, "_trigger_distance": 6.4860869312175105, "_brake": 1.0, "weather": {"sun_altitude_angle": 10.05051869378903, "precipitation": 26.571240549981866, "wind_intensity": 7.686627383437472, "sun_azimuth_angle": 339.32613272219635, "fog_distance": "0", "cloudiness": 51.17815201360298, "fog_density": 3.3109519131820253, "wetness": 30.50974446921154, "precipitation_deposits": 95.38143103121446}}], "scenario_type": "Scenario57"}], "Town04": [{"available_event_configurations": [{"transform": {"pitch": "0", "x": -13.4, "y": -160, "yaw": 90, "z": 0}, "_start_distance": 16.641976491710647, "_actor_vel": 2.045831594895829, "_trigger_distance": 6.4860869312175105, "_brake": 1.0, "weather": {"sun_altitude_angle": 10.05051869378903, "precipitation": 26.571240549981866, "wind_intensity": 7.686627383437472, "sun_azimuth_angle": 339.32613272219635, "fog_distance": "0", "cloudiness": 51.17815201360298, "fog_density": 3.3109519131820253, "wetness": 30.50974446921154, "precipitation_deposits": 95.38143103121446}}], "scenario_type": "Scenario57"}], "Town03": [{"available_event_configurations": [{"transform": {"pitch": "0", "x": -88.5, "y": -90, "yaw": 90, "z": 0}, "_start_distance": 16.641976491710647, "_actor_vel": 2.045831594895829, "_trigger_distance": 6.4860869312175105, "_brake": 1.0, "weather": {"sun_altitude_angle": 10.05051869378903, "precipitation": 26.571240549981866, "wind_intensity": 7.686627383437472, "sun_azimuth_angle": 339.32613272219635, "fog_distance": "0", "cloudiness": 51.17815201360298, "fog_density": 3.3109519131820253, "wetness": 30.50974446921154, "precipitation_deposits": 95.38143103121446}}], "scenario_type": "Scenario57"}], "Town06": [{"available_event_configurations": [{"transform": {"pitch": "0", "x": 8.4, "y": 220, "yaw": -90, "z": 0}, "_start_distance": 16.641976491710647, "_actor_vel": 2.045831594895829, "_trigger_distance": 6.4860869312175105, "_brake": 1.0, "weather": {"sun_altitude_angle": 10.05051869378903, "precipitation": 26.571240549981866, "wind_intensity": 7.686627383437472, "sun_azimuth_angle": 339.32613272219635, "fog_distance": "0", "cloudiness": 51.17815201360298, "fog_density": 3.3109519131820253, "wetness": 30.50974446921154, "precipitation_deposits": 95.38143103121446}}], "scenario_type": "Scenario57"}]}]}