{"available_scenarios": [{"Town05": [{"available_event_configurations": [{"transform": {"pitch": "0", "x": 35, "y": 70, "yaw": -90, "z": 0}, "_start_distance": 15.72206041959939, "_actor_vel": 3.8406004755170047, "_trigger_distance": 9.244474225835459, "_brake": 1.0, "weather": {"sun_altitude_angle": -3.956107879188764, "precipitation": 73.91459825985116, "wind_intensity": 57.629988652870935, "sun_azimuth_angle": 313.091812876627, "fog_distance": "0", "cloudiness": 21.572110767860753, "fog_density": 35.901967349689656, "wetness": 8.230608943136374, "precipitation_deposits": 73.64518968374783}}], "scenario_type": "Scenario57"}], "Town04": [{"available_event_configurations": [{"transform": {"pitch": "0", "x": -13.4, "y": -160, "yaw": 90, "z": 0}, "_start_distance": 15.72206041959939, "_actor_vel": 3.8406004755170047, "_trigger_distance": 9.244474225835459, "_brake": 1.0, "weather": {"sun_altitude_angle": -3.956107879188764, "precipitation": 73.91459825985116, "wind_intensity": 57.629988652870935, "sun_azimuth_angle": 313.091812876627, "fog_distance": "0", "cloudiness": 21.572110767860753, "fog_density": 35.901967349689656, "wetness": 8.230608943136374, "precipitation_deposits": 73.64518968374783}}], "scenario_type": "Scenario57"}], "Town03": [{"available_event_configurations": [{"transform": {"pitch": "0", "x": -88.5, "y": -90, "yaw": 90, "z": 0}, "_start_distance": 15.72206041959939, "_actor_vel": 3.8406004755170047, "_trigger_distance": 9.244474225835459, "_brake": 1.0, "weather": {"sun_altitude_angle": -3.956107879188764, "precipitation": 73.91459825985116, "wind_intensity": 57.629988652870935, "sun_azimuth_angle": 313.091812876627, "fog_distance": "0", "cloudiness": 21.572110767860753, "fog_density": 35.901967349689656, "wetness": 8.230608943136374, "precipitation_deposits": 73.64518968374783}}], "scenario_type": "Scenario57"}], "Town06": [{"available_event_configurations": [{"transform": {"pitch": "0", "x": 8.4, "y": 220, "yaw": -90, "z": 0}, "_start_distance": 15.72206041959939, "_actor_vel": 3.8406004755170047, "_trigger_distance": 9.244474225835459, "_brake": 1.0, "weather": {"sun_altitude_angle": -3.956107879188764, "precipitation": 73.91459825985116, "wind_intensity": 57.629988652870935, "sun_azimuth_angle": 313.091812876627, "fog_distance": "0", "cloudiness": 21.572110767860753, "fog_density": 35.901967349689656, "wetness": 8.230608943136374, "precipitation_deposits": 73.64518968374783}}], "scenario_type": "Scenario57"}]}]}