{"available_scenarios": [{"Town05": [{"available_event_configurations": [{"transform": {"pitch": "0", "x": 35, "y": 70, "yaw": -90, "z": 0}, "_start_distance": 19.71781272043794, "_actor_vel": 2.5062337018567, "_trigger_distance": 9.343106076120197, "_brake": 1.0, "weather": {"sun_altitude_angle": 55.971678319894636, "precipitation": 25.552041977773023, "wind_intensity": 53.860133498336424, "sun_azimuth_angle": 90.66106310960532, "fog_distance": "0", "cloudiness": 51.195616626427366, "fog_density": 8.312628718151904, "wetness": 65.19728532263859, "precipitation_deposits": 18.267632734897287}}], "scenario_type": "Scenario57"}], "Town04": [{"available_event_configurations": [{"transform": {"pitch": "0", "x": -13.4, "y": -160, "yaw": 90, "z": 0}, "_start_distance": 19.71781272043794, "_actor_vel": 2.5062337018567, "_trigger_distance": 9.343106076120197, "_brake": 1.0, "weather": {"sun_altitude_angle": 55.971678319894636, "precipitation": 25.552041977773023, "wind_intensity": 53.860133498336424, "sun_azimuth_angle": 90.66106310960532, "fog_distance": "0", "cloudiness": 51.195616626427366, "fog_density": 8.312628718151904, "wetness": 65.19728532263859, "precipitation_deposits": 18.267632734897287}}], "scenario_type": "Scenario57"}], "Town03": [{"available_event_configurations": [{"transform": {"pitch": "0", "x": -88.5, "y": -90, "yaw": 90, "z": 0}, "_start_distance": 19.71781272043794, "_actor_vel": 2.5062337018567, "_trigger_distance": 9.343106076120197, "_brake": 1.0, "weather": {"sun_altitude_angle": 55.971678319894636, "precipitation": 25.552041977773023, "wind_intensity": 53.860133498336424, "sun_azimuth_angle": 90.66106310960532, "fog_distance": "0", "cloudiness": 51.195616626427366, "fog_density": 8.312628718151904, "wetness": 65.19728532263859, "precipitation_deposits": 18.267632734897287}}], "scenario_type": "Scenario57"}], "Town06": [{"available_event_configurations": [{"transform": {"pitch": "0", "x": 8.4, "y": 220, "yaw": -90, "z": 0}, "_start_distance": 19.71781272043794, "_actor_vel": 2.5062337018567, "_trigger_distance": 9.343106076120197, "_brake": 1.0, "weather": {"sun_altitude_angle": 55.971678319894636, "precipitation": 25.552041977773023, "wind_intensity": 53.860133498336424, "sun_azimuth_angle": 90.66106310960532, "fog_distance": "0", "cloudiness": 51.195616626427366, "fog_density": 8.312628718151904, "wetness": 65.19728532263859, "precipitation_deposits": 18.267632734897287}}], "scenario_type": "Scenario57"}]}]}