{"available_scenarios": [{"Town05": [{"available_event_configurations": [{"transform": {"pitch": "0", "x": 35, "y": 70, "yaw": -90, "z": 0}, "_start_distance": 19.828499876044006, "_actor_vel": 3.1508082175195815, "_trigger_distance": 6.566856770963213, "_brake": 1.0, "weather": {"sun_altitude_angle": 83.6694657454743, "precipitation": 14.974905954830719, "wind_intensity": 34.66912814220072, "sun_azimuth_angle": 166.22193071026564, "fog_distance": "0", "cloudiness": 30.37344839019427, "fog_density": 44.296191731501224, "wetness": 53.72814833196119, "precipitation_deposits": 5.890252116277328}}], "scenario_type": "Scenario57"}], "Town04": [{"available_event_configurations": [{"transform": {"pitch": "0", "x": -13.4, "y": -160, "yaw": 90, "z": 0}, "_start_distance": 19.828499876044006, "_actor_vel": 3.1508082175195815, "_trigger_distance": 6.566856770963213, "_brake": 1.0, "weather": {"sun_altitude_angle": 83.6694657454743, "precipitation": 14.974905954830719, "wind_intensity": 34.66912814220072, "sun_azimuth_angle": 166.22193071026564, "fog_distance": "0", "cloudiness": 30.37344839019427, "fog_density": 44.296191731501224, "wetness": 53.72814833196119, "precipitation_deposits": 5.890252116277328}}], "scenario_type": "Scenario57"}], "Town03": [{"available_event_configurations": [{"transform": {"pitch": "0", "x": -88.5, "y": -90, "yaw": 90, "z": 0}, "_start_distance": 19.828499876044006, "_actor_vel": 3.1508082175195815, "_trigger_distance": 6.566856770963213, "_brake": 1.0, "weather": {"sun_altitude_angle": 83.6694657454743, "precipitation": 14.974905954830719, "wind_intensity": 34.66912814220072, "sun_azimuth_angle": 166.22193071026564, "fog_distance": "0", "cloudiness": 30.37344839019427, "fog_density": 44.296191731501224, "wetness": 53.72814833196119, "precipitation_deposits": 5.890252116277328}}], "scenario_type": "Scenario57"}], "Town06": [{"available_event_configurations": [{"transform": {"pitch": "0", "x": 8.4, "y": 220, "yaw": -90, "z": 0}, "_start_distance": 19.828499876044006, "_actor_vel": 3.1508082175195815, "_trigger_distance": 6.566856770963213, "_brake": 1.0, "weather": {"sun_altitude_angle": 83.6694657454743, "precipitation": 14.974905954830719, "wind_intensity": 34.66912814220072, "sun_azimuth_angle": 166.22193071026564, "fog_distance": "0", "cloudiness": 30.37344839019427, "fog_density": 44.296191731501224, "wetness": 53.72814833196119, "precipitation_deposits": 5.890252116277328}}], "scenario_type": "Scenario57"}]}]}