{"available_scenarios": [{"Town05": [{"available_event_configurations": [{"transform": {"pitch": "0", "x": 35, "y": 70, "yaw": -90, "z": 0}, "_start_distance": 16.806923581785117, "_actor_vel": 3.310908835465982, "_trigger_distance": 7.264494245351302, "_brake": 1.0, "weather": {"sun_altitude_angle": 88.40401436169196, "precipitation": 50.950616094328026, "wind_intensity": 18.359755640657404, "sun_azimuth_angle": 328.4116612501988, "fog_distance": "0", "cloudiness": 45.85894089746989, "fog_density": 64.30922685008099, "wetness": 21.626202309117758, "precipitation_deposits": 27.119173958980326}}], "scenario_type": "Scenario57"}], "Town04": [{"available_event_configurations": [{"transform": {"pitch": "0", "x": -13.4, "y": -160, "yaw": 90, "z": 0}, "_start_distance": 16.806923581785117, "_actor_vel": 3.310908835465982, "_trigger_distance": 7.264494245351302, "_brake": 1.0, "weather": {"sun_altitude_angle": 88.40401436169196, "precipitation": 50.950616094328026, "wind_intensity": 18.359755640657404, "sun_azimuth_angle": 328.4116612501988, "fog_distance": "0", "cloudiness": 45.85894089746989, "fog_density": 64.30922685008099, "wetness": 21.626202309117758, "precipitation_deposits": 27.119173958980326}}], "scenario_type": "Scenario57"}], "Town03": [{"available_event_configurations": [{"transform": {"pitch": "0", "x": -88.5, "y": -90, "yaw": 90, "z": 0}, "_start_distance": 16.806923581785117, "_actor_vel": 3.310908835465982, "_trigger_distance": 7.264494245351302, "_brake": 1.0, "weather": {"sun_altitude_angle": 88.40401436169196, "precipitation": 50.950616094328026, "wind_intensity": 18.359755640657404, "sun_azimuth_angle": 328.4116612501988, "fog_distance": "0", "cloudiness": 45.85894089746989, "fog_density": 64.30922685008099, "wetness": 21.626202309117758, "precipitation_deposits": 27.119173958980326}}], "scenario_type": "Scenario57"}], "Town06": [{"available_event_configurations": [{"transform": {"pitch": "0", "x": 8.4, "y": 220, "yaw": -90, "z": 0}, "_start_distance": 16.806923581785117, "_actor_vel": 3.310908835465982, "_trigger_distance": 7.264494245351302, "_brake": 1.0, "weather": {"sun_altitude_angle": 88.40401436169196, "precipitation": 50.950616094328026, "wind_intensity": 18.359755640657404, "sun_azimuth_angle": 328.4116612501988, "fog_distance": "0", "cloudiness": 45.85894089746989, "fog_density": 64.30922685008099, "wetness": 21.626202309117758, "precipitation_deposits": 27.119173958980326}}], "scenario_type": "Scenario57"}]}]}