{"available_scenarios": [{"Town05": [{"available_event_configurations": [{"transform": {"pitch": "0", "x": 35, "y": 70, "yaw": -90, "z": 0}, "_start_distance": 17.80609635050434, "_actor_vel": 2.317262175521233, "_trigger_distance": 9.754640435146579, "_brake": 1.0, "weather": {"sun_altitude_angle": 48.7734819178269, "precipitation": 74.14338961074975, "wind_intensity": 45.360134014117016, "sun_azimuth_angle": 220.45443104002368, "fog_distance": "0", "cloudiness": 52.687790447844996, "fog_density": 58.19235145562632, "wetness": 3.341321624470761, "precipitation_deposits": 86.64509625161082}}], "scenario_type": "Scenario57"}], "Town04": [{"available_event_configurations": [{"transform": {"pitch": "0", "x": -13.4, "y": -160, "yaw": 90, "z": 0}, "_start_distance": 17.80609635050434, "_actor_vel": 2.317262175521233, "_trigger_distance": 9.754640435146579, "_brake": 1.0, "weather": {"sun_altitude_angle": 48.7734819178269, "precipitation": 74.14338961074975, "wind_intensity": 45.360134014117016, "sun_azimuth_angle": 220.45443104002368, "fog_distance": "0", "cloudiness": 52.687790447844996, "fog_density": 58.19235145562632, "wetness": 3.341321624470761, "precipitation_deposits": 86.64509625161082}}], "scenario_type": "Scenario57"}], "Town03": [{"available_event_configurations": [{"transform": {"pitch": "0", "x": -88.5, "y": -90, "yaw": 90, "z": 0}, "_start_distance": 17.80609635050434, "_actor_vel": 2.317262175521233, "_trigger_distance": 9.754640435146579, "_brake": 1.0, "weather": {"sun_altitude_angle": 48.7734819178269, "precipitation": 74.14338961074975, "wind_intensity": 45.360134014117016, "sun_azimuth_angle": 220.45443104002368, "fog_distance": "0", "cloudiness": 52.687790447844996, "fog_density": 58.19235145562632, "wetness": 3.341321624470761, "precipitation_deposits": 86.64509625161082}}], "scenario_type": "Scenario57"}], "Town06": [{"available_event_configurations": [{"transform": {"pitch": "0", "x": 8.4, "y": 220, "yaw": -90, "z": 0}, "_start_distance": 17.80609635050434, "_actor_vel": 2.317262175521233, "_trigger_distance": 9.754640435146579, "_brake": 1.0, "weather": {"sun_altitude_angle": 48.7734819178269, "precipitation": 74.14338961074975, "wind_intensity": 45.360134014117016, "sun_azimuth_angle": 220.45443104002368, "fog_distance": "0", "cloudiness": 52.687790447844996, "fog_density": 58.19235145562632, "wetness": 3.341321624470761, "precipitation_deposits": 86.64509625161082}}], "scenario_type": "Scenario57"}]}]}