{"available_scenarios": [{"Town05": [{"available_event_configurations": [{"transform": {"pitch": "0", "x": 35, "y": 70, "yaw": -90, "z": 0}, "_start_distance": 15.581221829324424, "_actor_vel": 3.358987465380204, "_trigger_distance": 6.967878437118283, "_brake": 1.0, "weather": {"sun_altitude_angle": -56.62007393514963, "precipitation": 28.25856409331673, "wind_intensity": 66.88659938450229, "sun_azimuth_angle": 161.383960047082, "fog_distance": "0", "cloudiness": 9.944772666154211, "fog_density": 8.215778057759204, "wetness": 40.4473758203878, "precipitation_deposits": 49.557892131682415}}], "scenario_type": "Scenario57"}], "Town04": [{"available_event_configurations": [{"transform": {"pitch": "0", "x": -13.4, "y": -160, "yaw": 90, "z": 0}, "_start_distance": 15.581221829324424, "_actor_vel": 3.358987465380204, "_trigger_distance": 6.967878437118283, "_brake": 1.0, "weather": {"sun_altitude_angle": -56.62007393514963, "precipitation": 28.25856409331673, "wind_intensity": 66.88659938450229, "sun_azimuth_angle": 161.383960047082, "fog_distance": "0", "cloudiness": 9.944772666154211, "fog_density": 8.215778057759204, "wetness": 40.4473758203878, "precipitation_deposits": 49.557892131682415}}], "scenario_type": "Scenario57"}], "Town03": [{"available_event_configurations": [{"transform": {"pitch": "0", "x": -88.5, "y": -90, "yaw": 90, "z": 0}, "_start_distance": 15.581221829324424, "_actor_vel": 3.358987465380204, "_trigger_distance": 6.967878437118283, "_brake": 1.0, "weather": {"sun_altitude_angle": -56.62007393514963, "precipitation": 28.25856409331673, "wind_intensity": 66.88659938450229, "sun_azimuth_angle": 161.383960047082, "fog_distance": "0", "cloudiness": 9.944772666154211, "fog_density": 8.215778057759204, "wetness": 40.4473758203878, "precipitation_deposits": 49.557892131682415}}], "scenario_type": "Scenario57"}], "Town06": [{"available_event_configurations": [{"transform": {"pitch": "0", "x": 8.4, "y": 220, "yaw": -90, "z": 0}, "_start_distance": 15.581221829324424, "_actor_vel": 3.358987465380204, "_trigger_distance": 6.967878437118283, "_brake": 1.0, "weather": {"sun_altitude_angle": -56.62007393514963, "precipitation": 28.25856409331673, "wind_intensity": 66.88659938450229, "sun_azimuth_angle": 161.383960047082, "fog_distance": "0", "cloudiness": 9.944772666154211, "fog_density": 8.215778057759204, "wetness": 40.4473758203878, "precipitation_deposits": 49.557892131682415}}], "scenario_type": "Scenario57"}]}]}