{"available_scenarios": [{"Town05": [{"available_event_configurations": [{"transform": {"pitch": "0", "x": 35, "y": 70, "yaw": -90, "z": 0}, "_start_distance": 15.125725130986812, "_actor_vel": 2.4400515342243683, "_trigger_distance": 7.769145276932573, "_brake": 1.0, "weather": {"sun_altitude_angle": -1.7385704909290354, "precipitation": 7.002745925985887, "wind_intensity": 61.56351962678867, "sun_azimuth_angle": 88.45896898854186, "fog_distance": "0", "cloudiness": 24.240426976752406, "fog_density": 6.456943413230032, "wetness": 78.20509341980352, "precipitation_deposits": 34.49469936330767}}], "scenario_type": "Scenario57"}], "Town04": [{"available_event_configurations": [{"transform": {"pitch": "0", "x": -13.4, "y": -160, "yaw": 90, "z": 0}, "_start_distance": 15.125725130986812, "_actor_vel": 2.4400515342243683, "_trigger_distance": 7.769145276932573, "_brake": 1.0, "weather": {"sun_altitude_angle": -1.7385704909290354, "precipitation": 7.002745925985887, "wind_intensity": 61.56351962678867, "sun_azimuth_angle": 88.45896898854186, "fog_distance": "0", "cloudiness": 24.240426976752406, "fog_density": 6.456943413230032, "wetness": 78.20509341980352, "precipitation_deposits": 34.49469936330767}}], "scenario_type": "Scenario57"}], "Town03": [{"available_event_configurations": [{"transform": {"pitch": "0", "x": -88.5, "y": -90, "yaw": 90, "z": 0}, "_start_distance": 15.125725130986812, "_actor_vel": 2.4400515342243683, "_trigger_distance": 7.769145276932573, "_brake": 1.0, "weather": {"sun_altitude_angle": -1.7385704909290354, "precipitation": 7.002745925985887, "wind_intensity": 61.56351962678867, "sun_azimuth_angle": 88.45896898854186, "fog_distance": "0", "cloudiness": 24.240426976752406, "fog_density": 6.456943413230032, "wetness": 78.20509341980352, "precipitation_deposits": 34.49469936330767}}], "scenario_type": "Scenario57"}], "Town06": [{"available_event_configurations": [{"transform": {"pitch": "0", "x": 8.4, "y": 220, "yaw": -90, "z": 0}, "_start_distance": 15.125725130986812, "_actor_vel": 2.4400515342243683, "_trigger_distance": 7.769145276932573, "_brake": 1.0, "weather": {"sun_altitude_angle": -1.7385704909290354, "precipitation": 7.002745925985887, "wind_intensity": 61.56351962678867, "sun_azimuth_angle": 88.45896898854186, "fog_distance": "0", "cloudiness": 24.240426976752406, "fog_density": 6.456943413230032, "wetness": 78.20509341980352, "precipitation_deposits": 34.49469936330767}}], "scenario_type": "Scenario57"}]}]}