{"available_scenarios": [{"Town05": [{"available_event_configurations": [{"transform": {"pitch": "0", "x": 35, "y": 70, "yaw": -90, "z": 0}, "_start_distance": 17.314165543012006, "_actor_vel": 3.146519679119761, "_trigger_distance": 9.983083376202243, "_brake": 1.0, "weather": {"sun_altitude_angle": 84.31500270581137, "precipitation": 40.337663966602854, "wind_intensity": 7.8217091476712515, "sun_azimuth_angle": 168.99396434654065, "fog_distance": "0", "cloudiness": 25.053570762041666, "fog_density": 19.72209499824613, "wetness": 86.95029760195922, "precipitation_deposits": 14.235257272417812}}], "scenario_type": "Scenario57"}], "Town04": [{"available_event_configurations": [{"transform": {"pitch": "0", "x": -13.4, "y": -160, "yaw": 90, "z": 0}, "_start_distance": 17.314165543012006, "_actor_vel": 3.146519679119761, "_trigger_distance": 9.983083376202243, "_brake": 1.0, "weather": {"sun_altitude_angle": 84.31500270581137, "precipitation": 40.337663966602854, "wind_intensity": 7.8217091476712515, "sun_azimuth_angle": 168.99396434654065, "fog_distance": "0", "cloudiness": 25.053570762041666, "fog_density": 19.72209499824613, "wetness": 86.95029760195922, "precipitation_deposits": 14.235257272417812}}], "scenario_type": "Scenario57"}], "Town03": [{"available_event_configurations": [{"transform": {"pitch": "0", "x": -88.5, "y": -90, "yaw": 90, "z": 0}, "_start_distance": 17.314165543012006, "_actor_vel": 3.146519679119761, "_trigger_distance": 9.983083376202243, "_brake": 1.0, "weather": {"sun_altitude_angle": 84.31500270581137, "precipitation": 40.337663966602854, "wind_intensity": 7.8217091476712515, "sun_azimuth_angle": 168.99396434654065, "fog_distance": "0", "cloudiness": 25.053570762041666, "fog_density": 19.72209499824613, "wetness": 86.95029760195922, "precipitation_deposits": 14.235257272417812}}], "scenario_type": "Scenario57"}], "Town06": [{"available_event_configurations": [{"transform": {"pitch": "0", "x": 8.4, "y": 220, "yaw": -90, "z": 0}, "_start_distance": 17.314165543012006, "_actor_vel": 3.146519679119761, "_trigger_distance": 9.983083376202243, "_brake": 1.0, "weather": {"sun_altitude_angle": 84.31500270581137, "precipitation": 40.337663966602854, "wind_intensity": 7.8217091476712515, "sun_azimuth_angle": 168.99396434654065, "fog_distance": "0", "cloudiness": 25.053570762041666, "fog_density": 19.72209499824613, "wetness": 86.95029760195922, "precipitation_deposits": 14.235257272417812}}], "scenario_type": "Scenario57"}]}]}