{"available_scenarios": [{"Town05": [{"available_event_configurations": [{"transform": {"pitch": "0", "x": 35, "y": 70, "yaw": -90, "z": 0}, "_start_distance": 16.18839651950981, "_actor_vel": 2.824417948234337, "_trigger_distance": 6.849390326190155, "_brake": 1.0, "weather": {"sun_altitude_angle": -80.59781289797377, "precipitation": 22.281918466365447, "wind_intensity": 27.806279578730752, "sun_azimuth_angle": 126.08637088570822, "fog_distance": "0", "cloudiness": 89.95039580411269, "fog_density": 50.11526873710106, "wetness": 60.439634383705155, "precipitation_deposits": 44.71280542439238}}], "scenario_type": "Scenario57"}], "Town04": [{"available_event_configurations": [{"transform": {"pitch": "0", "x": -13.4, "y": -160, "yaw": 90, "z": 0}, "_start_distance": 16.18839651950981, "_actor_vel": 2.824417948234337, "_trigger_distance": 6.849390326190155, "_brake": 1.0, "weather": {"sun_altitude_angle": -80.59781289797377, "precipitation": 22.281918466365447, "wind_intensity": 27.806279578730752, "sun_azimuth_angle": 126.08637088570822, "fog_distance": "0", "cloudiness": 89.95039580411269, "fog_density": 50.11526873710106, "wetness": 60.439634383705155, "precipitation_deposits": 44.71280542439238}}], "scenario_type": "Scenario57"}], "Town03": [{"available_event_configurations": [{"transform": {"pitch": "0", "x": -88.5, "y": -90, "yaw": 90, "z": 0}, "_start_distance": 16.18839651950981, "_actor_vel": 2.824417948234337, "_trigger_distance": 6.849390326190155, "_brake": 1.0, "weather": {"sun_altitude_angle": -80.59781289797377, "precipitation": 22.281918466365447, "wind_intensity": 27.806279578730752, "sun_azimuth_angle": 126.08637088570822, "fog_distance": "0", "cloudiness": 89.95039580411269, "fog_density": 50.11526873710106, "wetness": 60.439634383705155, "precipitation_deposits": 44.71280542439238}}], "scenario_type": "Scenario57"}], "Town06": [{"available_event_configurations": [{"transform": {"pitch": "0", "x": 8.4, "y": 220, "yaw": -90, "z": 0}, "_start_distance": 16.18839651950981, "_actor_vel": 2.824417948234337, "_trigger_distance": 6.849390326190155, "_brake": 1.0, "weather": {"sun_altitude_angle": -80.59781289797377, "precipitation": 22.281918466365447, "wind_intensity": 27.806279578730752, "sun_azimuth_angle": 126.08637088570822, "fog_distance": "0", "cloudiness": 89.95039580411269, "fog_density": 50.11526873710106, "wetness": 60.439634383705155, "precipitation_deposits": 44.71280542439238}}], "scenario_type": "Scenario57"}]}]}