{"available_scenarios": [{"Town05": [{"available_event_configurations": [{"transform": {"pitch": "0", "x": 35, "y": 70, "yaw": -90, "z": 0}, "_start_distance": 15.95556216838108, "_actor_vel": 2.4866827878351607, "_trigger_distance": 7.526082711058191, "_brake": 1.0, "weather": {"sun_altitude_angle": 48.046045588623855, "precipitation": 20.640636188388928, "wind_intensity": 90.0988328517114, "sun_azimuth_angle": 108.33449411097678, "fog_distance": "0", "cloudiness": 83.920761643243, "fog_density": 1.3114173208393365, "wetness": 0.8885914494567326, "precipitation_deposits": 72.8457149880443}}], "scenario_type": "Scenario57"}], "Town04": [{"available_event_configurations": [{"transform": {"pitch": "0", "x": -13.4, "y": -160, "yaw": 90, "z": 0}, "_start_distance": 15.95556216838108, "_actor_vel": 2.4866827878351607, "_trigger_distance": 7.526082711058191, "_brake": 1.0, "weather": {"sun_altitude_angle": 48.046045588623855, "precipitation": 20.640636188388928, "wind_intensity": 90.0988328517114, "sun_azimuth_angle": 108.33449411097678, "fog_distance": "0", "cloudiness": 83.920761643243, "fog_density": 1.3114173208393365, "wetness": 0.8885914494567326, "precipitation_deposits": 72.8457149880443}}], "scenario_type": "Scenario57"}], "Town03": [{"available_event_configurations": [{"transform": {"pitch": "0", "x": -88.5, "y": -90, "yaw": 90, "z": 0}, "_start_distance": 15.95556216838108, "_actor_vel": 2.4866827878351607, "_trigger_distance": 7.526082711058191, "_brake": 1.0, "weather": {"sun_altitude_angle": 48.046045588623855, "precipitation": 20.640636188388928, "wind_intensity": 90.0988328517114, "sun_azimuth_angle": 108.33449411097678, "fog_distance": "0", "cloudiness": 83.920761643243, "fog_density": 1.3114173208393365, "wetness": 0.8885914494567326, "precipitation_deposits": 72.8457149880443}}], "scenario_type": "Scenario57"}], "Town06": [{"available_event_configurations": [{"transform": {"pitch": "0", "x": 8.4, "y": 220, "yaw": -90, "z": 0}, "_start_distance": 15.95556216838108, "_actor_vel": 2.4866827878351607, "_trigger_distance": 7.526082711058191, "_brake": 1.0, "weather": {"sun_altitude_angle": 48.046045588623855, "precipitation": 20.640636188388928, "wind_intensity": 90.0988328517114, "sun_azimuth_angle": 108.33449411097678, "fog_distance": "0", "cloudiness": 83.920761643243, "fog_density": 1.3114173208393365, "wetness": 0.8885914494567326, "precipitation_deposits": 72.8457149880443}}], "scenario_type": "Scenario57"}]}]}