{"available_scenarios": [{"Town05": [{"available_event_configurations": [{"transform": {"pitch": "0", "x": 35, "y": 70, "yaw": -90, "z": 0}, "_start_distance": 19.622205216188615, "_actor_vel": 2.858349989899809, "_trigger_distance": 9.564637042232963, "_brake": 1.0, "weather": {"sun_altitude_angle": -51.12069627792382, "precipitation": 56.32970571251995, "wind_intensity": 74.6255099911534, "sun_azimuth_angle": 271.41971781244627, "fog_distance": "0", "cloudiness": 70.61415852974868, "fog_density": 60.13329596282563, "wetness": 43.14693649870509, "precipitation_deposits": 82.67333519347665}}], "scenario_type": "Scenario57"}], "Town04": [{"available_event_configurations": [{"transform": {"pitch": "0", "x": -13.4, "y": -160, "yaw": 90, "z": 0}, "_start_distance": 19.622205216188615, "_actor_vel": 2.858349989899809, "_trigger_distance": 9.564637042232963, "_brake": 1.0, "weather": {"sun_altitude_angle": -51.12069627792382, "precipitation": 56.32970571251995, "wind_intensity": 74.6255099911534, "sun_azimuth_angle": 271.41971781244627, "fog_distance": "0", "cloudiness": 70.61415852974868, "fog_density": 60.13329596282563, "wetness": 43.14693649870509, "precipitation_deposits": 82.67333519347665}}], "scenario_type": "Scenario57"}], "Town03": [{"available_event_configurations": [{"transform": {"pitch": "0", "x": -88.5, "y": -90, "yaw": 90, "z": 0}, "_start_distance": 19.622205216188615, "_actor_vel": 2.858349989899809, "_trigger_distance": 9.564637042232963, "_brake": 1.0, "weather": {"sun_altitude_angle": -51.12069627792382, "precipitation": 56.32970571251995, "wind_intensity": 74.6255099911534, "sun_azimuth_angle": 271.41971781244627, "fog_distance": "0", "cloudiness": 70.61415852974868, "fog_density": 60.13329596282563, "wetness": 43.14693649870509, "precipitation_deposits": 82.67333519347665}}], "scenario_type": "Scenario57"}], "Town06": [{"available_event_configurations": [{"transform": {"pitch": "0", "x": 8.4, "y": 220, "yaw": -90, "z": 0}, "_start_distance": 19.622205216188615, "_actor_vel": 2.858349989899809, "_trigger_distance": 9.564637042232963, "_brake": 1.0, "weather": {"sun_altitude_angle": -51.12069627792382, "precipitation": 56.32970571251995, "wind_intensity": 74.6255099911534, "sun_azimuth_angle": 271.41971781244627, "fog_distance": "0", "cloudiness": 70.61415852974868, "fog_density": 60.13329596282563, "wetness": 43.14693649870509, "precipitation_deposits": 82.67333519347665}}], "scenario_type": "Scenario57"}]}]}