{"available_scenarios": [{"Town05": [{"available_event_configurations": [{"transform": {"pitch": "0", "x": 35, "y": 70, "yaw": -90, "z": 0}, "_start_distance": 17.68982889226423, "_actor_vel": 3.633842820775559, "_trigger_distance": 6.700130921430652, "_brake": 1.0, "weather": {"sun_altitude_angle": -82.60172694895404, "precipitation": 30.111158258413184, "wind_intensity": 53.97796485451652, "sun_azimuth_angle": 127.57232507689194, "fog_distance": "0", "cloudiness": 45.511254990502124, "fog_density": 42.32590764226014, "wetness": 99.02920903462994, "precipitation_deposits": 80.54864528135059}}], "scenario_type": "Scenario57"}], "Town04": [{"available_event_configurations": [{"transform": {"pitch": "0", "x": -13.4, "y": -160, "yaw": 90, "z": 0}, "_start_distance": 17.68982889226423, "_actor_vel": 3.633842820775559, "_trigger_distance": 6.700130921430652, "_brake": 1.0, "weather": {"sun_altitude_angle": -82.60172694895404, "precipitation": 30.111158258413184, "wind_intensity": 53.97796485451652, "sun_azimuth_angle": 127.57232507689194, "fog_distance": "0", "cloudiness": 45.511254990502124, "fog_density": 42.32590764226014, "wetness": 99.02920903462994, "precipitation_deposits": 80.54864528135059}}], "scenario_type": "Scenario57"}], "Town03": [{"available_event_configurations": [{"transform": {"pitch": "0", "x": -88.5, "y": -90, "yaw": 90, "z": 0}, "_start_distance": 17.68982889226423, "_actor_vel": 3.633842820775559, "_trigger_distance": 6.700130921430652, "_brake": 1.0, "weather": {"sun_altitude_angle": -82.60172694895404, "precipitation": 30.111158258413184, "wind_intensity": 53.97796485451652, "sun_azimuth_angle": 127.57232507689194, "fog_distance": "0", "cloudiness": 45.511254990502124, "fog_density": 42.32590764226014, "wetness": 99.02920903462994, "precipitation_deposits": 80.54864528135059}}], "scenario_type": "Scenario57"}], "Town06": [{"available_event_configurations": [{"transform": {"pitch": "0", "x": 8.4, "y": 220, "yaw": -90, "z": 0}, "_start_distance": 17.68982889226423, "_actor_vel": 3.633842820775559, "_trigger_distance": 6.700130921430652, "_brake": 1.0, "weather": {"sun_altitude_angle": -82.60172694895404, "precipitation": 30.111158258413184, "wind_intensity": 53.97796485451652, "sun_azimuth_angle": 127.57232507689194, "fog_distance": "0", "cloudiness": 45.511254990502124, "fog_density": 42.32590764226014, "wetness": 99.02920903462994, "precipitation_deposits": 80.54864528135059}}], "scenario_type": "Scenario57"}]}]}