{"available_scenarios": [{"Town05": [{"available_event_configurations": [{"transform": {"pitch": "0", "x": 35, "y": 70, "yaw": -90, "z": 0}, "_start_distance": 19.12654621743704, "_actor_vel": 2.897948515769251, "_trigger_distance": 9.759054287822941, "_brake": 1.0, "weather": {"sun_altitude_angle": 70.36471210200182, "precipitation": 85.10128540093496, "wind_intensity": 38.40176671757328, "sun_azimuth_angle": 246.5129768456218, "fog_distance": "0", "cloudiness": 87.5417265276111, "fog_density": 82.99152778867537, "wetness": 26.07399358547482, "precipitation_deposits": 83.27121824418866}}], "scenario_type": "Scenario57"}], "Town04": [{"available_event_configurations": [{"transform": {"pitch": "0", "x": -13.4, "y": -160, "yaw": 90, "z": 0}, "_start_distance": 19.12654621743704, "_actor_vel": 2.897948515769251, "_trigger_distance": 9.759054287822941, "_brake": 1.0, "weather": {"sun_altitude_angle": 70.36471210200182, "precipitation": 85.10128540093496, "wind_intensity": 38.40176671757328, "sun_azimuth_angle": 246.5129768456218, "fog_distance": "0", "cloudiness": 87.5417265276111, "fog_density": 82.99152778867537, "wetness": 26.07399358547482, "precipitation_deposits": 83.27121824418866}}], "scenario_type": "Scenario57"}], "Town03": [{"available_event_configurations": [{"transform": {"pitch": "0", "x": -88.5, "y": -90, "yaw": 90, "z": 0}, "_start_distance": 19.12654621743704, "_actor_vel": 2.897948515769251, "_trigger_distance": 9.759054287822941, "_brake": 1.0, "weather": {"sun_altitude_angle": 70.36471210200182, "precipitation": 85.10128540093496, "wind_intensity": 38.40176671757328, "sun_azimuth_angle": 246.5129768456218, "fog_distance": "0", "cloudiness": 87.5417265276111, "fog_density": 82.99152778867537, "wetness": 26.07399358547482, "precipitation_deposits": 83.27121824418866}}], "scenario_type": "Scenario57"}], "Town06": [{"available_event_configurations": [{"transform": {"pitch": "0", "x": 8.4, "y": 220, "yaw": -90, "z": 0}, "_start_distance": 19.12654621743704, "_actor_vel": 2.897948515769251, "_trigger_distance": 9.759054287822941, "_brake": 1.0, "weather": {"sun_altitude_angle": 70.36471210200182, "precipitation": 85.10128540093496, "wind_intensity": 38.40176671757328, "sun_azimuth_angle": 246.5129768456218, "fog_distance": "0", "cloudiness": 87.5417265276111, "fog_density": 82.99152778867537, "wetness": 26.07399358547482, "precipitation_deposits": 83.27121824418866}}], "scenario_type": "Scenario57"}]}]}