{"available_scenarios": [{"Town05": [{"available_event_configurations": [{"transform": {"pitch": "0", "x": 35, "y": 70, "yaw": -90, "z": 0}, "_start_distance": 15.813056387183906, "_actor_vel": 2.091585544351297, "_trigger_distance": 8.51993116309676, "_brake": 1.0, "weather": {"sun_altitude_angle": -58.978120741703904, "precipitation": 25.40632159842745, "wind_intensity": 76.52185717188141, "sun_azimuth_angle": 88.49022516731065, "fog_distance": "0", "cloudiness": 6.204913260305167, "fog_density": 63.461573105780445, "wetness": 5.399637116781175, "precipitation_deposits": 96.90097131224668}}], "scenario_type": "Scenario57"}], "Town04": [{"available_event_configurations": [{"transform": {"pitch": "0", "x": -13.4, "y": -160, "yaw": 90, "z": 0}, "_start_distance": 15.813056387183906, "_actor_vel": 2.091585544351297, "_trigger_distance": 8.51993116309676, "_brake": 1.0, "weather": {"sun_altitude_angle": -58.978120741703904, "precipitation": 25.40632159842745, "wind_intensity": 76.52185717188141, "sun_azimuth_angle": 88.49022516731065, "fog_distance": "0", "cloudiness": 6.204913260305167, "fog_density": 63.461573105780445, "wetness": 5.399637116781175, "precipitation_deposits": 96.90097131224668}}], "scenario_type": "Scenario57"}], "Town03": [{"available_event_configurations": [{"transform": {"pitch": "0", "x": -88.5, "y": -90, "yaw": 90, "z": 0}, "_start_distance": 15.813056387183906, "_actor_vel": 2.091585544351297, "_trigger_distance": 8.51993116309676, "_brake": 1.0, "weather": {"sun_altitude_angle": -58.978120741703904, "precipitation": 25.40632159842745, "wind_intensity": 76.52185717188141, "sun_azimuth_angle": 88.49022516731065, "fog_distance": "0", "cloudiness": 6.204913260305167, "fog_density": 63.461573105780445, "wetness": 5.399637116781175, "precipitation_deposits": 96.90097131224668}}], "scenario_type": "Scenario57"}], "Town06": [{"available_event_configurations": [{"transform": {"pitch": "0", "x": 8.4, "y": 220, "yaw": -90, "z": 0}, "_start_distance": 15.813056387183906, "_actor_vel": 2.091585544351297, "_trigger_distance": 8.51993116309676, "_brake": 1.0, "weather": {"sun_altitude_angle": -58.978120741703904, "precipitation": 25.40632159842745, "wind_intensity": 76.52185717188141, "sun_azimuth_angle": 88.49022516731065, "fog_distance": "0", "cloudiness": 6.204913260305167, "fog_density": 63.461573105780445, "wetness": 5.399637116781175, "precipitation_deposits": 96.90097131224668}}], "scenario_type": "Scenario57"}]}]}