{"available_scenarios": [{"Town05": [{"available_event_configurations": [{"transform": {"pitch": "0", "x": 35, "y": 70, "yaw": -90, "z": 0}, "_start_distance": 17.068359719086487, "_actor_vel": 3.4320668388916937, "_trigger_distance": 8.784482568083263, "_brake": 1.0, "weather": {"sun_altitude_angle": -46.501025210037795, "precipitation": 92.03191764413276, "wind_intensity": 76.00499247193036, "sun_azimuth_angle": 124.58706990293301, "fog_distance": "0", "cloudiness": 21.726393649489506, "fog_density": 81.02473983437835, "wetness": 26.61308268835908, "precipitation_deposits": 21.706700105079733}}], "scenario_type": "Scenario57"}], "Town04": [{"available_event_configurations": [{"transform": {"pitch": "0", "x": -13.4, "y": -160, "yaw": 90, "z": 0}, "_start_distance": 17.068359719086487, "_actor_vel": 3.4320668388916937, "_trigger_distance": 8.784482568083263, "_brake": 1.0, "weather": {"sun_altitude_angle": -46.501025210037795, "precipitation": 92.03191764413276, "wind_intensity": 76.00499247193036, "sun_azimuth_angle": 124.58706990293301, "fog_distance": "0", "cloudiness": 21.726393649489506, "fog_density": 81.02473983437835, "wetness": 26.61308268835908, "precipitation_deposits": 21.706700105079733}}], "scenario_type": "Scenario57"}], "Town03": [{"available_event_configurations": [{"transform": {"pitch": "0", "x": -88.5, "y": -90, "yaw": 90, "z": 0}, "_start_distance": 17.068359719086487, "_actor_vel": 3.4320668388916937, "_trigger_distance": 8.784482568083263, "_brake": 1.0, "weather": {"sun_altitude_angle": -46.501025210037795, "precipitation": 92.03191764413276, "wind_intensity": 76.00499247193036, "sun_azimuth_angle": 124.58706990293301, "fog_distance": "0", "cloudiness": 21.726393649489506, "fog_density": 81.02473983437835, "wetness": 26.61308268835908, "precipitation_deposits": 21.706700105079733}}], "scenario_type": "Scenario57"}], "Town06": [{"available_event_configurations": [{"transform": {"pitch": "0", "x": 8.4, "y": 220, "yaw": -90, "z": 0}, "_start_distance": 17.068359719086487, "_actor_vel": 3.4320668388916937, "_trigger_distance": 8.784482568083263, "_brake": 1.0, "weather": {"sun_altitude_angle": -46.501025210037795, "precipitation": 92.03191764413276, "wind_intensity": 76.00499247193036, "sun_azimuth_angle": 124.58706990293301, "fog_distance": "0", "cloudiness": 21.726393649489506, "fog_density": 81.02473983437835, "wetness": 26.61308268835908, "precipitation_deposits": 21.706700105079733}}], "scenario_type": "Scenario57"}]}]}