{"available_scenarios": [{"Town05": [{"available_event_configurations": [{"transform": {"pitch": "0", "x": 35, "y": 70, "yaw": -90, "z": 0}, "_start_distance": 15.723294823329558, "_actor_vel": 2.9340821426377754, "_trigger_distance": 7.093992660992777, "_brake": 1.0, "weather": {"sun_altitude_angle": 52.85420170814487, "precipitation": 68.74675002940009, "wind_intensity": 71.08616782190997, "sun_azimuth_angle": 152.4913702684581, "fog_distance": "0", "cloudiness": 4.302543145703696, "fog_density": 63.19393588854933, "wetness": 1.7007787295015842, "precipitation_deposits": 93.50495829787795}}], "scenario_type": "Scenario57"}], "Town04": [{"available_event_configurations": [{"transform": {"pitch": "0", "x": -13.4, "y": -160, "yaw": 90, "z": 0}, "_start_distance": 15.723294823329558, "_actor_vel": 2.9340821426377754, "_trigger_distance": 7.093992660992777, "_brake": 1.0, "weather": {"sun_altitude_angle": 52.85420170814487, "precipitation": 68.74675002940009, "wind_intensity": 71.08616782190997, "sun_azimuth_angle": 152.4913702684581, "fog_distance": "0", "cloudiness": 4.302543145703696, "fog_density": 63.19393588854933, "wetness": 1.7007787295015842, "precipitation_deposits": 93.50495829787795}}], "scenario_type": "Scenario57"}], "Town03": [{"available_event_configurations": [{"transform": {"pitch": "0", "x": -88.5, "y": -90, "yaw": 90, "z": 0}, "_start_distance": 15.723294823329558, "_actor_vel": 2.9340821426377754, "_trigger_distance": 7.093992660992777, "_brake": 1.0, "weather": {"sun_altitude_angle": 52.85420170814487, "precipitation": 68.74675002940009, "wind_intensity": 71.08616782190997, "sun_azimuth_angle": 152.4913702684581, "fog_distance": "0", "cloudiness": 4.302543145703696, "fog_density": 63.19393588854933, "wetness": 1.7007787295015842, "precipitation_deposits": 93.50495829787795}}], "scenario_type": "Scenario57"}], "Town06": [{"available_event_configurations": [{"transform": {"pitch": "0", "x": 8.4, "y": 220, "yaw": -90, "z": 0}, "_start_distance": 15.723294823329558, "_actor_vel": 2.9340821426377754, "_trigger_distance": 7.093992660992777, "_brake": 1.0, "weather": {"sun_altitude_angle": 52.85420170814487, "precipitation": 68.74675002940009, "wind_intensity": 71.08616782190997, "sun_azimuth_angle": 152.4913702684581, "fog_distance": "0", "cloudiness": 4.302543145703696, "fog_density": 63.19393588854933, "wetness": 1.7007787295015842, "precipitation_deposits": 93.50495829787795}}], "scenario_type": "Scenario57"}]}]}