{"available_scenarios": [{"Town05": [{"available_event_configurations": [{"transform": {"pitch": "0", "x": 35, "y": 70, "yaw": -90, "z": 0}, "_start_distance": 17.242001393775663, "_actor_vel": 2.523740445681978, "_trigger_distance": 9.168789380053134, "_brake": 1.0, "weather": {"sun_altitude_angle": 42.7049683590362, "precipitation": 75.15314527388884, "wind_intensity": 39.743914821050616, "sun_azimuth_angle": 161.20214080282386, "fog_distance": "0", "cloudiness": 74.86719808638713, "fog_density": 15.69509278673451, "wetness": 15.65024568783432, "precipitation_deposits": 83.95314330689952}}], "scenario_type": "Scenario57"}], "Town04": [{"available_event_configurations": [{"transform": {"pitch": "0", "x": -13.4, "y": -160, "yaw": 90, "z": 0}, "_start_distance": 17.242001393775663, "_actor_vel": 2.523740445681978, "_trigger_distance": 9.168789380053134, "_brake": 1.0, "weather": {"sun_altitude_angle": 42.7049683590362, "precipitation": 75.15314527388884, "wind_intensity": 39.743914821050616, "sun_azimuth_angle": 161.20214080282386, "fog_distance": "0", "cloudiness": 74.86719808638713, "fog_density": 15.69509278673451, "wetness": 15.65024568783432, "precipitation_deposits": 83.95314330689952}}], "scenario_type": "Scenario57"}], "Town03": [{"available_event_configurations": [{"transform": {"pitch": "0", "x": -88.5, "y": -90, "yaw": 90, "z": 0}, "_start_distance": 17.242001393775663, "_actor_vel": 2.523740445681978, "_trigger_distance": 9.168789380053134, "_brake": 1.0, "weather": {"sun_altitude_angle": 42.7049683590362, "precipitation": 75.15314527388884, "wind_intensity": 39.743914821050616, "sun_azimuth_angle": 161.20214080282386, "fog_distance": "0", "cloudiness": 74.86719808638713, "fog_density": 15.69509278673451, "wetness": 15.65024568783432, "precipitation_deposits": 83.95314330689952}}], "scenario_type": "Scenario57"}], "Town06": [{"available_event_configurations": [{"transform": {"pitch": "0", "x": 8.4, "y": 220, "yaw": -90, "z": 0}, "_start_distance": 17.242001393775663, "_actor_vel": 2.523740445681978, "_trigger_distance": 9.168789380053134, "_brake": 1.0, "weather": {"sun_altitude_angle": 42.7049683590362, "precipitation": 75.15314527388884, "wind_intensity": 39.743914821050616, "sun_azimuth_angle": 161.20214080282386, "fog_distance": "0", "cloudiness": 74.86719808638713, "fog_density": 15.69509278673451, "wetness": 15.65024568783432, "precipitation_deposits": 83.95314330689952}}], "scenario_type": "Scenario57"}]}]}