{"available_scenarios": [{"Town05": [{"available_event_configurations": [{"transform": {"pitch": "0", "x": 35, "y": 70, "yaw": -90, "z": 0}, "_start_distance": 17.873068543083697, "_actor_vel": 2.4069143768006533, "_trigger_distance": 9.978325986713783, "_brake": 1.0, "weather": {"sun_altitude_angle": 30.70557296965478, "precipitation": 88.48301647933371, "wind_intensity": 6.742257062591406, "sun_azimuth_angle": 269.6460091906435, "fog_distance": "0", "cloudiness": 11.476972863535039, "fog_density": 56.63436057530866, "wetness": 89.7992862714484, "precipitation_deposits": 7.990492137328465}}], "scenario_type": "Scenario57"}], "Town04": [{"available_event_configurations": [{"transform": {"pitch": "0", "x": -13.4, "y": -160, "yaw": 90, "z": 0}, "_start_distance": 17.873068543083697, "_actor_vel": 2.4069143768006533, "_trigger_distance": 9.978325986713783, "_brake": 1.0, "weather": {"sun_altitude_angle": 30.70557296965478, "precipitation": 88.48301647933371, "wind_intensity": 6.742257062591406, "sun_azimuth_angle": 269.6460091906435, "fog_distance": "0", "cloudiness": 11.476972863535039, "fog_density": 56.63436057530866, "wetness": 89.7992862714484, "precipitation_deposits": 7.990492137328465}}], "scenario_type": "Scenario57"}], "Town03": [{"available_event_configurations": [{"transform": {"pitch": "0", "x": -88.5, "y": -90, "yaw": 90, "z": 0}, "_start_distance": 17.873068543083697, "_actor_vel": 2.4069143768006533, "_trigger_distance": 9.978325986713783, "_brake": 1.0, "weather": {"sun_altitude_angle": 30.70557296965478, "precipitation": 88.48301647933371, "wind_intensity": 6.742257062591406, "sun_azimuth_angle": 269.6460091906435, "fog_distance": "0", "cloudiness": 11.476972863535039, "fog_density": 56.63436057530866, "wetness": 89.7992862714484, "precipitation_deposits": 7.990492137328465}}], "scenario_type": "Scenario57"}], "Town06": [{"available_event_configurations": [{"transform": {"pitch": "0", "x": 8.4, "y": 220, "yaw": -90, "z": 0}, "_start_distance": 17.873068543083697, "_actor_vel": 2.4069143768006533, "_trigger_distance": 9.978325986713783, "_brake": 1.0, "weather": {"sun_altitude_angle": 30.70557296965478, "precipitation": 88.48301647933371, "wind_intensity": 6.742257062591406, "sun_azimuth_angle": 269.6460091906435, "fog_distance": "0", "cloudiness": 11.476972863535039, "fog_density": 56.63436057530866, "wetness": 89.7992862714484, "precipitation_deposits": 7.990492137328465}}], "scenario_type": "Scenario57"}]}]}