{"available_scenarios": [{"Town05": [{"available_event_configurations": [{"transform": {"pitch": "0", "x": 35, "y": 70, "yaw": -90, "z": 0}, "_start_distance": 16.391725383348515, "_actor_vel": 2.2013803929204645, "_trigger_distance": 6.1633538366504155, "_brake": 1.0, "weather": {"sun_altitude_angle": 52.80516357549453, "precipitation": 43.618336021393134, "wind_intensity": 64.05109116372492, "sun_azimuth_angle": 93.37651075296925, "fog_distance": "0", "cloudiness": 41.905932614975846, "fog_density": 5.58298565615295, "wetness": 24.963335086075677, "precipitation_deposits": 78.15352547934263}}], "scenario_type": "Scenario57"}], "Town04": [{"available_event_configurations": [{"transform": {"pitch": "0", "x": -13.4, "y": -160, "yaw": 90, "z": 0}, "_start_distance": 16.391725383348515, "_actor_vel": 2.2013803929204645, "_trigger_distance": 6.1633538366504155, "_brake": 1.0, "weather": {"sun_altitude_angle": 52.80516357549453, "precipitation": 43.618336021393134, "wind_intensity": 64.05109116372492, "sun_azimuth_angle": 93.37651075296925, "fog_distance": "0", "cloudiness": 41.905932614975846, "fog_density": 5.58298565615295, "wetness": 24.963335086075677, "precipitation_deposits": 78.15352547934263}}], "scenario_type": "Scenario57"}], "Town03": [{"available_event_configurations": [{"transform": {"pitch": "0", "x": -88.5, "y": -90, "yaw": 90, "z": 0}, "_start_distance": 16.391725383348515, "_actor_vel": 2.2013803929204645, "_trigger_distance": 6.1633538366504155, "_brake": 1.0, "weather": {"sun_altitude_angle": 52.80516357549453, "precipitation": 43.618336021393134, "wind_intensity": 64.05109116372492, "sun_azimuth_angle": 93.37651075296925, "fog_distance": "0", "cloudiness": 41.905932614975846, "fog_density": 5.58298565615295, "wetness": 24.963335086075677, "precipitation_deposits": 78.15352547934263}}], "scenario_type": "Scenario57"}], "Town06": [{"available_event_configurations": [{"transform": {"pitch": "0", "x": 8.4, "y": 220, "yaw": -90, "z": 0}, "_start_distance": 16.391725383348515, "_actor_vel": 2.2013803929204645, "_trigger_distance": 6.1633538366504155, "_brake": 1.0, "weather": {"sun_altitude_angle": 52.80516357549453, "precipitation": 43.618336021393134, "wind_intensity": 64.05109116372492, "sun_azimuth_angle": 93.37651075296925, "fog_distance": "0", "cloudiness": 41.905932614975846, "fog_density": 5.58298565615295, "wetness": 24.963335086075677, "precipitation_deposits": 78.15352547934263}}], "scenario_type": "Scenario57"}]}]}