{"available_scenarios": [{"Town05": [{"available_event_configurations": [{"transform": {"pitch": "0", "x": 35, "y": 70, "yaw": -90, "z": 0}, "_start_distance": 19.955922243525567, "_actor_vel": 3.7642706969030466, "_trigger_distance": 8.173964483868167, "_brake": 1.0, "weather": {"sun_altitude_angle": -87.70452104954143, "precipitation": 24.079119053408437, "wind_intensity": 49.34654886194607, "sun_azimuth_angle": 262.878051629878, "fog_distance": "0", "cloudiness": 14.263901587909233, "fog_density": 11.286924917509921, "wetness": 43.01271826189419, "precipitation_deposits": 69.70651343855332}}], "scenario_type": "Scenario57"}], "Town04": [{"available_event_configurations": [{"transform": {"pitch": "0", "x": -13.4, "y": -160, "yaw": 90, "z": 0}, "_start_distance": 19.955922243525567, "_actor_vel": 3.7642706969030466, "_trigger_distance": 8.173964483868167, "_brake": 1.0, "weather": {"sun_altitude_angle": -87.70452104954143, "precipitation": 24.079119053408437, "wind_intensity": 49.34654886194607, "sun_azimuth_angle": 262.878051629878, "fog_distance": "0", "cloudiness": 14.263901587909233, "fog_density": 11.286924917509921, "wetness": 43.01271826189419, "precipitation_deposits": 69.70651343855332}}], "scenario_type": "Scenario57"}], "Town03": [{"available_event_configurations": [{"transform": {"pitch": "0", "x": -88.5, "y": -90, "yaw": 90, "z": 0}, "_start_distance": 19.955922243525567, "_actor_vel": 3.7642706969030466, "_trigger_distance": 8.173964483868167, "_brake": 1.0, "weather": {"sun_altitude_angle": -87.70452104954143, "precipitation": 24.079119053408437, "wind_intensity": 49.34654886194607, "sun_azimuth_angle": 262.878051629878, "fog_distance": "0", "cloudiness": 14.263901587909233, "fog_density": 11.286924917509921, "wetness": 43.01271826189419, "precipitation_deposits": 69.70651343855332}}], "scenario_type": "Scenario57"}], "Town06": [{"available_event_configurations": [{"transform": {"pitch": "0", "x": 8.4, "y": 220, "yaw": -90, "z": 0}, "_start_distance": 19.955922243525567, "_actor_vel": 3.7642706969030466, "_trigger_distance": 8.173964483868167, "_brake": 1.0, "weather": {"sun_altitude_angle": -87.70452104954143, "precipitation": 24.079119053408437, "wind_intensity": 49.34654886194607, "sun_azimuth_angle": 262.878051629878, "fog_distance": "0", "cloudiness": 14.263901587909233, "fog_density": 11.286924917509921, "wetness": 43.01271826189419, "precipitation_deposits": 69.70651343855332}}], "scenario_type": "Scenario57"}]}]}