{"available_scenarios": [{"Town05": [{"available_event_configurations": [{"transform": {"pitch": "0", "x": 35, "y": 70, "yaw": -90, "z": 0}, "_start_distance": 15.39595045721434, "_actor_vel": 2.9322926569896826, "_trigger_distance": 9.247639865799385, "_brake": 1.0, "weather": {"sun_altitude_angle": 21.51716131765903, "precipitation": 83.51980435495958, "wind_intensity": 75.53042020668805, "sun_azimuth_angle": 208.43678747185987, "fog_distance": "0", "cloudiness": 55.081787582962185, "fog_density": 64.85102725892388, "wetness": 41.27158684400819, "precipitation_deposits": 30.16818313563411}}], "scenario_type": "Scenario57"}], "Town04": [{"available_event_configurations": [{"transform": {"pitch": "0", "x": -13.4, "y": -160, "yaw": 90, "z": 0}, "_start_distance": 15.39595045721434, "_actor_vel": 2.9322926569896826, "_trigger_distance": 9.247639865799385, "_brake": 1.0, "weather": {"sun_altitude_angle": 21.51716131765903, "precipitation": 83.51980435495958, "wind_intensity": 75.53042020668805, "sun_azimuth_angle": 208.43678747185987, "fog_distance": "0", "cloudiness": 55.081787582962185, "fog_density": 64.85102725892388, "wetness": 41.27158684400819, "precipitation_deposits": 30.16818313563411}}], "scenario_type": "Scenario57"}], "Town03": [{"available_event_configurations": [{"transform": {"pitch": "0", "x": -88.5, "y": -90, "yaw": 90, "z": 0}, "_start_distance": 15.39595045721434, "_actor_vel": 2.9322926569896826, "_trigger_distance": 9.247639865799385, "_brake": 1.0, "weather": {"sun_altitude_angle": 21.51716131765903, "precipitation": 83.51980435495958, "wind_intensity": 75.53042020668805, "sun_azimuth_angle": 208.43678747185987, "fog_distance": "0", "cloudiness": 55.081787582962185, "fog_density": 64.85102725892388, "wetness": 41.27158684400819, "precipitation_deposits": 30.16818313563411}}], "scenario_type": "Scenario57"}], "Town06": [{"available_event_configurations": [{"transform": {"pitch": "0", "x": 8.4, "y": 220, "yaw": -90, "z": 0}, "_start_distance": 15.39595045721434, "_actor_vel": 2.9322926569896826, "_trigger_distance": 9.247639865799385, "_brake": 1.0, "weather": {"sun_altitude_angle": 21.51716131765903, "precipitation": 83.51980435495958, "wind_intensity": 75.53042020668805, "sun_azimuth_angle": 208.43678747185987, "fog_distance": "0", "cloudiness": 55.081787582962185, "fog_density": 64.85102725892388, "wetness": 41.27158684400819, "precipitation_deposits": 30.16818313563411}}], "scenario_type": "Scenario57"}]}]}