{"available_scenarios": [{"Town05": [{"available_event_configurations": [{"transform": {"pitch": "0", "x": 35, "y": 70, "yaw": -90, "z": 0}, "_start_distance": 19.90428810626626, "_actor_vel": 2.248930503699997, "_trigger_distance": 9.149954385272272, "_brake": 1.0, "weather": {"sun_altitude_angle": -10.282894151501878, "precipitation": 25.598770004268346, "wind_intensity": 93.00636332791126, "sun_azimuth_angle": 280.5233894240245, "fog_distance": "0", "cloudiness": 85.8894837833053, "fog_density": 22.692433882272688, "wetness": 27.58886737589885, "precipitation_deposits": 37.5580960413277}}], "scenario_type": "Scenario57"}], "Town04": [{"available_event_configurations": [{"transform": {"pitch": "0", "x": -13.4, "y": -160, "yaw": 90, "z": 0}, "_start_distance": 19.90428810626626, "_actor_vel": 2.248930503699997, "_trigger_distance": 9.149954385272272, "_brake": 1.0, "weather": {"sun_altitude_angle": -10.282894151501878, "precipitation": 25.598770004268346, "wind_intensity": 93.00636332791126, "sun_azimuth_angle": 280.5233894240245, "fog_distance": "0", "cloudiness": 85.8894837833053, "fog_density": 22.692433882272688, "wetness": 27.58886737589885, "precipitation_deposits": 37.5580960413277}}], "scenario_type": "Scenario57"}], "Town03": [{"available_event_configurations": [{"transform": {"pitch": "0", "x": -88.5, "y": -90, "yaw": 90, "z": 0}, "_start_distance": 19.90428810626626, "_actor_vel": 2.248930503699997, "_trigger_distance": 9.149954385272272, "_brake": 1.0, "weather": {"sun_altitude_angle": -10.282894151501878, "precipitation": 25.598770004268346, "wind_intensity": 93.00636332791126, "sun_azimuth_angle": 280.5233894240245, "fog_distance": "0", "cloudiness": 85.8894837833053, "fog_density": 22.692433882272688, "wetness": 27.58886737589885, "precipitation_deposits": 37.5580960413277}}], "scenario_type": "Scenario57"}], "Town06": [{"available_event_configurations": [{"transform": {"pitch": "0", "x": 8.4, "y": 220, "yaw": -90, "z": 0}, "_start_distance": 19.90428810626626, "_actor_vel": 2.248930503699997, "_trigger_distance": 9.149954385272272, "_brake": 1.0, "weather": {"sun_altitude_angle": -10.282894151501878, "precipitation": 25.598770004268346, "wind_intensity": 93.00636332791126, "sun_azimuth_angle": 280.5233894240245, "fog_distance": "0", "cloudiness": 85.8894837833053, "fog_density": 22.692433882272688, "wetness": 27.58886737589885, "precipitation_deposits": 37.5580960413277}}], "scenario_type": "Scenario57"}]}]}