{"available_scenarios": [{"Town05": [{"available_event_configurations": [{"transform": {"pitch": "0", "x": 35, "y": 70, "yaw": -90, "z": 0}, "_start_distance": 15.917422395160331, "_actor_vel": 2.479647215911987, "_trigger_distance": 7.896480019698444, "_brake": 1.0, "weather": {"sun_altitude_angle": -12.285732029420586, "precipitation": 82.8682682640094, "wind_intensity": 46.27171262734674, "sun_azimuth_angle": 60.15162074717436, "fog_distance": "0", "cloudiness": 19.08449725785285, "fog_density": 17.37072650762578, "wetness": 6.466046752415833, "precipitation_deposits": 14.970974748864274}}], "scenario_type": "Scenario57"}], "Town04": [{"available_event_configurations": [{"transform": {"pitch": "0", "x": -13.4, "y": -160, "yaw": 90, "z": 0}, "_start_distance": 15.917422395160331, "_actor_vel": 2.479647215911987, "_trigger_distance": 7.896480019698444, "_brake": 1.0, "weather": {"sun_altitude_angle": -12.285732029420586, "precipitation": 82.8682682640094, "wind_intensity": 46.27171262734674, "sun_azimuth_angle": 60.15162074717436, "fog_distance": "0", "cloudiness": 19.08449725785285, "fog_density": 17.37072650762578, "wetness": 6.466046752415833, "precipitation_deposits": 14.970974748864274}}], "scenario_type": "Scenario57"}], "Town03": [{"available_event_configurations": [{"transform": {"pitch": "0", "x": -88.5, "y": -90, "yaw": 90, "z": 0}, "_start_distance": 15.917422395160331, "_actor_vel": 2.479647215911987, "_trigger_distance": 7.896480019698444, "_brake": 1.0, "weather": {"sun_altitude_angle": -12.285732029420586, "precipitation": 82.8682682640094, "wind_intensity": 46.27171262734674, "sun_azimuth_angle": 60.15162074717436, "fog_distance": "0", "cloudiness": 19.08449725785285, "fog_density": 17.37072650762578, "wetness": 6.466046752415833, "precipitation_deposits": 14.970974748864274}}], "scenario_type": "Scenario57"}], "Town06": [{"available_event_configurations": [{"transform": {"pitch": "0", "x": 8.4, "y": 220, "yaw": -90, "z": 0}, "_start_distance": 15.917422395160331, "_actor_vel": 2.479647215911987, "_trigger_distance": 7.896480019698444, "_brake": 1.0, "weather": {"sun_altitude_angle": -12.285732029420586, "precipitation": 82.8682682640094, "wind_intensity": 46.27171262734674, "sun_azimuth_angle": 60.15162074717436, "fog_distance": "0", "cloudiness": 19.08449725785285, "fog_density": 17.37072650762578, "wetness": 6.466046752415833, "precipitation_deposits": 14.970974748864274}}], "scenario_type": "Scenario57"}]}]}