{"available_scenarios": [{"Town05": [{"available_event_configurations": [{"transform": {"pitch": "0", "x": 35, "y": 70, "yaw": -90, "z": 0}, "_start_distance": 15.734169417009332, "_actor_vel": 2.7637334773225946, "_trigger_distance": 8.258053211329104, "_brake": 1.0, "weather": {"sun_altitude_angle": -78.9447888919407, "precipitation": 10.739537300393188, "wind_intensity": 2.401340887659076, "sun_azimuth_angle": 206.84125609665983, "fog_distance": "0", "cloudiness": 76.46265643010892, "fog_density": 88.3461538928381, "wetness": 71.84928590589683, "precipitation_deposits": 94.35388791109682}}], "scenario_type": "Scenario57"}], "Town04": [{"available_event_configurations": [{"transform": {"pitch": "0", "x": -13.4, "y": -160, "yaw": 90, "z": 0}, "_start_distance": 15.734169417009332, "_actor_vel": 2.7637334773225946, "_trigger_distance": 8.258053211329104, "_brake": 1.0, "weather": {"sun_altitude_angle": -78.9447888919407, "precipitation": 10.739537300393188, "wind_intensity": 2.401340887659076, "sun_azimuth_angle": 206.84125609665983, "fog_distance": "0", "cloudiness": 76.46265643010892, "fog_density": 88.3461538928381, "wetness": 71.84928590589683, "precipitation_deposits": 94.35388791109682}}], "scenario_type": "Scenario57"}], "Town03": [{"available_event_configurations": [{"transform": {"pitch": "0", "x": -88.5, "y": -90, "yaw": 90, "z": 0}, "_start_distance": 15.734169417009332, "_actor_vel": 2.7637334773225946, "_trigger_distance": 8.258053211329104, "_brake": 1.0, "weather": {"sun_altitude_angle": -78.9447888919407, "precipitation": 10.739537300393188, "wind_intensity": 2.401340887659076, "sun_azimuth_angle": 206.84125609665983, "fog_distance": "0", "cloudiness": 76.46265643010892, "fog_density": 88.3461538928381, "wetness": 71.84928590589683, "precipitation_deposits": 94.35388791109682}}], "scenario_type": "Scenario57"}], "Town06": [{"available_event_configurations": [{"transform": {"pitch": "0", "x": 8.4, "y": 220, "yaw": -90, "z": 0}, "_start_distance": 15.734169417009332, "_actor_vel": 2.7637334773225946, "_trigger_distance": 8.258053211329104, "_brake": 1.0, "weather": {"sun_altitude_angle": -78.9447888919407, "precipitation": 10.739537300393188, "wind_intensity": 2.401340887659076, "sun_azimuth_angle": 206.84125609665983, "fog_distance": "0", "cloudiness": 76.46265643010892, "fog_density": 88.3461538928381, "wetness": 71.84928590589683, "precipitation_deposits": 94.35388791109682}}], "scenario_type": "Scenario57"}]}]}