{"available_scenarios": [{"Town05": [{"available_event_configurations": [{"transform": {"pitch": "0", "x": 35, "y": 70, "yaw": -90, "z": 0}, "_start_distance": 16.685986573695796, "_actor_vel": 2.8804936577746307, "_trigger_distance": 6.280464341848196, "_brake": 1.0, "weather": {"sun_altitude_angle": -54.52905557213009, "precipitation": 6.082473716797732, "wind_intensity": 21.385097979415125, "sun_azimuth_angle": 166.11188181989922, "fog_distance": "0", "cloudiness": 53.02982792111879, "fog_density": 21.744933881281547, "wetness": 24.84544960651793, "precipitation_deposits": 98.23171878894178}}], "scenario_type": "Scenario57"}], "Town04": [{"available_event_configurations": [{"transform": {"pitch": "0", "x": -13.4, "y": -160, "yaw": 90, "z": 0}, "_start_distance": 16.685986573695796, "_actor_vel": 2.8804936577746307, "_trigger_distance": 6.280464341848196, "_brake": 1.0, "weather": {"sun_altitude_angle": -54.52905557213009, "precipitation": 6.082473716797732, "wind_intensity": 21.385097979415125, "sun_azimuth_angle": 166.11188181989922, "fog_distance": "0", "cloudiness": 53.02982792111879, "fog_density": 21.744933881281547, "wetness": 24.84544960651793, "precipitation_deposits": 98.23171878894178}}], "scenario_type": "Scenario57"}], "Town03": [{"available_event_configurations": [{"transform": {"pitch": "0", "x": -88.5, "y": -90, "yaw": 90, "z": 0}, "_start_distance": 16.685986573695796, "_actor_vel": 2.8804936577746307, "_trigger_distance": 6.280464341848196, "_brake": 1.0, "weather": {"sun_altitude_angle": -54.52905557213009, "precipitation": 6.082473716797732, "wind_intensity": 21.385097979415125, "sun_azimuth_angle": 166.11188181989922, "fog_distance": "0", "cloudiness": 53.02982792111879, "fog_density": 21.744933881281547, "wetness": 24.84544960651793, "precipitation_deposits": 98.23171878894178}}], "scenario_type": "Scenario57"}], "Town06": [{"available_event_configurations": [{"transform": {"pitch": "0", "x": 8.4, "y": 220, "yaw": -90, "z": 0}, "_start_distance": 16.685986573695796, "_actor_vel": 2.8804936577746307, "_trigger_distance": 6.280464341848196, "_brake": 1.0, "weather": {"sun_altitude_angle": -54.52905557213009, "precipitation": 6.082473716797732, "wind_intensity": 21.385097979415125, "sun_azimuth_angle": 166.11188181989922, "fog_distance": "0", "cloudiness": 53.02982792111879, "fog_density": 21.744933881281547, "wetness": 24.84544960651793, "precipitation_deposits": 98.23171878894178}}], "scenario_type": "Scenario57"}]}]}