{"available_scenarios": [{"Town05": [{"available_event_configurations": [{"transform": {"pitch": "0", "x": 35, "y": 70, "yaw": -90, "z": 0}, "_start_distance": 15.639092854751311, "_actor_vel": 2.1004589974206995, "_trigger_distance": 7.730220116389331, "_brake": 1.0, "weather": {"sun_altitude_angle": 11.111373804373486, "precipitation": 25.574991962708495, "wind_intensity": 26.955594998778675, "sun_azimuth_angle": 39.40663945413669, "fog_distance": "0", "cloudiness": 4.30910698819289, "fog_density": 6.202868132902994, "wetness": 4.641244322937254, "precipitation_deposits": 21.5691252654454}}], "scenario_type": "Scenario57"}], "Town04": [{"available_event_configurations": [{"transform": {"pitch": "0", "x": -13.4, "y": -160, "yaw": 90, "z": 0}, "_start_distance": 15.639092854751311, "_actor_vel": 2.1004589974206995, "_trigger_distance": 7.730220116389331, "_brake": 1.0, "weather": {"sun_altitude_angle": 11.111373804373486, "precipitation": 25.574991962708495, "wind_intensity": 26.955594998778675, "sun_azimuth_angle": 39.40663945413669, "fog_distance": "0", "cloudiness": 4.30910698819289, "fog_density": 6.202868132902994, "wetness": 4.641244322937254, "precipitation_deposits": 21.5691252654454}}], "scenario_type": "Scenario57"}], "Town03": [{"available_event_configurations": [{"transform": {"pitch": "0", "x": -88.5, "y": -90, "yaw": 90, "z": 0}, "_start_distance": 15.639092854751311, "_actor_vel": 2.1004589974206995, "_trigger_distance": 7.730220116389331, "_brake": 1.0, "weather": {"sun_altitude_angle": 11.111373804373486, "precipitation": 25.574991962708495, "wind_intensity": 26.955594998778675, "sun_azimuth_angle": 39.40663945413669, "fog_distance": "0", "cloudiness": 4.30910698819289, "fog_density": 6.202868132902994, "wetness": 4.641244322937254, "precipitation_deposits": 21.5691252654454}}], "scenario_type": "Scenario57"}], "Town06": [{"available_event_configurations": [{"transform": {"pitch": "0", "x": 8.4, "y": 220, "yaw": -90, "z": 0}, "_start_distance": 15.639092854751311, "_actor_vel": 2.1004589974206995, "_trigger_distance": 7.730220116389331, "_brake": 1.0, "weather": {"sun_altitude_angle": 11.111373804373486, "precipitation": 25.574991962708495, "wind_intensity": 26.955594998778675, "sun_azimuth_angle": 39.40663945413669, "fog_distance": "0", "cloudiness": 4.30910698819289, "fog_density": 6.202868132902994, "wetness": 4.641244322937254, "precipitation_deposits": 21.5691252654454}}], "scenario_type": "Scenario57"}]}]}