{"available_scenarios": [{"Town05": [{"available_event_configurations": [{"transform": {"pitch": "0", "x": 35, "y": 70, "yaw": -90, "z": 0}, "_start_distance": 15.586298017476597, "_actor_vel": 2.9493515392762744, "_trigger_distance": 6.551259194225344, "_brake": 1.0, "weather": {"sun_altitude_angle": -15.861799610820825, "precipitation": 97.23316439245959, "wind_intensity": 21.151820484386608, "sun_azimuth_angle": 81.85175456872216, "fog_distance": "0", "cloudiness": 5.360813466570202, "fog_density": 74.67695084909165, "wetness": 95.42788432185094, "precipitation_deposits": 44.93954824776236}}], "scenario_type": "Scenario57"}], "Town04": [{"available_event_configurations": [{"transform": {"pitch": "0", "x": -13.4, "y": -160, "yaw": 90, "z": 0}, "_start_distance": 15.586298017476597, "_actor_vel": 2.9493515392762744, "_trigger_distance": 6.551259194225344, "_brake": 1.0, "weather": {"sun_altitude_angle": -15.861799610820825, "precipitation": 97.23316439245959, "wind_intensity": 21.151820484386608, "sun_azimuth_angle": 81.85175456872216, "fog_distance": "0", "cloudiness": 5.360813466570202, "fog_density": 74.67695084909165, "wetness": 95.42788432185094, "precipitation_deposits": 44.93954824776236}}], "scenario_type": "Scenario57"}], "Town03": [{"available_event_configurations": [{"transform": {"pitch": "0", "x": -88.5, "y": -90, "yaw": 90, "z": 0}, "_start_distance": 15.586298017476597, "_actor_vel": 2.9493515392762744, "_trigger_distance": 6.551259194225344, "_brake": 1.0, "weather": {"sun_altitude_angle": -15.861799610820825, "precipitation": 97.23316439245959, "wind_intensity": 21.151820484386608, "sun_azimuth_angle": 81.85175456872216, "fog_distance": "0", "cloudiness": 5.360813466570202, "fog_density": 74.67695084909165, "wetness": 95.42788432185094, "precipitation_deposits": 44.93954824776236}}], "scenario_type": "Scenario57"}], "Town06": [{"available_event_configurations": [{"transform": {"pitch": "0", "x": 8.4, "y": 220, "yaw": -90, "z": 0}, "_start_distance": 15.586298017476597, "_actor_vel": 2.9493515392762744, "_trigger_distance": 6.551259194225344, "_brake": 1.0, "weather": {"sun_altitude_angle": -15.861799610820825, "precipitation": 97.23316439245959, "wind_intensity": 21.151820484386608, "sun_azimuth_angle": 81.85175456872216, "fog_distance": "0", "cloudiness": 5.360813466570202, "fog_density": 74.67695084909165, "wetness": 95.42788432185094, "precipitation_deposits": 44.93954824776236}}], "scenario_type": "Scenario57"}]}]}