{"available_scenarios": [{"Town05": [{"available_event_configurations": [{"transform": {"pitch": "0", "x": 35, "y": 70, "yaw": -90, "z": 0}, "_start_distance": 15.90917440920181, "_actor_vel": 2.084659297274886, "_trigger_distance": 8.272007619698472, "_brake": 1.0, "weather": {"sun_altitude_angle": 70.06638106226399, "precipitation": 20.616625141433097, "wind_intensity": 4.624270082459525, "sun_azimuth_angle": 158.58460598459916, "fog_distance": "0", "cloudiness": 63.08166571726288, "fog_density": 95.7188075962765, "wetness": 66.68844687676379, "precipitation_deposits": 42.084248871220794}}], "scenario_type": "Scenario57"}], "Town04": [{"available_event_configurations": [{"transform": {"pitch": "0", "x": -13.4, "y": -160, "yaw": 90, "z": 0}, "_start_distance": 15.90917440920181, "_actor_vel": 2.084659297274886, "_trigger_distance": 8.272007619698472, "_brake": 1.0, "weather": {"sun_altitude_angle": 70.06638106226399, "precipitation": 20.616625141433097, "wind_intensity": 4.624270082459525, "sun_azimuth_angle": 158.58460598459916, "fog_distance": "0", "cloudiness": 63.08166571726288, "fog_density": 95.7188075962765, "wetness": 66.68844687676379, "precipitation_deposits": 42.084248871220794}}], "scenario_type": "Scenario57"}], "Town03": [{"available_event_configurations": [{"transform": {"pitch": "0", "x": -88.5, "y": -90, "yaw": 90, "z": 0}, "_start_distance": 15.90917440920181, "_actor_vel": 2.084659297274886, "_trigger_distance": 8.272007619698472, "_brake": 1.0, "weather": {"sun_altitude_angle": 70.06638106226399, "precipitation": 20.616625141433097, "wind_intensity": 4.624270082459525, "sun_azimuth_angle": 158.58460598459916, "fog_distance": "0", "cloudiness": 63.08166571726288, "fog_density": 95.7188075962765, "wetness": 66.68844687676379, "precipitation_deposits": 42.084248871220794}}], "scenario_type": "Scenario57"}], "Town06": [{"available_event_configurations": [{"transform": {"pitch": "0", "x": 8.4, "y": 220, "yaw": -90, "z": 0}, "_start_distance": 15.90917440920181, "_actor_vel": 2.084659297274886, "_trigger_distance": 8.272007619698472, "_brake": 1.0, "weather": {"sun_altitude_angle": 70.06638106226399, "precipitation": 20.616625141433097, "wind_intensity": 4.624270082459525, "sun_azimuth_angle": 158.58460598459916, "fog_distance": "0", "cloudiness": 63.08166571726288, "fog_density": 95.7188075962765, "wetness": 66.68844687676379, "precipitation_deposits": 42.084248871220794}}], "scenario_type": "Scenario57"}]}]}