{"available_scenarios": [{"Town05": [{"available_event_configurations": [{"transform": {"pitch": "0", "x": 35, "y": 70, "yaw": -90, "z": 0}, "_start_distance": 18.420679977808266, "_actor_vel": 2.9666382799800592, "_trigger_distance": 7.242936816649392, "_brake": 1.0, "weather": {"sun_altitude_angle": 62.53361975812953, "precipitation": 18.751467780158304, "wind_intensity": 11.14351974453892, "sun_azimuth_angle": 118.93913347237753, "fog_distance": "0", "cloudiness": 14.227426515867503, "fog_density": 4.520354027370955, "wetness": 92.78650151539517, "precipitation_deposits": 78.60236165685758}}], "scenario_type": "Scenario57"}], "Town04": [{"available_event_configurations": [{"transform": {"pitch": "0", "x": -13.4, "y": -160, "yaw": 90, "z": 0}, "_start_distance": 18.420679977808266, "_actor_vel": 2.9666382799800592, "_trigger_distance": 7.242936816649392, "_brake": 1.0, "weather": {"sun_altitude_angle": 62.53361975812953, "precipitation": 18.751467780158304, "wind_intensity": 11.14351974453892, "sun_azimuth_angle": 118.93913347237753, "fog_distance": "0", "cloudiness": 14.227426515867503, "fog_density": 4.520354027370955, "wetness": 92.78650151539517, "precipitation_deposits": 78.60236165685758}}], "scenario_type": "Scenario57"}], "Town03": [{"available_event_configurations": [{"transform": {"pitch": "0", "x": -88.5, "y": -90, "yaw": 90, "z": 0}, "_start_distance": 18.420679977808266, "_actor_vel": 2.9666382799800592, "_trigger_distance": 7.242936816649392, "_brake": 1.0, "weather": {"sun_altitude_angle": 62.53361975812953, "precipitation": 18.751467780158304, "wind_intensity": 11.14351974453892, "sun_azimuth_angle": 118.93913347237753, "fog_distance": "0", "cloudiness": 14.227426515867503, "fog_density": 4.520354027370955, "wetness": 92.78650151539517, "precipitation_deposits": 78.60236165685758}}], "scenario_type": "Scenario57"}], "Town06": [{"available_event_configurations": [{"transform": {"pitch": "0", "x": 8.4, "y": 220, "yaw": -90, "z": 0}, "_start_distance": 18.420679977808266, "_actor_vel": 2.9666382799800592, "_trigger_distance": 7.242936816649392, "_brake": 1.0, "weather": {"sun_altitude_angle": 62.53361975812953, "precipitation": 18.751467780158304, "wind_intensity": 11.14351974453892, "sun_azimuth_angle": 118.93913347237753, "fog_distance": "0", "cloudiness": 14.227426515867503, "fog_density": 4.520354027370955, "wetness": 92.78650151539517, "precipitation_deposits": 78.60236165685758}}], "scenario_type": "Scenario57"}]}]}