{"available_scenarios": [{"Town05": [{"available_event_configurations": [{"transform": {"pitch": "0", "x": 35, "y": 70, "yaw": -90, "z": 0}, "_start_distance": 17.55911613508031, "_actor_vel": 2.3304821162743075, "_trigger_distance": 7.298780244016145, "_brake": 1.0, "weather": {"sun_altitude_angle": 9.096490117436048, "precipitation": 65.19427730975124, "wind_intensity": 20.377117648475483, "sun_azimuth_angle": 16.97247239125431, "fog_distance": "0", "cloudiness": 32.02470269667732, "fog_density": 24.958429624326083, "wetness": 79.78615591411547, "precipitation_deposits": 54.7280529876607}}], "scenario_type": "Scenario57"}], "Town04": [{"available_event_configurations": [{"transform": {"pitch": "0", "x": -13.4, "y": -160, "yaw": 90, "z": 0}, "_start_distance": 17.55911613508031, "_actor_vel": 2.3304821162743075, "_trigger_distance": 7.298780244016145, "_brake": 1.0, "weather": {"sun_altitude_angle": 9.096490117436048, "precipitation": 65.19427730975124, "wind_intensity": 20.377117648475483, "sun_azimuth_angle": 16.97247239125431, "fog_distance": "0", "cloudiness": 32.02470269667732, "fog_density": 24.958429624326083, "wetness": 79.78615591411547, "precipitation_deposits": 54.7280529876607}}], "scenario_type": "Scenario57"}], "Town03": [{"available_event_configurations": [{"transform": {"pitch": "0", "x": -88.5, "y": -90, "yaw": 90, "z": 0}, "_start_distance": 17.55911613508031, "_actor_vel": 2.3304821162743075, "_trigger_distance": 7.298780244016145, "_brake": 1.0, "weather": {"sun_altitude_angle": 9.096490117436048, "precipitation": 65.19427730975124, "wind_intensity": 20.377117648475483, "sun_azimuth_angle": 16.97247239125431, "fog_distance": "0", "cloudiness": 32.02470269667732, "fog_density": 24.958429624326083, "wetness": 79.78615591411547, "precipitation_deposits": 54.7280529876607}}], "scenario_type": "Scenario57"}], "Town06": [{"available_event_configurations": [{"transform": {"pitch": "0", "x": 8.4, "y": 220, "yaw": -90, "z": 0}, "_start_distance": 17.55911613508031, "_actor_vel": 2.3304821162743075, "_trigger_distance": 7.298780244016145, "_brake": 1.0, "weather": {"sun_altitude_angle": 9.096490117436048, "precipitation": 65.19427730975124, "wind_intensity": 20.377117648475483, "sun_azimuth_angle": 16.97247239125431, "fog_distance": "0", "cloudiness": 32.02470269667732, "fog_density": 24.958429624326083, "wetness": 79.78615591411547, "precipitation_deposits": 54.7280529876607}}], "scenario_type": "Scenario57"}]}]}