{"available_scenarios": [{"Town05": [{"available_event_configurations": [{"transform": {"pitch": "0", "x": 35, "y": 70, "yaw": -90, "z": 0}, "_start_distance": 17.160395474686702, "_actor_vel": 3.946416797570488, "_trigger_distance": 7.411898171195396, "_brake": 1.0, "weather": {"sun_altitude_angle": -13.707825844528728, "precipitation": 79.98290814155827, "wind_intensity": 42.81691854620716, "sun_azimuth_angle": 148.15463951203708, "fog_distance": "0", "cloudiness": 14.953726266499622, "fog_density": 22.879037979386652, "wetness": 53.427721649773396, "precipitation_deposits": 64.04302753528198}}], "scenario_type": "Scenario57"}], "Town04": [{"available_event_configurations": [{"transform": {"pitch": "0", "x": -13.4, "y": -160, "yaw": 90, "z": 0}, "_start_distance": 17.160395474686702, "_actor_vel": 3.946416797570488, "_trigger_distance": 7.411898171195396, "_brake": 1.0, "weather": {"sun_altitude_angle": -13.707825844528728, "precipitation": 79.98290814155827, "wind_intensity": 42.81691854620716, "sun_azimuth_angle": 148.15463951203708, "fog_distance": "0", "cloudiness": 14.953726266499622, "fog_density": 22.879037979386652, "wetness": 53.427721649773396, "precipitation_deposits": 64.04302753528198}}], "scenario_type": "Scenario57"}], "Town03": [{"available_event_configurations": [{"transform": {"pitch": "0", "x": -88.5, "y": -90, "yaw": 90, "z": 0}, "_start_distance": 17.160395474686702, "_actor_vel": 3.946416797570488, "_trigger_distance": 7.411898171195396, "_brake": 1.0, "weather": {"sun_altitude_angle": -13.707825844528728, "precipitation": 79.98290814155827, "wind_intensity": 42.81691854620716, "sun_azimuth_angle": 148.15463951203708, "fog_distance": "0", "cloudiness": 14.953726266499622, "fog_density": 22.879037979386652, "wetness": 53.427721649773396, "precipitation_deposits": 64.04302753528198}}], "scenario_type": "Scenario57"}], "Town06": [{"available_event_configurations": [{"transform": {"pitch": "0", "x": 8.4, "y": 220, "yaw": -90, "z": 0}, "_start_distance": 17.160395474686702, "_actor_vel": 3.946416797570488, "_trigger_distance": 7.411898171195396, "_brake": 1.0, "weather": {"sun_altitude_angle": -13.707825844528728, "precipitation": 79.98290814155827, "wind_intensity": 42.81691854620716, "sun_azimuth_angle": 148.15463951203708, "fog_distance": "0", "cloudiness": 14.953726266499622, "fog_density": 22.879037979386652, "wetness": 53.427721649773396, "precipitation_deposits": 64.04302753528198}}], "scenario_type": "Scenario57"}]}]}