{"available_scenarios": [{"Town05": [{"available_event_configurations": [{"transform": {"pitch": "0", "x": 35, "y": 70, "yaw": -90, "z": 0}, "_start_distance": 17.410405369217614, "_actor_vel": 3.0073726541299184, "_trigger_distance": 8.391330454170632, "_brake": 1.0, "weather": {"sun_altitude_angle": -39.06141718941709, "precipitation": 71.14026182147836, "wind_intensity": 98.7780421132673, "sun_azimuth_angle": 83.7185247310123, "fog_distance": "0", "cloudiness": 65.93517729818136, "fog_density": 98.84463707434892, "wetness": 26.82607280749927, "precipitation_deposits": 67.70132089844734}}], "scenario_type": "Scenario57"}], "Town04": [{"available_event_configurations": [{"transform": {"pitch": "0", "x": -13.4, "y": -160, "yaw": 90, "z": 0}, "_start_distance": 17.410405369217614, "_actor_vel": 3.0073726541299184, "_trigger_distance": 8.391330454170632, "_brake": 1.0, "weather": {"sun_altitude_angle": -39.06141718941709, "precipitation": 71.14026182147836, "wind_intensity": 98.7780421132673, "sun_azimuth_angle": 83.7185247310123, "fog_distance": "0", "cloudiness": 65.93517729818136, "fog_density": 98.84463707434892, "wetness": 26.82607280749927, "precipitation_deposits": 67.70132089844734}}], "scenario_type": "Scenario57"}], "Town03": [{"available_event_configurations": [{"transform": {"pitch": "0", "x": -88.5, "y": -90, "yaw": 90, "z": 0}, "_start_distance": 17.410405369217614, "_actor_vel": 3.0073726541299184, "_trigger_distance": 8.391330454170632, "_brake": 1.0, "weather": {"sun_altitude_angle": -39.06141718941709, "precipitation": 71.14026182147836, "wind_intensity": 98.7780421132673, "sun_azimuth_angle": 83.7185247310123, "fog_distance": "0", "cloudiness": 65.93517729818136, "fog_density": 98.84463707434892, "wetness": 26.82607280749927, "precipitation_deposits": 67.70132089844734}}], "scenario_type": "Scenario57"}], "Town06": [{"available_event_configurations": [{"transform": {"pitch": "0", "x": 8.4, "y": 220, "yaw": -90, "z": 0}, "_start_distance": 17.410405369217614, "_actor_vel": 3.0073726541299184, "_trigger_distance": 8.391330454170632, "_brake": 1.0, "weather": {"sun_altitude_angle": -39.06141718941709, "precipitation": 71.14026182147836, "wind_intensity": 98.7780421132673, "sun_azimuth_angle": 83.7185247310123, "fog_distance": "0", "cloudiness": 65.93517729818136, "fog_density": 98.84463707434892, "wetness": 26.82607280749927, "precipitation_deposits": 67.70132089844734}}], "scenario_type": "Scenario57"}]}]}