{"available_scenarios": [{"Town05": [{"available_event_configurations": [{"transform": {"pitch": "0", "x": 35, "y": 70, "yaw": -90, "z": 0}, "_start_distance": 17.70077453185764, "_actor_vel": 2.344430640761759, "_trigger_distance": 9.699906600748736, "_brake": 1.0, "weather": {"sun_altitude_angle": 43.762772563519746, "precipitation": 67.748074681769, "wind_intensity": 49.64907414806336, "sun_azimuth_angle": 158.97700898815478, "fog_distance": "0", "cloudiness": 19.514957355877925, "fog_density": 38.64545941513365, "wetness": 89.77429149620261, "precipitation_deposits": 64.77742515645049}}], "scenario_type": "Scenario57"}], "Town04": [{"available_event_configurations": [{"transform": {"pitch": "0", "x": -13.4, "y": -160, "yaw": 90, "z": 0}, "_start_distance": 17.70077453185764, "_actor_vel": 2.344430640761759, "_trigger_distance": 9.699906600748736, "_brake": 1.0, "weather": {"sun_altitude_angle": 43.762772563519746, "precipitation": 67.748074681769, "wind_intensity": 49.64907414806336, "sun_azimuth_angle": 158.97700898815478, "fog_distance": "0", "cloudiness": 19.514957355877925, "fog_density": 38.64545941513365, "wetness": 89.77429149620261, "precipitation_deposits": 64.77742515645049}}], "scenario_type": "Scenario57"}], "Town03": [{"available_event_configurations": [{"transform": {"pitch": "0", "x": -88.5, "y": -90, "yaw": 90, "z": 0}, "_start_distance": 17.70077453185764, "_actor_vel": 2.344430640761759, "_trigger_distance": 9.699906600748736, "_brake": 1.0, "weather": {"sun_altitude_angle": 43.762772563519746, "precipitation": 67.748074681769, "wind_intensity": 49.64907414806336, "sun_azimuth_angle": 158.97700898815478, "fog_distance": "0", "cloudiness": 19.514957355877925, "fog_density": 38.64545941513365, "wetness": 89.77429149620261, "precipitation_deposits": 64.77742515645049}}], "scenario_type": "Scenario57"}], "Town06": [{"available_event_configurations": [{"transform": {"pitch": "0", "x": 8.4, "y": 220, "yaw": -90, "z": 0}, "_start_distance": 17.70077453185764, "_actor_vel": 2.344430640761759, "_trigger_distance": 9.699906600748736, "_brake": 1.0, "weather": {"sun_altitude_angle": 43.762772563519746, "precipitation": 67.748074681769, "wind_intensity": 49.64907414806336, "sun_azimuth_angle": 158.97700898815478, "fog_distance": "0", "cloudiness": 19.514957355877925, "fog_density": 38.64545941513365, "wetness": 89.77429149620261, "precipitation_deposits": 64.77742515645049}}], "scenario_type": "Scenario57"}]}]}