{"available_scenarios": [{"Town05": [{"available_event_configurations": [{"transform": {"pitch": "0", "x": 35, "y": 70, "yaw": -90, "z": 0}, "_start_distance": 17.984106249426972, "_actor_vel": 2.802437881500386, "_trigger_distance": 8.52523817983749, "_brake": 1.0, "weather": {"sun_altitude_angle": 9.23996987952873, "precipitation": 28.298092484831095, "wind_intensity": 7.207381175866601, "sun_azimuth_angle": 204.48092238862912, "fog_distance": "0", "cloudiness": 12.626988455017162, "fog_density": 39.51221703322451, "wetness": 99.93055642205559, "precipitation_deposits": 97.3099615099132}}], "scenario_type": "Scenario57"}], "Town04": [{"available_event_configurations": [{"transform": {"pitch": "0", "x": -13.4, "y": -160, "yaw": 90, "z": 0}, "_start_distance": 17.984106249426972, "_actor_vel": 2.802437881500386, "_trigger_distance": 8.52523817983749, "_brake": 1.0, "weather": {"sun_altitude_angle": 9.23996987952873, "precipitation": 28.298092484831095, "wind_intensity": 7.207381175866601, "sun_azimuth_angle": 204.48092238862912, "fog_distance": "0", "cloudiness": 12.626988455017162, "fog_density": 39.51221703322451, "wetness": 99.93055642205559, "precipitation_deposits": 97.3099615099132}}], "scenario_type": "Scenario57"}], "Town03": [{"available_event_configurations": [{"transform": {"pitch": "0", "x": -88.5, "y": -90, "yaw": 90, "z": 0}, "_start_distance": 17.984106249426972, "_actor_vel": 2.802437881500386, "_trigger_distance": 8.52523817983749, "_brake": 1.0, "weather": {"sun_altitude_angle": 9.23996987952873, "precipitation": 28.298092484831095, "wind_intensity": 7.207381175866601, "sun_azimuth_angle": 204.48092238862912, "fog_distance": "0", "cloudiness": 12.626988455017162, "fog_density": 39.51221703322451, "wetness": 99.93055642205559, "precipitation_deposits": 97.3099615099132}}], "scenario_type": "Scenario57"}], "Town06": [{"available_event_configurations": [{"transform": {"pitch": "0", "x": 8.4, "y": 220, "yaw": -90, "z": 0}, "_start_distance": 17.984106249426972, "_actor_vel": 2.802437881500386, "_trigger_distance": 8.52523817983749, "_brake": 1.0, "weather": {"sun_altitude_angle": 9.23996987952873, "precipitation": 28.298092484831095, "wind_intensity": 7.207381175866601, "sun_azimuth_angle": 204.48092238862912, "fog_distance": "0", "cloudiness": 12.626988455017162, "fog_density": 39.51221703322451, "wetness": 99.93055642205559, "precipitation_deposits": 97.3099615099132}}], "scenario_type": "Scenario57"}]}]}