{"available_scenarios": [{"Town05": [{"available_event_configurations": [{"transform": {"pitch": "0", "x": 35, "y": 70, "yaw": -90, "z": 0}, "_start_distance": 19.259971964381606, "_actor_vel": 2.8613634616181516, "_trigger_distance": 6.402206358943962, "_brake": 1.0, "weather": {"sun_altitude_angle": -73.6511814589793, "precipitation": 95.37974054234718, "wind_intensity": 24.746815022081048, "sun_azimuth_angle": 287.06475061575236, "fog_distance": "0", "cloudiness": 12.944428921030514, "fog_density": 26.0117079240074, "wetness": 27.52978197572842, "precipitation_deposits": 50.50502816573545}}], "scenario_type": "Scenario57"}], "Town04": [{"available_event_configurations": [{"transform": {"pitch": "0", "x": -13.4, "y": -160, "yaw": 90, "z": 0}, "_start_distance": 19.259971964381606, "_actor_vel": 2.8613634616181516, "_trigger_distance": 6.402206358943962, "_brake": 1.0, "weather": {"sun_altitude_angle": -73.6511814589793, "precipitation": 95.37974054234718, "wind_intensity": 24.746815022081048, "sun_azimuth_angle": 287.06475061575236, "fog_distance": "0", "cloudiness": 12.944428921030514, "fog_density": 26.0117079240074, "wetness": 27.52978197572842, "precipitation_deposits": 50.50502816573545}}], "scenario_type": "Scenario57"}], "Town03": [{"available_event_configurations": [{"transform": {"pitch": "0", "x": -88.5, "y": -90, "yaw": 90, "z": 0}, "_start_distance": 19.259971964381606, "_actor_vel": 2.8613634616181516, "_trigger_distance": 6.402206358943962, "_brake": 1.0, "weather": {"sun_altitude_angle": -73.6511814589793, "precipitation": 95.37974054234718, "wind_intensity": 24.746815022081048, "sun_azimuth_angle": 287.06475061575236, "fog_distance": "0", "cloudiness": 12.944428921030514, "fog_density": 26.0117079240074, "wetness": 27.52978197572842, "precipitation_deposits": 50.50502816573545}}], "scenario_type": "Scenario57"}], "Town06": [{"available_event_configurations": [{"transform": {"pitch": "0", "x": 8.4, "y": 220, "yaw": -90, "z": 0}, "_start_distance": 19.259971964381606, "_actor_vel": 2.8613634616181516, "_trigger_distance": 6.402206358943962, "_brake": 1.0, "weather": {"sun_altitude_angle": -73.6511814589793, "precipitation": 95.37974054234718, "wind_intensity": 24.746815022081048, "sun_azimuth_angle": 287.06475061575236, "fog_distance": "0", "cloudiness": 12.944428921030514, "fog_density": 26.0117079240074, "wetness": 27.52978197572842, "precipitation_deposits": 50.50502816573545}}], "scenario_type": "Scenario57"}]}]}