{"available_scenarios": [{"Town05": [{"available_event_configurations": [{"transform": {"pitch": "0", "x": 35, "y": 70, "yaw": -90, "z": 0}, "_start_distance": 19.72044278083005, "_actor_vel": 2.934783592692458, "_trigger_distance": 8.886635876253125, "_brake": 1.0, "weather": {"sun_altitude_angle": 87.30755864202683, "precipitation": 8.78060107735733, "wind_intensity": 72.71972552057264, "sun_azimuth_angle": 337.2957065207709, "fog_distance": "0", "cloudiness": 43.468295240821554, "fog_density": 31.455255714671427, "wetness": 52.88662643432398, "precipitation_deposits": 68.16085434037225}}], "scenario_type": "Scenario57"}], "Town04": [{"available_event_configurations": [{"transform": {"pitch": "0", "x": -13.4, "y": -160, "yaw": 90, "z": 0}, "_start_distance": 19.72044278083005, "_actor_vel": 2.934783592692458, "_trigger_distance": 8.886635876253125, "_brake": 1.0, "weather": {"sun_altitude_angle": 87.30755864202683, "precipitation": 8.78060107735733, "wind_intensity": 72.71972552057264, "sun_azimuth_angle": 337.2957065207709, "fog_distance": "0", "cloudiness": 43.468295240821554, "fog_density": 31.455255714671427, "wetness": 52.88662643432398, "precipitation_deposits": 68.16085434037225}}], "scenario_type": "Scenario57"}], "Town03": [{"available_event_configurations": [{"transform": {"pitch": "0", "x": -88.5, "y": -90, "yaw": 90, "z": 0}, "_start_distance": 19.72044278083005, "_actor_vel": 2.934783592692458, "_trigger_distance": 8.886635876253125, "_brake": 1.0, "weather": {"sun_altitude_angle": 87.30755864202683, "precipitation": 8.78060107735733, "wind_intensity": 72.71972552057264, "sun_azimuth_angle": 337.2957065207709, "fog_distance": "0", "cloudiness": 43.468295240821554, "fog_density": 31.455255714671427, "wetness": 52.88662643432398, "precipitation_deposits": 68.16085434037225}}], "scenario_type": "Scenario57"}], "Town06": [{"available_event_configurations": [{"transform": {"pitch": "0", "x": 8.4, "y": 220, "yaw": -90, "z": 0}, "_start_distance": 19.72044278083005, "_actor_vel": 2.934783592692458, "_trigger_distance": 8.886635876253125, "_brake": 1.0, "weather": {"sun_altitude_angle": 87.30755864202683, "precipitation": 8.78060107735733, "wind_intensity": 72.71972552057264, "sun_azimuth_angle": 337.2957065207709, "fog_distance": "0", "cloudiness": 43.468295240821554, "fog_density": 31.455255714671427, "wetness": 52.88662643432398, "precipitation_deposits": 68.16085434037225}}], "scenario_type": "Scenario57"}]}]}