{"available_scenarios": [{"Town05": [{"available_event_configurations": [{"transform": {"pitch": "0", "x": 35, "y": 70, "yaw": -90, "z": 0}, "_start_distance": 15.088267981155361, "_actor_vel": 2.847865780115023, "_trigger_distance": 8.350589697877364, "_brake": 1.0, "weather": {"sun_altitude_angle": 2.0492617727552442, "precipitation": 38.825938473045454, "wind_intensity": 37.684022478894484, "sun_azimuth_angle": 168.0418754029351, "fog_distance": "0", "cloudiness": 80.96230216757635, "fog_density": 13.32213918358558, "wetness": 61.0346475082264, "precipitation_deposits": 10.548671130342003}}], "scenario_type": "Scenario57"}], "Town04": [{"available_event_configurations": [{"transform": {"pitch": "0", "x": -13.4, "y": -160, "yaw": 90, "z": 0}, "_start_distance": 15.088267981155361, "_actor_vel": 2.847865780115023, "_trigger_distance": 8.350589697877364, "_brake": 1.0, "weather": {"sun_altitude_angle": 2.0492617727552442, "precipitation": 38.825938473045454, "wind_intensity": 37.684022478894484, "sun_azimuth_angle": 168.0418754029351, "fog_distance": "0", "cloudiness": 80.96230216757635, "fog_density": 13.32213918358558, "wetness": 61.0346475082264, "precipitation_deposits": 10.548671130342003}}], "scenario_type": "Scenario57"}], "Town03": [{"available_event_configurations": [{"transform": {"pitch": "0", "x": -88.5, "y": -90, "yaw": 90, "z": 0}, "_start_distance": 15.088267981155361, "_actor_vel": 2.847865780115023, "_trigger_distance": 8.350589697877364, "_brake": 1.0, "weather": {"sun_altitude_angle": 2.0492617727552442, "precipitation": 38.825938473045454, "wind_intensity": 37.684022478894484, "sun_azimuth_angle": 168.0418754029351, "fog_distance": "0", "cloudiness": 80.96230216757635, "fog_density": 13.32213918358558, "wetness": 61.0346475082264, "precipitation_deposits": 10.548671130342003}}], "scenario_type": "Scenario57"}], "Town06": [{"available_event_configurations": [{"transform": {"pitch": "0", "x": 8.4, "y": 220, "yaw": -90, "z": 0}, "_start_distance": 15.088267981155361, "_actor_vel": 2.847865780115023, "_trigger_distance": 8.350589697877364, "_brake": 1.0, "weather": {"sun_altitude_angle": 2.0492617727552442, "precipitation": 38.825938473045454, "wind_intensity": 37.684022478894484, "sun_azimuth_angle": 168.0418754029351, "fog_distance": "0", "cloudiness": 80.96230216757635, "fog_density": 13.32213918358558, "wetness": 61.0346475082264, "precipitation_deposits": 10.548671130342003}}], "scenario_type": "Scenario57"}]}]}