{"available_scenarios": [{"Town05": [{"available_event_configurations": [{"transform": {"pitch": "0", "x": 35, "y": 70, "yaw": -90, "z": 0}, "_start_distance": 16.902491568235497, "_actor_vel": 3.325043838658827, "_trigger_distance": 9.219144434769511, "_brake": 1.0, "weather": {"sun_altitude_angle": -31.03598900965595, "precipitation": 25.19614614512221, "wind_intensity": 86.79691856990203, "sun_azimuth_angle": 327.6698307923689, "fog_distance": "0", "cloudiness": 60.07335403870496, "fog_density": 4.819070988303464, "wetness": 37.53020460010457, "precipitation_deposits": 71.41449447425146}}], "scenario_type": "Scenario57"}], "Town04": [{"available_event_configurations": [{"transform": {"pitch": "0", "x": -13.4, "y": -160, "yaw": 90, "z": 0}, "_start_distance": 16.902491568235497, "_actor_vel": 3.325043838658827, "_trigger_distance": 9.219144434769511, "_brake": 1.0, "weather": {"sun_altitude_angle": -31.03598900965595, "precipitation": 25.19614614512221, "wind_intensity": 86.79691856990203, "sun_azimuth_angle": 327.6698307923689, "fog_distance": "0", "cloudiness": 60.07335403870496, "fog_density": 4.819070988303464, "wetness": 37.53020460010457, "precipitation_deposits": 71.41449447425146}}], "scenario_type": "Scenario57"}], "Town03": [{"available_event_configurations": [{"transform": {"pitch": "0", "x": -88.5, "y": -90, "yaw": 90, "z": 0}, "_start_distance": 16.902491568235497, "_actor_vel": 3.325043838658827, "_trigger_distance": 9.219144434769511, "_brake": 1.0, "weather": {"sun_altitude_angle": -31.03598900965595, "precipitation": 25.19614614512221, "wind_intensity": 86.79691856990203, "sun_azimuth_angle": 327.6698307923689, "fog_distance": "0", "cloudiness": 60.07335403870496, "fog_density": 4.819070988303464, "wetness": 37.53020460010457, "precipitation_deposits": 71.41449447425146}}], "scenario_type": "Scenario57"}], "Town06": [{"available_event_configurations": [{"transform": {"pitch": "0", "x": 8.4, "y": 220, "yaw": -90, "z": 0}, "_start_distance": 16.902491568235497, "_actor_vel": 3.325043838658827, "_trigger_distance": 9.219144434769511, "_brake": 1.0, "weather": {"sun_altitude_angle": -31.03598900965595, "precipitation": 25.19614614512221, "wind_intensity": 86.79691856990203, "sun_azimuth_angle": 327.6698307923689, "fog_distance": "0", "cloudiness": 60.07335403870496, "fog_density": 4.819070988303464, "wetness": 37.53020460010457, "precipitation_deposits": 71.41449447425146}}], "scenario_type": "Scenario57"}]}]}