{"available_scenarios": [{"Town05": [{"available_event_configurations": [{"transform": {"pitch": "0", "x": 35, "y": 70, "yaw": -90, "z": 0}, "_start_distance": 15.613615265140794, "_actor_vel": 3.0883054596563513, "_trigger_distance": 9.622113385315515, "_brake": 1.0, "weather": {"sun_altitude_angle": 23.579899862620778, "precipitation": 83.47164964157456, "wind_intensity": 70.75460800870577, "sun_azimuth_angle": 226.55359455707475, "fog_distance": "0", "cloudiness": 34.87075635686237, "fog_density": 98.02447504996371, "wetness": 42.80783330229146, "precipitation_deposits": 53.19858227872991}}], "scenario_type": "Scenario57"}], "Town04": [{"available_event_configurations": [{"transform": {"pitch": "0", "x": -13.4, "y": -160, "yaw": 90, "z": 0}, "_start_distance": 15.613615265140794, "_actor_vel": 3.0883054596563513, "_trigger_distance": 9.622113385315515, "_brake": 1.0, "weather": {"sun_altitude_angle": 23.579899862620778, "precipitation": 83.47164964157456, "wind_intensity": 70.75460800870577, "sun_azimuth_angle": 226.55359455707475, "fog_distance": "0", "cloudiness": 34.87075635686237, "fog_density": 98.02447504996371, "wetness": 42.80783330229146, "precipitation_deposits": 53.19858227872991}}], "scenario_type": "Scenario57"}], "Town03": [{"available_event_configurations": [{"transform": {"pitch": "0", "x": -88.5, "y": -90, "yaw": 90, "z": 0}, "_start_distance": 15.613615265140794, "_actor_vel": 3.0883054596563513, "_trigger_distance": 9.622113385315515, "_brake": 1.0, "weather": {"sun_altitude_angle": 23.579899862620778, "precipitation": 83.47164964157456, "wind_intensity": 70.75460800870577, "sun_azimuth_angle": 226.55359455707475, "fog_distance": "0", "cloudiness": 34.87075635686237, "fog_density": 98.02447504996371, "wetness": 42.80783330229146, "precipitation_deposits": 53.19858227872991}}], "scenario_type": "Scenario57"}], "Town06": [{"available_event_configurations": [{"transform": {"pitch": "0", "x": 8.4, "y": 220, "yaw": -90, "z": 0}, "_start_distance": 15.613615265140794, "_actor_vel": 3.0883054596563513, "_trigger_distance": 9.622113385315515, "_brake": 1.0, "weather": {"sun_altitude_angle": 23.579899862620778, "precipitation": 83.47164964157456, "wind_intensity": 70.75460800870577, "sun_azimuth_angle": 226.55359455707475, "fog_distance": "0", "cloudiness": 34.87075635686237, "fog_density": 98.02447504996371, "wetness": 42.80783330229146, "precipitation_deposits": 53.19858227872991}}], "scenario_type": "Scenario57"}]}]}