{"available_scenarios": [{"Town05": [{"available_event_configurations": [{"transform": {"pitch": "0", "x": 35, "y": 70, "yaw": -90, "z": 0}, "_start_distance": 19.164767455389775, "_actor_vel": 3.374506674683195, "_trigger_distance": 7.415499997884509, "_brake": 1.0, "weather": {"sun_altitude_angle": -43.87156016469915, "precipitation": 56.493997005896446, "wind_intensity": 61.102950643790365, "sun_azimuth_angle": 107.83953900794263, "fog_distance": "0", "cloudiness": 12.233522133941177, "fog_density": 97.65182693650168, "wetness": 44.984534199622416, "precipitation_deposits": 43.515451201621545}}], "scenario_type": "Scenario57"}], "Town04": [{"available_event_configurations": [{"transform": {"pitch": "0", "x": -13.4, "y": -160, "yaw": 90, "z": 0}, "_start_distance": 19.164767455389775, "_actor_vel": 3.374506674683195, "_trigger_distance": 7.415499997884509, "_brake": 1.0, "weather": {"sun_altitude_angle": -43.87156016469915, "precipitation": 56.493997005896446, "wind_intensity": 61.102950643790365, "sun_azimuth_angle": 107.83953900794263, "fog_distance": "0", "cloudiness": 12.233522133941177, "fog_density": 97.65182693650168, "wetness": 44.984534199622416, "precipitation_deposits": 43.515451201621545}}], "scenario_type": "Scenario57"}], "Town03": [{"available_event_configurations": [{"transform": {"pitch": "0", "x": -88.5, "y": -90, "yaw": 90, "z": 0}, "_start_distance": 19.164767455389775, "_actor_vel": 3.374506674683195, "_trigger_distance": 7.415499997884509, "_brake": 1.0, "weather": {"sun_altitude_angle": -43.87156016469915, "precipitation": 56.493997005896446, "wind_intensity": 61.102950643790365, "sun_azimuth_angle": 107.83953900794263, "fog_distance": "0", "cloudiness": 12.233522133941177, "fog_density": 97.65182693650168, "wetness": 44.984534199622416, "precipitation_deposits": 43.515451201621545}}], "scenario_type": "Scenario57"}], "Town06": [{"available_event_configurations": [{"transform": {"pitch": "0", "x": 8.4, "y": 220, "yaw": -90, "z": 0}, "_start_distance": 19.164767455389775, "_actor_vel": 3.374506674683195, "_trigger_distance": 7.415499997884509, "_brake": 1.0, "weather": {"sun_altitude_angle": -43.87156016469915, "precipitation": 56.493997005896446, "wind_intensity": 61.102950643790365, "sun_azimuth_angle": 107.83953900794263, "fog_distance": "0", "cloudiness": 12.233522133941177, "fog_density": 97.65182693650168, "wetness": 44.984534199622416, "precipitation_deposits": 43.515451201621545}}], "scenario_type": "Scenario57"}]}]}