{"available_scenarios": [{"Town05": [{"available_event_configurations": [{"transform": {"pitch": "0", "x": 35, "y": 70, "yaw": -90, "z": 0}, "_start_distance": 16.82526702692074, "_actor_vel": 2.3833873956648945, "_trigger_distance": 6.1637159102579036, "_brake": 1.0, "weather": {"sun_altitude_angle": 87.02397352772442, "precipitation": 74.495681135074, "wind_intensity": 93.06671813267768, "sun_azimuth_angle": 286.9468328870044, "fog_distance": "0", "cloudiness": 38.668284499453684, "fog_density": 71.36365970896334, "wetness": 77.62803874779011, "precipitation_deposits": 83.28536196208887}}], "scenario_type": "Scenario57"}], "Town04": [{"available_event_configurations": [{"transform": {"pitch": "0", "x": -13.4, "y": -160, "yaw": 90, "z": 0}, "_start_distance": 16.82526702692074, "_actor_vel": 2.3833873956648945, "_trigger_distance": 6.1637159102579036, "_brake": 1.0, "weather": {"sun_altitude_angle": 87.02397352772442, "precipitation": 74.495681135074, "wind_intensity": 93.06671813267768, "sun_azimuth_angle": 286.9468328870044, "fog_distance": "0", "cloudiness": 38.668284499453684, "fog_density": 71.36365970896334, "wetness": 77.62803874779011, "precipitation_deposits": 83.28536196208887}}], "scenario_type": "Scenario57"}], "Town03": [{"available_event_configurations": [{"transform": {"pitch": "0", "x": -88.5, "y": -90, "yaw": 90, "z": 0}, "_start_distance": 16.82526702692074, "_actor_vel": 2.3833873956648945, "_trigger_distance": 6.1637159102579036, "_brake": 1.0, "weather": {"sun_altitude_angle": 87.02397352772442, "precipitation": 74.495681135074, "wind_intensity": 93.06671813267768, "sun_azimuth_angle": 286.9468328870044, "fog_distance": "0", "cloudiness": 38.668284499453684, "fog_density": 71.36365970896334, "wetness": 77.62803874779011, "precipitation_deposits": 83.28536196208887}}], "scenario_type": "Scenario57"}], "Town06": [{"available_event_configurations": [{"transform": {"pitch": "0", "x": 8.4, "y": 220, "yaw": -90, "z": 0}, "_start_distance": 16.82526702692074, "_actor_vel": 2.3833873956648945, "_trigger_distance": 6.1637159102579036, "_brake": 1.0, "weather": {"sun_altitude_angle": 87.02397352772442, "precipitation": 74.495681135074, "wind_intensity": 93.06671813267768, "sun_azimuth_angle": 286.9468328870044, "fog_distance": "0", "cloudiness": 38.668284499453684, "fog_density": 71.36365970896334, "wetness": 77.62803874779011, "precipitation_deposits": 83.28536196208887}}], "scenario_type": "Scenario57"}]}]}