{"available_scenarios": [{"Town05": [{"available_event_configurations": [{"transform": {"pitch": "0", "x": 35, "y": 70, "yaw": -90, "z": 0}, "_start_distance": 19.54815054235194, "_actor_vel": 3.1717071946319613, "_trigger_distance": 9.85519346446536, "_brake": 1.0, "weather": {"sun_altitude_angle": -0.3540308467072748, "precipitation": 73.63544521293582, "wind_intensity": 87.26959271518733, "sun_azimuth_angle": 82.14418360663731, "fog_distance": "0", "cloudiness": 71.3087108046014, "fog_density": 67.98318373237137, "wetness": 10.599296510681988, "precipitation_deposits": 77.9743625742852}}], "scenario_type": "Scenario57"}], "Town04": [{"available_event_configurations": [{"transform": {"pitch": "0", "x": -13.4, "y": -160, "yaw": 90, "z": 0}, "_start_distance": 19.54815054235194, "_actor_vel": 3.1717071946319613, "_trigger_distance": 9.85519346446536, "_brake": 1.0, "weather": {"sun_altitude_angle": -0.3540308467072748, "precipitation": 73.63544521293582, "wind_intensity": 87.26959271518733, "sun_azimuth_angle": 82.14418360663731, "fog_distance": "0", "cloudiness": 71.3087108046014, "fog_density": 67.98318373237137, "wetness": 10.599296510681988, "precipitation_deposits": 77.9743625742852}}], "scenario_type": "Scenario57"}], "Town03": [{"available_event_configurations": [{"transform": {"pitch": "0", "x": -88.5, "y": -90, "yaw": 90, "z": 0}, "_start_distance": 19.54815054235194, "_actor_vel": 3.1717071946319613, "_trigger_distance": 9.85519346446536, "_brake": 1.0, "weather": {"sun_altitude_angle": -0.3540308467072748, "precipitation": 73.63544521293582, "wind_intensity": 87.26959271518733, "sun_azimuth_angle": 82.14418360663731, "fog_distance": "0", "cloudiness": 71.3087108046014, "fog_density": 67.98318373237137, "wetness": 10.599296510681988, "precipitation_deposits": 77.9743625742852}}], "scenario_type": "Scenario57"}], "Town06": [{"available_event_configurations": [{"transform": {"pitch": "0", "x": 8.4, "y": 220, "yaw": -90, "z": 0}, "_start_distance": 19.54815054235194, "_actor_vel": 3.1717071946319613, "_trigger_distance": 9.85519346446536, "_brake": 1.0, "weather": {"sun_altitude_angle": -0.3540308467072748, "precipitation": 73.63544521293582, "wind_intensity": 87.26959271518733, "sun_azimuth_angle": 82.14418360663731, "fog_distance": "0", "cloudiness": 71.3087108046014, "fog_density": 67.98318373237137, "wetness": 10.599296510681988, "precipitation_deposits": 77.9743625742852}}], "scenario_type": "Scenario57"}]}]}