{"available_scenarios": [{"Town05": [{"available_event_configurations": [{"transform": {"pitch": "0", "x": 35, "y": 70, "yaw": -90, "z": 0}, "_start_distance": 17.719745359921745, "_actor_vel": 3.0376178576059907, "_trigger_distance": 6.231813876844209, "_brake": 1.0, "weather": {"sun_altitude_angle": 27.266156966293977, "precipitation": 90.02514601406169, "wind_intensity": 9.442725662947016, "sun_azimuth_angle": 63.73585005772436, "fog_distance": "0", "cloudiness": 3.89727788666846, "fog_density": 60.90219173074135, "wetness": 98.05633770616834, "precipitation_deposits": 52.515371008954936}}], "scenario_type": "Scenario57"}], "Town04": [{"available_event_configurations": [{"transform": {"pitch": "0", "x": -13.4, "y": -160, "yaw": 90, "z": 0}, "_start_distance": 17.719745359921745, "_actor_vel": 3.0376178576059907, "_trigger_distance": 6.231813876844209, "_brake": 1.0, "weather": {"sun_altitude_angle": 27.266156966293977, "precipitation": 90.02514601406169, "wind_intensity": 9.442725662947016, "sun_azimuth_angle": 63.73585005772436, "fog_distance": "0", "cloudiness": 3.89727788666846, "fog_density": 60.90219173074135, "wetness": 98.05633770616834, "precipitation_deposits": 52.515371008954936}}], "scenario_type": "Scenario57"}], "Town03": [{"available_event_configurations": [{"transform": {"pitch": "0", "x": -88.5, "y": -90, "yaw": 90, "z": 0}, "_start_distance": 17.719745359921745, "_actor_vel": 3.0376178576059907, "_trigger_distance": 6.231813876844209, "_brake": 1.0, "weather": {"sun_altitude_angle": 27.266156966293977, "precipitation": 90.02514601406169, "wind_intensity": 9.442725662947016, "sun_azimuth_angle": 63.73585005772436, "fog_distance": "0", "cloudiness": 3.89727788666846, "fog_density": 60.90219173074135, "wetness": 98.05633770616834, "precipitation_deposits": 52.515371008954936}}], "scenario_type": "Scenario57"}], "Town06": [{"available_event_configurations": [{"transform": {"pitch": "0", "x": 8.4, "y": 220, "yaw": -90, "z": 0}, "_start_distance": 17.719745359921745, "_actor_vel": 3.0376178576059907, "_trigger_distance": 6.231813876844209, "_brake": 1.0, "weather": {"sun_altitude_angle": 27.266156966293977, "precipitation": 90.02514601406169, "wind_intensity": 9.442725662947016, "sun_azimuth_angle": 63.73585005772436, "fog_distance": "0", "cloudiness": 3.89727788666846, "fog_density": 60.90219173074135, "wetness": 98.05633770616834, "precipitation_deposits": 52.515371008954936}}], "scenario_type": "Scenario57"}]}]}