{"available_scenarios": [{"Town05": [{"available_event_configurations": [{"transform": {"pitch": "0", "x": 35, "y": 70, "yaw": -90, "z": 0}, "_start_distance": 17.203108735512018, "_actor_vel": 2.823286579246356, "_trigger_distance": 6.416254541385577, "_brake": 1.0, "weather": {"sun_altitude_angle": 70.40785726676472, "precipitation": 96.77335868610814, "wind_intensity": 66.2049795489962, "sun_azimuth_angle": 74.00606681641554, "fog_distance": "0", "cloudiness": 53.33977544686624, "fog_density": 49.22000821271808, "wetness": 8.637541092832313, "precipitation_deposits": 6.667848053989999}}], "scenario_type": "Scenario57"}], "Town04": [{"available_event_configurations": [{"transform": {"pitch": "0", "x": -13.4, "y": -160, "yaw": 90, "z": 0}, "_start_distance": 17.203108735512018, "_actor_vel": 2.823286579246356, "_trigger_distance": 6.416254541385577, "_brake": 1.0, "weather": {"sun_altitude_angle": 70.40785726676472, "precipitation": 96.77335868610814, "wind_intensity": 66.2049795489962, "sun_azimuth_angle": 74.00606681641554, "fog_distance": "0", "cloudiness": 53.33977544686624, "fog_density": 49.22000821271808, "wetness": 8.637541092832313, "precipitation_deposits": 6.667848053989999}}], "scenario_type": "Scenario57"}], "Town03": [{"available_event_configurations": [{"transform": {"pitch": "0", "x": -88.5, "y": -90, "yaw": 90, "z": 0}, "_start_distance": 17.203108735512018, "_actor_vel": 2.823286579246356, "_trigger_distance": 6.416254541385577, "_brake": 1.0, "weather": {"sun_altitude_angle": 70.40785726676472, "precipitation": 96.77335868610814, "wind_intensity": 66.2049795489962, "sun_azimuth_angle": 74.00606681641554, "fog_distance": "0", "cloudiness": 53.33977544686624, "fog_density": 49.22000821271808, "wetness": 8.637541092832313, "precipitation_deposits": 6.667848053989999}}], "scenario_type": "Scenario57"}], "Town06": [{"available_event_configurations": [{"transform": {"pitch": "0", "x": 8.4, "y": 220, "yaw": -90, "z": 0}, "_start_distance": 17.203108735512018, "_actor_vel": 2.823286579246356, "_trigger_distance": 6.416254541385577, "_brake": 1.0, "weather": {"sun_altitude_angle": 70.40785726676472, "precipitation": 96.77335868610814, "wind_intensity": 66.2049795489962, "sun_azimuth_angle": 74.00606681641554, "fog_distance": "0", "cloudiness": 53.33977544686624, "fog_density": 49.22000821271808, "wetness": 8.637541092832313, "precipitation_deposits": 6.667848053989999}}], "scenario_type": "Scenario57"}]}]}