{"available_scenarios": [{"Town05": [{"available_event_configurations": [{"transform": {"pitch": "0", "x": 35, "y": 70, "yaw": -90, "z": 0}, "_start_distance": 16.390983787814243, "_actor_vel": 2.8092024096414967, "_trigger_distance": 6.458753957599854, "_brake": 1.0, "weather": {"sun_altitude_angle": -50.13565192372515, "precipitation": 1.0831252791811186, "wind_intensity": 13.03046169560641, "sun_azimuth_angle": 344.0195671767143, "fog_distance": "0", "cloudiness": 53.63344589187415, "fog_density": 22.801671460132056, "wetness": 29.75240957626768, "precipitation_deposits": 58.8535585240026}}], "scenario_type": "Scenario57"}], "Town04": [{"available_event_configurations": [{"transform": {"pitch": "0", "x": -13.4, "y": -160, "yaw": 90, "z": 0}, "_start_distance": 16.390983787814243, "_actor_vel": 2.8092024096414967, "_trigger_distance": 6.458753957599854, "_brake": 1.0, "weather": {"sun_altitude_angle": -50.13565192372515, "precipitation": 1.0831252791811186, "wind_intensity": 13.03046169560641, "sun_azimuth_angle": 344.0195671767143, "fog_distance": "0", "cloudiness": 53.63344589187415, "fog_density": 22.801671460132056, "wetness": 29.75240957626768, "precipitation_deposits": 58.8535585240026}}], "scenario_type": "Scenario57"}], "Town03": [{"available_event_configurations": [{"transform": {"pitch": "0", "x": -88.5, "y": -90, "yaw": 90, "z": 0}, "_start_distance": 16.390983787814243, "_actor_vel": 2.8092024096414967, "_trigger_distance": 6.458753957599854, "_brake": 1.0, "weather": {"sun_altitude_angle": -50.13565192372515, "precipitation": 1.0831252791811186, "wind_intensity": 13.03046169560641, "sun_azimuth_angle": 344.0195671767143, "fog_distance": "0", "cloudiness": 53.63344589187415, "fog_density": 22.801671460132056, "wetness": 29.75240957626768, "precipitation_deposits": 58.8535585240026}}], "scenario_type": "Scenario57"}], "Town06": [{"available_event_configurations": [{"transform": {"pitch": "0", "x": 8.4, "y": 220, "yaw": -90, "z": 0}, "_start_distance": 16.390983787814243, "_actor_vel": 2.8092024096414967, "_trigger_distance": 6.458753957599854, "_brake": 1.0, "weather": {"sun_altitude_angle": -50.13565192372515, "precipitation": 1.0831252791811186, "wind_intensity": 13.03046169560641, "sun_azimuth_angle": 344.0195671767143, "fog_distance": "0", "cloudiness": 53.63344589187415, "fog_density": 22.801671460132056, "wetness": 29.75240957626768, "precipitation_deposits": 58.8535585240026}}], "scenario_type": "Scenario57"}]}]}