{"available_scenarios": [{"Town05": [{"available_event_configurations": [{"transform": {"pitch": "0", "x": 35, "y": 70, "yaw": -90, "z": 0}, "_start_distance": 17.428858749559254, "_actor_vel": 3.9825165985739455, "_trigger_distance": 6.445051857228596, "_brake": 1.0, "weather": {"sun_altitude_angle": 19.942793117969686, "precipitation": 27.142898199446808, "wind_intensity": 99.71142643608, "sun_azimuth_angle": 132.46038339132767, "fog_distance": "0", "cloudiness": 26.602911051663735, "fog_density": 70.73310936735453, "wetness": 81.05509881799084, "precipitation_deposits": 74.39698031951995}}], "scenario_type": "Scenario57"}], "Town04": [{"available_event_configurations": [{"transform": {"pitch": "0", "x": -13.4, "y": -160, "yaw": 90, "z": 0}, "_start_distance": 17.428858749559254, "_actor_vel": 3.9825165985739455, "_trigger_distance": 6.445051857228596, "_brake": 1.0, "weather": {"sun_altitude_angle": 19.942793117969686, "precipitation": 27.142898199446808, "wind_intensity": 99.71142643608, "sun_azimuth_angle": 132.46038339132767, "fog_distance": "0", "cloudiness": 26.602911051663735, "fog_density": 70.73310936735453, "wetness": 81.05509881799084, "precipitation_deposits": 74.39698031951995}}], "scenario_type": "Scenario57"}], "Town03": [{"available_event_configurations": [{"transform": {"pitch": "0", "x": -88.5, "y": -90, "yaw": 90, "z": 0}, "_start_distance": 17.428858749559254, "_actor_vel": 3.9825165985739455, "_trigger_distance": 6.445051857228596, "_brake": 1.0, "weather": {"sun_altitude_angle": 19.942793117969686, "precipitation": 27.142898199446808, "wind_intensity": 99.71142643608, "sun_azimuth_angle": 132.46038339132767, "fog_distance": "0", "cloudiness": 26.602911051663735, "fog_density": 70.73310936735453, "wetness": 81.05509881799084, "precipitation_deposits": 74.39698031951995}}], "scenario_type": "Scenario57"}], "Town06": [{"available_event_configurations": [{"transform": {"pitch": "0", "x": 8.4, "y": 220, "yaw": -90, "z": 0}, "_start_distance": 17.428858749559254, "_actor_vel": 3.9825165985739455, "_trigger_distance": 6.445051857228596, "_brake": 1.0, "weather": {"sun_altitude_angle": 19.942793117969686, "precipitation": 27.142898199446808, "wind_intensity": 99.71142643608, "sun_azimuth_angle": 132.46038339132767, "fog_distance": "0", "cloudiness": 26.602911051663735, "fog_density": 70.73310936735453, "wetness": 81.05509881799084, "precipitation_deposits": 74.39698031951995}}], "scenario_type": "Scenario57"}]}]}