{"available_scenarios": [{"Town05": [{"available_event_configurations": [{"transform": {"pitch": "0", "x": 35, "y": 70, "yaw": -90, "z": 0}, "_start_distance": 19.037026851069292, "_actor_vel": 2.020795484191689, "_trigger_distance": 9.093998476511722, "_brake": 1.0, "weather": {"sun_altitude_angle": -83.74203583475403, "precipitation": 50.329546096672765, "wind_intensity": 38.769517576753174, "sun_azimuth_angle": 149.67193938924783, "fog_distance": "0", "cloudiness": 13.77979250864253, "fog_density": 86.45471971486434, "wetness": 15.768094350403484, "precipitation_deposits": 80.09444352236738}}], "scenario_type": "Scenario57"}], "Town04": [{"available_event_configurations": [{"transform": {"pitch": "0", "x": -13.4, "y": -160, "yaw": 90, "z": 0}, "_start_distance": 19.037026851069292, "_actor_vel": 2.020795484191689, "_trigger_distance": 9.093998476511722, "_brake": 1.0, "weather": {"sun_altitude_angle": -83.74203583475403, "precipitation": 50.329546096672765, "wind_intensity": 38.769517576753174, "sun_azimuth_angle": 149.67193938924783, "fog_distance": "0", "cloudiness": 13.77979250864253, "fog_density": 86.45471971486434, "wetness": 15.768094350403484, "precipitation_deposits": 80.09444352236738}}], "scenario_type": "Scenario57"}], "Town03": [{"available_event_configurations": [{"transform": {"pitch": "0", "x": -88.5, "y": -90, "yaw": 90, "z": 0}, "_start_distance": 19.037026851069292, "_actor_vel": 2.020795484191689, "_trigger_distance": 9.093998476511722, "_brake": 1.0, "weather": {"sun_altitude_angle": -83.74203583475403, "precipitation": 50.329546096672765, "wind_intensity": 38.769517576753174, "sun_azimuth_angle": 149.67193938924783, "fog_distance": "0", "cloudiness": 13.77979250864253, "fog_density": 86.45471971486434, "wetness": 15.768094350403484, "precipitation_deposits": 80.09444352236738}}], "scenario_type": "Scenario57"}], "Town06": [{"available_event_configurations": [{"transform": {"pitch": "0", "x": 8.4, "y": 220, "yaw": -90, "z": 0}, "_start_distance": 19.037026851069292, "_actor_vel": 2.020795484191689, "_trigger_distance": 9.093998476511722, "_brake": 1.0, "weather": {"sun_altitude_angle": -83.74203583475403, "precipitation": 50.329546096672765, "wind_intensity": 38.769517576753174, "sun_azimuth_angle": 149.67193938924783, "fog_distance": "0", "cloudiness": 13.77979250864253, "fog_density": 86.45471971486434, "wetness": 15.768094350403484, "precipitation_deposits": 80.09444352236738}}], "scenario_type": "Scenario57"}]}]}