{"available_scenarios": [{"Town05": [{"available_event_configurations": [{"transform": {"pitch": "0", "x": 35, "y": 70, "yaw": -90, "z": 0}, "_start_distance": 19.613615415767235, "_actor_vel": 3.070295761154023, "_trigger_distance": 6.92874193546722, "_brake": 1.0, "weather": {"sun_altitude_angle": 35.12263903824791, "precipitation": 18.49916678748036, "wind_intensity": 9.547913536876917, "sun_azimuth_angle": 334.84704734367637, "fog_distance": "0", "cloudiness": 67.1366153111507, "fog_density": 93.99177129379979, "wetness": 36.28757235989731, "precipitation_deposits": 69.46246868951775}}], "scenario_type": "Scenario57"}], "Town04": [{"available_event_configurations": [{"transform": {"pitch": "0", "x": -13.4, "y": -160, "yaw": 90, "z": 0}, "_start_distance": 19.613615415767235, "_actor_vel": 3.070295761154023, "_trigger_distance": 6.92874193546722, "_brake": 1.0, "weather": {"sun_altitude_angle": 35.12263903824791, "precipitation": 18.49916678748036, "wind_intensity": 9.547913536876917, "sun_azimuth_angle": 334.84704734367637, "fog_distance": "0", "cloudiness": 67.1366153111507, "fog_density": 93.99177129379979, "wetness": 36.28757235989731, "precipitation_deposits": 69.46246868951775}}], "scenario_type": "Scenario57"}], "Town03": [{"available_event_configurations": [{"transform": {"pitch": "0", "x": -88.5, "y": -90, "yaw": 90, "z": 0}, "_start_distance": 19.613615415767235, "_actor_vel": 3.070295761154023, "_trigger_distance": 6.92874193546722, "_brake": 1.0, "weather": {"sun_altitude_angle": 35.12263903824791, "precipitation": 18.49916678748036, "wind_intensity": 9.547913536876917, "sun_azimuth_angle": 334.84704734367637, "fog_distance": "0", "cloudiness": 67.1366153111507, "fog_density": 93.99177129379979, "wetness": 36.28757235989731, "precipitation_deposits": 69.46246868951775}}], "scenario_type": "Scenario57"}], "Town06": [{"available_event_configurations": [{"transform": {"pitch": "0", "x": 8.4, "y": 220, "yaw": -90, "z": 0}, "_start_distance": 19.613615415767235, "_actor_vel": 3.070295761154023, "_trigger_distance": 6.92874193546722, "_brake": 1.0, "weather": {"sun_altitude_angle": 35.12263903824791, "precipitation": 18.49916678748036, "wind_intensity": 9.547913536876917, "sun_azimuth_angle": 334.84704734367637, "fog_distance": "0", "cloudiness": 67.1366153111507, "fog_density": 93.99177129379979, "wetness": 36.28757235989731, "precipitation_deposits": 69.46246868951775}}], "scenario_type": "Scenario57"}]}]}