{"available_scenarios": [{"Town05": [{"available_event_configurations": [{"transform": {"pitch": "0", "x": 35, "y": 70, "yaw": -90, "z": 0}, "_start_distance": 15.25321244866702, "_actor_vel": 3.200858925916272, "_trigger_distance": 9.270238921044278, "_brake": 1.0, "weather": {"sun_altitude_angle": -25.16619624408672, "precipitation": 47.55791969226869, "wind_intensity": 37.75152250354957, "sun_azimuth_angle": 14.377054990660687, "fog_distance": "0", "cloudiness": 61.77436394633092, "fog_density": 94.13341437208057, "wetness": 7.582196359091553, "precipitation_deposits": 96.38008823399089}}], "scenario_type": "Scenario57"}], "Town04": [{"available_event_configurations": [{"transform": {"pitch": "0", "x": -13.4, "y": -160, "yaw": 90, "z": 0}, "_start_distance": 15.25321244866702, "_actor_vel": 3.200858925916272, "_trigger_distance": 9.270238921044278, "_brake": 1.0, "weather": {"sun_altitude_angle": -25.16619624408672, "precipitation": 47.55791969226869, "wind_intensity": 37.75152250354957, "sun_azimuth_angle": 14.377054990660687, "fog_distance": "0", "cloudiness": 61.77436394633092, "fog_density": 94.13341437208057, "wetness": 7.582196359091553, "precipitation_deposits": 96.38008823399089}}], "scenario_type": "Scenario57"}], "Town03": [{"available_event_configurations": [{"transform": {"pitch": "0", "x": -88.5, "y": -90, "yaw": 90, "z": 0}, "_start_distance": 15.25321244866702, "_actor_vel": 3.200858925916272, "_trigger_distance": 9.270238921044278, "_brake": 1.0, "weather": {"sun_altitude_angle": -25.16619624408672, "precipitation": 47.55791969226869, "wind_intensity": 37.75152250354957, "sun_azimuth_angle": 14.377054990660687, "fog_distance": "0", "cloudiness": 61.77436394633092, "fog_density": 94.13341437208057, "wetness": 7.582196359091553, "precipitation_deposits": 96.38008823399089}}], "scenario_type": "Scenario57"}], "Town06": [{"available_event_configurations": [{"transform": {"pitch": "0", "x": 8.4, "y": 220, "yaw": -90, "z": 0}, "_start_distance": 15.25321244866702, "_actor_vel": 3.200858925916272, "_trigger_distance": 9.270238921044278, "_brake": 1.0, "weather": {"sun_altitude_angle": -25.16619624408672, "precipitation": 47.55791969226869, "wind_intensity": 37.75152250354957, "sun_azimuth_angle": 14.377054990660687, "fog_distance": "0", "cloudiness": 61.77436394633092, "fog_density": 94.13341437208057, "wetness": 7.582196359091553, "precipitation_deposits": 96.38008823399089}}], "scenario_type": "Scenario57"}]}]}