{"available_scenarios": [{"Town05": [{"available_event_configurations": [{"transform": {"pitch": "0", "x": 35, "y": 70, "yaw": -90, "z": 0}, "_start_distance": 15.990311652644749, "_actor_vel": 3.3575221926236245, "_trigger_distance": 8.75590609627421, "_brake": 1.0, "weather": {"sun_altitude_angle": 52.76786128005108, "precipitation": 0.06596850948352717, "wind_intensity": 91.39765631314796, "sun_azimuth_angle": 105.36306907890105, "fog_distance": "0", "cloudiness": 12.713031066891723, "fog_density": 62.58542419745301, "wetness": 80.16392202171896, "precipitation_deposits": 53.37894806133004}}], "scenario_type": "Scenario57"}], "Town04": [{"available_event_configurations": [{"transform": {"pitch": "0", "x": -13.4, "y": -160, "yaw": 90, "z": 0}, "_start_distance": 15.990311652644749, "_actor_vel": 3.3575221926236245, "_trigger_distance": 8.75590609627421, "_brake": 1.0, "weather": {"sun_altitude_angle": 52.76786128005108, "precipitation": 0.06596850948352717, "wind_intensity": 91.39765631314796, "sun_azimuth_angle": 105.36306907890105, "fog_distance": "0", "cloudiness": 12.713031066891723, "fog_density": 62.58542419745301, "wetness": 80.16392202171896, "precipitation_deposits": 53.37894806133004}}], "scenario_type": "Scenario57"}], "Town03": [{"available_event_configurations": [{"transform": {"pitch": "0", "x": -88.5, "y": -90, "yaw": 90, "z": 0}, "_start_distance": 15.990311652644749, "_actor_vel": 3.3575221926236245, "_trigger_distance": 8.75590609627421, "_brake": 1.0, "weather": {"sun_altitude_angle": 52.76786128005108, "precipitation": 0.06596850948352717, "wind_intensity": 91.39765631314796, "sun_azimuth_angle": 105.36306907890105, "fog_distance": "0", "cloudiness": 12.713031066891723, "fog_density": 62.58542419745301, "wetness": 80.16392202171896, "precipitation_deposits": 53.37894806133004}}], "scenario_type": "Scenario57"}], "Town06": [{"available_event_configurations": [{"transform": {"pitch": "0", "x": 8.4, "y": 220, "yaw": -90, "z": 0}, "_start_distance": 15.990311652644749, "_actor_vel": 3.3575221926236245, "_trigger_distance": 8.75590609627421, "_brake": 1.0, "weather": {"sun_altitude_angle": 52.76786128005108, "precipitation": 0.06596850948352717, "wind_intensity": 91.39765631314796, "sun_azimuth_angle": 105.36306907890105, "fog_distance": "0", "cloudiness": 12.713031066891723, "fog_density": 62.58542419745301, "wetness": 80.16392202171896, "precipitation_deposits": 53.37894806133004}}], "scenario_type": "Scenario57"}]}]}