{"available_scenarios": [{"Town05": [{"available_event_configurations": [{"transform": {"pitch": "0", "x": 35, "y": 70, "yaw": -90, "z": 0}, "_start_distance": 16.560300905468765, "_actor_vel": 3.238624617247749, "_trigger_distance": 8.939416392457579, "_brake": 1.0, "weather": {"sun_altitude_angle": 6.623114271784772, "precipitation": 55.85769072417577, "wind_intensity": 5.05844383445554, "sun_azimuth_angle": 293.686162483226, "fog_distance": "0", "cloudiness": 44.6473708210239, "fog_density": 26.98278149617799, "wetness": 43.93818079337834, "precipitation_deposits": 44.23719149293035}}], "scenario_type": "Scenario57"}], "Town04": [{"available_event_configurations": [{"transform": {"pitch": "0", "x": -13.4, "y": -160, "yaw": 90, "z": 0}, "_start_distance": 16.560300905468765, "_actor_vel": 3.238624617247749, "_trigger_distance": 8.939416392457579, "_brake": 1.0, "weather": {"sun_altitude_angle": 6.623114271784772, "precipitation": 55.85769072417577, "wind_intensity": 5.05844383445554, "sun_azimuth_angle": 293.686162483226, "fog_distance": "0", "cloudiness": 44.6473708210239, "fog_density": 26.98278149617799, "wetness": 43.93818079337834, "precipitation_deposits": 44.23719149293035}}], "scenario_type": "Scenario57"}], "Town03": [{"available_event_configurations": [{"transform": {"pitch": "0", "x": -88.5, "y": -90, "yaw": 90, "z": 0}, "_start_distance": 16.560300905468765, "_actor_vel": 3.238624617247749, "_trigger_distance": 8.939416392457579, "_brake": 1.0, "weather": {"sun_altitude_angle": 6.623114271784772, "precipitation": 55.85769072417577, "wind_intensity": 5.05844383445554, "sun_azimuth_angle": 293.686162483226, "fog_distance": "0", "cloudiness": 44.6473708210239, "fog_density": 26.98278149617799, "wetness": 43.93818079337834, "precipitation_deposits": 44.23719149293035}}], "scenario_type": "Scenario57"}], "Town06": [{"available_event_configurations": [{"transform": {"pitch": "0", "x": 8.4, "y": 220, "yaw": -90, "z": 0}, "_start_distance": 16.560300905468765, "_actor_vel": 3.238624617247749, "_trigger_distance": 8.939416392457579, "_brake": 1.0, "weather": {"sun_altitude_angle": 6.623114271784772, "precipitation": 55.85769072417577, "wind_intensity": 5.05844383445554, "sun_azimuth_angle": 293.686162483226, "fog_distance": "0", "cloudiness": 44.6473708210239, "fog_density": 26.98278149617799, "wetness": 43.93818079337834, "precipitation_deposits": 44.23719149293035}}], "scenario_type": "Scenario57"}]}]}