{"available_scenarios": [{"Town05": [{"available_event_configurations": [{"transform": {"pitch": "0", "x": 35, "y": 70, "yaw": -90, "z": 0}, "_start_distance": 16.554860968809837, "_actor_vel": 2.856449106604714, "_trigger_distance": 8.238509731970213, "_brake": 1.0, "weather": {"sun_altitude_angle": 61.54980823164772, "precipitation": 44.9988998128481, "wind_intensity": 50.31790732691296, "sun_azimuth_angle": 16.103551222139274, "fog_distance": "0", "cloudiness": 25.030197531319143, "fog_density": 27.333664019118764, "wetness": 71.63400102070428, "precipitation_deposits": 22.650438024903597}}], "scenario_type": "Scenario57"}], "Town04": [{"available_event_configurations": [{"transform": {"pitch": "0", "x": -13.4, "y": -160, "yaw": 90, "z": 0}, "_start_distance": 16.554860968809837, "_actor_vel": 2.856449106604714, "_trigger_distance": 8.238509731970213, "_brake": 1.0, "weather": {"sun_altitude_angle": 61.54980823164772, "precipitation": 44.9988998128481, "wind_intensity": 50.31790732691296, "sun_azimuth_angle": 16.103551222139274, "fog_distance": "0", "cloudiness": 25.030197531319143, "fog_density": 27.333664019118764, "wetness": 71.63400102070428, "precipitation_deposits": 22.650438024903597}}], "scenario_type": "Scenario57"}], "Town03": [{"available_event_configurations": [{"transform": {"pitch": "0", "x": -88.5, "y": -90, "yaw": 90, "z": 0}, "_start_distance": 16.554860968809837, "_actor_vel": 2.856449106604714, "_trigger_distance": 8.238509731970213, "_brake": 1.0, "weather": {"sun_altitude_angle": 61.54980823164772, "precipitation": 44.9988998128481, "wind_intensity": 50.31790732691296, "sun_azimuth_angle": 16.103551222139274, "fog_distance": "0", "cloudiness": 25.030197531319143, "fog_density": 27.333664019118764, "wetness": 71.63400102070428, "precipitation_deposits": 22.650438024903597}}], "scenario_type": "Scenario57"}], "Town06": [{"available_event_configurations": [{"transform": {"pitch": "0", "x": 8.4, "y": 220, "yaw": -90, "z": 0}, "_start_distance": 16.554860968809837, "_actor_vel": 2.856449106604714, "_trigger_distance": 8.238509731970213, "_brake": 1.0, "weather": {"sun_altitude_angle": 61.54980823164772, "precipitation": 44.9988998128481, "wind_intensity": 50.31790732691296, "sun_azimuth_angle": 16.103551222139274, "fog_distance": "0", "cloudiness": 25.030197531319143, "fog_density": 27.333664019118764, "wetness": 71.63400102070428, "precipitation_deposits": 22.650438024903597}}], "scenario_type": "Scenario57"}]}]}