{"available_scenarios": [{"Town05": [{"available_event_configurations": [{"transform": {"pitch": "0", "x": 35, "y": 70, "yaw": -90, "z": 0}, "_start_distance": 18.593252593046298, "_actor_vel": 2.6215374143924732, "_trigger_distance": 6.04281287328684, "_brake": 1.0, "weather": {"sun_altitude_angle": -34.59345243232891, "precipitation": 7.213213357784564, "wind_intensity": 82.81258586024596, "sun_azimuth_angle": 216.94554486572292, "fog_distance": "0", "cloudiness": 16.322082993110442, "fog_density": 81.9903416477407, "wetness": 2.4511194332295205, "precipitation_deposits": 31.715547990953972}}], "scenario_type": "Scenario57"}], "Town04": [{"available_event_configurations": [{"transform": {"pitch": "0", "x": -13.4, "y": -160, "yaw": 90, "z": 0}, "_start_distance": 18.593252593046298, "_actor_vel": 2.6215374143924732, "_trigger_distance": 6.04281287328684, "_brake": 1.0, "weather": {"sun_altitude_angle": -34.59345243232891, "precipitation": 7.213213357784564, "wind_intensity": 82.81258586024596, "sun_azimuth_angle": 216.94554486572292, "fog_distance": "0", "cloudiness": 16.322082993110442, "fog_density": 81.9903416477407, "wetness": 2.4511194332295205, "precipitation_deposits": 31.715547990953972}}], "scenario_type": "Scenario57"}], "Town03": [{"available_event_configurations": [{"transform": {"pitch": "0", "x": -88.5, "y": -90, "yaw": 90, "z": 0}, "_start_distance": 18.593252593046298, "_actor_vel": 2.6215374143924732, "_trigger_distance": 6.04281287328684, "_brake": 1.0, "weather": {"sun_altitude_angle": -34.59345243232891, "precipitation": 7.213213357784564, "wind_intensity": 82.81258586024596, "sun_azimuth_angle": 216.94554486572292, "fog_distance": "0", "cloudiness": 16.322082993110442, "fog_density": 81.9903416477407, "wetness": 2.4511194332295205, "precipitation_deposits": 31.715547990953972}}], "scenario_type": "Scenario57"}], "Town06": [{"available_event_configurations": [{"transform": {"pitch": "0", "x": 8.4, "y": 220, "yaw": -90, "z": 0}, "_start_distance": 18.593252593046298, "_actor_vel": 2.6215374143924732, "_trigger_distance": 6.04281287328684, "_brake": 1.0, "weather": {"sun_altitude_angle": -34.59345243232891, "precipitation": 7.213213357784564, "wind_intensity": 82.81258586024596, "sun_azimuth_angle": 216.94554486572292, "fog_distance": "0", "cloudiness": 16.322082993110442, "fog_density": 81.9903416477407, "wetness": 2.4511194332295205, "precipitation_deposits": 31.715547990953972}}], "scenario_type": "Scenario57"}]}]}