{"available_scenarios": [{"Town05": [{"available_event_configurations": [{"transform": {"pitch": "0", "x": 35, "y": 70, "yaw": -90, "z": 0}, "_start_distance": 17.1977586654311, "_actor_vel": 3.672909975676066, "_trigger_distance": 8.042427959513898, "_brake": 1.0, "weather": {"sun_altitude_angle": -61.63329430739351, "precipitation": 0.0012888742312200385, "wind_intensity": 83.5983471954725, "sun_azimuth_angle": 228.92885530162107, "fog_distance": "0", "cloudiness": 8.831200089653823, "fog_density": 4.206869448304584, "wetness": 98.30166317816224, "precipitation_deposits": 20.079862429554208}}], "scenario_type": "Scenario57"}], "Town04": [{"available_event_configurations": [{"transform": {"pitch": "0", "x": -13.4, "y": -160, "yaw": 90, "z": 0}, "_start_distance": 17.1977586654311, "_actor_vel": 3.672909975676066, "_trigger_distance": 8.042427959513898, "_brake": 1.0, "weather": {"sun_altitude_angle": -61.63329430739351, "precipitation": 0.0012888742312200385, "wind_intensity": 83.5983471954725, "sun_azimuth_angle": 228.92885530162107, "fog_distance": "0", "cloudiness": 8.831200089653823, "fog_density": 4.206869448304584, "wetness": 98.30166317816224, "precipitation_deposits": 20.079862429554208}}], "scenario_type": "Scenario57"}], "Town03": [{"available_event_configurations": [{"transform": {"pitch": "0", "x": -88.5, "y": -90, "yaw": 90, "z": 0}, "_start_distance": 17.1977586654311, "_actor_vel": 3.672909975676066, "_trigger_distance": 8.042427959513898, "_brake": 1.0, "weather": {"sun_altitude_angle": -61.63329430739351, "precipitation": 0.0012888742312200385, "wind_intensity": 83.5983471954725, "sun_azimuth_angle": 228.92885530162107, "fog_distance": "0", "cloudiness": 8.831200089653823, "fog_density": 4.206869448304584, "wetness": 98.30166317816224, "precipitation_deposits": 20.079862429554208}}], "scenario_type": "Scenario57"}], "Town06": [{"available_event_configurations": [{"transform": {"pitch": "0", "x": 8.4, "y": 220, "yaw": -90, "z": 0}, "_start_distance": 17.1977586654311, "_actor_vel": 3.672909975676066, "_trigger_distance": 8.042427959513898, "_brake": 1.0, "weather": {"sun_altitude_angle": -61.63329430739351, "precipitation": 0.0012888742312200385, "wind_intensity": 83.5983471954725, "sun_azimuth_angle": 228.92885530162107, "fog_distance": "0", "cloudiness": 8.831200089653823, "fog_density": 4.206869448304584, "wetness": 98.30166317816224, "precipitation_deposits": 20.079862429554208}}], "scenario_type": "Scenario57"}]}]}