{"available_scenarios": [{"Town05": [{"available_event_configurations": [{"transform": {"pitch": "0", "x": 35, "y": 70, "yaw": -90, "z": 0}, "_start_distance": 16.583641295218523, "_actor_vel": 3.792454565432026, "_trigger_distance": 9.313677104264906, "_brake": 1.0, "weather": {"sun_altitude_angle": -53.608325263932585, "precipitation": 10.07759877742085, "wind_intensity": 46.913335278913635, "sun_azimuth_angle": 291.3296573109279, "fog_distance": "0", "cloudiness": 15.656103254214814, "fog_density": 79.21835522545824, "wetness": 77.67490312674947, "precipitation_deposits": 26.461980193083267}}], "scenario_type": "Scenario57"}], "Town04": [{"available_event_configurations": [{"transform": {"pitch": "0", "x": -13.4, "y": -160, "yaw": 90, "z": 0}, "_start_distance": 16.583641295218523, "_actor_vel": 3.792454565432026, "_trigger_distance": 9.313677104264906, "_brake": 1.0, "weather": {"sun_altitude_angle": -53.608325263932585, "precipitation": 10.07759877742085, "wind_intensity": 46.913335278913635, "sun_azimuth_angle": 291.3296573109279, "fog_distance": "0", "cloudiness": 15.656103254214814, "fog_density": 79.21835522545824, "wetness": 77.67490312674947, "precipitation_deposits": 26.461980193083267}}], "scenario_type": "Scenario57"}], "Town03": [{"available_event_configurations": [{"transform": {"pitch": "0", "x": -88.5, "y": -90, "yaw": 90, "z": 0}, "_start_distance": 16.583641295218523, "_actor_vel": 3.792454565432026, "_trigger_distance": 9.313677104264906, "_brake": 1.0, "weather": {"sun_altitude_angle": -53.608325263932585, "precipitation": 10.07759877742085, "wind_intensity": 46.913335278913635, "sun_azimuth_angle": 291.3296573109279, "fog_distance": "0", "cloudiness": 15.656103254214814, "fog_density": 79.21835522545824, "wetness": 77.67490312674947, "precipitation_deposits": 26.461980193083267}}], "scenario_type": "Scenario57"}], "Town06": [{"available_event_configurations": [{"transform": {"pitch": "0", "x": 8.4, "y": 220, "yaw": -90, "z": 0}, "_start_distance": 16.583641295218523, "_actor_vel": 3.792454565432026, "_trigger_distance": 9.313677104264906, "_brake": 1.0, "weather": {"sun_altitude_angle": -53.608325263932585, "precipitation": 10.07759877742085, "wind_intensity": 46.913335278913635, "sun_azimuth_angle": 291.3296573109279, "fog_distance": "0", "cloudiness": 15.656103254214814, "fog_density": 79.21835522545824, "wetness": 77.67490312674947, "precipitation_deposits": 26.461980193083267}}], "scenario_type": "Scenario57"}]}]}