{"available_scenarios": [{"Town05": [{"available_event_configurations": [{"transform": {"pitch": "0", "x": 35, "y": 70, "yaw": -90, "z": 0}, "_start_distance": 18.85968996371506, "_actor_vel": 3.718162030213108, "_trigger_distance": 7.75299441631084, "_brake": 1.0, "weather": {"sun_altitude_angle": -87.680870023843, "precipitation": 78.39229699428765, "wind_intensity": 51.768972231570295, "sun_azimuth_angle": 5.34833127847028, "fog_distance": "0", "cloudiness": 70.08832961853521, "fog_density": 97.45351522465339, "wetness": 57.907497825364985, "precipitation_deposits": 34.829194779423176}}], "scenario_type": "Scenario57"}], "Town04": [{"available_event_configurations": [{"transform": {"pitch": "0", "x": -13.4, "y": -160, "yaw": 90, "z": 0}, "_start_distance": 18.85968996371506, "_actor_vel": 3.718162030213108, "_trigger_distance": 7.75299441631084, "_brake": 1.0, "weather": {"sun_altitude_angle": -87.680870023843, "precipitation": 78.39229699428765, "wind_intensity": 51.768972231570295, "sun_azimuth_angle": 5.34833127847028, "fog_distance": "0", "cloudiness": 70.08832961853521, "fog_density": 97.45351522465339, "wetness": 57.907497825364985, "precipitation_deposits": 34.829194779423176}}], "scenario_type": "Scenario57"}], "Town03": [{"available_event_configurations": [{"transform": {"pitch": "0", "x": -88.5, "y": -90, "yaw": 90, "z": 0}, "_start_distance": 18.85968996371506, "_actor_vel": 3.718162030213108, "_trigger_distance": 7.75299441631084, "_brake": 1.0, "weather": {"sun_altitude_angle": -87.680870023843, "precipitation": 78.39229699428765, "wind_intensity": 51.768972231570295, "sun_azimuth_angle": 5.34833127847028, "fog_distance": "0", "cloudiness": 70.08832961853521, "fog_density": 97.45351522465339, "wetness": 57.907497825364985, "precipitation_deposits": 34.829194779423176}}], "scenario_type": "Scenario57"}], "Town06": [{"available_event_configurations": [{"transform": {"pitch": "0", "x": 8.4, "y": 220, "yaw": -90, "z": 0}, "_start_distance": 18.85968996371506, "_actor_vel": 3.718162030213108, "_trigger_distance": 7.75299441631084, "_brake": 1.0, "weather": {"sun_altitude_angle": -87.680870023843, "precipitation": 78.39229699428765, "wind_intensity": 51.768972231570295, "sun_azimuth_angle": 5.34833127847028, "fog_distance": "0", "cloudiness": 70.08832961853521, "fog_density": 97.45351522465339, "wetness": 57.907497825364985, "precipitation_deposits": 34.829194779423176}}], "scenario_type": "Scenario57"}]}]}