{"available_scenarios": [{"Town05": [{"available_event_configurations": [{"transform": {"pitch": "0", "x": 35, "y": 70, "yaw": -90, "z": 0}, "_start_distance": 15.135850669951788, "_actor_vel": 2.6764142638613384, "_trigger_distance": 9.766045603567347, "_brake": 1.0, "weather": {"sun_altitude_angle": -20.30695905983501, "precipitation": 76.14921499467609, "wind_intensity": 58.38153552004643, "sun_azimuth_angle": 310.62561682557543, "fog_distance": "0", "cloudiness": 82.16766386877316, "fog_density": 96.97213687498429, "wetness": 79.84793999220818, "precipitation_deposits": 29.77226532583228}}], "scenario_type": "Scenario57"}], "Town04": [{"available_event_configurations": [{"transform": {"pitch": "0", "x": -13.4, "y": -160, "yaw": 90, "z": 0}, "_start_distance": 15.135850669951788, "_actor_vel": 2.6764142638613384, "_trigger_distance": 9.766045603567347, "_brake": 1.0, "weather": {"sun_altitude_angle": -20.30695905983501, "precipitation": 76.14921499467609, "wind_intensity": 58.38153552004643, "sun_azimuth_angle": 310.62561682557543, "fog_distance": "0", "cloudiness": 82.16766386877316, "fog_density": 96.97213687498429, "wetness": 79.84793999220818, "precipitation_deposits": 29.77226532583228}}], "scenario_type": "Scenario57"}], "Town03": [{"available_event_configurations": [{"transform": {"pitch": "0", "x": -88.5, "y": -90, "yaw": 90, "z": 0}, "_start_distance": 15.135850669951788, "_actor_vel": 2.6764142638613384, "_trigger_distance": 9.766045603567347, "_brake": 1.0, "weather": {"sun_altitude_angle": -20.30695905983501, "precipitation": 76.14921499467609, "wind_intensity": 58.38153552004643, "sun_azimuth_angle": 310.62561682557543, "fog_distance": "0", "cloudiness": 82.16766386877316, "fog_density": 96.97213687498429, "wetness": 79.84793999220818, "precipitation_deposits": 29.77226532583228}}], "scenario_type": "Scenario57"}], "Town06": [{"available_event_configurations": [{"transform": {"pitch": "0", "x": 8.4, "y": 220, "yaw": -90, "z": 0}, "_start_distance": 15.135850669951788, "_actor_vel": 2.6764142638613384, "_trigger_distance": 9.766045603567347, "_brake": 1.0, "weather": {"sun_altitude_angle": -20.30695905983501, "precipitation": 76.14921499467609, "wind_intensity": 58.38153552004643, "sun_azimuth_angle": 310.62561682557543, "fog_distance": "0", "cloudiness": 82.16766386877316, "fog_density": 96.97213687498429, "wetness": 79.84793999220818, "precipitation_deposits": 29.77226532583228}}], "scenario_type": "Scenario57"}]}]}