{"available_scenarios": [{"Town05": [{"available_event_configurations": [{"transform": {"pitch": "0", "x": 35, "y": 70, "yaw": -90, "z": 0}, "_start_distance": 17.864192451714157, "_actor_vel": 3.1808709329735976, "_trigger_distance": 6.713406827022961, "_brake": 1.0, "weather": {"sun_altitude_angle": 2.557626516663049, "precipitation": 30.670405903627483, "wind_intensity": 37.04809103699961, "sun_azimuth_angle": 234.06129503558034, "fog_distance": "0", "cloudiness": 38.36088523426776, "fog_density": 85.73687156733645, "wetness": 45.91068358131463, "precipitation_deposits": 79.67578742002038}}], "scenario_type": "Scenario57"}], "Town04": [{"available_event_configurations": [{"transform": {"pitch": "0", "x": -13.4, "y": -160, "yaw": 90, "z": 0}, "_start_distance": 17.864192451714157, "_actor_vel": 3.1808709329735976, "_trigger_distance": 6.713406827022961, "_brake": 1.0, "weather": {"sun_altitude_angle": 2.557626516663049, "precipitation": 30.670405903627483, "wind_intensity": 37.04809103699961, "sun_azimuth_angle": 234.06129503558034, "fog_distance": "0", "cloudiness": 38.36088523426776, "fog_density": 85.73687156733645, "wetness": 45.91068358131463, "precipitation_deposits": 79.67578742002038}}], "scenario_type": "Scenario57"}], "Town03": [{"available_event_configurations": [{"transform": {"pitch": "0", "x": -88.5, "y": -90, "yaw": 90, "z": 0}, "_start_distance": 17.864192451714157, "_actor_vel": 3.1808709329735976, "_trigger_distance": 6.713406827022961, "_brake": 1.0, "weather": {"sun_altitude_angle": 2.557626516663049, "precipitation": 30.670405903627483, "wind_intensity": 37.04809103699961, "sun_azimuth_angle": 234.06129503558034, "fog_distance": "0", "cloudiness": 38.36088523426776, "fog_density": 85.73687156733645, "wetness": 45.91068358131463, "precipitation_deposits": 79.67578742002038}}], "scenario_type": "Scenario57"}], "Town06": [{"available_event_configurations": [{"transform": {"pitch": "0", "x": 8.4, "y": 220, "yaw": -90, "z": 0}, "_start_distance": 17.864192451714157, "_actor_vel": 3.1808709329735976, "_trigger_distance": 6.713406827022961, "_brake": 1.0, "weather": {"sun_altitude_angle": 2.557626516663049, "precipitation": 30.670405903627483, "wind_intensity": 37.04809103699961, "sun_azimuth_angle": 234.06129503558034, "fog_distance": "0", "cloudiness": 38.36088523426776, "fog_density": 85.73687156733645, "wetness": 45.91068358131463, "precipitation_deposits": 79.67578742002038}}], "scenario_type": "Scenario57"}]}]}