{"available_scenarios": [{"Town05": [{"available_event_configurations": [{"transform": {"pitch": "0", "x": 35, "y": 70, "yaw": -90, "z": 0}, "_start_distance": 17.900193850370137, "_actor_vel": 3.271745714906931, "_trigger_distance": 9.254567241616733, "_brake": 1.0, "weather": {"sun_altitude_angle": -86.51505299340755, "precipitation": 72.7139385049892, "wind_intensity": 16.93218322904263, "sun_azimuth_angle": 60.092977807237006, "fog_distance": "0", "cloudiness": 39.74412271358673, "fog_density": 75.94724817645813, "wetness": 96.65076940244766, "precipitation_deposits": 23.760219248882485}}], "scenario_type": "Scenario57"}], "Town04": [{"available_event_configurations": [{"transform": {"pitch": "0", "x": -13.4, "y": -160, "yaw": 90, "z": 0}, "_start_distance": 17.900193850370137, "_actor_vel": 3.271745714906931, "_trigger_distance": 9.254567241616733, "_brake": 1.0, "weather": {"sun_altitude_angle": -86.51505299340755, "precipitation": 72.7139385049892, "wind_intensity": 16.93218322904263, "sun_azimuth_angle": 60.092977807237006, "fog_distance": "0", "cloudiness": 39.74412271358673, "fog_density": 75.94724817645813, "wetness": 96.65076940244766, "precipitation_deposits": 23.760219248882485}}], "scenario_type": "Scenario57"}], "Town03": [{"available_event_configurations": [{"transform": {"pitch": "0", "x": -88.5, "y": -90, "yaw": 90, "z": 0}, "_start_distance": 17.900193850370137, "_actor_vel": 3.271745714906931, "_trigger_distance": 9.254567241616733, "_brake": 1.0, "weather": {"sun_altitude_angle": -86.51505299340755, "precipitation": 72.7139385049892, "wind_intensity": 16.93218322904263, "sun_azimuth_angle": 60.092977807237006, "fog_distance": "0", "cloudiness": 39.74412271358673, "fog_density": 75.94724817645813, "wetness": 96.65076940244766, "precipitation_deposits": 23.760219248882485}}], "scenario_type": "Scenario57"}], "Town06": [{"available_event_configurations": [{"transform": {"pitch": "0", "x": 8.4, "y": 220, "yaw": -90, "z": 0}, "_start_distance": 17.900193850370137, "_actor_vel": 3.271745714906931, "_trigger_distance": 9.254567241616733, "_brake": 1.0, "weather": {"sun_altitude_angle": -86.51505299340755, "precipitation": 72.7139385049892, "wind_intensity": 16.93218322904263, "sun_azimuth_angle": 60.092977807237006, "fog_distance": "0", "cloudiness": 39.74412271358673, "fog_density": 75.94724817645813, "wetness": 96.65076940244766, "precipitation_deposits": 23.760219248882485}}], "scenario_type": "Scenario57"}]}]}