{"available_scenarios": [{"Town05": [{"available_event_configurations": [{"transform": {"pitch": "0", "x": 35, "y": 70, "yaw": -90, "z": 0}, "_start_distance": 19.385400485386942, "_actor_vel": 2.793907135505798, "_trigger_distance": 6.190635214815712, "_brake": 1.0, "weather": {"sun_altitude_angle": -71.89716900941514, "precipitation": 80.97359085016318, "wind_intensity": 76.15688094614622, "sun_azimuth_angle": 87.6925609913688, "fog_distance": "0", "cloudiness": 96.73352853758325, "fog_density": 28.408960023489172, "wetness": 13.717569173189847, "precipitation_deposits": 98.60554698381281}}], "scenario_type": "Scenario57"}], "Town04": [{"available_event_configurations": [{"transform": {"pitch": "0", "x": -13.4, "y": -160, "yaw": 90, "z": 0}, "_start_distance": 19.385400485386942, "_actor_vel": 2.793907135505798, "_trigger_distance": 6.190635214815712, "_brake": 1.0, "weather": {"sun_altitude_angle": -71.89716900941514, "precipitation": 80.97359085016318, "wind_intensity": 76.15688094614622, "sun_azimuth_angle": 87.6925609913688, "fog_distance": "0", "cloudiness": 96.73352853758325, "fog_density": 28.408960023489172, "wetness": 13.717569173189847, "precipitation_deposits": 98.60554698381281}}], "scenario_type": "Scenario57"}], "Town03": [{"available_event_configurations": [{"transform": {"pitch": "0", "x": -88.5, "y": -90, "yaw": 90, "z": 0}, "_start_distance": 19.385400485386942, "_actor_vel": 2.793907135505798, "_trigger_distance": 6.190635214815712, "_brake": 1.0, "weather": {"sun_altitude_angle": -71.89716900941514, "precipitation": 80.97359085016318, "wind_intensity": 76.15688094614622, "sun_azimuth_angle": 87.6925609913688, "fog_distance": "0", "cloudiness": 96.73352853758325, "fog_density": 28.408960023489172, "wetness": 13.717569173189847, "precipitation_deposits": 98.60554698381281}}], "scenario_type": "Scenario57"}], "Town06": [{"available_event_configurations": [{"transform": {"pitch": "0", "x": 8.4, "y": 220, "yaw": -90, "z": 0}, "_start_distance": 19.385400485386942, "_actor_vel": 2.793907135505798, "_trigger_distance": 6.190635214815712, "_brake": 1.0, "weather": {"sun_altitude_angle": -71.89716900941514, "precipitation": 80.97359085016318, "wind_intensity": 76.15688094614622, "sun_azimuth_angle": 87.6925609913688, "fog_distance": "0", "cloudiness": 96.73352853758325, "fog_density": 28.408960023489172, "wetness": 13.717569173189847, "precipitation_deposits": 98.60554698381281}}], "scenario_type": "Scenario57"}]}]}