{"available_scenarios": [{"Town05": [{"available_event_configurations": [{"transform": {"pitch": "0", "x": 35, "y": 70, "yaw": -90, "z": 0}, "_start_distance": 16.21790405555334, "_actor_vel": 2.7949126707004055, "_trigger_distance": 9.27902370329232, "_brake": 1.0, "weather": {"sun_altitude_angle": 46.97077445383596, "precipitation": 22.21426447003688, "wind_intensity": 72.94406755135392, "sun_azimuth_angle": 124.50572336801092, "fog_distance": "0", "cloudiness": 19.276415185267226, "fog_density": 57.05914390611406, "wetness": 72.34488230326119, "precipitation_deposits": 62.127813781607784}}], "scenario_type": "Scenario57"}], "Town04": [{"available_event_configurations": [{"transform": {"pitch": "0", "x": -13.4, "y": -160, "yaw": 90, "z": 0}, "_start_distance": 16.21790405555334, "_actor_vel": 2.7949126707004055, "_trigger_distance": 9.27902370329232, "_brake": 1.0, "weather": {"sun_altitude_angle": 46.97077445383596, "precipitation": 22.21426447003688, "wind_intensity": 72.94406755135392, "sun_azimuth_angle": 124.50572336801092, "fog_distance": "0", "cloudiness": 19.276415185267226, "fog_density": 57.05914390611406, "wetness": 72.34488230326119, "precipitation_deposits": 62.127813781607784}}], "scenario_type": "Scenario57"}], "Town03": [{"available_event_configurations": [{"transform": {"pitch": "0", "x": -88.5, "y": -90, "yaw": 90, "z": 0}, "_start_distance": 16.21790405555334, "_actor_vel": 2.7949126707004055, "_trigger_distance": 9.27902370329232, "_brake": 1.0, "weather": {"sun_altitude_angle": 46.97077445383596, "precipitation": 22.21426447003688, "wind_intensity": 72.94406755135392, "sun_azimuth_angle": 124.50572336801092, "fog_distance": "0", "cloudiness": 19.276415185267226, "fog_density": 57.05914390611406, "wetness": 72.34488230326119, "precipitation_deposits": 62.127813781607784}}], "scenario_type": "Scenario57"}], "Town06": [{"available_event_configurations": [{"transform": {"pitch": "0", "x": 8.4, "y": 220, "yaw": -90, "z": 0}, "_start_distance": 16.21790405555334, "_actor_vel": 2.7949126707004055, "_trigger_distance": 9.27902370329232, "_brake": 1.0, "weather": {"sun_altitude_angle": 46.97077445383596, "precipitation": 22.21426447003688, "wind_intensity": 72.94406755135392, "sun_azimuth_angle": 124.50572336801092, "fog_distance": "0", "cloudiness": 19.276415185267226, "fog_density": 57.05914390611406, "wetness": 72.34488230326119, "precipitation_deposits": 62.127813781607784}}], "scenario_type": "Scenario57"}]}]}