{"available_scenarios": [{"Town05": [{"available_event_configurations": [{"transform": {"pitch": "0", "x": 35, "y": 70, "yaw": -90, "z": 0}, "_start_distance": 15.869626748012411, "_actor_vel": 2.6260411084207815, "_trigger_distance": 7.417628291617163, "_brake": 1.0, "weather": {"sun_altitude_angle": -87.7374837609475, "precipitation": 27.961350992377533, "wind_intensity": 6.9518787521251735, "sun_azimuth_angle": 182.43523051847723, "fog_distance": "0", "cloudiness": 24.741777659196686, "fog_density": 97.02914608397776, "wetness": 98.46133084984963, "precipitation_deposits": 62.81736530290668}}], "scenario_type": "Scenario57"}], "Town04": [{"available_event_configurations": [{"transform": {"pitch": "0", "x": -13.4, "y": -160, "yaw": 90, "z": 0}, "_start_distance": 15.869626748012411, "_actor_vel": 2.6260411084207815, "_trigger_distance": 7.417628291617163, "_brake": 1.0, "weather": {"sun_altitude_angle": -87.7374837609475, "precipitation": 27.961350992377533, "wind_intensity": 6.9518787521251735, "sun_azimuth_angle": 182.43523051847723, "fog_distance": "0", "cloudiness": 24.741777659196686, "fog_density": 97.02914608397776, "wetness": 98.46133084984963, "precipitation_deposits": 62.81736530290668}}], "scenario_type": "Scenario57"}], "Town03": [{"available_event_configurations": [{"transform": {"pitch": "0", "x": -88.5, "y": -90, "yaw": 90, "z": 0}, "_start_distance": 15.869626748012411, "_actor_vel": 2.6260411084207815, "_trigger_distance": 7.417628291617163, "_brake": 1.0, "weather": {"sun_altitude_angle": -87.7374837609475, "precipitation": 27.961350992377533, "wind_intensity": 6.9518787521251735, "sun_azimuth_angle": 182.43523051847723, "fog_distance": "0", "cloudiness": 24.741777659196686, "fog_density": 97.02914608397776, "wetness": 98.46133084984963, "precipitation_deposits": 62.81736530290668}}], "scenario_type": "Scenario57"}], "Town06": [{"available_event_configurations": [{"transform": {"pitch": "0", "x": 8.4, "y": 220, "yaw": -90, "z": 0}, "_start_distance": 15.869626748012411, "_actor_vel": 2.6260411084207815, "_trigger_distance": 7.417628291617163, "_brake": 1.0, "weather": {"sun_altitude_angle": -87.7374837609475, "precipitation": 27.961350992377533, "wind_intensity": 6.9518787521251735, "sun_azimuth_angle": 182.43523051847723, "fog_distance": "0", "cloudiness": 24.741777659196686, "fog_density": 97.02914608397776, "wetness": 98.46133084984963, "precipitation_deposits": 62.81736530290668}}], "scenario_type": "Scenario57"}]}]}