{"available_scenarios": [{"Town05": [{"available_event_configurations": [{"transform": {"pitch": "0", "x": 35, "y": 70, "yaw": -90, "z": 0}, "_start_distance": 15.124850874986896, "_actor_vel": 2.2890191669917215, "_trigger_distance": 9.789713391879586, "_brake": 1.0, "weather": {"sun_altitude_angle": 37.87684836432646, "precipitation": 55.42830002821051, "wind_intensity": 33.64876633180681, "sun_azimuth_angle": 209.2436541950446, "fog_distance": "0", "cloudiness": 30.77763802754323, "fog_density": 1.0758396122472313, "wetness": 82.77214723111345, "precipitation_deposits": 69.66670288887215}}], "scenario_type": "Scenario57"}], "Town04": [{"available_event_configurations": [{"transform": {"pitch": "0", "x": -13.4, "y": -160, "yaw": 90, "z": 0}, "_start_distance": 15.124850874986896, "_actor_vel": 2.2890191669917215, "_trigger_distance": 9.789713391879586, "_brake": 1.0, "weather": {"sun_altitude_angle": 37.87684836432646, "precipitation": 55.42830002821051, "wind_intensity": 33.64876633180681, "sun_azimuth_angle": 209.2436541950446, "fog_distance": "0", "cloudiness": 30.77763802754323, "fog_density": 1.0758396122472313, "wetness": 82.77214723111345, "precipitation_deposits": 69.66670288887215}}], "scenario_type": "Scenario57"}], "Town03": [{"available_event_configurations": [{"transform": {"pitch": "0", "x": -88.5, "y": -90, "yaw": 90, "z": 0}, "_start_distance": 15.124850874986896, "_actor_vel": 2.2890191669917215, "_trigger_distance": 9.789713391879586, "_brake": 1.0, "weather": {"sun_altitude_angle": 37.87684836432646, "precipitation": 55.42830002821051, "wind_intensity": 33.64876633180681, "sun_azimuth_angle": 209.2436541950446, "fog_distance": "0", "cloudiness": 30.77763802754323, "fog_density": 1.0758396122472313, "wetness": 82.77214723111345, "precipitation_deposits": 69.66670288887215}}], "scenario_type": "Scenario57"}], "Town06": [{"available_event_configurations": [{"transform": {"pitch": "0", "x": 8.4, "y": 220, "yaw": -90, "z": 0}, "_start_distance": 15.124850874986896, "_actor_vel": 2.2890191669917215, "_trigger_distance": 9.789713391879586, "_brake": 1.0, "weather": {"sun_altitude_angle": 37.87684836432646, "precipitation": 55.42830002821051, "wind_intensity": 33.64876633180681, "sun_azimuth_angle": 209.2436541950446, "fog_distance": "0", "cloudiness": 30.77763802754323, "fog_density": 1.0758396122472313, "wetness": 82.77214723111345, "precipitation_deposits": 69.66670288887215}}], "scenario_type": "Scenario57"}]}]}