{"available_scenarios": [{"Town05": [{"available_event_configurations": [{"transform": {"pitch": "0", "x": 35, "y": 70, "yaw": -90, "z": 0}, "_start_distance": 17.200044283602708, "_actor_vel": 2.0723995816973826, "_trigger_distance": 8.184194934816627, "_brake": 1.0, "weather": {"sun_altitude_angle": 41.13849448499897, "precipitation": 98.5904101825925, "wind_intensity": 78.58987792061741, "sun_azimuth_angle": 211.03447079430273, "fog_distance": "0", "cloudiness": 48.05525361699667, "fog_density": 22.212450090716207, "wetness": 72.49233223373166, "precipitation_deposits": 66.64812676016106}}], "scenario_type": "Scenario57"}], "Town04": [{"available_event_configurations": [{"transform": {"pitch": "0", "x": -13.4, "y": -160, "yaw": 90, "z": 0}, "_start_distance": 17.200044283602708, "_actor_vel": 2.0723995816973826, "_trigger_distance": 8.184194934816627, "_brake": 1.0, "weather": {"sun_altitude_angle": 41.13849448499897, "precipitation": 98.5904101825925, "wind_intensity": 78.58987792061741, "sun_azimuth_angle": 211.03447079430273, "fog_distance": "0", "cloudiness": 48.05525361699667, "fog_density": 22.212450090716207, "wetness": 72.49233223373166, "precipitation_deposits": 66.64812676016106}}], "scenario_type": "Scenario57"}], "Town03": [{"available_event_configurations": [{"transform": {"pitch": "0", "x": -88.5, "y": -90, "yaw": 90, "z": 0}, "_start_distance": 17.200044283602708, "_actor_vel": 2.0723995816973826, "_trigger_distance": 8.184194934816627, "_brake": 1.0, "weather": {"sun_altitude_angle": 41.13849448499897, "precipitation": 98.5904101825925, "wind_intensity": 78.58987792061741, "sun_azimuth_angle": 211.03447079430273, "fog_distance": "0", "cloudiness": 48.05525361699667, "fog_density": 22.212450090716207, "wetness": 72.49233223373166, "precipitation_deposits": 66.64812676016106}}], "scenario_type": "Scenario57"}], "Town06": [{"available_event_configurations": [{"transform": {"pitch": "0", "x": 8.4, "y": 220, "yaw": -90, "z": 0}, "_start_distance": 17.200044283602708, "_actor_vel": 2.0723995816973826, "_trigger_distance": 8.184194934816627, "_brake": 1.0, "weather": {"sun_altitude_angle": 41.13849448499897, "precipitation": 98.5904101825925, "wind_intensity": 78.58987792061741, "sun_azimuth_angle": 211.03447079430273, "fog_distance": "0", "cloudiness": 48.05525361699667, "fog_density": 22.212450090716207, "wetness": 72.49233223373166, "precipitation_deposits": 66.64812676016106}}], "scenario_type": "Scenario57"}]}]}