{"available_scenarios": [{"Town05": [{"available_event_configurations": [{"transform": {"pitch": "0", "x": 35, "y": 70, "yaw": -90, "z": 0}, "_start_distance": 18.395520868466647, "_actor_vel": 2.1379136417421747, "_trigger_distance": 9.483913633413554, "_brake": 1.0, "weather": {"sun_altitude_angle": 42.19972055228533, "precipitation": 84.63823210237553, "wind_intensity": 64.43392403905688, "sun_azimuth_angle": 41.41127364894177, "fog_distance": "0", "cloudiness": 83.36262396117125, "fog_density": 63.539258984033474, "wetness": 35.80069172714385, "precipitation_deposits": 54.7904471134601}}], "scenario_type": "Scenario57"}], "Town04": [{"available_event_configurations": [{"transform": {"pitch": "0", "x": -13.4, "y": -160, "yaw": 90, "z": 0}, "_start_distance": 18.395520868466647, "_actor_vel": 2.1379136417421747, "_trigger_distance": 9.483913633413554, "_brake": 1.0, "weather": {"sun_altitude_angle": 42.19972055228533, "precipitation": 84.63823210237553, "wind_intensity": 64.43392403905688, "sun_azimuth_angle": 41.41127364894177, "fog_distance": "0", "cloudiness": 83.36262396117125, "fog_density": 63.539258984033474, "wetness": 35.80069172714385, "precipitation_deposits": 54.7904471134601}}], "scenario_type": "Scenario57"}], "Town03": [{"available_event_configurations": [{"transform": {"pitch": "0", "x": -88.5, "y": -90, "yaw": 90, "z": 0}, "_start_distance": 18.395520868466647, "_actor_vel": 2.1379136417421747, "_trigger_distance": 9.483913633413554, "_brake": 1.0, "weather": {"sun_altitude_angle": 42.19972055228533, "precipitation": 84.63823210237553, "wind_intensity": 64.43392403905688, "sun_azimuth_angle": 41.41127364894177, "fog_distance": "0", "cloudiness": 83.36262396117125, "fog_density": 63.539258984033474, "wetness": 35.80069172714385, "precipitation_deposits": 54.7904471134601}}], "scenario_type": "Scenario57"}], "Town06": [{"available_event_configurations": [{"transform": {"pitch": "0", "x": 8.4, "y": 220, "yaw": -90, "z": 0}, "_start_distance": 18.395520868466647, "_actor_vel": 2.1379136417421747, "_trigger_distance": 9.483913633413554, "_brake": 1.0, "weather": {"sun_altitude_angle": 42.19972055228533, "precipitation": 84.63823210237553, "wind_intensity": 64.43392403905688, "sun_azimuth_angle": 41.41127364894177, "fog_distance": "0", "cloudiness": 83.36262396117125, "fog_density": 63.539258984033474, "wetness": 35.80069172714385, "precipitation_deposits": 54.7904471134601}}], "scenario_type": "Scenario57"}]}]}