{"available_scenarios": [{"Town05": [{"available_event_configurations": [{"transform": {"pitch": "0", "x": 35, "y": 70, "yaw": -90, "z": 0}, "_start_distance": 17.390181431006695, "_actor_vel": 2.362450941554294, "_trigger_distance": 6.2660963757663914, "_brake": 1.0, "weather": {"sun_altitude_angle": 41.77129635549895, "precipitation": 49.65178709176604, "wind_intensity": 89.49958932882548, "sun_azimuth_angle": 85.13313277416471, "fog_distance": "0", "cloudiness": 18.98360545871508, "fog_density": 70.97637283475743, "wetness": 57.333444436194625, "precipitation_deposits": 34.64134387557398}}], "scenario_type": "Scenario57"}], "Town04": [{"available_event_configurations": [{"transform": {"pitch": "0", "x": -13.4, "y": -160, "yaw": 90, "z": 0}, "_start_distance": 17.390181431006695, "_actor_vel": 2.362450941554294, "_trigger_distance": 6.2660963757663914, "_brake": 1.0, "weather": {"sun_altitude_angle": 41.77129635549895, "precipitation": 49.65178709176604, "wind_intensity": 89.49958932882548, "sun_azimuth_angle": 85.13313277416471, "fog_distance": "0", "cloudiness": 18.98360545871508, "fog_density": 70.97637283475743, "wetness": 57.333444436194625, "precipitation_deposits": 34.64134387557398}}], "scenario_type": "Scenario57"}], "Town03": [{"available_event_configurations": [{"transform": {"pitch": "0", "x": -88.5, "y": -90, "yaw": 90, "z": 0}, "_start_distance": 17.390181431006695, "_actor_vel": 2.362450941554294, "_trigger_distance": 6.2660963757663914, "_brake": 1.0, "weather": {"sun_altitude_angle": 41.77129635549895, "precipitation": 49.65178709176604, "wind_intensity": 89.49958932882548, "sun_azimuth_angle": 85.13313277416471, "fog_distance": "0", "cloudiness": 18.98360545871508, "fog_density": 70.97637283475743, "wetness": 57.333444436194625, "precipitation_deposits": 34.64134387557398}}], "scenario_type": "Scenario57"}], "Town06": [{"available_event_configurations": [{"transform": {"pitch": "0", "x": 8.4, "y": 220, "yaw": -90, "z": 0}, "_start_distance": 17.390181431006695, "_actor_vel": 2.362450941554294, "_trigger_distance": 6.2660963757663914, "_brake": 1.0, "weather": {"sun_altitude_angle": 41.77129635549895, "precipitation": 49.65178709176604, "wind_intensity": 89.49958932882548, "sun_azimuth_angle": 85.13313277416471, "fog_distance": "0", "cloudiness": 18.98360545871508, "fog_density": 70.97637283475743, "wetness": 57.333444436194625, "precipitation_deposits": 34.64134387557398}}], "scenario_type": "Scenario57"}]}]}