{"available_scenarios": [{"Town05": [{"available_event_configurations": [{"transform": {"pitch": "0", "x": 35, "y": 70, "yaw": -90, "z": 0}, "_start_distance": 17.16187866091017, "_actor_vel": 2.39835591197194, "_trigger_distance": 6.773758923893712, "_brake": 1.0, "weather": {"sun_altitude_angle": -21.552548894732098, "precipitation": 52.241927321662054, "wind_intensity": 39.422594797077494, "sun_azimuth_angle": 31.72245950553037, "fog_distance": "0", "cloudiness": 89.70549422047527, "fog_density": 14.584040644092244, "wetness": 62.671687996828105, "precipitation_deposits": 48.81614628846079}}], "scenario_type": "Scenario57"}], "Town04": [{"available_event_configurations": [{"transform": {"pitch": "0", "x": -13.4, "y": -160, "yaw": 90, "z": 0}, "_start_distance": 17.16187866091017, "_actor_vel": 2.39835591197194, "_trigger_distance": 6.773758923893712, "_brake": 1.0, "weather": {"sun_altitude_angle": -21.552548894732098, "precipitation": 52.241927321662054, "wind_intensity": 39.422594797077494, "sun_azimuth_angle": 31.72245950553037, "fog_distance": "0", "cloudiness": 89.70549422047527, "fog_density": 14.584040644092244, "wetness": 62.671687996828105, "precipitation_deposits": 48.81614628846079}}], "scenario_type": "Scenario57"}], "Town03": [{"available_event_configurations": [{"transform": {"pitch": "0", "x": -88.5, "y": -90, "yaw": 90, "z": 0}, "_start_distance": 17.16187866091017, "_actor_vel": 2.39835591197194, "_trigger_distance": 6.773758923893712, "_brake": 1.0, "weather": {"sun_altitude_angle": -21.552548894732098, "precipitation": 52.241927321662054, "wind_intensity": 39.422594797077494, "sun_azimuth_angle": 31.72245950553037, "fog_distance": "0", "cloudiness": 89.70549422047527, "fog_density": 14.584040644092244, "wetness": 62.671687996828105, "precipitation_deposits": 48.81614628846079}}], "scenario_type": "Scenario57"}], "Town06": [{"available_event_configurations": [{"transform": {"pitch": "0", "x": 8.4, "y": 220, "yaw": -90, "z": 0}, "_start_distance": 17.16187866091017, "_actor_vel": 2.39835591197194, "_trigger_distance": 6.773758923893712, "_brake": 1.0, "weather": {"sun_altitude_angle": -21.552548894732098, "precipitation": 52.241927321662054, "wind_intensity": 39.422594797077494, "sun_azimuth_angle": 31.72245950553037, "fog_distance": "0", "cloudiness": 89.70549422047527, "fog_density": 14.584040644092244, "wetness": 62.671687996828105, "precipitation_deposits": 48.81614628846079}}], "scenario_type": "Scenario57"}]}]}