{"available_scenarios": [{"Town05": [{"available_event_configurations": [{"transform": {"pitch": "0", "x": 35, "y": 70, "yaw": -90, "z": 0}, "_start_distance": 15.855039079650128, "_actor_vel": 3.0269430343438404, "_trigger_distance": 9.100086742805424, "_brake": 1.0, "weather": {"sun_altitude_angle": 9.996679713760614, "precipitation": 68.92084806050391, "wind_intensity": 72.72856299712748, "sun_azimuth_angle": 93.60962955615487, "fog_distance": "0", "cloudiness": 89.50719793657717, "fog_density": 48.57909397971456, "wetness": 90.02926794054711, "precipitation_deposits": 20.025841248047872}}], "scenario_type": "Scenario57"}], "Town04": [{"available_event_configurations": [{"transform": {"pitch": "0", "x": -13.4, "y": -160, "yaw": 90, "z": 0}, "_start_distance": 15.855039079650128, "_actor_vel": 3.0269430343438404, "_trigger_distance": 9.100086742805424, "_brake": 1.0, "weather": {"sun_altitude_angle": 9.996679713760614, "precipitation": 68.92084806050391, "wind_intensity": 72.72856299712748, "sun_azimuth_angle": 93.60962955615487, "fog_distance": "0", "cloudiness": 89.50719793657717, "fog_density": 48.57909397971456, "wetness": 90.02926794054711, "precipitation_deposits": 20.025841248047872}}], "scenario_type": "Scenario57"}], "Town03": [{"available_event_configurations": [{"transform": {"pitch": "0", "x": -88.5, "y": -90, "yaw": 90, "z": 0}, "_start_distance": 15.855039079650128, "_actor_vel": 3.0269430343438404, "_trigger_distance": 9.100086742805424, "_brake": 1.0, "weather": {"sun_altitude_angle": 9.996679713760614, "precipitation": 68.92084806050391, "wind_intensity": 72.72856299712748, "sun_azimuth_angle": 93.60962955615487, "fog_distance": "0", "cloudiness": 89.50719793657717, "fog_density": 48.57909397971456, "wetness": 90.02926794054711, "precipitation_deposits": 20.025841248047872}}], "scenario_type": "Scenario57"}], "Town06": [{"available_event_configurations": [{"transform": {"pitch": "0", "x": 8.4, "y": 220, "yaw": -90, "z": 0}, "_start_distance": 15.855039079650128, "_actor_vel": 3.0269430343438404, "_trigger_distance": 9.100086742805424, "_brake": 1.0, "weather": {"sun_altitude_angle": 9.996679713760614, "precipitation": 68.92084806050391, "wind_intensity": 72.72856299712748, "sun_azimuth_angle": 93.60962955615487, "fog_distance": "0", "cloudiness": 89.50719793657717, "fog_density": 48.57909397971456, "wetness": 90.02926794054711, "precipitation_deposits": 20.025841248047872}}], "scenario_type": "Scenario57"}]}]}