{"available_scenarios": [{"Town05": [{"available_event_configurations": [{"transform": {"pitch": "0", "x": 35, "y": 70, "yaw": -90, "z": 0}, "_start_distance": 15.971132567558767, "_actor_vel": 3.2684809071183016, "_trigger_distance": 9.310862201829933, "_brake": 1.0, "weather": {"sun_altitude_angle": -14.07638306086659, "precipitation": 68.60020058781357, "wind_intensity": 69.27375444422984, "sun_azimuth_angle": 303.816555621305, "fog_distance": "0", "cloudiness": 81.89901443014263, "fog_density": 84.69071409798723, "wetness": 15.003767432715541, "precipitation_deposits": 11.920304019724226}}], "scenario_type": "Scenario57"}], "Town04": [{"available_event_configurations": [{"transform": {"pitch": "0", "x": -13.4, "y": -160, "yaw": 90, "z": 0}, "_start_distance": 15.971132567558767, "_actor_vel": 3.2684809071183016, "_trigger_distance": 9.310862201829933, "_brake": 1.0, "weather": {"sun_altitude_angle": -14.07638306086659, "precipitation": 68.60020058781357, "wind_intensity": 69.27375444422984, "sun_azimuth_angle": 303.816555621305, "fog_distance": "0", "cloudiness": 81.89901443014263, "fog_density": 84.69071409798723, "wetness": 15.003767432715541, "precipitation_deposits": 11.920304019724226}}], "scenario_type": "Scenario57"}], "Town03": [{"available_event_configurations": [{"transform": {"pitch": "0", "x": -88.5, "y": -90, "yaw": 90, "z": 0}, "_start_distance": 15.971132567558767, "_actor_vel": 3.2684809071183016, "_trigger_distance": 9.310862201829933, "_brake": 1.0, "weather": {"sun_altitude_angle": -14.07638306086659, "precipitation": 68.60020058781357, "wind_intensity": 69.27375444422984, "sun_azimuth_angle": 303.816555621305, "fog_distance": "0", "cloudiness": 81.89901443014263, "fog_density": 84.69071409798723, "wetness": 15.003767432715541, "precipitation_deposits": 11.920304019724226}}], "scenario_type": "Scenario57"}], "Town06": [{"available_event_configurations": [{"transform": {"pitch": "0", "x": 8.4, "y": 220, "yaw": -90, "z": 0}, "_start_distance": 15.971132567558767, "_actor_vel": 3.2684809071183016, "_trigger_distance": 9.310862201829933, "_brake": 1.0, "weather": {"sun_altitude_angle": -14.07638306086659, "precipitation": 68.60020058781357, "wind_intensity": 69.27375444422984, "sun_azimuth_angle": 303.816555621305, "fog_distance": "0", "cloudiness": 81.89901443014263, "fog_density": 84.69071409798723, "wetness": 15.003767432715541, "precipitation_deposits": 11.920304019724226}}], "scenario_type": "Scenario57"}]}]}