{"available_scenarios": [{"Town05": [{"available_event_configurations": [{"transform": {"pitch": "0", "x": 35, "y": 70, "yaw": -90, "z": 0}, "_start_distance": 18.581534914013766, "_actor_vel": 2.2766125163396964, "_trigger_distance": 9.407014907500159, "_brake": 1.0, "weather": {"sun_altitude_angle": 55.19614436780495, "precipitation": 36.42055334355373, "wind_intensity": 60.575055044984495, "sun_azimuth_angle": 37.71395629451983, "fog_distance": "0", "cloudiness": 20.54446066705732, "fog_density": 92.93701497711913, "wetness": 49.02435247253223, "precipitation_deposits": 72.17437464754185}}], "scenario_type": "Scenario57"}], "Town04": [{"available_event_configurations": [{"transform": {"pitch": "0", "x": -13.4, "y": -160, "yaw": 90, "z": 0}, "_start_distance": 18.581534914013766, "_actor_vel": 2.2766125163396964, "_trigger_distance": 9.407014907500159, "_brake": 1.0, "weather": {"sun_altitude_angle": 55.19614436780495, "precipitation": 36.42055334355373, "wind_intensity": 60.575055044984495, "sun_azimuth_angle": 37.71395629451983, "fog_distance": "0", "cloudiness": 20.54446066705732, "fog_density": 92.93701497711913, "wetness": 49.02435247253223, "precipitation_deposits": 72.17437464754185}}], "scenario_type": "Scenario57"}], "Town03": [{"available_event_configurations": [{"transform": {"pitch": "0", "x": -88.5, "y": -90, "yaw": 90, "z": 0}, "_start_distance": 18.581534914013766, "_actor_vel": 2.2766125163396964, "_trigger_distance": 9.407014907500159, "_brake": 1.0, "weather": {"sun_altitude_angle": 55.19614436780495, "precipitation": 36.42055334355373, "wind_intensity": 60.575055044984495, "sun_azimuth_angle": 37.71395629451983, "fog_distance": "0", "cloudiness": 20.54446066705732, "fog_density": 92.93701497711913, "wetness": 49.02435247253223, "precipitation_deposits": 72.17437464754185}}], "scenario_type": "Scenario57"}], "Town06": [{"available_event_configurations": [{"transform": {"pitch": "0", "x": 8.4, "y": 220, "yaw": -90, "z": 0}, "_start_distance": 18.581534914013766, "_actor_vel": 2.2766125163396964, "_trigger_distance": 9.407014907500159, "_brake": 1.0, "weather": {"sun_altitude_angle": 55.19614436780495, "precipitation": 36.42055334355373, "wind_intensity": 60.575055044984495, "sun_azimuth_angle": 37.71395629451983, "fog_distance": "0", "cloudiness": 20.54446066705732, "fog_density": 92.93701497711913, "wetness": 49.02435247253223, "precipitation_deposits": 72.17437464754185}}], "scenario_type": "Scenario57"}]}]}