{"available_scenarios": [{"Town05": [{"available_event_configurations": [{"transform": {"pitch": "0", "x": 35, "y": 70, "yaw": -90, "z": 0}, "_start_distance": 16.19294103940168, "_actor_vel": 3.6559912373314534, "_trigger_distance": 9.140683789377594, "_brake": 1.0, "weather": {"sun_altitude_angle": 32.023241212660864, "precipitation": 49.9788821379344, "wind_intensity": 50.92386733465521, "sun_azimuth_angle": 116.94668714562707, "fog_distance": "0", "cloudiness": 2.6909685375437475, "fog_density": 75.66567168326615, "wetness": 44.92367837989377, "precipitation_deposits": 11.82561044067777}}], "scenario_type": "Scenario57"}], "Town04": [{"available_event_configurations": [{"transform": {"pitch": "0", "x": -13.4, "y": -160, "yaw": 90, "z": 0}, "_start_distance": 16.19294103940168, "_actor_vel": 3.6559912373314534, "_trigger_distance": 9.140683789377594, "_brake": 1.0, "weather": {"sun_altitude_angle": 32.023241212660864, "precipitation": 49.9788821379344, "wind_intensity": 50.92386733465521, "sun_azimuth_angle": 116.94668714562707, "fog_distance": "0", "cloudiness": 2.6909685375437475, "fog_density": 75.66567168326615, "wetness": 44.92367837989377, "precipitation_deposits": 11.82561044067777}}], "scenario_type": "Scenario57"}], "Town03": [{"available_event_configurations": [{"transform": {"pitch": "0", "x": -88.5, "y": -90, "yaw": 90, "z": 0}, "_start_distance": 16.19294103940168, "_actor_vel": 3.6559912373314534, "_trigger_distance": 9.140683789377594, "_brake": 1.0, "weather": {"sun_altitude_angle": 32.023241212660864, "precipitation": 49.9788821379344, "wind_intensity": 50.92386733465521, "sun_azimuth_angle": 116.94668714562707, "fog_distance": "0", "cloudiness": 2.6909685375437475, "fog_density": 75.66567168326615, "wetness": 44.92367837989377, "precipitation_deposits": 11.82561044067777}}], "scenario_type": "Scenario57"}], "Town06": [{"available_event_configurations": [{"transform": {"pitch": "0", "x": 8.4, "y": 220, "yaw": -90, "z": 0}, "_start_distance": 16.19294103940168, "_actor_vel": 3.6559912373314534, "_trigger_distance": 9.140683789377594, "_brake": 1.0, "weather": {"sun_altitude_angle": 32.023241212660864, "precipitation": 49.9788821379344, "wind_intensity": 50.92386733465521, "sun_azimuth_angle": 116.94668714562707, "fog_distance": "0", "cloudiness": 2.6909685375437475, "fog_density": 75.66567168326615, "wetness": 44.92367837989377, "precipitation_deposits": 11.82561044067777}}], "scenario_type": "Scenario57"}]}]}