{"available_scenarios": [{"Town05": [{"available_event_configurations": [{"transform": {"pitch": "0", "x": 35, "y": 70, "yaw": -90, "z": 0}, "_start_distance": 19.07908904547974, "_actor_vel": 2.9702476012384817, "_trigger_distance": 6.676211226158976, "_brake": 1.0, "weather": {"sun_altitude_angle": 79.10974109195988, "precipitation": 62.2621101548481, "wind_intensity": 9.9618514680477, "sun_azimuth_angle": 79.77678168826057, "fog_distance": "0", "cloudiness": 61.71156339334611, "fog_density": 65.00269771948001, "wetness": 92.03882995571045, "precipitation_deposits": 31.826196330196442}}], "scenario_type": "Scenario57"}], "Town04": [{"available_event_configurations": [{"transform": {"pitch": "0", "x": -13.4, "y": -160, "yaw": 90, "z": 0}, "_start_distance": 19.07908904547974, "_actor_vel": 2.9702476012384817, "_trigger_distance": 6.676211226158976, "_brake": 1.0, "weather": {"sun_altitude_angle": 79.10974109195988, "precipitation": 62.2621101548481, "wind_intensity": 9.9618514680477, "sun_azimuth_angle": 79.77678168826057, "fog_distance": "0", "cloudiness": 61.71156339334611, "fog_density": 65.00269771948001, "wetness": 92.03882995571045, "precipitation_deposits": 31.826196330196442}}], "scenario_type": "Scenario57"}], "Town03": [{"available_event_configurations": [{"transform": {"pitch": "0", "x": -88.5, "y": -90, "yaw": 90, "z": 0}, "_start_distance": 19.07908904547974, "_actor_vel": 2.9702476012384817, "_trigger_distance": 6.676211226158976, "_brake": 1.0, "weather": {"sun_altitude_angle": 79.10974109195988, "precipitation": 62.2621101548481, "wind_intensity": 9.9618514680477, "sun_azimuth_angle": 79.77678168826057, "fog_distance": "0", "cloudiness": 61.71156339334611, "fog_density": 65.00269771948001, "wetness": 92.03882995571045, "precipitation_deposits": 31.826196330196442}}], "scenario_type": "Scenario57"}], "Town06": [{"available_event_configurations": [{"transform": {"pitch": "0", "x": 8.4, "y": 220, "yaw": -90, "z": 0}, "_start_distance": 19.07908904547974, "_actor_vel": 2.9702476012384817, "_trigger_distance": 6.676211226158976, "_brake": 1.0, "weather": {"sun_altitude_angle": 79.10974109195988, "precipitation": 62.2621101548481, "wind_intensity": 9.9618514680477, "sun_azimuth_angle": 79.77678168826057, "fog_distance": "0", "cloudiness": 61.71156339334611, "fog_density": 65.00269771948001, "wetness": 92.03882995571045, "precipitation_deposits": 31.826196330196442}}], "scenario_type": "Scenario57"}]}]}