{"available_scenarios": [{"Town05": [{"available_event_configurations": [{"transform": {"pitch": "0", "x": 35, "y": 70, "yaw": -90, "z": 0}, "_start_distance": 18.50187585826792, "_actor_vel": 3.1381510448986436, "_trigger_distance": 8.6235240064424, "_brake": 1.0, "weather": {"sun_altitude_angle": -61.4437553970338, "precipitation": 91.8677137638538, "wind_intensity": 90.38699021276156, "sun_azimuth_angle": 310.523673404833, "fog_distance": "0", "cloudiness": 53.51339393702278, "fog_density": 58.48058170642767, "wetness": 9.123014130650198, "precipitation_deposits": 75.36752907517557}}], "scenario_type": "Scenario57"}], "Town04": [{"available_event_configurations": [{"transform": {"pitch": "0", "x": -13.4, "y": -160, "yaw": 90, "z": 0}, "_start_distance": 18.50187585826792, "_actor_vel": 3.1381510448986436, "_trigger_distance": 8.6235240064424, "_brake": 1.0, "weather": {"sun_altitude_angle": -61.4437553970338, "precipitation": 91.8677137638538, "wind_intensity": 90.38699021276156, "sun_azimuth_angle": 310.523673404833, "fog_distance": "0", "cloudiness": 53.51339393702278, "fog_density": 58.48058170642767, "wetness": 9.123014130650198, "precipitation_deposits": 75.36752907517557}}], "scenario_type": "Scenario57"}], "Town03": [{"available_event_configurations": [{"transform": {"pitch": "0", "x": -88.5, "y": -90, "yaw": 90, "z": 0}, "_start_distance": 18.50187585826792, "_actor_vel": 3.1381510448986436, "_trigger_distance": 8.6235240064424, "_brake": 1.0, "weather": {"sun_altitude_angle": -61.4437553970338, "precipitation": 91.8677137638538, "wind_intensity": 90.38699021276156, "sun_azimuth_angle": 310.523673404833, "fog_distance": "0", "cloudiness": 53.51339393702278, "fog_density": 58.48058170642767, "wetness": 9.123014130650198, "precipitation_deposits": 75.36752907517557}}], "scenario_type": "Scenario57"}], "Town06": [{"available_event_configurations": [{"transform": {"pitch": "0", "x": 8.4, "y": 220, "yaw": -90, "z": 0}, "_start_distance": 18.50187585826792, "_actor_vel": 3.1381510448986436, "_trigger_distance": 8.6235240064424, "_brake": 1.0, "weather": {"sun_altitude_angle": -61.4437553970338, "precipitation": 91.8677137638538, "wind_intensity": 90.38699021276156, "sun_azimuth_angle": 310.523673404833, "fog_distance": "0", "cloudiness": 53.51339393702278, "fog_density": 58.48058170642767, "wetness": 9.123014130650198, "precipitation_deposits": 75.36752907517557}}], "scenario_type": "Scenario57"}]}]}