{"available_scenarios": [{"Town05": [{"available_event_configurations": [{"transform": {"pitch": "0", "x": 35, "y": 70, "yaw": -90, "z": 0}, "_start_distance": 19.509885728355787, "_actor_vel": 3.8998191621158522, "_trigger_distance": 8.86950951472469, "_brake": 1.0, "weather": {"sun_altitude_angle": -21.980939720413716, "precipitation": 92.04164745485008, "wind_intensity": 86.20202111714543, "sun_azimuth_angle": 33.71692663521334, "fog_distance": "0", "cloudiness": 78.7281145376253, "fog_density": 53.97651417025433, "wetness": 10.839802580662738, "precipitation_deposits": 81.48829864130583}}], "scenario_type": "Scenario57"}], "Town04": [{"available_event_configurations": [{"transform": {"pitch": "0", "x": -13.4, "y": -160, "yaw": 90, "z": 0}, "_start_distance": 19.509885728355787, "_actor_vel": 3.8998191621158522, "_trigger_distance": 8.86950951472469, "_brake": 1.0, "weather": {"sun_altitude_angle": -21.980939720413716, "precipitation": 92.04164745485008, "wind_intensity": 86.20202111714543, "sun_azimuth_angle": 33.71692663521334, "fog_distance": "0", "cloudiness": 78.7281145376253, "fog_density": 53.97651417025433, "wetness": 10.839802580662738, "precipitation_deposits": 81.48829864130583}}], "scenario_type": "Scenario57"}], "Town03": [{"available_event_configurations": [{"transform": {"pitch": "0", "x": -88.5, "y": -90, "yaw": 90, "z": 0}, "_start_distance": 19.509885728355787, "_actor_vel": 3.8998191621158522, "_trigger_distance": 8.86950951472469, "_brake": 1.0, "weather": {"sun_altitude_angle": -21.980939720413716, "precipitation": 92.04164745485008, "wind_intensity": 86.20202111714543, "sun_azimuth_angle": 33.71692663521334, "fog_distance": "0", "cloudiness": 78.7281145376253, "fog_density": 53.97651417025433, "wetness": 10.839802580662738, "precipitation_deposits": 81.48829864130583}}], "scenario_type": "Scenario57"}], "Town06": [{"available_event_configurations": [{"transform": {"pitch": "0", "x": 8.4, "y": 220, "yaw": -90, "z": 0}, "_start_distance": 19.509885728355787, "_actor_vel": 3.8998191621158522, "_trigger_distance": 8.86950951472469, "_brake": 1.0, "weather": {"sun_altitude_angle": -21.980939720413716, "precipitation": 92.04164745485008, "wind_intensity": 86.20202111714543, "sun_azimuth_angle": 33.71692663521334, "fog_distance": "0", "cloudiness": 78.7281145376253, "fog_density": 53.97651417025433, "wetness": 10.839802580662738, "precipitation_deposits": 81.48829864130583}}], "scenario_type": "Scenario57"}]}]}