{"available_scenarios": [{"Town05": [{"available_event_configurations": [{"transform": {"pitch": "0", "x": 35, "y": 70, "yaw": -90, "z": 0}, "_start_distance": 18.115187012774562, "_actor_vel": 2.6802888090093835, "_trigger_distance": 8.770610657688804, "_brake": 1.0, "weather": {"sun_altitude_angle": -7.195828211163786, "precipitation": 26.780441147081046, "wind_intensity": 33.15408689142901, "sun_azimuth_angle": 30.90604469400761, "fog_distance": "0", "cloudiness": 43.19831383212709, "fog_density": 95.66967913673484, "wetness": 69.85255296744059, "precipitation_deposits": 46.27294878250605}}], "scenario_type": "Scenario57"}], "Town04": [{"available_event_configurations": [{"transform": {"pitch": "0", "x": -13.4, "y": -160, "yaw": 90, "z": 0}, "_start_distance": 18.115187012774562, "_actor_vel": 2.6802888090093835, "_trigger_distance": 8.770610657688804, "_brake": 1.0, "weather": {"sun_altitude_angle": -7.195828211163786, "precipitation": 26.780441147081046, "wind_intensity": 33.15408689142901, "sun_azimuth_angle": 30.90604469400761, "fog_distance": "0", "cloudiness": 43.19831383212709, "fog_density": 95.66967913673484, "wetness": 69.85255296744059, "precipitation_deposits": 46.27294878250605}}], "scenario_type": "Scenario57"}], "Town03": [{"available_event_configurations": [{"transform": {"pitch": "0", "x": -88.5, "y": -90, "yaw": 90, "z": 0}, "_start_distance": 18.115187012774562, "_actor_vel": 2.6802888090093835, "_trigger_distance": 8.770610657688804, "_brake": 1.0, "weather": {"sun_altitude_angle": -7.195828211163786, "precipitation": 26.780441147081046, "wind_intensity": 33.15408689142901, "sun_azimuth_angle": 30.90604469400761, "fog_distance": "0", "cloudiness": 43.19831383212709, "fog_density": 95.66967913673484, "wetness": 69.85255296744059, "precipitation_deposits": 46.27294878250605}}], "scenario_type": "Scenario57"}], "Town06": [{"available_event_configurations": [{"transform": {"pitch": "0", "x": 8.4, "y": 220, "yaw": -90, "z": 0}, "_start_distance": 18.115187012774562, "_actor_vel": 2.6802888090093835, "_trigger_distance": 8.770610657688804, "_brake": 1.0, "weather": {"sun_altitude_angle": -7.195828211163786, "precipitation": 26.780441147081046, "wind_intensity": 33.15408689142901, "sun_azimuth_angle": 30.90604469400761, "fog_distance": "0", "cloudiness": 43.19831383212709, "fog_density": 95.66967913673484, "wetness": 69.85255296744059, "precipitation_deposits": 46.27294878250605}}], "scenario_type": "Scenario57"}]}]}