{"available_scenarios": [{"Town05": [{"available_event_configurations": [{"transform": {"pitch": "0", "x": 35, "y": 70, "yaw": -90, "z": 0}, "_start_distance": 17.104480670718022, "_actor_vel": 2.8435870037232194, "_trigger_distance": 7.814934097684585, "_brake": 1.0, "weather": {"sun_altitude_angle": -25.06165595362971, "precipitation": 72.63962156805441, "wind_intensity": 50.922430606586744, "sun_azimuth_angle": 217.37825148456787, "fog_distance": "0", "cloudiness": 9.395887370572298, "fog_density": 11.319247079957718, "wetness": 22.822004677442365, "precipitation_deposits": 90.54478857557339}}], "scenario_type": "Scenario57"}], "Town04": [{"available_event_configurations": [{"transform": {"pitch": "0", "x": -13.4, "y": -160, "yaw": 90, "z": 0}, "_start_distance": 17.104480670718022, "_actor_vel": 2.8435870037232194, "_trigger_distance": 7.814934097684585, "_brake": 1.0, "weather": {"sun_altitude_angle": -25.06165595362971, "precipitation": 72.63962156805441, "wind_intensity": 50.922430606586744, "sun_azimuth_angle": 217.37825148456787, "fog_distance": "0", "cloudiness": 9.395887370572298, "fog_density": 11.319247079957718, "wetness": 22.822004677442365, "precipitation_deposits": 90.54478857557339}}], "scenario_type": "Scenario57"}], "Town03": [{"available_event_configurations": [{"transform": {"pitch": "0", "x": -88.5, "y": -90, "yaw": 90, "z": 0}, "_start_distance": 17.104480670718022, "_actor_vel": 2.8435870037232194, "_trigger_distance": 7.814934097684585, "_brake": 1.0, "weather": {"sun_altitude_angle": -25.06165595362971, "precipitation": 72.63962156805441, "wind_intensity": 50.922430606586744, "sun_azimuth_angle": 217.37825148456787, "fog_distance": "0", "cloudiness": 9.395887370572298, "fog_density": 11.319247079957718, "wetness": 22.822004677442365, "precipitation_deposits": 90.54478857557339}}], "scenario_type": "Scenario57"}], "Town06": [{"available_event_configurations": [{"transform": {"pitch": "0", "x": 8.4, "y": 220, "yaw": -90, "z": 0}, "_start_distance": 17.104480670718022, "_actor_vel": 2.8435870037232194, "_trigger_distance": 7.814934097684585, "_brake": 1.0, "weather": {"sun_altitude_angle": -25.06165595362971, "precipitation": 72.63962156805441, "wind_intensity": 50.922430606586744, "sun_azimuth_angle": 217.37825148456787, "fog_distance": "0", "cloudiness": 9.395887370572298, "fog_density": 11.319247079957718, "wetness": 22.822004677442365, "precipitation_deposits": 90.54478857557339}}], "scenario_type": "Scenario57"}]}]}