{"available_scenarios": [{"Town05": [{"available_event_configurations": [{"transform": {"pitch": "0", "x": 35, "y": 70, "yaw": -90, "z": 0}, "_start_distance": 19.25318538532231, "_actor_vel": 3.999620009590043, "_trigger_distance": 8.511798511003668, "_brake": 1.0, "weather": {"sun_altitude_angle": 45.53065980388337, "precipitation": 62.72891489140987, "wind_intensity": 84.35930633185968, "sun_azimuth_angle": 293.3802600460194, "fog_distance": "0", "cloudiness": 94.36787475627204, "fog_density": 57.57237292654283, "wetness": 35.42599524656078, "precipitation_deposits": 83.44785786468528}}], "scenario_type": "Scenario57"}], "Town04": [{"available_event_configurations": [{"transform": {"pitch": "0", "x": -13.4, "y": -160, "yaw": 90, "z": 0}, "_start_distance": 19.25318538532231, "_actor_vel": 3.999620009590043, "_trigger_distance": 8.511798511003668, "_brake": 1.0, "weather": {"sun_altitude_angle": 45.53065980388337, "precipitation": 62.72891489140987, "wind_intensity": 84.35930633185968, "sun_azimuth_angle": 293.3802600460194, "fog_distance": "0", "cloudiness": 94.36787475627204, "fog_density": 57.57237292654283, "wetness": 35.42599524656078, "precipitation_deposits": 83.44785786468528}}], "scenario_type": "Scenario57"}], "Town03": [{"available_event_configurations": [{"transform": {"pitch": "0", "x": -88.5, "y": -90, "yaw": 90, "z": 0}, "_start_distance": 19.25318538532231, "_actor_vel": 3.999620009590043, "_trigger_distance": 8.511798511003668, "_brake": 1.0, "weather": {"sun_altitude_angle": 45.53065980388337, "precipitation": 62.72891489140987, "wind_intensity": 84.35930633185968, "sun_azimuth_angle": 293.3802600460194, "fog_distance": "0", "cloudiness": 94.36787475627204, "fog_density": 57.57237292654283, "wetness": 35.42599524656078, "precipitation_deposits": 83.44785786468528}}], "scenario_type": "Scenario57"}], "Town06": [{"available_event_configurations": [{"transform": {"pitch": "0", "x": 8.4, "y": 220, "yaw": -90, "z": 0}, "_start_distance": 19.25318538532231, "_actor_vel": 3.999620009590043, "_trigger_distance": 8.511798511003668, "_brake": 1.0, "weather": {"sun_altitude_angle": 45.53065980388337, "precipitation": 62.72891489140987, "wind_intensity": 84.35930633185968, "sun_azimuth_angle": 293.3802600460194, "fog_distance": "0", "cloudiness": 94.36787475627204, "fog_density": 57.57237292654283, "wetness": 35.42599524656078, "precipitation_deposits": 83.44785786468528}}], "scenario_type": "Scenario57"}]}]}