{"available_scenarios": [{"Town05": [{"available_event_configurations": [{"transform": {"pitch": "0", "x": 35, "y": 70, "yaw": -90, "z": 0}, "_start_distance": 15.347190634573616, "_actor_vel": 2.5533105815623593, "_trigger_distance": 6.343144831237673, "_brake": 1.0, "weather": {"sun_altitude_angle": 77.56401217022085, "precipitation": 51.811491800791266, "wind_intensity": 49.60216305579769, "sun_azimuth_angle": 199.54050843274763, "fog_distance": "0", "cloudiness": 57.3458044587559, "fog_density": 78.51757682730643, "wetness": 31.49656450020816, "precipitation_deposits": 89.02942104885243}}], "scenario_type": "Scenario57"}], "Town04": [{"available_event_configurations": [{"transform": {"pitch": "0", "x": -13.4, "y": -160, "yaw": 90, "z": 0}, "_start_distance": 15.347190634573616, "_actor_vel": 2.5533105815623593, "_trigger_distance": 6.343144831237673, "_brake": 1.0, "weather": {"sun_altitude_angle": 77.56401217022085, "precipitation": 51.811491800791266, "wind_intensity": 49.60216305579769, "sun_azimuth_angle": 199.54050843274763, "fog_distance": "0", "cloudiness": 57.3458044587559, "fog_density": 78.51757682730643, "wetness": 31.49656450020816, "precipitation_deposits": 89.02942104885243}}], "scenario_type": "Scenario57"}], "Town03": [{"available_event_configurations": [{"transform": {"pitch": "0", "x": -88.5, "y": -90, "yaw": 90, "z": 0}, "_start_distance": 15.347190634573616, "_actor_vel": 2.5533105815623593, "_trigger_distance": 6.343144831237673, "_brake": 1.0, "weather": {"sun_altitude_angle": 77.56401217022085, "precipitation": 51.811491800791266, "wind_intensity": 49.60216305579769, "sun_azimuth_angle": 199.54050843274763, "fog_distance": "0", "cloudiness": 57.3458044587559, "fog_density": 78.51757682730643, "wetness": 31.49656450020816, "precipitation_deposits": 89.02942104885243}}], "scenario_type": "Scenario57"}], "Town06": [{"available_event_configurations": [{"transform": {"pitch": "0", "x": 8.4, "y": 220, "yaw": -90, "z": 0}, "_start_distance": 15.347190634573616, "_actor_vel": 2.5533105815623593, "_trigger_distance": 6.343144831237673, "_brake": 1.0, "weather": {"sun_altitude_angle": 77.56401217022085, "precipitation": 51.811491800791266, "wind_intensity": 49.60216305579769, "sun_azimuth_angle": 199.54050843274763, "fog_distance": "0", "cloudiness": 57.3458044587559, "fog_density": 78.51757682730643, "wetness": 31.49656450020816, "precipitation_deposits": 89.02942104885243}}], "scenario_type": "Scenario57"}]}]}