{"available_scenarios": [{"Town05": [{"available_event_configurations": [{"transform": {"pitch": "0", "x": 35, "y": 70, "yaw": -90, "z": 0}, "_start_distance": 17.66654353547807, "_actor_vel": 3.8056192878372705, "_trigger_distance": 7.924026834784945, "_brake": 1.0, "weather": {"sun_altitude_angle": 59.72098834112768, "precipitation": 51.512251683933485, "wind_intensity": 83.70572463287421, "sun_azimuth_angle": 54.66112142942442, "fog_distance": "0", "cloudiness": 21.364234513565094, "fog_density": 63.12423084586067, "wetness": 70.33618709613816, "precipitation_deposits": 77.22730760247998}}], "scenario_type": "Scenario57"}], "Town04": [{"available_event_configurations": [{"transform": {"pitch": "0", "x": -13.4, "y": -160, "yaw": 90, "z": 0}, "_start_distance": 17.66654353547807, "_actor_vel": 3.8056192878372705, "_trigger_distance": 7.924026834784945, "_brake": 1.0, "weather": {"sun_altitude_angle": 59.72098834112768, "precipitation": 51.512251683933485, "wind_intensity": 83.70572463287421, "sun_azimuth_angle": 54.66112142942442, "fog_distance": "0", "cloudiness": 21.364234513565094, "fog_density": 63.12423084586067, "wetness": 70.33618709613816, "precipitation_deposits": 77.22730760247998}}], "scenario_type": "Scenario57"}], "Town03": [{"available_event_configurations": [{"transform": {"pitch": "0", "x": -88.5, "y": -90, "yaw": 90, "z": 0}, "_start_distance": 17.66654353547807, "_actor_vel": 3.8056192878372705, "_trigger_distance": 7.924026834784945, "_brake": 1.0, "weather": {"sun_altitude_angle": 59.72098834112768, "precipitation": 51.512251683933485, "wind_intensity": 83.70572463287421, "sun_azimuth_angle": 54.66112142942442, "fog_distance": "0", "cloudiness": 21.364234513565094, "fog_density": 63.12423084586067, "wetness": 70.33618709613816, "precipitation_deposits": 77.22730760247998}}], "scenario_type": "Scenario57"}], "Town06": [{"available_event_configurations": [{"transform": {"pitch": "0", "x": 8.4, "y": 220, "yaw": -90, "z": 0}, "_start_distance": 17.66654353547807, "_actor_vel": 3.8056192878372705, "_trigger_distance": 7.924026834784945, "_brake": 1.0, "weather": {"sun_altitude_angle": 59.72098834112768, "precipitation": 51.512251683933485, "wind_intensity": 83.70572463287421, "sun_azimuth_angle": 54.66112142942442, "fog_distance": "0", "cloudiness": 21.364234513565094, "fog_density": 63.12423084586067, "wetness": 70.33618709613816, "precipitation_deposits": 77.22730760247998}}], "scenario_type": "Scenario57"}]}]}