{"available_scenarios": [{"Town05": [{"available_event_configurations": [{"transform": {"pitch": "0", "x": 35, "y": 70, "yaw": -90, "z": 0}, "_start_distance": 17.30684254322179, "_actor_vel": 2.690158000128224, "_trigger_distance": 6.10977074147163, "_brake": 1.0, "weather": {"sun_altitude_angle": -4.809164990096249, "precipitation": 37.96042757020112, "wind_intensity": 7.023321377730585, "sun_azimuth_angle": 202.07404020020462, "fog_distance": "0", "cloudiness": 8.234407226882666, "fog_density": 9.575336498914734, "wetness": 40.481616518389515, "precipitation_deposits": 85.77031897090718}}], "scenario_type": "Scenario57"}], "Town04": [{"available_event_configurations": [{"transform": {"pitch": "0", "x": -13.4, "y": -160, "yaw": 90, "z": 0}, "_start_distance": 17.30684254322179, "_actor_vel": 2.690158000128224, "_trigger_distance": 6.10977074147163, "_brake": 1.0, "weather": {"sun_altitude_angle": -4.809164990096249, "precipitation": 37.96042757020112, "wind_intensity": 7.023321377730585, "sun_azimuth_angle": 202.07404020020462, "fog_distance": "0", "cloudiness": 8.234407226882666, "fog_density": 9.575336498914734, "wetness": 40.481616518389515, "precipitation_deposits": 85.77031897090718}}], "scenario_type": "Scenario57"}], "Town03": [{"available_event_configurations": [{"transform": {"pitch": "0", "x": -88.5, "y": -90, "yaw": 90, "z": 0}, "_start_distance": 17.30684254322179, "_actor_vel": 2.690158000128224, "_trigger_distance": 6.10977074147163, "_brake": 1.0, "weather": {"sun_altitude_angle": -4.809164990096249, "precipitation": 37.96042757020112, "wind_intensity": 7.023321377730585, "sun_azimuth_angle": 202.07404020020462, "fog_distance": "0", "cloudiness": 8.234407226882666, "fog_density": 9.575336498914734, "wetness": 40.481616518389515, "precipitation_deposits": 85.77031897090718}}], "scenario_type": "Scenario57"}], "Town06": [{"available_event_configurations": [{"transform": {"pitch": "0", "x": 8.4, "y": 220, "yaw": -90, "z": 0}, "_start_distance": 17.30684254322179, "_actor_vel": 2.690158000128224, "_trigger_distance": 6.10977074147163, "_brake": 1.0, "weather": {"sun_altitude_angle": -4.809164990096249, "precipitation": 37.96042757020112, "wind_intensity": 7.023321377730585, "sun_azimuth_angle": 202.07404020020462, "fog_distance": "0", "cloudiness": 8.234407226882666, "fog_density": 9.575336498914734, "wetness": 40.481616518389515, "precipitation_deposits": 85.77031897090718}}], "scenario_type": "Scenario57"}]}]}