{"available_scenarios": [{"Town05": [{"available_event_configurations": [{"transform": {"pitch": "0", "x": 35, "y": 70, "yaw": -90, "z": 0}, "_start_distance": 18.35070107651473, "_actor_vel": 3.0624263930704307, "_trigger_distance": 8.203470141333323, "_brake": 1.0, "weather": {"sun_altitude_angle": -11.616650936966053, "precipitation": 27.128750221967003, "wind_intensity": 37.89093503451924, "sun_azimuth_angle": 7.295962608445463, "fog_distance": "0", "cloudiness": 56.78665828856999, "fog_density": 87.57019179694421, "wetness": 15.843996539995997, "precipitation_deposits": 96.76874084148395}}], "scenario_type": "Scenario57"}], "Town04": [{"available_event_configurations": [{"transform": {"pitch": "0", "x": -13.4, "y": -160, "yaw": 90, "z": 0}, "_start_distance": 18.35070107651473, "_actor_vel": 3.0624263930704307, "_trigger_distance": 8.203470141333323, "_brake": 1.0, "weather": {"sun_altitude_angle": -11.616650936966053, "precipitation": 27.128750221967003, "wind_intensity": 37.89093503451924, "sun_azimuth_angle": 7.295962608445463, "fog_distance": "0", "cloudiness": 56.78665828856999, "fog_density": 87.57019179694421, "wetness": 15.843996539995997, "precipitation_deposits": 96.76874084148395}}], "scenario_type": "Scenario57"}], "Town03": [{"available_event_configurations": [{"transform": {"pitch": "0", "x": -88.5, "y": -90, "yaw": 90, "z": 0}, "_start_distance": 18.35070107651473, "_actor_vel": 3.0624263930704307, "_trigger_distance": 8.203470141333323, "_brake": 1.0, "weather": {"sun_altitude_angle": -11.616650936966053, "precipitation": 27.128750221967003, "wind_intensity": 37.89093503451924, "sun_azimuth_angle": 7.295962608445463, "fog_distance": "0", "cloudiness": 56.78665828856999, "fog_density": 87.57019179694421, "wetness": 15.843996539995997, "precipitation_deposits": 96.76874084148395}}], "scenario_type": "Scenario57"}], "Town06": [{"available_event_configurations": [{"transform": {"pitch": "0", "x": 8.4, "y": 220, "yaw": -90, "z": 0}, "_start_distance": 18.35070107651473, "_actor_vel": 3.0624263930704307, "_trigger_distance": 8.203470141333323, "_brake": 1.0, "weather": {"sun_altitude_angle": -11.616650936966053, "precipitation": 27.128750221967003, "wind_intensity": 37.89093503451924, "sun_azimuth_angle": 7.295962608445463, "fog_distance": "0", "cloudiness": 56.78665828856999, "fog_density": 87.57019179694421, "wetness": 15.843996539995997, "precipitation_deposits": 96.76874084148395}}], "scenario_type": "Scenario57"}]}]}