{"available_scenarios": [{"Town05": [{"available_event_configurations": [{"transform": {"pitch": "0", "x": 35, "y": 70, "yaw": -90, "z": 0}, "_start_distance": 19.953052502375343, "_actor_vel": 3.4054338798075534, "_trigger_distance": 7.7124802059790625, "_brake": 1.0, "weather": {"sun_altitude_angle": 88.16724617598894, "precipitation": 46.841877212356984, "wind_intensity": 50.253582481224804, "sun_azimuth_angle": 87.40996513785102, "fog_distance": "0", "cloudiness": 36.624794364513114, "fog_density": 76.30591913933632, "wetness": 73.24555910601659, "precipitation_deposits": 44.0655977335893}}], "scenario_type": "Scenario57"}], "Town04": [{"available_event_configurations": [{"transform": {"pitch": "0", "x": -13.4, "y": -160, "yaw": 90, "z": 0}, "_start_distance": 19.953052502375343, "_actor_vel": 3.4054338798075534, "_trigger_distance": 7.7124802059790625, "_brake": 1.0, "weather": {"sun_altitude_angle": 88.16724617598894, "precipitation": 46.841877212356984, "wind_intensity": 50.253582481224804, "sun_azimuth_angle": 87.40996513785102, "fog_distance": "0", "cloudiness": 36.624794364513114, "fog_density": 76.30591913933632, "wetness": 73.24555910601659, "precipitation_deposits": 44.0655977335893}}], "scenario_type": "Scenario57"}], "Town03": [{"available_event_configurations": [{"transform": {"pitch": "0", "x": -88.5, "y": -90, "yaw": 90, "z": 0}, "_start_distance": 19.953052502375343, "_actor_vel": 3.4054338798075534, "_trigger_distance": 7.7124802059790625, "_brake": 1.0, "weather": {"sun_altitude_angle": 88.16724617598894, "precipitation": 46.841877212356984, "wind_intensity": 50.253582481224804, "sun_azimuth_angle": 87.40996513785102, "fog_distance": "0", "cloudiness": 36.624794364513114, "fog_density": 76.30591913933632, "wetness": 73.24555910601659, "precipitation_deposits": 44.0655977335893}}], "scenario_type": "Scenario57"}], "Town06": [{"available_event_configurations": [{"transform": {"pitch": "0", "x": 8.4, "y": 220, "yaw": -90, "z": 0}, "_start_distance": 19.953052502375343, "_actor_vel": 3.4054338798075534, "_trigger_distance": 7.7124802059790625, "_brake": 1.0, "weather": {"sun_altitude_angle": 88.16724617598894, "precipitation": 46.841877212356984, "wind_intensity": 50.253582481224804, "sun_azimuth_angle": 87.40996513785102, "fog_distance": "0", "cloudiness": 36.624794364513114, "fog_density": 76.30591913933632, "wetness": 73.24555910601659, "precipitation_deposits": 44.0655977335893}}], "scenario_type": "Scenario57"}]}]}