{"available_scenarios": [{"Town05": [{"available_event_configurations": [{"transform": {"pitch": "0", "x": 35, "y": 70, "yaw": -90, "z": 0}, "_start_distance": 19.44791284416102, "_actor_vel": 3.2703179673842815, "_trigger_distance": 8.2689240855102, "_brake": 1.0, "weather": {"sun_altitude_angle": 81.84443412788329, "precipitation": 79.37219556308062, "wind_intensity": 44.42924247979254, "sun_azimuth_angle": 192.54136431060044, "fog_distance": "0", "cloudiness": 78.30740090855738, "fog_density": 50.711658827457526, "wetness": 45.35825173643941, "precipitation_deposits": 15.877119611472935}}], "scenario_type": "Scenario57"}], "Town04": [{"available_event_configurations": [{"transform": {"pitch": "0", "x": -13.4, "y": -160, "yaw": 90, "z": 0}, "_start_distance": 19.44791284416102, "_actor_vel": 3.2703179673842815, "_trigger_distance": 8.2689240855102, "_brake": 1.0, "weather": {"sun_altitude_angle": 81.84443412788329, "precipitation": 79.37219556308062, "wind_intensity": 44.42924247979254, "sun_azimuth_angle": 192.54136431060044, "fog_distance": "0", "cloudiness": 78.30740090855738, "fog_density": 50.711658827457526, "wetness": 45.35825173643941, "precipitation_deposits": 15.877119611472935}}], "scenario_type": "Scenario57"}], "Town03": [{"available_event_configurations": [{"transform": {"pitch": "0", "x": -88.5, "y": -90, "yaw": 90, "z": 0}, "_start_distance": 19.44791284416102, "_actor_vel": 3.2703179673842815, "_trigger_distance": 8.2689240855102, "_brake": 1.0, "weather": {"sun_altitude_angle": 81.84443412788329, "precipitation": 79.37219556308062, "wind_intensity": 44.42924247979254, "sun_azimuth_angle": 192.54136431060044, "fog_distance": "0", "cloudiness": 78.30740090855738, "fog_density": 50.711658827457526, "wetness": 45.35825173643941, "precipitation_deposits": 15.877119611472935}}], "scenario_type": "Scenario57"}], "Town06": [{"available_event_configurations": [{"transform": {"pitch": "0", "x": 8.4, "y": 220, "yaw": -90, "z": 0}, "_start_distance": 19.44791284416102, "_actor_vel": 3.2703179673842815, "_trigger_distance": 8.2689240855102, "_brake": 1.0, "weather": {"sun_altitude_angle": 81.84443412788329, "precipitation": 79.37219556308062, "wind_intensity": 44.42924247979254, "sun_azimuth_angle": 192.54136431060044, "fog_distance": "0", "cloudiness": 78.30740090855738, "fog_density": 50.711658827457526, "wetness": 45.35825173643941, "precipitation_deposits": 15.877119611472935}}], "scenario_type": "Scenario57"}]}]}