{"available_scenarios": [{"Town05": [{"available_event_configurations": [{"transform": {"pitch": "0", "x": 35, "y": 70, "yaw": -90, "z": 0}, "_start_distance": 17.136222966597078, "_actor_vel": 3.468948866399924, "_trigger_distance": 7.214374936306186, "_brake": 1.0, "weather": {"sun_altitude_angle": 61.767396206417004, "precipitation": 2.2910148267478614, "wind_intensity": 71.68720965230688, "sun_azimuth_angle": 96.79762853186595, "fog_distance": "0", "cloudiness": 13.099180783374887, "fog_density": 51.047947185035646, "wetness": 14.497762190572661, "precipitation_deposits": 58.06571188330485}}], "scenario_type": "Scenario57"}], "Town04": [{"available_event_configurations": [{"transform": {"pitch": "0", "x": -13.4, "y": -160, "yaw": 90, "z": 0}, "_start_distance": 17.136222966597078, "_actor_vel": 3.468948866399924, "_trigger_distance": 7.214374936306186, "_brake": 1.0, "weather": {"sun_altitude_angle": 61.767396206417004, "precipitation": 2.2910148267478614, "wind_intensity": 71.68720965230688, "sun_azimuth_angle": 96.79762853186595, "fog_distance": "0", "cloudiness": 13.099180783374887, "fog_density": 51.047947185035646, "wetness": 14.497762190572661, "precipitation_deposits": 58.06571188330485}}], "scenario_type": "Scenario57"}], "Town03": [{"available_event_configurations": [{"transform": {"pitch": "0", "x": -88.5, "y": -90, "yaw": 90, "z": 0}, "_start_distance": 17.136222966597078, "_actor_vel": 3.468948866399924, "_trigger_distance": 7.214374936306186, "_brake": 1.0, "weather": {"sun_altitude_angle": 61.767396206417004, "precipitation": 2.2910148267478614, "wind_intensity": 71.68720965230688, "sun_azimuth_angle": 96.79762853186595, "fog_distance": "0", "cloudiness": 13.099180783374887, "fog_density": 51.047947185035646, "wetness": 14.497762190572661, "precipitation_deposits": 58.06571188330485}}], "scenario_type": "Scenario57"}], "Town06": [{"available_event_configurations": [{"transform": {"pitch": "0", "x": 8.4, "y": 220, "yaw": -90, "z": 0}, "_start_distance": 17.136222966597078, "_actor_vel": 3.468948866399924, "_trigger_distance": 7.214374936306186, "_brake": 1.0, "weather": {"sun_altitude_angle": 61.767396206417004, "precipitation": 2.2910148267478614, "wind_intensity": 71.68720965230688, "sun_azimuth_angle": 96.79762853186595, "fog_distance": "0", "cloudiness": 13.099180783374887, "fog_density": 51.047947185035646, "wetness": 14.497762190572661, "precipitation_deposits": 58.06571188330485}}], "scenario_type": "Scenario57"}]}]}