{"available_scenarios": [{"Town05": [{"available_event_configurations": [{"transform": {"pitch": "0", "x": 35, "y": 70, "yaw": -90, "z": 0}, "_start_distance": 17.918024856173304, "_actor_vel": 2.6029579638005806, "_trigger_distance": 8.996184957437748, "_brake": 1.0, "weather": {"sun_altitude_angle": 68.35889501018187, "precipitation": 53.52505921494668, "wind_intensity": 35.63852139211414, "sun_azimuth_angle": 233.9723584159842, "fog_distance": "0", "cloudiness": 23.851942954217055, "fog_density": 63.359340479001915, "wetness": 79.38729844130394, "precipitation_deposits": 71.13257458492684}}], "scenario_type": "Scenario57"}], "Town04": [{"available_event_configurations": [{"transform": {"pitch": "0", "x": -13.4, "y": -160, "yaw": 90, "z": 0}, "_start_distance": 17.918024856173304, "_actor_vel": 2.6029579638005806, "_trigger_distance": 8.996184957437748, "_brake": 1.0, "weather": {"sun_altitude_angle": 68.35889501018187, "precipitation": 53.52505921494668, "wind_intensity": 35.63852139211414, "sun_azimuth_angle": 233.9723584159842, "fog_distance": "0", "cloudiness": 23.851942954217055, "fog_density": 63.359340479001915, "wetness": 79.38729844130394, "precipitation_deposits": 71.13257458492684}}], "scenario_type": "Scenario57"}], "Town03": [{"available_event_configurations": [{"transform": {"pitch": "0", "x": -88.5, "y": -90, "yaw": 90, "z": 0}, "_start_distance": 17.918024856173304, "_actor_vel": 2.6029579638005806, "_trigger_distance": 8.996184957437748, "_brake": 1.0, "weather": {"sun_altitude_angle": 68.35889501018187, "precipitation": 53.52505921494668, "wind_intensity": 35.63852139211414, "sun_azimuth_angle": 233.9723584159842, "fog_distance": "0", "cloudiness": 23.851942954217055, "fog_density": 63.359340479001915, "wetness": 79.38729844130394, "precipitation_deposits": 71.13257458492684}}], "scenario_type": "Scenario57"}], "Town06": [{"available_event_configurations": [{"transform": {"pitch": "0", "x": 8.4, "y": 220, "yaw": -90, "z": 0}, "_start_distance": 17.918024856173304, "_actor_vel": 2.6029579638005806, "_trigger_distance": 8.996184957437748, "_brake": 1.0, "weather": {"sun_altitude_angle": 68.35889501018187, "precipitation": 53.52505921494668, "wind_intensity": 35.63852139211414, "sun_azimuth_angle": 233.9723584159842, "fog_distance": "0", "cloudiness": 23.851942954217055, "fog_density": 63.359340479001915, "wetness": 79.38729844130394, "precipitation_deposits": 71.13257458492684}}], "scenario_type": "Scenario57"}]}]}