{"available_scenarios": [{"Town05": [{"available_event_configurations": [{"transform": {"pitch": "0", "x": 35, "y": 70, "yaw": -90, "z": 0}, "_start_distance": 19.97050866782354, "_actor_vel": 3.5804347354150985, "_trigger_distance": 9.322145319673282, "_brake": 1.0, "weather": {"sun_altitude_angle": -64.33320285248395, "precipitation": 15.134037965825598, "wind_intensity": 12.964723397470701, "sun_azimuth_angle": 155.04665057915201, "fog_distance": "0", "cloudiness": 83.56915846931854, "fog_density": 31.190273550671645, "wetness": 51.01438184529734, "precipitation_deposits": 56.87462581003678}}], "scenario_type": "Scenario57"}], "Town04": [{"available_event_configurations": [{"transform": {"pitch": "0", "x": -13.4, "y": -160, "yaw": 90, "z": 0}, "_start_distance": 19.97050866782354, "_actor_vel": 3.5804347354150985, "_trigger_distance": 9.322145319673282, "_brake": 1.0, "weather": {"sun_altitude_angle": -64.33320285248395, "precipitation": 15.134037965825598, "wind_intensity": 12.964723397470701, "sun_azimuth_angle": 155.04665057915201, "fog_distance": "0", "cloudiness": 83.56915846931854, "fog_density": 31.190273550671645, "wetness": 51.01438184529734, "precipitation_deposits": 56.87462581003678}}], "scenario_type": "Scenario57"}], "Town03": [{"available_event_configurations": [{"transform": {"pitch": "0", "x": -88.5, "y": -90, "yaw": 90, "z": 0}, "_start_distance": 19.97050866782354, "_actor_vel": 3.5804347354150985, "_trigger_distance": 9.322145319673282, "_brake": 1.0, "weather": {"sun_altitude_angle": -64.33320285248395, "precipitation": 15.134037965825598, "wind_intensity": 12.964723397470701, "sun_azimuth_angle": 155.04665057915201, "fog_distance": "0", "cloudiness": 83.56915846931854, "fog_density": 31.190273550671645, "wetness": 51.01438184529734, "precipitation_deposits": 56.87462581003678}}], "scenario_type": "Scenario57"}], "Town06": [{"available_event_configurations": [{"transform": {"pitch": "0", "x": 8.4, "y": 220, "yaw": -90, "z": 0}, "_start_distance": 19.97050866782354, "_actor_vel": 3.5804347354150985, "_trigger_distance": 9.322145319673282, "_brake": 1.0, "weather": {"sun_altitude_angle": -64.33320285248395, "precipitation": 15.134037965825598, "wind_intensity": 12.964723397470701, "sun_azimuth_angle": 155.04665057915201, "fog_distance": "0", "cloudiness": 83.56915846931854, "fog_density": 31.190273550671645, "wetness": 51.01438184529734, "precipitation_deposits": 56.87462581003678}}], "scenario_type": "Scenario57"}]}]}