{"available_scenarios": [{"Town05": [{"available_event_configurations": [{"transform": {"pitch": "0", "x": 35, "y": 70, "yaw": -90, "z": 0}, "_start_distance": 19.274936088605585, "_actor_vel": 2.539930432170755, "_trigger_distance": 8.516213515689774, "_brake": 1.0, "weather": {"sun_altitude_angle": -13.859559273605939, "precipitation": 42.70912167717484, "wind_intensity": 20.767036263723515, "sun_azimuth_angle": 189.93876481687843, "fog_distance": "0", "cloudiness": 85.0080527892374, "fog_density": 22.527210264761333, "wetness": 84.65377607899634, "precipitation_deposits": 88.95805815979546}}], "scenario_type": "Scenario57"}], "Town04": [{"available_event_configurations": [{"transform": {"pitch": "0", "x": -13.4, "y": -160, "yaw": 90, "z": 0}, "_start_distance": 19.274936088605585, "_actor_vel": 2.539930432170755, "_trigger_distance": 8.516213515689774, "_brake": 1.0, "weather": {"sun_altitude_angle": -13.859559273605939, "precipitation": 42.70912167717484, "wind_intensity": 20.767036263723515, "sun_azimuth_angle": 189.93876481687843, "fog_distance": "0", "cloudiness": 85.0080527892374, "fog_density": 22.527210264761333, "wetness": 84.65377607899634, "precipitation_deposits": 88.95805815979546}}], "scenario_type": "Scenario57"}], "Town03": [{"available_event_configurations": [{"transform": {"pitch": "0", "x": -88.5, "y": -90, "yaw": 90, "z": 0}, "_start_distance": 19.274936088605585, "_actor_vel": 2.539930432170755, "_trigger_distance": 8.516213515689774, "_brake": 1.0, "weather": {"sun_altitude_angle": -13.859559273605939, "precipitation": 42.70912167717484, "wind_intensity": 20.767036263723515, "sun_azimuth_angle": 189.93876481687843, "fog_distance": "0", "cloudiness": 85.0080527892374, "fog_density": 22.527210264761333, "wetness": 84.65377607899634, "precipitation_deposits": 88.95805815979546}}], "scenario_type": "Scenario57"}], "Town06": [{"available_event_configurations": [{"transform": {"pitch": "0", "x": 8.4, "y": 220, "yaw": -90, "z": 0}, "_start_distance": 19.274936088605585, "_actor_vel": 2.539930432170755, "_trigger_distance": 8.516213515689774, "_brake": 1.0, "weather": {"sun_altitude_angle": -13.859559273605939, "precipitation": 42.70912167717484, "wind_intensity": 20.767036263723515, "sun_azimuth_angle": 189.93876481687843, "fog_distance": "0", "cloudiness": 85.0080527892374, "fog_density": 22.527210264761333, "wetness": 84.65377607899634, "precipitation_deposits": 88.95805815979546}}], "scenario_type": "Scenario57"}]}]}