{"available_scenarios": [{"Town05": [{"available_event_configurations": [{"transform": {"pitch": "0", "x": 35, "y": 70, "yaw": -90, "z": 0}, "_start_distance": 17.714584098231235, "_actor_vel": 2.532049475470857, "_trigger_distance": 6.171075125306498, "_brake": 1.0, "weather": {"sun_altitude_angle": -71.87628340091942, "precipitation": 33.07350925931615, "wind_intensity": 58.521817703629175, "sun_azimuth_angle": 4.038871870621015, "fog_distance": "0", "cloudiness": 24.22203722312668, "fog_density": 83.68281236514721, "wetness": 61.613660869818446, "precipitation_deposits": 48.647068643865666}}], "scenario_type": "Scenario57"}], "Town04": [{"available_event_configurations": [{"transform": {"pitch": "0", "x": -13.4, "y": -160, "yaw": 90, "z": 0}, "_start_distance": 17.714584098231235, "_actor_vel": 2.532049475470857, "_trigger_distance": 6.171075125306498, "_brake": 1.0, "weather": {"sun_altitude_angle": -71.87628340091942, "precipitation": 33.07350925931615, "wind_intensity": 58.521817703629175, "sun_azimuth_angle": 4.038871870621015, "fog_distance": "0", "cloudiness": 24.22203722312668, "fog_density": 83.68281236514721, "wetness": 61.613660869818446, "precipitation_deposits": 48.647068643865666}}], "scenario_type": "Scenario57"}], "Town03": [{"available_event_configurations": [{"transform": {"pitch": "0", "x": -88.5, "y": -90, "yaw": 90, "z": 0}, "_start_distance": 17.714584098231235, "_actor_vel": 2.532049475470857, "_trigger_distance": 6.171075125306498, "_brake": 1.0, "weather": {"sun_altitude_angle": -71.87628340091942, "precipitation": 33.07350925931615, "wind_intensity": 58.521817703629175, "sun_azimuth_angle": 4.038871870621015, "fog_distance": "0", "cloudiness": 24.22203722312668, "fog_density": 83.68281236514721, "wetness": 61.613660869818446, "precipitation_deposits": 48.647068643865666}}], "scenario_type": "Scenario57"}], "Town06": [{"available_event_configurations": [{"transform": {"pitch": "0", "x": 8.4, "y": 220, "yaw": -90, "z": 0}, "_start_distance": 17.714584098231235, "_actor_vel": 2.532049475470857, "_trigger_distance": 6.171075125306498, "_brake": 1.0, "weather": {"sun_altitude_angle": -71.87628340091942, "precipitation": 33.07350925931615, "wind_intensity": 58.521817703629175, "sun_azimuth_angle": 4.038871870621015, "fog_distance": "0", "cloudiness": 24.22203722312668, "fog_density": 83.68281236514721, "wetness": 61.613660869818446, "precipitation_deposits": 48.647068643865666}}], "scenario_type": "Scenario57"}]}]}