{"available_scenarios": [{"Town05": [{"available_event_configurations": [{"transform": {"pitch": "0", "x": 35, "y": 70, "yaw": -90, "z": 0}, "_start_distance": 19.54096959719181, "_actor_vel": 3.9828581174393296, "_trigger_distance": 8.629161841778682, "_brake": 1.0, "weather": {"sun_altitude_angle": 80.98328164356045, "precipitation": 4.956407430647558, "wind_intensity": 44.702362568811715, "sun_azimuth_angle": 165.96148827705917, "fog_distance": "0", "cloudiness": 49.038444694197494, "fog_density": 12.300725936818102, "wetness": 94.14024745782613, "precipitation_deposits": 91.55782331482865}}], "scenario_type": "Scenario57"}], "Town04": [{"available_event_configurations": [{"transform": {"pitch": "0", "x": -13.4, "y": -160, "yaw": 90, "z": 0}, "_start_distance": 19.54096959719181, "_actor_vel": 3.9828581174393296, "_trigger_distance": 8.629161841778682, "_brake": 1.0, "weather": {"sun_altitude_angle": 80.98328164356045, "precipitation": 4.956407430647558, "wind_intensity": 44.702362568811715, "sun_azimuth_angle": 165.96148827705917, "fog_distance": "0", "cloudiness": 49.038444694197494, "fog_density": 12.300725936818102, "wetness": 94.14024745782613, "precipitation_deposits": 91.55782331482865}}], "scenario_type": "Scenario57"}], "Town03": [{"available_event_configurations": [{"transform": {"pitch": "0", "x": -88.5, "y": -90, "yaw": 90, "z": 0}, "_start_distance": 19.54096959719181, "_actor_vel": 3.9828581174393296, "_trigger_distance": 8.629161841778682, "_brake": 1.0, "weather": {"sun_altitude_angle": 80.98328164356045, "precipitation": 4.956407430647558, "wind_intensity": 44.702362568811715, "sun_azimuth_angle": 165.96148827705917, "fog_distance": "0", "cloudiness": 49.038444694197494, "fog_density": 12.300725936818102, "wetness": 94.14024745782613, "precipitation_deposits": 91.55782331482865}}], "scenario_type": "Scenario57"}], "Town06": [{"available_event_configurations": [{"transform": {"pitch": "0", "x": 8.4, "y": 220, "yaw": -90, "z": 0}, "_start_distance": 19.54096959719181, "_actor_vel": 3.9828581174393296, "_trigger_distance": 8.629161841778682, "_brake": 1.0, "weather": {"sun_altitude_angle": 80.98328164356045, "precipitation": 4.956407430647558, "wind_intensity": 44.702362568811715, "sun_azimuth_angle": 165.96148827705917, "fog_distance": "0", "cloudiness": 49.038444694197494, "fog_density": 12.300725936818102, "wetness": 94.14024745782613, "precipitation_deposits": 91.55782331482865}}], "scenario_type": "Scenario57"}]}]}