{"available_scenarios": [{"Town05": [{"available_event_configurations": [{"transform": {"pitch": "0", "x": 35, "y": 70, "yaw": -90, "z": 0}, "_start_distance": 19.879410769309903, "_actor_vel": 3.5623298411034776, "_trigger_distance": 9.913489198882564, "_brake": 1.0, "weather": {"sun_altitude_angle": 52.17250669385092, "precipitation": 23.171950172583568, "wind_intensity": 90.2606550003737, "sun_azimuth_angle": 31.757113241311423, "fog_distance": "0", "cloudiness": 20.73073702171403, "fog_density": 35.381404988396625, "wetness": 63.84563551751074, "precipitation_deposits": 18.482200560188467}}], "scenario_type": "Scenario57"}], "Town04": [{"available_event_configurations": [{"transform": {"pitch": "0", "x": -13.4, "y": -160, "yaw": 90, "z": 0}, "_start_distance": 19.879410769309903, "_actor_vel": 3.5623298411034776, "_trigger_distance": 9.913489198882564, "_brake": 1.0, "weather": {"sun_altitude_angle": 52.17250669385092, "precipitation": 23.171950172583568, "wind_intensity": 90.2606550003737, "sun_azimuth_angle": 31.757113241311423, "fog_distance": "0", "cloudiness": 20.73073702171403, "fog_density": 35.381404988396625, "wetness": 63.84563551751074, "precipitation_deposits": 18.482200560188467}}], "scenario_type": "Scenario57"}], "Town03": [{"available_event_configurations": [{"transform": {"pitch": "0", "x": -88.5, "y": -90, "yaw": 90, "z": 0}, "_start_distance": 19.879410769309903, "_actor_vel": 3.5623298411034776, "_trigger_distance": 9.913489198882564, "_brake": 1.0, "weather": {"sun_altitude_angle": 52.17250669385092, "precipitation": 23.171950172583568, "wind_intensity": 90.2606550003737, "sun_azimuth_angle": 31.757113241311423, "fog_distance": "0", "cloudiness": 20.73073702171403, "fog_density": 35.381404988396625, "wetness": 63.84563551751074, "precipitation_deposits": 18.482200560188467}}], "scenario_type": "Scenario57"}], "Town06": [{"available_event_configurations": [{"transform": {"pitch": "0", "x": 8.4, "y": 220, "yaw": -90, "z": 0}, "_start_distance": 19.879410769309903, "_actor_vel": 3.5623298411034776, "_trigger_distance": 9.913489198882564, "_brake": 1.0, "weather": {"sun_altitude_angle": 52.17250669385092, "precipitation": 23.171950172583568, "wind_intensity": 90.2606550003737, "sun_azimuth_angle": 31.757113241311423, "fog_distance": "0", "cloudiness": 20.73073702171403, "fog_density": 35.381404988396625, "wetness": 63.84563551751074, "precipitation_deposits": 18.482200560188467}}], "scenario_type": "Scenario57"}]}]}