{"available_scenarios": [{"Town05": [{"available_event_configurations": [{"transform": {"pitch": "0", "x": 35, "y": 70, "yaw": -90, "z": 0}, "_start_distance": 17.69924165847174, "_actor_vel": 2.704130536859438, "_trigger_distance": 7.197601762050029, "_brake": 1.0, "weather": {"sun_altitude_angle": 68.68364557159009, "precipitation": 73.51848188843603, "wind_intensity": 24.728270959382503, "sun_azimuth_angle": 132.5580562740022, "fog_distance": "0", "cloudiness": 79.07214499428395, "fog_density": 57.532372313357826, "wetness": 64.14021149768926, "precipitation_deposits": 85.45484958115728}}], "scenario_type": "Scenario57"}], "Town04": [{"available_event_configurations": [{"transform": {"pitch": "0", "x": -13.4, "y": -160, "yaw": 90, "z": 0}, "_start_distance": 17.69924165847174, "_actor_vel": 2.704130536859438, "_trigger_distance": 7.197601762050029, "_brake": 1.0, "weather": {"sun_altitude_angle": 68.68364557159009, "precipitation": 73.51848188843603, "wind_intensity": 24.728270959382503, "sun_azimuth_angle": 132.5580562740022, "fog_distance": "0", "cloudiness": 79.07214499428395, "fog_density": 57.532372313357826, "wetness": 64.14021149768926, "precipitation_deposits": 85.45484958115728}}], "scenario_type": "Scenario57"}], "Town03": [{"available_event_configurations": [{"transform": {"pitch": "0", "x": -88.5, "y": -90, "yaw": 90, "z": 0}, "_start_distance": 17.69924165847174, "_actor_vel": 2.704130536859438, "_trigger_distance": 7.197601762050029, "_brake": 1.0, "weather": {"sun_altitude_angle": 68.68364557159009, "precipitation": 73.51848188843603, "wind_intensity": 24.728270959382503, "sun_azimuth_angle": 132.5580562740022, "fog_distance": "0", "cloudiness": 79.07214499428395, "fog_density": 57.532372313357826, "wetness": 64.14021149768926, "precipitation_deposits": 85.45484958115728}}], "scenario_type": "Scenario57"}], "Town06": [{"available_event_configurations": [{"transform": {"pitch": "0", "x": 8.4, "y": 220, "yaw": -90, "z": 0}, "_start_distance": 17.69924165847174, "_actor_vel": 2.704130536859438, "_trigger_distance": 7.197601762050029, "_brake": 1.0, "weather": {"sun_altitude_angle": 68.68364557159009, "precipitation": 73.51848188843603, "wind_intensity": 24.728270959382503, "sun_azimuth_angle": 132.5580562740022, "fog_distance": "0", "cloudiness": 79.07214499428395, "fog_density": 57.532372313357826, "wetness": 64.14021149768926, "precipitation_deposits": 85.45484958115728}}], "scenario_type": "Scenario57"}]}]}