{"available_scenarios": [{"Town05": [{"available_event_configurations": [{"transform": {"pitch": "0", "x": 35, "y": 70, "yaw": -90, "z": 0}, "_start_distance": 17.538514755389237, "_actor_vel": 3.4904348599052475, "_trigger_distance": 8.617485752904098, "_brake": 1.0, "weather": {"sun_altitude_angle": 71.44661387625368, "precipitation": 43.41645123610295, "wind_intensity": 63.40278726178325, "sun_azimuth_angle": 338.63188067116255, "fog_distance": "0", "cloudiness": 53.303841595318055, "fog_density": 92.42628251103763, "wetness": 55.32432378432076, "precipitation_deposits": 10.368788275717055}}], "scenario_type": "Scenario57"}], "Town04": [{"available_event_configurations": [{"transform": {"pitch": "0", "x": -13.4, "y": -160, "yaw": 90, "z": 0}, "_start_distance": 17.538514755389237, "_actor_vel": 3.4904348599052475, "_trigger_distance": 8.617485752904098, "_brake": 1.0, "weather": {"sun_altitude_angle": 71.44661387625368, "precipitation": 43.41645123610295, "wind_intensity": 63.40278726178325, "sun_azimuth_angle": 338.63188067116255, "fog_distance": "0", "cloudiness": 53.303841595318055, "fog_density": 92.42628251103763, "wetness": 55.32432378432076, "precipitation_deposits": 10.368788275717055}}], "scenario_type": "Scenario57"}], "Town03": [{"available_event_configurations": [{"transform": {"pitch": "0", "x": -88.5, "y": -90, "yaw": 90, "z": 0}, "_start_distance": 17.538514755389237, "_actor_vel": 3.4904348599052475, "_trigger_distance": 8.617485752904098, "_brake": 1.0, "weather": {"sun_altitude_angle": 71.44661387625368, "precipitation": 43.41645123610295, "wind_intensity": 63.40278726178325, "sun_azimuth_angle": 338.63188067116255, "fog_distance": "0", "cloudiness": 53.303841595318055, "fog_density": 92.42628251103763, "wetness": 55.32432378432076, "precipitation_deposits": 10.368788275717055}}], "scenario_type": "Scenario57"}], "Town06": [{"available_event_configurations": [{"transform": {"pitch": "0", "x": 8.4, "y": 220, "yaw": -90, "z": 0}, "_start_distance": 17.538514755389237, "_actor_vel": 3.4904348599052475, "_trigger_distance": 8.617485752904098, "_brake": 1.0, "weather": {"sun_altitude_angle": 71.44661387625368, "precipitation": 43.41645123610295, "wind_intensity": 63.40278726178325, "sun_azimuth_angle": 338.63188067116255, "fog_distance": "0", "cloudiness": 53.303841595318055, "fog_density": 92.42628251103763, "wetness": 55.32432378432076, "precipitation_deposits": 10.368788275717055}}], "scenario_type": "Scenario57"}]}]}