{"available_scenarios": [{"Town05": [{"available_event_configurations": [{"transform": {"pitch": "0", "x": 35, "y": 70, "yaw": -90, "z": 0}, "_start_distance": 17.81310519369829, "_actor_vel": 2.0121641270012596, "_trigger_distance": 6.5632175119812075, "_brake": 1.0, "weather": {"sun_altitude_angle": 0.5619490147661708, "precipitation": 74.06921339593372, "wind_intensity": 61.07032317517193, "sun_azimuth_angle": 162.3371128909725, "fog_distance": "0", "cloudiness": 93.14241503036914, "fog_density": 9.682174398469822, "wetness": 25.174304855508712, "precipitation_deposits": 66.92253935556577}}], "scenario_type": "Scenario57"}], "Town04": [{"available_event_configurations": [{"transform": {"pitch": "0", "x": -13.4, "y": -160, "yaw": 90, "z": 0}, "_start_distance": 17.81310519369829, "_actor_vel": 2.0121641270012596, "_trigger_distance": 6.5632175119812075, "_brake": 1.0, "weather": {"sun_altitude_angle": 0.5619490147661708, "precipitation": 74.06921339593372, "wind_intensity": 61.07032317517193, "sun_azimuth_angle": 162.3371128909725, "fog_distance": "0", "cloudiness": 93.14241503036914, "fog_density": 9.682174398469822, "wetness": 25.174304855508712, "precipitation_deposits": 66.92253935556577}}], "scenario_type": "Scenario57"}], "Town03": [{"available_event_configurations": [{"transform": {"pitch": "0", "x": -88.5, "y": -90, "yaw": 90, "z": 0}, "_start_distance": 17.81310519369829, "_actor_vel": 2.0121641270012596, "_trigger_distance": 6.5632175119812075, "_brake": 1.0, "weather": {"sun_altitude_angle": 0.5619490147661708, "precipitation": 74.06921339593372, "wind_intensity": 61.07032317517193, "sun_azimuth_angle": 162.3371128909725, "fog_distance": "0", "cloudiness": 93.14241503036914, "fog_density": 9.682174398469822, "wetness": 25.174304855508712, "precipitation_deposits": 66.92253935556577}}], "scenario_type": "Scenario57"}], "Town06": [{"available_event_configurations": [{"transform": {"pitch": "0", "x": 8.4, "y": 220, "yaw": -90, "z": 0}, "_start_distance": 17.81310519369829, "_actor_vel": 2.0121641270012596, "_trigger_distance": 6.5632175119812075, "_brake": 1.0, "weather": {"sun_altitude_angle": 0.5619490147661708, "precipitation": 74.06921339593372, "wind_intensity": 61.07032317517193, "sun_azimuth_angle": 162.3371128909725, "fog_distance": "0", "cloudiness": 93.14241503036914, "fog_density": 9.682174398469822, "wetness": 25.174304855508712, "precipitation_deposits": 66.92253935556577}}], "scenario_type": "Scenario57"}]}]}