{"available_scenarios": [{"Town05": [{"available_event_configurations": [{"transform": {"pitch": "0", "x": 35, "y": 70, "yaw": -90, "z": 0}, "_start_distance": 15.792796594072831, "_actor_vel": 3.588121653889843, "_trigger_distance": 8.677491136339924, "_brake": 1.0, "weather": {"sun_altitude_angle": -59.56401572501096, "precipitation": 11.242557095002814, "wind_intensity": 27.77848242646469, "sun_azimuth_angle": 37.624707958883555, "fog_distance": "0", "cloudiness": 58.35531354448712, "fog_density": 78.94656527734722, "wetness": 45.84278057073988, "precipitation_deposits": 76.83396043532765}}], "scenario_type": "Scenario57"}], "Town04": [{"available_event_configurations": [{"transform": {"pitch": "0", "x": -13.4, "y": -160, "yaw": 90, "z": 0}, "_start_distance": 15.792796594072831, "_actor_vel": 3.588121653889843, "_trigger_distance": 8.677491136339924, "_brake": 1.0, "weather": {"sun_altitude_angle": -59.56401572501096, "precipitation": 11.242557095002814, "wind_intensity": 27.77848242646469, "sun_azimuth_angle": 37.624707958883555, "fog_distance": "0", "cloudiness": 58.35531354448712, "fog_density": 78.94656527734722, "wetness": 45.84278057073988, "precipitation_deposits": 76.83396043532765}}], "scenario_type": "Scenario57"}], "Town03": [{"available_event_configurations": [{"transform": {"pitch": "0", "x": -88.5, "y": -90, "yaw": 90, "z": 0}, "_start_distance": 15.792796594072831, "_actor_vel": 3.588121653889843, "_trigger_distance": 8.677491136339924, "_brake": 1.0, "weather": {"sun_altitude_angle": -59.56401572501096, "precipitation": 11.242557095002814, "wind_intensity": 27.77848242646469, "sun_azimuth_angle": 37.624707958883555, "fog_distance": "0", "cloudiness": 58.35531354448712, "fog_density": 78.94656527734722, "wetness": 45.84278057073988, "precipitation_deposits": 76.83396043532765}}], "scenario_type": "Scenario57"}], "Town06": [{"available_event_configurations": [{"transform": {"pitch": "0", "x": 8.4, "y": 220, "yaw": -90, "z": 0}, "_start_distance": 15.792796594072831, "_actor_vel": 3.588121653889843, "_trigger_distance": 8.677491136339924, "_brake": 1.0, "weather": {"sun_altitude_angle": -59.56401572501096, "precipitation": 11.242557095002814, "wind_intensity": 27.77848242646469, "sun_azimuth_angle": 37.624707958883555, "fog_distance": "0", "cloudiness": 58.35531354448712, "fog_density": 78.94656527734722, "wetness": 45.84278057073988, "precipitation_deposits": 76.83396043532765}}], "scenario_type": "Scenario57"}]}]}