{"available_scenarios": [{"Town05": [{"available_event_configurations": [{"transform": {"pitch": "0", "x": 35, "y": 70, "yaw": -90, "z": 0}, "_start_distance": 16.58423744634358, "_actor_vel": 3.175219985641111, "_trigger_distance": 7.663651940721161, "_brake": 1.0, "weather": {"sun_altitude_angle": 1.5675716438695702, "precipitation": 64.1217936358819, "wind_intensity": 18.663032220606702, "sun_azimuth_angle": 16.395718444609777, "fog_distance": "0", "cloudiness": 50.19572170298772, "fog_density": 47.692149724279616, "wetness": 54.74823429572897, "precipitation_deposits": 61.93297005435539}}], "scenario_type": "Scenario57"}], "Town04": [{"available_event_configurations": [{"transform": {"pitch": "0", "x": -13.4, "y": -160, "yaw": 90, "z": 0}, "_start_distance": 16.58423744634358, "_actor_vel": 3.175219985641111, "_trigger_distance": 7.663651940721161, "_brake": 1.0, "weather": {"sun_altitude_angle": 1.5675716438695702, "precipitation": 64.1217936358819, "wind_intensity": 18.663032220606702, "sun_azimuth_angle": 16.395718444609777, "fog_distance": "0", "cloudiness": 50.19572170298772, "fog_density": 47.692149724279616, "wetness": 54.74823429572897, "precipitation_deposits": 61.93297005435539}}], "scenario_type": "Scenario57"}], "Town03": [{"available_event_configurations": [{"transform": {"pitch": "0", "x": -88.5, "y": -90, "yaw": 90, "z": 0}, "_start_distance": 16.58423744634358, "_actor_vel": 3.175219985641111, "_trigger_distance": 7.663651940721161, "_brake": 1.0, "weather": {"sun_altitude_angle": 1.5675716438695702, "precipitation": 64.1217936358819, "wind_intensity": 18.663032220606702, "sun_azimuth_angle": 16.395718444609777, "fog_distance": "0", "cloudiness": 50.19572170298772, "fog_density": 47.692149724279616, "wetness": 54.74823429572897, "precipitation_deposits": 61.93297005435539}}], "scenario_type": "Scenario57"}], "Town06": [{"available_event_configurations": [{"transform": {"pitch": "0", "x": 8.4, "y": 220, "yaw": -90, "z": 0}, "_start_distance": 16.58423744634358, "_actor_vel": 3.175219985641111, "_trigger_distance": 7.663651940721161, "_brake": 1.0, "weather": {"sun_altitude_angle": 1.5675716438695702, "precipitation": 64.1217936358819, "wind_intensity": 18.663032220606702, "sun_azimuth_angle": 16.395718444609777, "fog_distance": "0", "cloudiness": 50.19572170298772, "fog_density": 47.692149724279616, "wetness": 54.74823429572897, "precipitation_deposits": 61.93297005435539}}], "scenario_type": "Scenario57"}]}]}