{"available_scenarios": [{"Town05": [{"available_event_configurations": [{"transform": {"pitch": "0", "x": 35, "y": 70, "yaw": -90, "z": 0}, "_start_distance": 15.091895572608129, "_actor_vel": 2.151345001694385, "_trigger_distance": 9.903066798534168, "_brake": 1.0, "weather": {"sun_altitude_angle": 22.53927933829209, "precipitation": 40.30147008155416, "wind_intensity": 83.53968282412723, "sun_azimuth_angle": 203.02233739872455, "fog_distance": "0", "cloudiness": 72.11794868344903, "fog_density": 15.943116065395246, "wetness": 59.25449557079531, "precipitation_deposits": 0.15366159301484217}}], "scenario_type": "Scenario57"}], "Town04": [{"available_event_configurations": [{"transform": {"pitch": "0", "x": -13.4, "y": -160, "yaw": 90, "z": 0}, "_start_distance": 15.091895572608129, "_actor_vel": 2.151345001694385, "_trigger_distance": 9.903066798534168, "_brake": 1.0, "weather": {"sun_altitude_angle": 22.53927933829209, "precipitation": 40.30147008155416, "wind_intensity": 83.53968282412723, "sun_azimuth_angle": 203.02233739872455, "fog_distance": "0", "cloudiness": 72.11794868344903, "fog_density": 15.943116065395246, "wetness": 59.25449557079531, "precipitation_deposits": 0.15366159301484217}}], "scenario_type": "Scenario57"}], "Town03": [{"available_event_configurations": [{"transform": {"pitch": "0", "x": -88.5, "y": -90, "yaw": 90, "z": 0}, "_start_distance": 15.091895572608129, "_actor_vel": 2.151345001694385, "_trigger_distance": 9.903066798534168, "_brake": 1.0, "weather": {"sun_altitude_angle": 22.53927933829209, "precipitation": 40.30147008155416, "wind_intensity": 83.53968282412723, "sun_azimuth_angle": 203.02233739872455, "fog_distance": "0", "cloudiness": 72.11794868344903, "fog_density": 15.943116065395246, "wetness": 59.25449557079531, "precipitation_deposits": 0.15366159301484217}}], "scenario_type": "Scenario57"}], "Town06": [{"available_event_configurations": [{"transform": {"pitch": "0", "x": 8.4, "y": 220, "yaw": -90, "z": 0}, "_start_distance": 15.091895572608129, "_actor_vel": 2.151345001694385, "_trigger_distance": 9.903066798534168, "_brake": 1.0, "weather": {"sun_altitude_angle": 22.53927933829209, "precipitation": 40.30147008155416, "wind_intensity": 83.53968282412723, "sun_azimuth_angle": 203.02233739872455, "fog_distance": "0", "cloudiness": 72.11794868344903, "fog_density": 15.943116065395246, "wetness": 59.25449557079531, "precipitation_deposits": 0.15366159301484217}}], "scenario_type": "Scenario57"}]}]}