{"available_scenarios": [{"Town05": [{"available_event_configurations": [{"transform": {"pitch": "0", "x": 35, "y": 70, "yaw": -90, "z": 0}, "_start_distance": 17.00842030220857, "_actor_vel": 2.1440851784979884, "_trigger_distance": 7.239996322057903, "_brake": 1.0, "weather": {"sun_altitude_angle": -80.58676067415578, "precipitation": 62.912161327142805, "wind_intensity": 54.87507222630719, "sun_azimuth_angle": 241.92515669469554, "fog_distance": "0", "cloudiness": 63.74798959519805, "fog_density": 14.869771794979258, "wetness": 64.99814383530568, "precipitation_deposits": 81.84968017513008}}], "scenario_type": "Scenario57"}], "Town04": [{"available_event_configurations": [{"transform": {"pitch": "0", "x": -13.4, "y": -160, "yaw": 90, "z": 0}, "_start_distance": 17.00842030220857, "_actor_vel": 2.1440851784979884, "_trigger_distance": 7.239996322057903, "_brake": 1.0, "weather": {"sun_altitude_angle": -80.58676067415578, "precipitation": 62.912161327142805, "wind_intensity": 54.87507222630719, "sun_azimuth_angle": 241.92515669469554, "fog_distance": "0", "cloudiness": 63.74798959519805, "fog_density": 14.869771794979258, "wetness": 64.99814383530568, "precipitation_deposits": 81.84968017513008}}], "scenario_type": "Scenario57"}], "Town03": [{"available_event_configurations": [{"transform": {"pitch": "0", "x": -88.5, "y": -90, "yaw": 90, "z": 0}, "_start_distance": 17.00842030220857, "_actor_vel": 2.1440851784979884, "_trigger_distance": 7.239996322057903, "_brake": 1.0, "weather": {"sun_altitude_angle": -80.58676067415578, "precipitation": 62.912161327142805, "wind_intensity": 54.87507222630719, "sun_azimuth_angle": 241.92515669469554, "fog_distance": "0", "cloudiness": 63.74798959519805, "fog_density": 14.869771794979258, "wetness": 64.99814383530568, "precipitation_deposits": 81.84968017513008}}], "scenario_type": "Scenario57"}], "Town06": [{"available_event_configurations": [{"transform": {"pitch": "0", "x": 8.4, "y": 220, "yaw": -90, "z": 0}, "_start_distance": 17.00842030220857, "_actor_vel": 2.1440851784979884, "_trigger_distance": 7.239996322057903, "_brake": 1.0, "weather": {"sun_altitude_angle": -80.58676067415578, "precipitation": 62.912161327142805, "wind_intensity": 54.87507222630719, "sun_azimuth_angle": 241.92515669469554, "fog_distance": "0", "cloudiness": 63.74798959519805, "fog_density": 14.869771794979258, "wetness": 64.99814383530568, "precipitation_deposits": 81.84968017513008}}], "scenario_type": "Scenario57"}]}]}