{"available_scenarios": [{"Town05": [{"available_event_configurations": [{"transform": {"pitch": "0", "x": 35, "y": 70, "yaw": -90, "z": 0}, "_start_distance": 18.307808514738127, "_actor_vel": 2.2655462462828897, "_trigger_distance": 8.127759722270003, "_brake": 1.0, "weather": {"sun_altitude_angle": 1.1711465935423178, "precipitation": 31.517255656774402, "wind_intensity": 45.6930202596638, "sun_azimuth_angle": 12.255349591895621, "fog_distance": "0", "cloudiness": 41.73041111919215, "fog_density": 11.873261475788755, "wetness": 2.7008965558981246, "precipitation_deposits": 41.03862977886086}}], "scenario_type": "Scenario57"}], "Town04": [{"available_event_configurations": [{"transform": {"pitch": "0", "x": -13.4, "y": -160, "yaw": 90, "z": 0}, "_start_distance": 18.307808514738127, "_actor_vel": 2.2655462462828897, "_trigger_distance": 8.127759722270003, "_brake": 1.0, "weather": {"sun_altitude_angle": 1.1711465935423178, "precipitation": 31.517255656774402, "wind_intensity": 45.6930202596638, "sun_azimuth_angle": 12.255349591895621, "fog_distance": "0", "cloudiness": 41.73041111919215, "fog_density": 11.873261475788755, "wetness": 2.7008965558981246, "precipitation_deposits": 41.03862977886086}}], "scenario_type": "Scenario57"}], "Town03": [{"available_event_configurations": [{"transform": {"pitch": "0", "x": -88.5, "y": -90, "yaw": 90, "z": 0}, "_start_distance": 18.307808514738127, "_actor_vel": 2.2655462462828897, "_trigger_distance": 8.127759722270003, "_brake": 1.0, "weather": {"sun_altitude_angle": 1.1711465935423178, "precipitation": 31.517255656774402, "wind_intensity": 45.6930202596638, "sun_azimuth_angle": 12.255349591895621, "fog_distance": "0", "cloudiness": 41.73041111919215, "fog_density": 11.873261475788755, "wetness": 2.7008965558981246, "precipitation_deposits": 41.03862977886086}}], "scenario_type": "Scenario57"}], "Town06": [{"available_event_configurations": [{"transform": {"pitch": "0", "x": 8.4, "y": 220, "yaw": -90, "z": 0}, "_start_distance": 18.307808514738127, "_actor_vel": 2.2655462462828897, "_trigger_distance": 8.127759722270003, "_brake": 1.0, "weather": {"sun_altitude_angle": 1.1711465935423178, "precipitation": 31.517255656774402, "wind_intensity": 45.6930202596638, "sun_azimuth_angle": 12.255349591895621, "fog_distance": "0", "cloudiness": 41.73041111919215, "fog_density": 11.873261475788755, "wetness": 2.7008965558981246, "precipitation_deposits": 41.03862977886086}}], "scenario_type": "Scenario57"}]}]}