{"available_scenarios": [{"Town05": [{"available_event_configurations": [{"transform": {"pitch": "0", "x": 35, "y": 130, "yaw": -90, "z": 0}, "_start_distance": 15.360251495023672, "_actor_vel": 2.230919838049233, "_trigger_distance": 19.577105705129163, "_model": 1}, {"transform": {"pitch": "0", "x": 35, "y": 65, "yaw": -90, "z": 0}, "_start_distance": 15.360251495023672, "_actor_vel": 2.230919838049233, "_trigger_distance": 19.577105705129163, "_model": 1, "weather": {"sun_altitude_angle": 52.464453259898704, "precipitation": 44.08606904479034, "wind_intensity": 75.1681745318538, "sun_azimuth_angle": 152.53012061503614, "fog_distance": "0", "cloudiness": 33.399872692691346, "fog_density": 10.474528491132817, "wetness": 16.242011914541244, "precipitation_deposits": 34.46402993385133}}], "scenario_type": "Scenario27"}], "Town01": [{"available_event_configurations": [{"transform": {"pitch": "0", "x": 312, "y": 129, "yaw": 180, "z": 0}, "_start_distance": 15.360251495023672, "_actor_vel": 2.230919838049233, "_trigger_distance": 19.577105705129163, "_model": 1, "weather": {"sun_altitude_angle": 52.464453259898704, "precipitation": 44.08606904479034, "wind_intensity": 75.1681745318538, "sun_azimuth_angle": 152.53012061503614, "fog_distance": "0", "cloudiness": 33.399872692691346, "fog_density": 10.474528491132817, "wetness": 16.242011914541244, "precipitation_deposits": 34.46402993385133}}], "scenario_type": "Scenario27"}], "Town04": [{"available_event_configurations": [{"transform": {"pitch": "0", "x": 254.9, "y": -230.9, "yaw": 90, "z": 0}, "_start_distance": 15.360251495023672, "_actor_vel": 2.230919838049233, "_trigger_distance": 19.577105705129163, "_model": 1, "weather": {"sun_altitude_angle": 52.464453259898704, "precipitation": 44.08606904479034, "wind_intensity": 75.1681745318538, "sun_azimuth_angle": 152.53012061503614, "fog_distance": "0", "cloudiness": 33.399872692691346, "fog_density": 10.474528491132817, "wetness": 16.242011914541244, "precipitation_deposits": 34.46402993385133}}], "scenario_type": "Scenario27"}], "Town03": [{"available_event_configurations": [{"transform": {"pitch": "0", "x": -88.5, "y": -90, "yaw": 90, "z": 0}, "_start_distance": 15.360251495023672, "_actor_vel": 2.230919838049233, "_trigger_distance": 19.577105705129163, "_model": 1, "weather": {"sun_altitude_angle": 52.464453259898704, "precipitation": 44.08606904479034, "wind_intensity": 75.1681745318538, "sun_azimuth_angle": 152.53012061503614, "fog_distance": "0", "cloudiness": 33.399872692691346, "fog_density": 10.474528491132817, "wetness": 16.242011914541244, "precipitation_deposits": 34.46402993385133}}], "scenario_type": "Scenario27"}]}]}