{"available_scenarios": [{"Town05": [{"available_event_configurations": [{"transform": {"pitch": "0", "x": 35, "y": 130, "yaw": -90, "z": 0}, "_start_distance": 17.346247645734664, "_actor_vel": 2.064293398721859, "_trigger_distance": 16.249796325153778, "_model": 1}, {"transform": {"pitch": "0", "x": 35, "y": 65, "yaw": -90, "z": 0}, "_start_distance": 17.346247645734664, "_actor_vel": 2.064293398721859, "_trigger_distance": 16.249796325153778, "_model": 1, "weather": {"sun_altitude_angle": -55.05985783888548, "precipitation": 72.90264098335305, "wind_intensity": 80.92464801259813, "sun_azimuth_angle": 357.4174095931642, "fog_distance": "0", "cloudiness": 32.12042761976935, "fog_density": 37.73563896453893, "wetness": 4.489470133713347, "precipitation_deposits": 78.60475032940782}}], "scenario_type": "Scenario27"}], "Town01": [{"available_event_configurations": [{"transform": {"pitch": "0", "x": 312, "y": 129, "yaw": 180, "z": 0}, "_start_distance": 17.346247645734664, "_actor_vel": 2.064293398721859, "_trigger_distance": 16.249796325153778, "_model": 1, "weather": {"sun_altitude_angle": -55.05985783888548, "precipitation": 72.90264098335305, "wind_intensity": 80.92464801259813, "sun_azimuth_angle": 357.4174095931642, "fog_distance": "0", "cloudiness": 32.12042761976935, "fog_density": 37.73563896453893, "wetness": 4.489470133713347, "precipitation_deposits": 78.60475032940782}}], "scenario_type": "Scenario27"}], "Town04": [{"available_event_configurations": [{"transform": {"pitch": "0", "x": 254.9, "y": -230.9, "yaw": 90, "z": 0}, "_start_distance": 17.346247645734664, "_actor_vel": 2.064293398721859, "_trigger_distance": 16.249796325153778, "_model": 1, "weather": {"sun_altitude_angle": -55.05985783888548, "precipitation": 72.90264098335305, "wind_intensity": 80.92464801259813, "sun_azimuth_angle": 357.4174095931642, "fog_distance": "0", "cloudiness": 32.12042761976935, "fog_density": 37.73563896453893, "wetness": 4.489470133713347, "precipitation_deposits": 78.60475032940782}}], "scenario_type": "Scenario27"}], "Town03": [{"available_event_configurations": [{"transform": {"pitch": "0", "x": -88.5, "y": -90, "yaw": 90, "z": 0}, "_start_distance": 17.346247645734664, "_actor_vel": 2.064293398721859, "_trigger_distance": 16.249796325153778, "_model": 1, "weather": {"sun_altitude_angle": -55.05985783888548, "precipitation": 72.90264098335305, "wind_intensity": 80.92464801259813, "sun_azimuth_angle": 357.4174095931642, "fog_distance": "0", "cloudiness": 32.12042761976935, "fog_density": 37.73563896453893, "wetness": 4.489470133713347, "precipitation_deposits": 78.60475032940782}}], "scenario_type": "Scenario27"}]}]}