{"available_scenarios": [{"Town05": [{"available_event_configurations": [{"transform": {"pitch": "0", "x": 35, "y": 130, "yaw": -90, "z": 0}, "_start_distance": 17.493799291626598, "_actor_vel": 2.4926780159329365, "_trigger_distance": 18.94836743117233, "_model": 1}, {"transform": {"pitch": "0", "x": 35, "y": 65, "yaw": -90, "z": 0}, "_start_distance": 17.493799291626598, "_actor_vel": 2.4926780159329365, "_trigger_distance": 18.94836743117233, "_model": 1, "weather": {"sun_altitude_angle": 59.88528263448424, "precipitation": 15.314481943282466, "wind_intensity": 10.49377870199002, "sun_azimuth_angle": 28.228928697645582, "fog_distance": "0", "cloudiness": 70.48947329967586, "fog_density": 75.19473504600674, "wetness": 49.565128724007366, "precipitation_deposits": 34.54378514649754}}], "scenario_type": "Scenario27"}], "Town01": [{"available_event_configurations": [{"transform": {"pitch": "0", "x": 312, "y": 129, "yaw": 180, "z": 0}, "_start_distance": 17.493799291626598, "_actor_vel": 2.4926780159329365, "_trigger_distance": 18.94836743117233, "_model": 1, "weather": {"sun_altitude_angle": 59.88528263448424, "precipitation": 15.314481943282466, "wind_intensity": 10.49377870199002, "sun_azimuth_angle": 28.228928697645582, "fog_distance": "0", "cloudiness": 70.48947329967586, "fog_density": 75.19473504600674, "wetness": 49.565128724007366, "precipitation_deposits": 34.54378514649754}}], "scenario_type": "Scenario27"}], "Town04": [{"available_event_configurations": [{"transform": {"pitch": "0", "x": 254.9, "y": -230.9, "yaw": 90, "z": 0}, "_start_distance": 17.493799291626598, "_actor_vel": 2.4926780159329365, "_trigger_distance": 18.94836743117233, "_model": 1, "weather": {"sun_altitude_angle": 59.88528263448424, "precipitation": 15.314481943282466, "wind_intensity": 10.49377870199002, "sun_azimuth_angle": 28.228928697645582, "fog_distance": "0", "cloudiness": 70.48947329967586, "fog_density": 75.19473504600674, "wetness": 49.565128724007366, "precipitation_deposits": 34.54378514649754}}], "scenario_type": "Scenario27"}], "Town03": [{"available_event_configurations": [{"transform": {"pitch": "0", "x": -88.5, "y": -90, "yaw": 90, "z": 0}, "_start_distance": 17.493799291626598, "_actor_vel": 2.4926780159329365, "_trigger_distance": 18.94836743117233, "_model": 1, "weather": {"sun_altitude_angle": 59.88528263448424, "precipitation": 15.314481943282466, "wind_intensity": 10.49377870199002, "sun_azimuth_angle": 28.228928697645582, "fog_distance": "0", "cloudiness": 70.48947329967586, "fog_density": 75.19473504600674, "wetness": 49.565128724007366, "precipitation_deposits": 34.54378514649754}}], "scenario_type": "Scenario27"}]}]}