{"available_scenarios": [{"Town05": [{"available_event_configurations": [{"transform": {"pitch": "0", "x": 35, "y": 130, "yaw": -90, "z": 0}, "_start_distance": 19.873009395435673, "_actor_vel": 2.070530501513879, "_trigger_distance": 15.151148274613202, "_model": 1}, {"transform": {"pitch": "0", "x": 35, "y": 65, "yaw": -90, "z": 0}, "_start_distance": 19.873009395435673, "_actor_vel": 2.070530501513879, "_trigger_distance": 15.151148274613202, "_model": 1, "weather": {"sun_altitude_angle": -35.577810723545895, "precipitation": 83.53546514106255, "wind_intensity": 98.20532323847686, "sun_azimuth_angle": 146.89919073513943, "fog_distance": "0", "cloudiness": 15.475110184577545, "fog_density": 29.80585276021571, "wetness": 25.57721730243311, "precipitation_deposits": 67.84974769390377}}], "scenario_type": "Scenario27"}], "Town01": [{"available_event_configurations": [{"transform": {"pitch": "0", "x": 312, "y": 129, "yaw": 180, "z": 0}, "_start_distance": 19.873009395435673, "_actor_vel": 2.070530501513879, "_trigger_distance": 15.151148274613202, "_model": 1, "weather": {"sun_altitude_angle": -35.577810723545895, "precipitation": 83.53546514106255, "wind_intensity": 98.20532323847686, "sun_azimuth_angle": 146.89919073513943, "fog_distance": "0", "cloudiness": 15.475110184577545, "fog_density": 29.80585276021571, "wetness": 25.57721730243311, "precipitation_deposits": 67.84974769390377}}], "scenario_type": "Scenario27"}], "Town04": [{"available_event_configurations": [{"transform": {"pitch": "0", "x": 254.9, "y": -230.9, "yaw": 90, "z": 0}, "_start_distance": 19.873009395435673, "_actor_vel": 2.070530501513879, "_trigger_distance": 15.151148274613202, "_model": 1, "weather": {"sun_altitude_angle": -35.577810723545895, "precipitation": 83.53546514106255, "wind_intensity": 98.20532323847686, "sun_azimuth_angle": 146.89919073513943, "fog_distance": "0", "cloudiness": 15.475110184577545, "fog_density": 29.80585276021571, "wetness": 25.57721730243311, "precipitation_deposits": 67.84974769390377}}], "scenario_type": "Scenario27"}], "Town03": [{"available_event_configurations": [{"transform": {"pitch": "0", "x": -88.5, "y": -90, "yaw": 90, "z": 0}, "_start_distance": 19.873009395435673, "_actor_vel": 2.070530501513879, "_trigger_distance": 15.151148274613202, "_model": 1, "weather": {"sun_altitude_angle": -35.577810723545895, "precipitation": 83.53546514106255, "wind_intensity": 98.20532323847686, "sun_azimuth_angle": 146.89919073513943, "fog_distance": "0", "cloudiness": 15.475110184577545, "fog_density": 29.80585276021571, "wetness": 25.57721730243311, "precipitation_deposits": 67.84974769390377}}], "scenario_type": "Scenario27"}]}]}