{"available_scenarios": [{"Town05": [{"available_event_configurations": [{"transform": {"pitch": "0", "x": 35, "y": 130, "yaw": -90, "z": 0}, "_start_distance": 15.871754288369285, "_actor_vel": 2.274683452028569, "_trigger_distance": 16.53859820575469, "_model": 1}, {"transform": {"pitch": "0", "x": 35, "y": 65, "yaw": -90, "z": 0}, "_start_distance": 15.871754288369285, "_actor_vel": 2.274683452028569, "_trigger_distance": 16.53859820575469, "_model": 1, "weather": {"sun_altitude_angle": -10.900253618842939, "precipitation": 81.1448729659356, "wind_intensity": 4.9539513568839455, "sun_azimuth_angle": 358.7801020864797, "fog_distance": "0", "cloudiness": 8.992339521082515, "fog_density": 28.517651808927514, "wetness": 27.684578686527892, "precipitation_deposits": 65.84462308927974}}], "scenario_type": "Scenario27"}], "Town01": [{"available_event_configurations": [{"transform": {"pitch": "0", "x": 312, "y": 129, "yaw": 180, "z": 0}, "_start_distance": 15.871754288369285, "_actor_vel": 2.274683452028569, "_trigger_distance": 16.53859820575469, "_model": 1, "weather": {"sun_altitude_angle": -10.900253618842939, "precipitation": 81.1448729659356, "wind_intensity": 4.9539513568839455, "sun_azimuth_angle": 358.7801020864797, "fog_distance": "0", "cloudiness": 8.992339521082515, "fog_density": 28.517651808927514, "wetness": 27.684578686527892, "precipitation_deposits": 65.84462308927974}}], "scenario_type": "Scenario27"}], "Town04": [{"available_event_configurations": [{"transform": {"pitch": "0", "x": 254.9, "y": -230.9, "yaw": 90, "z": 0}, "_start_distance": 15.871754288369285, "_actor_vel": 2.274683452028569, "_trigger_distance": 16.53859820575469, "_model": 1, "weather": {"sun_altitude_angle": -10.900253618842939, "precipitation": 81.1448729659356, "wind_intensity": 4.9539513568839455, "sun_azimuth_angle": 358.7801020864797, "fog_distance": "0", "cloudiness": 8.992339521082515, "fog_density": 28.517651808927514, "wetness": 27.684578686527892, "precipitation_deposits": 65.84462308927974}}], "scenario_type": "Scenario27"}], "Town03": [{"available_event_configurations": [{"transform": {"pitch": "0", "x": -88.5, "y": -90, "yaw": 90, "z": 0}, "_start_distance": 15.871754288369285, "_actor_vel": 2.274683452028569, "_trigger_distance": 16.53859820575469, "_model": 1, "weather": {"sun_altitude_angle": -10.900253618842939, "precipitation": 81.1448729659356, "wind_intensity": 4.9539513568839455, "sun_azimuth_angle": 358.7801020864797, "fog_distance": "0", "cloudiness": 8.992339521082515, "fog_density": 28.517651808927514, "wetness": 27.684578686527892, "precipitation_deposits": 65.84462308927974}}], "scenario_type": "Scenario27"}]}]}