{"available_scenarios": [{"Town05": [{"available_event_configurations": [{"transform": {"pitch": "0", "x": 35, "y": 130, "yaw": -90, "z": 0}, "_start_distance": 19.034036622617336, "_actor_vel": 2.153229339046323, "_trigger_distance": 18.013143417192815, "_model": 1}, {"transform": {"pitch": "0", "x": 35, "y": 65, "yaw": -90, "z": 0}, "_start_distance": 19.034036622617336, "_actor_vel": 2.153229339046323, "_trigger_distance": 18.013143417192815, "_model": 1, "weather": {"sun_altitude_angle": -65.53988675032446, "precipitation": 10.875392774819492, "wind_intensity": 48.71146398263283, "sun_azimuth_angle": 173.3932940345981, "fog_distance": "0", "cloudiness": 43.173714358058504, "fog_density": 62.980931321552944, "wetness": 86.11128826741101, "precipitation_deposits": 41.067465447739146}}], "scenario_type": "Scenario27"}], "Town01": [{"available_event_configurations": [{"transform": {"pitch": "0", "x": 312, "y": 129, "yaw": 180, "z": 0}, "_start_distance": 19.034036622617336, "_actor_vel": 2.153229339046323, "_trigger_distance": 18.013143417192815, "_model": 1, "weather": {"sun_altitude_angle": -65.53988675032446, "precipitation": 10.875392774819492, "wind_intensity": 48.71146398263283, "sun_azimuth_angle": 173.3932940345981, "fog_distance": "0", "cloudiness": 43.173714358058504, "fog_density": 62.980931321552944, "wetness": 86.11128826741101, "precipitation_deposits": 41.067465447739146}}], "scenario_type": "Scenario27"}], "Town04": [{"available_event_configurations": [{"transform": {"pitch": "0", "x": 254.9, "y": -230.9, "yaw": 90, "z": 0}, "_start_distance": 19.034036622617336, "_actor_vel": 2.153229339046323, "_trigger_distance": 18.013143417192815, "_model": 1, "weather": {"sun_altitude_angle": -65.53988675032446, "precipitation": 10.875392774819492, "wind_intensity": 48.71146398263283, "sun_azimuth_angle": 173.3932940345981, "fog_distance": "0", "cloudiness": 43.173714358058504, "fog_density": 62.980931321552944, "wetness": 86.11128826741101, "precipitation_deposits": 41.067465447739146}}], "scenario_type": "Scenario27"}], "Town03": [{"available_event_configurations": [{"transform": {"pitch": "0", "x": -88.5, "y": -90, "yaw": 90, "z": 0}, "_start_distance": 19.034036622617336, "_actor_vel": 2.153229339046323, "_trigger_distance": 18.013143417192815, "_model": 1, "weather": {"sun_altitude_angle": -65.53988675032446, "precipitation": 10.875392774819492, "wind_intensity": 48.71146398263283, "sun_azimuth_angle": 173.3932940345981, "fog_distance": "0", "cloudiness": 43.173714358058504, "fog_density": 62.980931321552944, "wetness": 86.11128826741101, "precipitation_deposits": 41.067465447739146}}], "scenario_type": "Scenario27"}]}]}