{"available_scenarios": [{"Town05": [{"available_event_configurations": [{"transform": {"pitch": "0", "x": 35, "y": 130, "yaw": -90, "z": 0}, "_start_distance": 16.418497869887688, "_actor_vel": 2.4398032980905455, "_trigger_distance": 18.415041866988123, "_model": 1}, {"transform": {"pitch": "0", "x": 35, "y": 65, "yaw": -90, "z": 0}, "_start_distance": 16.418497869887688, "_actor_vel": 2.4398032980905455, "_trigger_distance": 18.415041866988123, "_model": 1, "weather": {"sun_altitude_angle": 52.385761243762374, "precipitation": 37.46709074008715, "wind_intensity": 80.85897083027865, "sun_azimuth_angle": 201.47082785053905, "fog_distance": "0", "cloudiness": 80.20630455895471, "fog_density": 39.21493873248533, "wetness": 83.6268901143887, "precipitation_deposits": 41.58086817985581}}], "scenario_type": "Scenario27"}], "Town01": [{"available_event_configurations": [{"transform": {"pitch": "0", "x": 312, "y": 129, "yaw": 180, "z": 0}, "_start_distance": 16.418497869887688, "_actor_vel": 2.4398032980905455, "_trigger_distance": 18.415041866988123, "_model": 1, "weather": {"sun_altitude_angle": 52.385761243762374, "precipitation": 37.46709074008715, "wind_intensity": 80.85897083027865, "sun_azimuth_angle": 201.47082785053905, "fog_distance": "0", "cloudiness": 80.20630455895471, "fog_density": 39.21493873248533, "wetness": 83.6268901143887, "precipitation_deposits": 41.58086817985581}}], "scenario_type": "Scenario27"}], "Town04": [{"available_event_configurations": [{"transform": {"pitch": "0", "x": 254.9, "y": -230.9, "yaw": 90, "z": 0}, "_start_distance": 16.418497869887688, "_actor_vel": 2.4398032980905455, "_trigger_distance": 18.415041866988123, "_model": 1, "weather": {"sun_altitude_angle": 52.385761243762374, "precipitation": 37.46709074008715, "wind_intensity": 80.85897083027865, "sun_azimuth_angle": 201.47082785053905, "fog_distance": "0", "cloudiness": 80.20630455895471, "fog_density": 39.21493873248533, "wetness": 83.6268901143887, "precipitation_deposits": 41.58086817985581}}], "scenario_type": "Scenario27"}], "Town03": [{"available_event_configurations": [{"transform": {"pitch": "0", "x": -88.5, "y": -90, "yaw": 90, "z": 0}, "_start_distance": 16.418497869887688, "_actor_vel": 2.4398032980905455, "_trigger_distance": 18.415041866988123, "_model": 1, "weather": {"sun_altitude_angle": 52.385761243762374, "precipitation": 37.46709074008715, "wind_intensity": 80.85897083027865, "sun_azimuth_angle": 201.47082785053905, "fog_distance": "0", "cloudiness": 80.20630455895471, "fog_density": 39.21493873248533, "wetness": 83.6268901143887, "precipitation_deposits": 41.58086817985581}}], "scenario_type": "Scenario27"}]}]}