{"available_scenarios": [{"Town05": [{"available_event_configurations": [{"transform": {"pitch": "0", "x": 35, "y": 130, "yaw": -90, "z": 0}, "_start_distance": 19.652543953736874, "_actor_vel": 2.1218227009260056, "_trigger_distance": 19.284835476194427, "_model": 1}, {"transform": {"pitch": "0", "x": 35, "y": 65, "yaw": -90, "z": 0}, "_start_distance": 19.652543953736874, "_actor_vel": 2.1218227009260056, "_trigger_distance": 19.284835476194427, "_model": 1, "weather": {"sun_altitude_angle": 27.52633703385753, "precipitation": 73.42963602807005, "wind_intensity": 95.33239333471721, "sun_azimuth_angle": 287.84206660797327, "fog_distance": "0", "cloudiness": 21.351489767279897, "fog_density": 62.93858262054961, "wetness": 88.87866740333791, "precipitation_deposits": 30.089482772147857}}], "scenario_type": "Scenario27"}], "Town01": [{"available_event_configurations": [{"transform": {"pitch": "0", "x": 312, "y": 129, "yaw": 180, "z": 0}, "_start_distance": 19.652543953736874, "_actor_vel": 2.1218227009260056, "_trigger_distance": 19.284835476194427, "_model": 1, "weather": {"sun_altitude_angle": 27.52633703385753, "precipitation": 73.42963602807005, "wind_intensity": 95.33239333471721, "sun_azimuth_angle": 287.84206660797327, "fog_distance": "0", "cloudiness": 21.351489767279897, "fog_density": 62.93858262054961, "wetness": 88.87866740333791, "precipitation_deposits": 30.089482772147857}}], "scenario_type": "Scenario27"}], "Town04": [{"available_event_configurations": [{"transform": {"pitch": "0", "x": 254.9, "y": -230.9, "yaw": 90, "z": 0}, "_start_distance": 19.652543953736874, "_actor_vel": 2.1218227009260056, "_trigger_distance": 19.284835476194427, "_model": 1, "weather": {"sun_altitude_angle": 27.52633703385753, "precipitation": 73.42963602807005, "wind_intensity": 95.33239333471721, "sun_azimuth_angle": 287.84206660797327, "fog_distance": "0", "cloudiness": 21.351489767279897, "fog_density": 62.93858262054961, "wetness": 88.87866740333791, "precipitation_deposits": 30.089482772147857}}], "scenario_type": "Scenario27"}], "Town03": [{"available_event_configurations": [{"transform": {"pitch": "0", "x": -88.5, "y": -90, "yaw": 90, "z": 0}, "_start_distance": 19.652543953736874, "_actor_vel": 2.1218227009260056, "_trigger_distance": 19.284835476194427, "_model": 1, "weather": {"sun_altitude_angle": 27.52633703385753, "precipitation": 73.42963602807005, "wind_intensity": 95.33239333471721, "sun_azimuth_angle": 287.84206660797327, "fog_distance": "0", "cloudiness": 21.351489767279897, "fog_density": 62.93858262054961, "wetness": 88.87866740333791, "precipitation_deposits": 30.089482772147857}}], "scenario_type": "Scenario27"}]}]}