{"available_scenarios": [{"Town05": [{"available_event_configurations": [{"transform": {"pitch": "0", "x": 35, "y": 130, "yaw": -90, "z": 0}, "_start_distance": 16.210532875086663, "_actor_vel": 2.0839434434114708, "_trigger_distance": 15.92155898220595, "_model": 1}, {"transform": {"pitch": "0", "x": 35, "y": 65, "yaw": -90, "z": 0}, "_start_distance": 16.210532875086663, "_actor_vel": 2.0839434434114708, "_trigger_distance": 15.92155898220595, "_model": 1, "weather": {"sun_altitude_angle": 28.813327275682312, "precipitation": 91.13521693177167, "wind_intensity": 57.89171703622643, "sun_azimuth_angle": 215.6457330430188, "fog_distance": "0", "cloudiness": 15.628335307839802, "fog_density": 96.5940428500442, "wetness": 39.40234102082073, "precipitation_deposits": 12.177895847616805}}], "scenario_type": "Scenario27"}], "Town01": [{"available_event_configurations": [{"transform": {"pitch": "0", "x": 312, "y": 129, "yaw": 180, "z": 0}, "_start_distance": 16.210532875086663, "_actor_vel": 2.0839434434114708, "_trigger_distance": 15.92155898220595, "_model": 1, "weather": {"sun_altitude_angle": 28.813327275682312, "precipitation": 91.13521693177167, "wind_intensity": 57.89171703622643, "sun_azimuth_angle": 215.6457330430188, "fog_distance": "0", "cloudiness": 15.628335307839802, "fog_density": 96.5940428500442, "wetness": 39.40234102082073, "precipitation_deposits": 12.177895847616805}}], "scenario_type": "Scenario27"}], "Town04": [{"available_event_configurations": [{"transform": {"pitch": "0", "x": 254.9, "y": -230.9, "yaw": 90, "z": 0}, "_start_distance": 16.210532875086663, "_actor_vel": 2.0839434434114708, "_trigger_distance": 15.92155898220595, "_model": 1, "weather": {"sun_altitude_angle": 28.813327275682312, "precipitation": 91.13521693177167, "wind_intensity": 57.89171703622643, "sun_azimuth_angle": 215.6457330430188, "fog_distance": "0", "cloudiness": 15.628335307839802, "fog_density": 96.5940428500442, "wetness": 39.40234102082073, "precipitation_deposits": 12.177895847616805}}], "scenario_type": "Scenario27"}], "Town03": [{"available_event_configurations": [{"transform": {"pitch": "0", "x": -88.5, "y": -90, "yaw": 90, "z": 0}, "_start_distance": 16.210532875086663, "_actor_vel": 2.0839434434114708, "_trigger_distance": 15.92155898220595, "_model": 1, "weather": {"sun_altitude_angle": 28.813327275682312, "precipitation": 91.13521693177167, "wind_intensity": 57.89171703622643, "sun_azimuth_angle": 215.6457330430188, "fog_distance": "0", "cloudiness": 15.628335307839802, "fog_density": 96.5940428500442, "wetness": 39.40234102082073, "precipitation_deposits": 12.177895847616805}}], "scenario_type": "Scenario27"}]}]}