{"available_scenarios": [{"Town05": [{"available_event_configurations": [{"transform": {"pitch": "0", "x": 35, "y": 130, "yaw": -90, "z": 0}, "_start_distance": 16.678120208760394, "_actor_vel": 2.1146175746052362, "_trigger_distance": 16.828563240608165, "_model": 1}, {"transform": {"pitch": "0", "x": 35, "y": 65, "yaw": -90, "z": 0}, "_start_distance": 16.678120208760394, "_actor_vel": 2.1146175746052362, "_trigger_distance": 16.828563240608165, "_model": 1, "weather": {"sun_altitude_angle": 35.30993079144632, "precipitation": 69.75138898873993, "wind_intensity": 10.422809235372032, "sun_azimuth_angle": 290.4869648151231, "fog_distance": "0", "cloudiness": 76.10058417159142, "fog_density": 60.72539570583017, "wetness": 68.51791822526103, "precipitation_deposits": 46.087130733531176}}], "scenario_type": "Scenario27"}], "Town01": [{"available_event_configurations": [{"transform": {"pitch": "0", "x": 312, "y": 129, "yaw": 180, "z": 0}, "_start_distance": 16.678120208760394, "_actor_vel": 2.1146175746052362, "_trigger_distance": 16.828563240608165, "_model": 1, "weather": {"sun_altitude_angle": 35.30993079144632, "precipitation": 69.75138898873993, "wind_intensity": 10.422809235372032, "sun_azimuth_angle": 290.4869648151231, "fog_distance": "0", "cloudiness": 76.10058417159142, "fog_density": 60.72539570583017, "wetness": 68.51791822526103, "precipitation_deposits": 46.087130733531176}}], "scenario_type": "Scenario27"}], "Town04": [{"available_event_configurations": [{"transform": {"pitch": "0", "x": 254.9, "y": -230.9, "yaw": 90, "z": 0}, "_start_distance": 16.678120208760394, "_actor_vel": 2.1146175746052362, "_trigger_distance": 16.828563240608165, "_model": 1, "weather": {"sun_altitude_angle": 35.30993079144632, "precipitation": 69.75138898873993, "wind_intensity": 10.422809235372032, "sun_azimuth_angle": 290.4869648151231, "fog_distance": "0", "cloudiness": 76.10058417159142, "fog_density": 60.72539570583017, "wetness": 68.51791822526103, "precipitation_deposits": 46.087130733531176}}], "scenario_type": "Scenario27"}], "Town03": [{"available_event_configurations": [{"transform": {"pitch": "0", "x": -88.5, "y": -90, "yaw": 90, "z": 0}, "_start_distance": 16.678120208760394, "_actor_vel": 2.1146175746052362, "_trigger_distance": 16.828563240608165, "_model": 1, "weather": {"sun_altitude_angle": 35.30993079144632, "precipitation": 69.75138898873993, "wind_intensity": 10.422809235372032, "sun_azimuth_angle": 290.4869648151231, "fog_distance": "0", "cloudiness": 76.10058417159142, "fog_density": 60.72539570583017, "wetness": 68.51791822526103, "precipitation_deposits": 46.087130733531176}}], "scenario_type": "Scenario27"}]}]}