{"available_scenarios": [{"Town05": [{"available_event_configurations": [{"transform": {"pitch": "0", "x": 35, "y": 130, "yaw": -90, "z": 0}, "_start_distance": 16.159047489346243, "_actor_vel": 2.4471245702489717, "_trigger_distance": 18.69831876392311, "_model": 1}, {"transform": {"pitch": "0", "x": 35, "y": 65, "yaw": -90, "z": 0}, "_start_distance": 16.159047489346243, "_actor_vel": 2.4471245702489717, "_trigger_distance": 18.69831876392311, "_model": 1, "weather": {"sun_altitude_angle": -72.93548366335592, "precipitation": 99.78709445698584, "wind_intensity": 7.265172259919172, "sun_azimuth_angle": 123.97664000229041, "fog_distance": "0", "cloudiness": 70.95800638957955, "fog_density": 93.7547628875296, "wetness": 89.99149015961274, "precipitation_deposits": 51.84705695706804}}], "scenario_type": "Scenario27"}], "Town01": [{"available_event_configurations": [{"transform": {"pitch": "0", "x": 312, "y": 129, "yaw": 180, "z": 0}, "_start_distance": 16.159047489346243, "_actor_vel": 2.4471245702489717, "_trigger_distance": 18.69831876392311, "_model": 1, "weather": {"sun_altitude_angle": -72.93548366335592, "precipitation": 99.78709445698584, "wind_intensity": 7.265172259919172, "sun_azimuth_angle": 123.97664000229041, "fog_distance": "0", "cloudiness": 70.95800638957955, "fog_density": 93.7547628875296, "wetness": 89.99149015961274, "precipitation_deposits": 51.84705695706804}}], "scenario_type": "Scenario27"}], "Town04": [{"available_event_configurations": [{"transform": {"pitch": "0", "x": 254.9, "y": -230.9, "yaw": 90, "z": 0}, "_start_distance": 16.159047489346243, "_actor_vel": 2.4471245702489717, "_trigger_distance": 18.69831876392311, "_model": 1, "weather": {"sun_altitude_angle": -72.93548366335592, "precipitation": 99.78709445698584, "wind_intensity": 7.265172259919172, "sun_azimuth_angle": 123.97664000229041, "fog_distance": "0", "cloudiness": 70.95800638957955, "fog_density": 93.7547628875296, "wetness": 89.99149015961274, "precipitation_deposits": 51.84705695706804}}], "scenario_type": "Scenario27"}], "Town03": [{"available_event_configurations": [{"transform": {"pitch": "0", "x": -88.5, "y": -90, "yaw": 90, "z": 0}, "_start_distance": 16.159047489346243, "_actor_vel": 2.4471245702489717, "_trigger_distance": 18.69831876392311, "_model": 1, "weather": {"sun_altitude_angle": -72.93548366335592, "precipitation": 99.78709445698584, "wind_intensity": 7.265172259919172, "sun_azimuth_angle": 123.97664000229041, "fog_distance": "0", "cloudiness": 70.95800638957955, "fog_density": 93.7547628875296, "wetness": 89.99149015961274, "precipitation_deposits": 51.84705695706804}}], "scenario_type": "Scenario27"}]}]}