{"available_scenarios": [{"Town05": [{"available_event_configurations": [{"transform": {"pitch": "0", "x": 35, "y": 130, "yaw": -90, "z": 0}, "_start_distance": 18.0857399269576, "_actor_vel": 2.211941100519378, "_trigger_distance": 15.04530825457666, "_model": 1}, {"transform": {"pitch": "0", "x": 35, "y": 65, "yaw": -90, "z": 0}, "_start_distance": 18.0857399269576, "_actor_vel": 2.211941100519378, "_trigger_distance": 15.04530825457666, "_model": 1, "weather": {"sun_altitude_angle": -71.6486200292339, "precipitation": 48.926717636594155, "wind_intensity": 70.53271778537038, "sun_azimuth_angle": 316.7583113122913, "fog_distance": "0", "cloudiness": 28.36643943216215, "fog_density": 14.789903216792755, "wetness": 68.22520757292403, "precipitation_deposits": 32.481002321859876}}], "scenario_type": "Scenario27"}], "Town01": [{"available_event_configurations": [{"transform": {"pitch": "0", "x": 312, "y": 129, "yaw": 180, "z": 0}, "_start_distance": 18.0857399269576, "_actor_vel": 2.211941100519378, "_trigger_distance": 15.04530825457666, "_model": 1, "weather": {"sun_altitude_angle": -71.6486200292339, "precipitation": 48.926717636594155, "wind_intensity": 70.53271778537038, "sun_azimuth_angle": 316.7583113122913, "fog_distance": "0", "cloudiness": 28.36643943216215, "fog_density": 14.789903216792755, "wetness": 68.22520757292403, "precipitation_deposits": 32.481002321859876}}], "scenario_type": "Scenario27"}], "Town04": [{"available_event_configurations": [{"transform": {"pitch": "0", "x": 254.9, "y": -230.9, "yaw": 90, "z": 0}, "_start_distance": 18.0857399269576, "_actor_vel": 2.211941100519378, "_trigger_distance": 15.04530825457666, "_model": 1, "weather": {"sun_altitude_angle": -71.6486200292339, "precipitation": 48.926717636594155, "wind_intensity": 70.53271778537038, "sun_azimuth_angle": 316.7583113122913, "fog_distance": "0", "cloudiness": 28.36643943216215, "fog_density": 14.789903216792755, "wetness": 68.22520757292403, "precipitation_deposits": 32.481002321859876}}], "scenario_type": "Scenario27"}], "Town03": [{"available_event_configurations": [{"transform": {"pitch": "0", "x": -88.5, "y": -90, "yaw": 90, "z": 0}, "_start_distance": 18.0857399269576, "_actor_vel": 2.211941100519378, "_trigger_distance": 15.04530825457666, "_model": 1, "weather": {"sun_altitude_angle": -71.6486200292339, "precipitation": 48.926717636594155, "wind_intensity": 70.53271778537038, "sun_azimuth_angle": 316.7583113122913, "fog_distance": "0", "cloudiness": 28.36643943216215, "fog_density": 14.789903216792755, "wetness": 68.22520757292403, "precipitation_deposits": 32.481002321859876}}], "scenario_type": "Scenario27"}]}]}