{"available_scenarios": [{"Town05": [{"available_event_configurations": [{"transform": {"pitch": "0", "x": 35, "y": 130, "yaw": -90, "z": 0}, "_start_distance": 18.238876118030973, "_actor_vel": 2.0247594624980443, "_trigger_distance": 17.3511514163408, "_model": 1}, {"transform": {"pitch": "0", "x": 35, "y": 65, "yaw": -90, "z": 0}, "_start_distance": 18.238876118030973, "_actor_vel": 2.0247594624980443, "_trigger_distance": 17.3511514163408, "_model": 1, "weather": {"sun_altitude_angle": 38.12092920686132, "precipitation": 9.686236209109145, "wind_intensity": 70.29444230011184, "sun_azimuth_angle": 92.27186575062404, "fog_distance": "0", "cloudiness": 94.54242912208913, "fog_density": 64.68145757560694, "wetness": 67.34592111681481, "precipitation_deposits": 50.35748412156561}}], "scenario_type": "Scenario27"}], "Town01": [{"available_event_configurations": [{"transform": {"pitch": "0", "x": 312, "y": 129, "yaw": 180, "z": 0}, "_start_distance": 18.238876118030973, "_actor_vel": 2.0247594624980443, "_trigger_distance": 17.3511514163408, "_model": 1, "weather": {"sun_altitude_angle": 38.12092920686132, "precipitation": 9.686236209109145, "wind_intensity": 70.29444230011184, "sun_azimuth_angle": 92.27186575062404, "fog_distance": "0", "cloudiness": 94.54242912208913, "fog_density": 64.68145757560694, "wetness": 67.34592111681481, "precipitation_deposits": 50.35748412156561}}], "scenario_type": "Scenario27"}], "Town04": [{"available_event_configurations": [{"transform": {"pitch": "0", "x": 254.9, "y": -230.9, "yaw": 90, "z": 0}, "_start_distance": 18.238876118030973, "_actor_vel": 2.0247594624980443, "_trigger_distance": 17.3511514163408, "_model": 1, "weather": {"sun_altitude_angle": 38.12092920686132, "precipitation": 9.686236209109145, "wind_intensity": 70.29444230011184, "sun_azimuth_angle": 92.27186575062404, "fog_distance": "0", "cloudiness": 94.54242912208913, "fog_density": 64.68145757560694, "wetness": 67.34592111681481, "precipitation_deposits": 50.35748412156561}}], "scenario_type": "Scenario27"}], "Town03": [{"available_event_configurations": [{"transform": {"pitch": "0", "x": -88.5, "y": -90, "yaw": 90, "z": 0}, "_start_distance": 18.238876118030973, "_actor_vel": 2.0247594624980443, "_trigger_distance": 17.3511514163408, "_model": 1, "weather": {"sun_altitude_angle": 38.12092920686132, "precipitation": 9.686236209109145, "wind_intensity": 70.29444230011184, "sun_azimuth_angle": 92.27186575062404, "fog_distance": "0", "cloudiness": 94.54242912208913, "fog_density": 64.68145757560694, "wetness": 67.34592111681481, "precipitation_deposits": 50.35748412156561}}], "scenario_type": "Scenario27"}]}]}