{"available_scenarios": [{"Town05": [{"available_event_configurations": [{"transform": {"pitch": "0", "x": 35, "y": 130, "yaw": -90, "z": 0}, "_start_distance": 18.57822407607911, "_actor_vel": 2.0624059081812693, "_trigger_distance": 17.216409431084347, "_model": 1}, {"transform": {"pitch": "0", "x": 35, "y": 65, "yaw": -90, "z": 0}, "_start_distance": 18.57822407607911, "_actor_vel": 2.0624059081812693, "_trigger_distance": 17.216409431084347, "_model": 1, "weather": {"sun_altitude_angle": 51.37506373164649, "precipitation": 18.17960414262706, "wind_intensity": 14.822145364486527, "sun_azimuth_angle": 127.23556980817733, "fog_distance": "0", "cloudiness": 65.61433003147448, "fog_density": 1.500883913062534, "wetness": 53.41483999533432, "precipitation_deposits": 89.98669898193702}}], "scenario_type": "Scenario27"}], "Town01": [{"available_event_configurations": [{"transform": {"pitch": "0", "x": 312, "y": 129, "yaw": 180, "z": 0}, "_start_distance": 18.57822407607911, "_actor_vel": 2.0624059081812693, "_trigger_distance": 17.216409431084347, "_model": 1, "weather": {"sun_altitude_angle": 51.37506373164649, "precipitation": 18.17960414262706, "wind_intensity": 14.822145364486527, "sun_azimuth_angle": 127.23556980817733, "fog_distance": "0", "cloudiness": 65.61433003147448, "fog_density": 1.500883913062534, "wetness": 53.41483999533432, "precipitation_deposits": 89.98669898193702}}], "scenario_type": "Scenario27"}], "Town04": [{"available_event_configurations": [{"transform": {"pitch": "0", "x": 254.9, "y": -230.9, "yaw": 90, "z": 0}, "_start_distance": 18.57822407607911, "_actor_vel": 2.0624059081812693, "_trigger_distance": 17.216409431084347, "_model": 1, "weather": {"sun_altitude_angle": 51.37506373164649, "precipitation": 18.17960414262706, "wind_intensity": 14.822145364486527, "sun_azimuth_angle": 127.23556980817733, "fog_distance": "0", "cloudiness": 65.61433003147448, "fog_density": 1.500883913062534, "wetness": 53.41483999533432, "precipitation_deposits": 89.98669898193702}}], "scenario_type": "Scenario27"}], "Town03": [{"available_event_configurations": [{"transform": {"pitch": "0", "x": -88.5, "y": -90, "yaw": 90, "z": 0}, "_start_distance": 18.57822407607911, "_actor_vel": 2.0624059081812693, "_trigger_distance": 17.216409431084347, "_model": 1, "weather": {"sun_altitude_angle": 51.37506373164649, "precipitation": 18.17960414262706, "wind_intensity": 14.822145364486527, "sun_azimuth_angle": 127.23556980817733, "fog_distance": "0", "cloudiness": 65.61433003147448, "fog_density": 1.500883913062534, "wetness": 53.41483999533432, "precipitation_deposits": 89.98669898193702}}], "scenario_type": "Scenario27"}]}]}