{"available_scenarios": [{"Town05": [{"available_event_configurations": [{"transform": {"pitch": "0", "x": 35, "y": 130, "yaw": -90, "z": 0}, "_start_distance": 15.98384610785572, "_actor_vel": 2.221033594407645, "_trigger_distance": 19.734732754605727, "_model": 1}, {"transform": {"pitch": "0", "x": 35, "y": 65, "yaw": -90, "z": 0}, "_start_distance": 15.98384610785572, "_actor_vel": 2.221033594407645, "_trigger_distance": 19.734732754605727, "_model": 1, "weather": {"sun_altitude_angle": 66.43810340588271, "precipitation": 1.151784659423194, "wind_intensity": 7.449585089947719, "sun_azimuth_angle": 80.6012468714503, "fog_distance": "0", "cloudiness": 11.313474863130024, "fog_density": 15.106656714696243, "wetness": 88.60399324787832, "precipitation_deposits": 98.3243708714126}}], "scenario_type": "Scenario27"}], "Town01": [{"available_event_configurations": [{"transform": {"pitch": "0", "x": 312, "y": 129, "yaw": 180, "z": 0}, "_start_distance": 15.98384610785572, "_actor_vel": 2.221033594407645, "_trigger_distance": 19.734732754605727, "_model": 1, "weather": {"sun_altitude_angle": 66.43810340588271, "precipitation": 1.151784659423194, "wind_intensity": 7.449585089947719, "sun_azimuth_angle": 80.6012468714503, "fog_distance": "0", "cloudiness": 11.313474863130024, "fog_density": 15.106656714696243, "wetness": 88.60399324787832, "precipitation_deposits": 98.3243708714126}}], "scenario_type": "Scenario27"}], "Town04": [{"available_event_configurations": [{"transform": {"pitch": "0", "x": 254.9, "y": -230.9, "yaw": 90, "z": 0}, "_start_distance": 15.98384610785572, "_actor_vel": 2.221033594407645, "_trigger_distance": 19.734732754605727, "_model": 1, "weather": {"sun_altitude_angle": 66.43810340588271, "precipitation": 1.151784659423194, "wind_intensity": 7.449585089947719, "sun_azimuth_angle": 80.6012468714503, "fog_distance": "0", "cloudiness": 11.313474863130024, "fog_density": 15.106656714696243, "wetness": 88.60399324787832, "precipitation_deposits": 98.3243708714126}}], "scenario_type": "Scenario27"}], "Town03": [{"available_event_configurations": [{"transform": {"pitch": "0", "x": -88.5, "y": -90, "yaw": 90, "z": 0}, "_start_distance": 15.98384610785572, "_actor_vel": 2.221033594407645, "_trigger_distance": 19.734732754605727, "_model": 1, "weather": {"sun_altitude_angle": 66.43810340588271, "precipitation": 1.151784659423194, "wind_intensity": 7.449585089947719, "sun_azimuth_angle": 80.6012468714503, "fog_distance": "0", "cloudiness": 11.313474863130024, "fog_density": 15.106656714696243, "wetness": 88.60399324787832, "precipitation_deposits": 98.3243708714126}}], "scenario_type": "Scenario27"}]}]}