{"available_scenarios": [{"Town05": [{"available_event_configurations": [{"transform": {"pitch": "0", "x": 35, "y": 130, "yaw": -90, "z": 0}, "_start_distance": 17.33612445894247, "_actor_vel": 2.079452690037347, "_trigger_distance": 19.22794369592493, "_model": 1}, {"transform": {"pitch": "0", "x": 35, "y": 65, "yaw": -90, "z": 0}, "_start_distance": 17.33612445894247, "_actor_vel": 2.079452690037347, "_trigger_distance": 19.22794369592493, "_model": 1, "weather": {"sun_altitude_angle": -3.3808878836526617, "precipitation": 49.81843311776048, "wind_intensity": 1.9702426574120357, "sun_azimuth_angle": 162.68725691172236, "fog_distance": "0", "cloudiness": 84.11719424950442, "fog_density": 40.22175278396919, "wetness": 29.149226963473275, "precipitation_deposits": 10.023067569640842}}], "scenario_type": "Scenario27"}], "Town01": [{"available_event_configurations": [{"transform": {"pitch": "0", "x": 312, "y": 129, "yaw": 180, "z": 0}, "_start_distance": 17.33612445894247, "_actor_vel": 2.079452690037347, "_trigger_distance": 19.22794369592493, "_model": 1, "weather": {"sun_altitude_angle": -3.3808878836526617, "precipitation": 49.81843311776048, "wind_intensity": 1.9702426574120357, "sun_azimuth_angle": 162.68725691172236, "fog_distance": "0", "cloudiness": 84.11719424950442, "fog_density": 40.22175278396919, "wetness": 29.149226963473275, "precipitation_deposits": 10.023067569640842}}], "scenario_type": "Scenario27"}], "Town04": [{"available_event_configurations": [{"transform": {"pitch": "0", "x": 254.9, "y": -230.9, "yaw": 90, "z": 0}, "_start_distance": 17.33612445894247, "_actor_vel": 2.079452690037347, "_trigger_distance": 19.22794369592493, "_model": 1, "weather": {"sun_altitude_angle": -3.3808878836526617, "precipitation": 49.81843311776048, "wind_intensity": 1.9702426574120357, "sun_azimuth_angle": 162.68725691172236, "fog_distance": "0", "cloudiness": 84.11719424950442, "fog_density": 40.22175278396919, "wetness": 29.149226963473275, "precipitation_deposits": 10.023067569640842}}], "scenario_type": "Scenario27"}], "Town03": [{"available_event_configurations": [{"transform": {"pitch": "0", "x": -88.5, "y": -90, "yaw": 90, "z": 0}, "_start_distance": 17.33612445894247, "_actor_vel": 2.079452690037347, "_trigger_distance": 19.22794369592493, "_model": 1, "weather": {"sun_altitude_angle": -3.3808878836526617, "precipitation": 49.81843311776048, "wind_intensity": 1.9702426574120357, "sun_azimuth_angle": 162.68725691172236, "fog_distance": "0", "cloudiness": 84.11719424950442, "fog_density": 40.22175278396919, "wetness": 29.149226963473275, "precipitation_deposits": 10.023067569640842}}], "scenario_type": "Scenario27"}]}]}