{"available_scenarios": [{"Town05": [{"available_event_configurations": [{"transform": {"pitch": "0", "x": 35, "y": 130, "yaw": -90, "z": 0}, "_start_distance": 17.586808214982515, "_actor_vel": 2.286849581607269, "_trigger_distance": 17.91734432781379, "_model": 1}, {"transform": {"pitch": "0", "x": 35, "y": 65, "yaw": -90, "z": 0}, "_start_distance": 17.586808214982515, "_actor_vel": 2.286849581607269, "_trigger_distance": 17.91734432781379, "_model": 1, "weather": {"sun_altitude_angle": -4.198709428260685, "precipitation": 67.01632578125476, "wind_intensity": 88.87710075603812, "sun_azimuth_angle": 62.12021918908381, "fog_distance": "0", "cloudiness": 40.85926859200739, "fog_density": 34.643698850820805, "wetness": 65.08673876975166, "precipitation_deposits": 28.344205375102007}}], "scenario_type": "Scenario27"}], "Town01": [{"available_event_configurations": [{"transform": {"pitch": "0", "x": 312, "y": 129, "yaw": 180, "z": 0}, "_start_distance": 17.586808214982515, "_actor_vel": 2.286849581607269, "_trigger_distance": 17.91734432781379, "_model": 1, "weather": {"sun_altitude_angle": -4.198709428260685, "precipitation": 67.01632578125476, "wind_intensity": 88.87710075603812, "sun_azimuth_angle": 62.12021918908381, "fog_distance": "0", "cloudiness": 40.85926859200739, "fog_density": 34.643698850820805, "wetness": 65.08673876975166, "precipitation_deposits": 28.344205375102007}}], "scenario_type": "Scenario27"}], "Town04": [{"available_event_configurations": [{"transform": {"pitch": "0", "x": 254.9, "y": -230.9, "yaw": 90, "z": 0}, "_start_distance": 17.586808214982515, "_actor_vel": 2.286849581607269, "_trigger_distance": 17.91734432781379, "_model": 1, "weather": {"sun_altitude_angle": -4.198709428260685, "precipitation": 67.01632578125476, "wind_intensity": 88.87710075603812, "sun_azimuth_angle": 62.12021918908381, "fog_distance": "0", "cloudiness": 40.85926859200739, "fog_density": 34.643698850820805, "wetness": 65.08673876975166, "precipitation_deposits": 28.344205375102007}}], "scenario_type": "Scenario27"}], "Town03": [{"available_event_configurations": [{"transform": {"pitch": "0", "x": -88.5, "y": -90, "yaw": 90, "z": 0}, "_start_distance": 17.586808214982515, "_actor_vel": 2.286849581607269, "_trigger_distance": 17.91734432781379, "_model": 1, "weather": {"sun_altitude_angle": -4.198709428260685, "precipitation": 67.01632578125476, "wind_intensity": 88.87710075603812, "sun_azimuth_angle": 62.12021918908381, "fog_distance": "0", "cloudiness": 40.85926859200739, "fog_density": 34.643698850820805, "wetness": 65.08673876975166, "precipitation_deposits": 28.344205375102007}}], "scenario_type": "Scenario27"}]}]}