{"available_scenarios": [{"Town05": [{"available_event_configurations": [{"transform": {"pitch": "0", "x": 35, "y": 130, "yaw": -90, "z": 0}, "_start_distance": 15.091425768407763, "_actor_vel": 2.4944594353597, "_trigger_distance": 15.284822177724946, "_model": 1}, {"transform": {"pitch": "0", "x": 35, "y": 65, "yaw": -90, "z": 0}, "_start_distance": 15.091425768407763, "_actor_vel": 2.4944594353597, "_trigger_distance": 15.284822177724946, "_model": 1, "weather": {"sun_altitude_angle": 53.34877373209352, "precipitation": 48.32242509535305, "wind_intensity": 78.46825237740799, "sun_azimuth_angle": 75.52718300299571, "fog_distance": "0", "cloudiness": 20.402672552390722, "fog_density": 90.56796081701118, "wetness": 68.45446681175896, "precipitation_deposits": 21.90815416526305}}], "scenario_type": "Scenario27"}], "Town01": [{"available_event_configurations": [{"transform": {"pitch": "0", "x": 312, "y": 129, "yaw": 180, "z": 0}, "_start_distance": 15.091425768407763, "_actor_vel": 2.4944594353597, "_trigger_distance": 15.284822177724946, "_model": 1, "weather": {"sun_altitude_angle": 53.34877373209352, "precipitation": 48.32242509535305, "wind_intensity": 78.46825237740799, "sun_azimuth_angle": 75.52718300299571, "fog_distance": "0", "cloudiness": 20.402672552390722, "fog_density": 90.56796081701118, "wetness": 68.45446681175896, "precipitation_deposits": 21.90815416526305}}], "scenario_type": "Scenario27"}], "Town04": [{"available_event_configurations": [{"transform": {"pitch": "0", "x": 254.9, "y": -230.9, "yaw": 90, "z": 0}, "_start_distance": 15.091425768407763, "_actor_vel": 2.4944594353597, "_trigger_distance": 15.284822177724946, "_model": 1, "weather": {"sun_altitude_angle": 53.34877373209352, "precipitation": 48.32242509535305, "wind_intensity": 78.46825237740799, "sun_azimuth_angle": 75.52718300299571, "fog_distance": "0", "cloudiness": 20.402672552390722, "fog_density": 90.56796081701118, "wetness": 68.45446681175896, "precipitation_deposits": 21.90815416526305}}], "scenario_type": "Scenario27"}], "Town03": [{"available_event_configurations": [{"transform": {"pitch": "0", "x": -88.5, "y": -90, "yaw": 90, "z": 0}, "_start_distance": 15.091425768407763, "_actor_vel": 2.4944594353597, "_trigger_distance": 15.284822177724946, "_model": 1, "weather": {"sun_altitude_angle": 53.34877373209352, "precipitation": 48.32242509535305, "wind_intensity": 78.46825237740799, "sun_azimuth_angle": 75.52718300299571, "fog_distance": "0", "cloudiness": 20.402672552390722, "fog_density": 90.56796081701118, "wetness": 68.45446681175896, "precipitation_deposits": 21.90815416526305}}], "scenario_type": "Scenario27"}]}]}