{"available_scenarios": [{"Town05": [{"available_event_configurations": [{"transform": {"pitch": "0", "x": 35, "y": 130, "yaw": -90, "z": 0}, "_start_distance": 19.82212181956166, "_actor_vel": 2.0233338133677976, "_trigger_distance": 17.20597758154983, "_model": 1}, {"transform": {"pitch": "0", "x": 35, "y": 65, "yaw": -90, "z": 0}, "_start_distance": 19.82212181956166, "_actor_vel": 2.0233338133677976, "_trigger_distance": 17.20597758154983, "_model": 1, "weather": {"sun_altitude_angle": 22.39058777357687, "precipitation": 22.027857507668934, "wind_intensity": 9.377478520086724, "sun_azimuth_angle": 105.59408917317757, "fog_distance": "0", "cloudiness": 89.91617494948126, "fog_density": 19.015245506887336, "wetness": 27.001994542273067, "precipitation_deposits": 52.72153387371815}}], "scenario_type": "Scenario27"}], "Town01": [{"available_event_configurations": [{"transform": {"pitch": "0", "x": 312, "y": 129, "yaw": 180, "z": 0}, "_start_distance": 19.82212181956166, "_actor_vel": 2.0233338133677976, "_trigger_distance": 17.20597758154983, "_model": 1, "weather": {"sun_altitude_angle": 22.39058777357687, "precipitation": 22.027857507668934, "wind_intensity": 9.377478520086724, "sun_azimuth_angle": 105.59408917317757, "fog_distance": "0", "cloudiness": 89.91617494948126, "fog_density": 19.015245506887336, "wetness": 27.001994542273067, "precipitation_deposits": 52.72153387371815}}], "scenario_type": "Scenario27"}], "Town04": [{"available_event_configurations": [{"transform": {"pitch": "0", "x": 254.9, "y": -230.9, "yaw": 90, "z": 0}, "_start_distance": 19.82212181956166, "_actor_vel": 2.0233338133677976, "_trigger_distance": 17.20597758154983, "_model": 1, "weather": {"sun_altitude_angle": 22.39058777357687, "precipitation": 22.027857507668934, "wind_intensity": 9.377478520086724, "sun_azimuth_angle": 105.59408917317757, "fog_distance": "0", "cloudiness": 89.91617494948126, "fog_density": 19.015245506887336, "wetness": 27.001994542273067, "precipitation_deposits": 52.72153387371815}}], "scenario_type": "Scenario27"}], "Town03": [{"available_event_configurations": [{"transform": {"pitch": "0", "x": -88.5, "y": -90, "yaw": 90, "z": 0}, "_start_distance": 19.82212181956166, "_actor_vel": 2.0233338133677976, "_trigger_distance": 17.20597758154983, "_model": 1, "weather": {"sun_altitude_angle": 22.39058777357687, "precipitation": 22.027857507668934, "wind_intensity": 9.377478520086724, "sun_azimuth_angle": 105.59408917317757, "fog_distance": "0", "cloudiness": 89.91617494948126, "fog_density": 19.015245506887336, "wetness": 27.001994542273067, "precipitation_deposits": 52.72153387371815}}], "scenario_type": "Scenario27"}]}]}