{"available_scenarios": [{"Town05": [{"available_event_configurations": [{"transform": {"pitch": "0", "x": 35, "y": 130, "yaw": -90, "z": 0}, "_start_distance": 19.43632006022414, "_actor_vel": 2.4286975010453933, "_trigger_distance": 18.698098637867858, "_model": 1}, {"transform": {"pitch": "0", "x": 35, "y": 65, "yaw": -90, "z": 0}, "_start_distance": 19.43632006022414, "_actor_vel": 2.4286975010453933, "_trigger_distance": 18.698098637867858, "_model": 1, "weather": {"sun_altitude_angle": 59.622021370408675, "precipitation": 66.60576820692043, "wind_intensity": 21.84637943094402, "sun_azimuth_angle": 22.105099202448187, "fog_distance": "0", "cloudiness": 96.62424524952027, "fog_density": 97.81460943808578, "wetness": 85.46709095127129, "precipitation_deposits": 54.50418084433656}}], "scenario_type": "Scenario27"}], "Town01": [{"available_event_configurations": [{"transform": {"pitch": "0", "x": 312, "y": 129, "yaw": 180, "z": 0}, "_start_distance": 19.43632006022414, "_actor_vel": 2.4286975010453933, "_trigger_distance": 18.698098637867858, "_model": 1, "weather": {"sun_altitude_angle": 59.622021370408675, "precipitation": 66.60576820692043, "wind_intensity": 21.84637943094402, "sun_azimuth_angle": 22.105099202448187, "fog_distance": "0", "cloudiness": 96.62424524952027, "fog_density": 97.81460943808578, "wetness": 85.46709095127129, "precipitation_deposits": 54.50418084433656}}], "scenario_type": "Scenario27"}], "Town04": [{"available_event_configurations": [{"transform": {"pitch": "0", "x": 254.9, "y": -230.9, "yaw": 90, "z": 0}, "_start_distance": 19.43632006022414, "_actor_vel": 2.4286975010453933, "_trigger_distance": 18.698098637867858, "_model": 1, "weather": {"sun_altitude_angle": 59.622021370408675, "precipitation": 66.60576820692043, "wind_intensity": 21.84637943094402, "sun_azimuth_angle": 22.105099202448187, "fog_distance": "0", "cloudiness": 96.62424524952027, "fog_density": 97.81460943808578, "wetness": 85.46709095127129, "precipitation_deposits": 54.50418084433656}}], "scenario_type": "Scenario27"}], "Town03": [{"available_event_configurations": [{"transform": {"pitch": "0", "x": -88.5, "y": -90, "yaw": 90, "z": 0}, "_start_distance": 19.43632006022414, "_actor_vel": 2.4286975010453933, "_trigger_distance": 18.698098637867858, "_model": 1, "weather": {"sun_altitude_angle": 59.622021370408675, "precipitation": 66.60576820692043, "wind_intensity": 21.84637943094402, "sun_azimuth_angle": 22.105099202448187, "fog_distance": "0", "cloudiness": 96.62424524952027, "fog_density": 97.81460943808578, "wetness": 85.46709095127129, "precipitation_deposits": 54.50418084433656}}], "scenario_type": "Scenario27"}]}]}