{"available_scenarios": [{"Town05": [{"available_event_configurations": [{"transform": {"pitch": "0", "x": 35, "y": 130, "yaw": -90, "z": 0}, "_start_distance": 19.703998741254843, "_actor_vel": 2.1763064170029263, "_trigger_distance": 17.818458086980215, "_model": 1}, {"transform": {"pitch": "0", "x": 35, "y": 65, "yaw": -90, "z": 0}, "_start_distance": 19.703998741254843, "_actor_vel": 2.1763064170029263, "_trigger_distance": 17.818458086980215, "_model": 1, "weather": {"sun_altitude_angle": 34.82343574531673, "precipitation": 44.36103764281789, "wind_intensity": 52.00090391079516, "sun_azimuth_angle": 213.85375203152856, "fog_distance": "0", "cloudiness": 83.25086811640845, "fog_density": 68.22838885722757, "wetness": 3.042570947729295, "precipitation_deposits": 63.13598639870028}}], "scenario_type": "Scenario27"}], "Town01": [{"available_event_configurations": [{"transform": {"pitch": "0", "x": 312, "y": 129, "yaw": 180, "z": 0}, "_start_distance": 19.703998741254843, "_actor_vel": 2.1763064170029263, "_trigger_distance": 17.818458086980215, "_model": 1, "weather": {"sun_altitude_angle": 34.82343574531673, "precipitation": 44.36103764281789, "wind_intensity": 52.00090391079516, "sun_azimuth_angle": 213.85375203152856, "fog_distance": "0", "cloudiness": 83.25086811640845, "fog_density": 68.22838885722757, "wetness": 3.042570947729295, "precipitation_deposits": 63.13598639870028}}], "scenario_type": "Scenario27"}], "Town04": [{"available_event_configurations": [{"transform": {"pitch": "0", "x": 254.9, "y": -230.9, "yaw": 90, "z": 0}, "_start_distance": 19.703998741254843, "_actor_vel": 2.1763064170029263, "_trigger_distance": 17.818458086980215, "_model": 1, "weather": {"sun_altitude_angle": 34.82343574531673, "precipitation": 44.36103764281789, "wind_intensity": 52.00090391079516, "sun_azimuth_angle": 213.85375203152856, "fog_distance": "0", "cloudiness": 83.25086811640845, "fog_density": 68.22838885722757, "wetness": 3.042570947729295, "precipitation_deposits": 63.13598639870028}}], "scenario_type": "Scenario27"}], "Town03": [{"available_event_configurations": [{"transform": {"pitch": "0", "x": -88.5, "y": -90, "yaw": 90, "z": 0}, "_start_distance": 19.703998741254843, "_actor_vel": 2.1763064170029263, "_trigger_distance": 17.818458086980215, "_model": 1, "weather": {"sun_altitude_angle": 34.82343574531673, "precipitation": 44.36103764281789, "wind_intensity": 52.00090391079516, "sun_azimuth_angle": 213.85375203152856, "fog_distance": "0", "cloudiness": 83.25086811640845, "fog_density": 68.22838885722757, "wetness": 3.042570947729295, "precipitation_deposits": 63.13598639870028}}], "scenario_type": "Scenario27"}]}]}