{"available_scenarios": [{"Town05": [{"available_event_configurations": [{"transform": {"pitch": "0", "x": 35, "y": 130, "yaw": -90, "z": 0}, "_start_distance": 18.5077244538748, "_actor_vel": 2.3692124744527296, "_trigger_distance": 19.835448142860542, "_model": 1}, {"transform": {"pitch": "0", "x": 35, "y": 65, "yaw": -90, "z": 0}, "_start_distance": 18.5077244538748, "_actor_vel": 2.3692124744527296, "_trigger_distance": 19.835448142860542, "_model": 1, "weather": {"sun_altitude_angle": 7.204332180014902, "precipitation": 52.738176529847905, "wind_intensity": 14.198546605536134, "sun_azimuth_angle": 215.37019459216097, "fog_distance": "0", "cloudiness": 26.80027608575172, "fog_density": 56.27687766016163, "wetness": 90.86355841890165, "precipitation_deposits": 82.53123482264687}}], "scenario_type": "Scenario27"}], "Town01": [{"available_event_configurations": [{"transform": {"pitch": "0", "x": 312, "y": 129, "yaw": 180, "z": 0}, "_start_distance": 18.5077244538748, "_actor_vel": 2.3692124744527296, "_trigger_distance": 19.835448142860542, "_model": 1, "weather": {"sun_altitude_angle": 7.204332180014902, "precipitation": 52.738176529847905, "wind_intensity": 14.198546605536134, "sun_azimuth_angle": 215.37019459216097, "fog_distance": "0", "cloudiness": 26.80027608575172, "fog_density": 56.27687766016163, "wetness": 90.86355841890165, "precipitation_deposits": 82.53123482264687}}], "scenario_type": "Scenario27"}], "Town04": [{"available_event_configurations": [{"transform": {"pitch": "0", "x": 254.9, "y": -230.9, "yaw": 90, "z": 0}, "_start_distance": 18.5077244538748, "_actor_vel": 2.3692124744527296, "_trigger_distance": 19.835448142860542, "_model": 1, "weather": {"sun_altitude_angle": 7.204332180014902, "precipitation": 52.738176529847905, "wind_intensity": 14.198546605536134, "sun_azimuth_angle": 215.37019459216097, "fog_distance": "0", "cloudiness": 26.80027608575172, "fog_density": 56.27687766016163, "wetness": 90.86355841890165, "precipitation_deposits": 82.53123482264687}}], "scenario_type": "Scenario27"}], "Town03": [{"available_event_configurations": [{"transform": {"pitch": "0", "x": -88.5, "y": -90, "yaw": 90, "z": 0}, "_start_distance": 18.5077244538748, "_actor_vel": 2.3692124744527296, "_trigger_distance": 19.835448142860542, "_model": 1, "weather": {"sun_altitude_angle": 7.204332180014902, "precipitation": 52.738176529847905, "wind_intensity": 14.198546605536134, "sun_azimuth_angle": 215.37019459216097, "fog_distance": "0", "cloudiness": 26.80027608575172, "fog_density": 56.27687766016163, "wetness": 90.86355841890165, "precipitation_deposits": 82.53123482264687}}], "scenario_type": "Scenario27"}]}]}