{"available_scenarios": [{"Town05": [{"available_event_configurations": [{"transform": {"pitch": "0", "x": 35, "y": 130, "yaw": -90, "z": 0}, "_start_distance": 18.080235460263893, "_actor_vel": 2.157401682665865, "_trigger_distance": 15.35061183288847, "_model": 1}, {"transform": {"pitch": "0", "x": 35, "y": 65, "yaw": -90, "z": 0}, "_start_distance": 18.080235460263893, "_actor_vel": 2.157401682665865, "_trigger_distance": 15.35061183288847, "_model": 1, "weather": {"sun_altitude_angle": -70.44011670017834, "precipitation": 36.10546093949636, "wind_intensity": 87.05216243972725, "sun_azimuth_angle": 89.9429850335063, "fog_distance": "0", "cloudiness": 2.9594507011753035, "fog_density": 89.00914156757288, "wetness": 95.85059665701486, "precipitation_deposits": 68.2301041745412}}], "scenario_type": "Scenario27"}], "Town01": [{"available_event_configurations": [{"transform": {"pitch": "0", "x": 312, "y": 129, "yaw": 180, "z": 0}, "_start_distance": 18.080235460263893, "_actor_vel": 2.157401682665865, "_trigger_distance": 15.35061183288847, "_model": 1, "weather": {"sun_altitude_angle": -70.44011670017834, "precipitation": 36.10546093949636, "wind_intensity": 87.05216243972725, "sun_azimuth_angle": 89.9429850335063, "fog_distance": "0", "cloudiness": 2.9594507011753035, "fog_density": 89.00914156757288, "wetness": 95.85059665701486, "precipitation_deposits": 68.2301041745412}}], "scenario_type": "Scenario27"}], "Town04": [{"available_event_configurations": [{"transform": {"pitch": "0", "x": 254.9, "y": -230.9, "yaw": 90, "z": 0}, "_start_distance": 18.080235460263893, "_actor_vel": 2.157401682665865, "_trigger_distance": 15.35061183288847, "_model": 1, "weather": {"sun_altitude_angle": -70.44011670017834, "precipitation": 36.10546093949636, "wind_intensity": 87.05216243972725, "sun_azimuth_angle": 89.9429850335063, "fog_distance": "0", "cloudiness": 2.9594507011753035, "fog_density": 89.00914156757288, "wetness": 95.85059665701486, "precipitation_deposits": 68.2301041745412}}], "scenario_type": "Scenario27"}], "Town03": [{"available_event_configurations": [{"transform": {"pitch": "0", "x": -88.5, "y": -90, "yaw": 90, "z": 0}, "_start_distance": 18.080235460263893, "_actor_vel": 2.157401682665865, "_trigger_distance": 15.35061183288847, "_model": 1, "weather": {"sun_altitude_angle": -70.44011670017834, "precipitation": 36.10546093949636, "wind_intensity": 87.05216243972725, "sun_azimuth_angle": 89.9429850335063, "fog_distance": "0", "cloudiness": 2.9594507011753035, "fog_density": 89.00914156757288, "wetness": 95.85059665701486, "precipitation_deposits": 68.2301041745412}}], "scenario_type": "Scenario27"}]}]}