{"available_scenarios": [{"Town05": [{"available_event_configurations": [{"transform": {"pitch": "0", "x": 35, "y": 130, "yaw": -90, "z": 0}, "_start_distance": 16.795422033500277, "_actor_vel": 2.458017306306359, "_trigger_distance": 19.81032768161908, "_model": 1}, {"transform": {"pitch": "0", "x": 35, "y": 65, "yaw": -90, "z": 0}, "_start_distance": 16.795422033500277, "_actor_vel": 2.458017306306359, "_trigger_distance": 19.81032768161908, "_model": 1, "weather": {"sun_altitude_angle": -43.30927963123628, "precipitation": 0.4179933651862755, "wind_intensity": 95.60681698165517, "sun_azimuth_angle": 334.94249398382925, "fog_distance": "0", "cloudiness": 90.20440674685244, "fog_density": 66.39978703040099, "wetness": 57.324428390249004, "precipitation_deposits": 38.968483801306995}}], "scenario_type": "Scenario27"}], "Town01": [{"available_event_configurations": [{"transform": {"pitch": "0", "x": 312, "y": 129, "yaw": 180, "z": 0}, "_start_distance": 16.795422033500277, "_actor_vel": 2.458017306306359, "_trigger_distance": 19.81032768161908, "_model": 1, "weather": {"sun_altitude_angle": -43.30927963123628, "precipitation": 0.4179933651862755, "wind_intensity": 95.60681698165517, "sun_azimuth_angle": 334.94249398382925, "fog_distance": "0", "cloudiness": 90.20440674685244, "fog_density": 66.39978703040099, "wetness": 57.324428390249004, "precipitation_deposits": 38.968483801306995}}], "scenario_type": "Scenario27"}], "Town04": [{"available_event_configurations": [{"transform": {"pitch": "0", "x": 254.9, "y": -230.9, "yaw": 90, "z": 0}, "_start_distance": 16.795422033500277, "_actor_vel": 2.458017306306359, "_trigger_distance": 19.81032768161908, "_model": 1, "weather": {"sun_altitude_angle": -43.30927963123628, "precipitation": 0.4179933651862755, "wind_intensity": 95.60681698165517, "sun_azimuth_angle": 334.94249398382925, "fog_distance": "0", "cloudiness": 90.20440674685244, "fog_density": 66.39978703040099, "wetness": 57.324428390249004, "precipitation_deposits": 38.968483801306995}}], "scenario_type": "Scenario27"}], "Town03": [{"available_event_configurations": [{"transform": {"pitch": "0", "x": -88.5, "y": -90, "yaw": 90, "z": 0}, "_start_distance": 16.795422033500277, "_actor_vel": 2.458017306306359, "_trigger_distance": 19.81032768161908, "_model": 1, "weather": {"sun_altitude_angle": -43.30927963123628, "precipitation": 0.4179933651862755, "wind_intensity": 95.60681698165517, "sun_azimuth_angle": 334.94249398382925, "fog_distance": "0", "cloudiness": 90.20440674685244, "fog_density": 66.39978703040099, "wetness": 57.324428390249004, "precipitation_deposits": 38.968483801306995}}], "scenario_type": "Scenario27"}]}]}