{"available_scenarios": [{"Town05": [{"available_event_configurations": [{"transform": {"pitch": "0", "x": 35, "y": 130, "yaw": -90, "z": 0}, "_start_distance": 17.466905699687864, "_actor_vel": 2.0254692767817293, "_trigger_distance": 18.91499321789405, "_model": 1}, {"transform": {"pitch": "0", "x": 35, "y": 65, "yaw": -90, "z": 0}, "_start_distance": 17.466905699687864, "_actor_vel": 2.0254692767817293, "_trigger_distance": 18.91499321789405, "_model": 1, "weather": {"sun_altitude_angle": 65.78451382694217, "precipitation": 47.5209309524076, "wind_intensity": 87.97202580371699, "sun_azimuth_angle": 257.8789003646972, "fog_distance": "0", "cloudiness": 96.78407417439435, "fog_density": 65.5281312949588, "wetness": 10.000572386238026, "precipitation_deposits": 65.89291682892923}}], "scenario_type": "Scenario27"}], "Town01": [{"available_event_configurations": [{"transform": {"pitch": "0", "x": 312, "y": 129, "yaw": 180, "z": 0}, "_start_distance": 17.466905699687864, "_actor_vel": 2.0254692767817293, "_trigger_distance": 18.91499321789405, "_model": 1, "weather": {"sun_altitude_angle": 65.78451382694217, "precipitation": 47.5209309524076, "wind_intensity": 87.97202580371699, "sun_azimuth_angle": 257.8789003646972, "fog_distance": "0", "cloudiness": 96.78407417439435, "fog_density": 65.5281312949588, "wetness": 10.000572386238026, "precipitation_deposits": 65.89291682892923}}], "scenario_type": "Scenario27"}], "Town04": [{"available_event_configurations": [{"transform": {"pitch": "0", "x": 254.9, "y": -230.9, "yaw": 90, "z": 0}, "_start_distance": 17.466905699687864, "_actor_vel": 2.0254692767817293, "_trigger_distance": 18.91499321789405, "_model": 1, "weather": {"sun_altitude_angle": 65.78451382694217, "precipitation": 47.5209309524076, "wind_intensity": 87.97202580371699, "sun_azimuth_angle": 257.8789003646972, "fog_distance": "0", "cloudiness": 96.78407417439435, "fog_density": 65.5281312949588, "wetness": 10.000572386238026, "precipitation_deposits": 65.89291682892923}}], "scenario_type": "Scenario27"}], "Town03": [{"available_event_configurations": [{"transform": {"pitch": "0", "x": -88.5, "y": -90, "yaw": 90, "z": 0}, "_start_distance": 17.466905699687864, "_actor_vel": 2.0254692767817293, "_trigger_distance": 18.91499321789405, "_model": 1, "weather": {"sun_altitude_angle": 65.78451382694217, "precipitation": 47.5209309524076, "wind_intensity": 87.97202580371699, "sun_azimuth_angle": 257.8789003646972, "fog_distance": "0", "cloudiness": 96.78407417439435, "fog_density": 65.5281312949588, "wetness": 10.000572386238026, "precipitation_deposits": 65.89291682892923}}], "scenario_type": "Scenario27"}]}]}