{"available_scenarios": [{"Town05": [{"available_event_configurations": [{"transform": {"pitch": "0", "x": 35, "y": 130, "yaw": -90, "z": 0}, "_start_distance": 17.014028691715367, "_actor_vel": 2.017105319513731, "_trigger_distance": 19.83931637418167, "_model": 1}, {"transform": {"pitch": "0", "x": 35, "y": 65, "yaw": -90, "z": 0}, "_start_distance": 17.014028691715367, "_actor_vel": 2.017105319513731, "_trigger_distance": 19.83931637418167, "_model": 1, "weather": {"sun_altitude_angle": 62.011874793784585, "precipitation": 88.11524004895584, "wind_intensity": 81.34705251281386, "sun_azimuth_angle": 45.16893162025252, "fog_distance": "0", "cloudiness": 80.796528070727, "fog_density": 18.89861654088977, "wetness": 14.102874824106582, "precipitation_deposits": 44.90214547287516}}], "scenario_type": "Scenario27"}], "Town01": [{"available_event_configurations": [{"transform": {"pitch": "0", "x": 312, "y": 129, "yaw": 180, "z": 0}, "_start_distance": 17.014028691715367, "_actor_vel": 2.017105319513731, "_trigger_distance": 19.83931637418167, "_model": 1, "weather": {"sun_altitude_angle": 62.011874793784585, "precipitation": 88.11524004895584, "wind_intensity": 81.34705251281386, "sun_azimuth_angle": 45.16893162025252, "fog_distance": "0", "cloudiness": 80.796528070727, "fog_density": 18.89861654088977, "wetness": 14.102874824106582, "precipitation_deposits": 44.90214547287516}}], "scenario_type": "Scenario27"}], "Town04": [{"available_event_configurations": [{"transform": {"pitch": "0", "x": 254.9, "y": -230.9, "yaw": 90, "z": 0}, "_start_distance": 17.014028691715367, "_actor_vel": 2.017105319513731, "_trigger_distance": 19.83931637418167, "_model": 1, "weather": {"sun_altitude_angle": 62.011874793784585, "precipitation": 88.11524004895584, "wind_intensity": 81.34705251281386, "sun_azimuth_angle": 45.16893162025252, "fog_distance": "0", "cloudiness": 80.796528070727, "fog_density": 18.89861654088977, "wetness": 14.102874824106582, "precipitation_deposits": 44.90214547287516}}], "scenario_type": "Scenario27"}], "Town03": [{"available_event_configurations": [{"transform": {"pitch": "0", "x": -88.5, "y": -90, "yaw": 90, "z": 0}, "_start_distance": 17.014028691715367, "_actor_vel": 2.017105319513731, "_trigger_distance": 19.83931637418167, "_model": 1, "weather": {"sun_altitude_angle": 62.011874793784585, "precipitation": 88.11524004895584, "wind_intensity": 81.34705251281386, "sun_azimuth_angle": 45.16893162025252, "fog_distance": "0", "cloudiness": 80.796528070727, "fog_density": 18.89861654088977, "wetness": 14.102874824106582, "precipitation_deposits": 44.90214547287516}}], "scenario_type": "Scenario27"}]}]}