{"available_scenarios": [{"Town05": [{"available_event_configurations": [{"transform": {"pitch": "0", "x": 35, "y": 130, "yaw": -90, "z": 0}, "_start_distance": 17.578850153933413, "_actor_vel": 2.3333160919186002, "_trigger_distance": 15.94701699599321, "_model": 1}, {"transform": {"pitch": "0", "x": 35, "y": 65, "yaw": -90, "z": 0}, "_start_distance": 17.578850153933413, "_actor_vel": 2.3333160919186002, "_trigger_distance": 15.94701699599321, "_model": 1, "weather": {"sun_altitude_angle": 54.70869105653108, "precipitation": 68.37494123082553, "wind_intensity": 92.98850668404485, "sun_azimuth_angle": 198.71055975291944, "fog_distance": "0", "cloudiness": 61.38330478352126, "fog_density": 13.166645934174316, "wetness": 66.98731261056004, "precipitation_deposits": 33.55076251485725}}], "scenario_type": "Scenario27"}], "Town01": [{"available_event_configurations": [{"transform": {"pitch": "0", "x": 312, "y": 129, "yaw": 180, "z": 0}, "_start_distance": 17.578850153933413, "_actor_vel": 2.3333160919186002, "_trigger_distance": 15.94701699599321, "_model": 1, "weather": {"sun_altitude_angle": 54.70869105653108, "precipitation": 68.37494123082553, "wind_intensity": 92.98850668404485, "sun_azimuth_angle": 198.71055975291944, "fog_distance": "0", "cloudiness": 61.38330478352126, "fog_density": 13.166645934174316, "wetness": 66.98731261056004, "precipitation_deposits": 33.55076251485725}}], "scenario_type": "Scenario27"}], "Town04": [{"available_event_configurations": [{"transform": {"pitch": "0", "x": 254.9, "y": -230.9, "yaw": 90, "z": 0}, "_start_distance": 17.578850153933413, "_actor_vel": 2.3333160919186002, "_trigger_distance": 15.94701699599321, "_model": 1, "weather": {"sun_altitude_angle": 54.70869105653108, "precipitation": 68.37494123082553, "wind_intensity": 92.98850668404485, "sun_azimuth_angle": 198.71055975291944, "fog_distance": "0", "cloudiness": 61.38330478352126, "fog_density": 13.166645934174316, "wetness": 66.98731261056004, "precipitation_deposits": 33.55076251485725}}], "scenario_type": "Scenario27"}], "Town03": [{"available_event_configurations": [{"transform": {"pitch": "0", "x": -88.5, "y": -90, "yaw": 90, "z": 0}, "_start_distance": 17.578850153933413, "_actor_vel": 2.3333160919186002, "_trigger_distance": 15.94701699599321, "_model": 1, "weather": {"sun_altitude_angle": 54.70869105653108, "precipitation": 68.37494123082553, "wind_intensity": 92.98850668404485, "sun_azimuth_angle": 198.71055975291944, "fog_distance": "0", "cloudiness": 61.38330478352126, "fog_density": 13.166645934174316, "wetness": 66.98731261056004, "precipitation_deposits": 33.55076251485725}}], "scenario_type": "Scenario27"}]}]}