{"available_scenarios": [{"Town05": [{"available_event_configurations": [{"transform": {"pitch": "0", "x": 35, "y": 130, "yaw": -90, "z": 0}, "_start_distance": 19.996070894527648, "_actor_vel": 2.27806790457414, "_trigger_distance": 19.085003501470453, "_model": 1}, {"transform": {"pitch": "0", "x": 35, "y": 65, "yaw": -90, "z": 0}, "_start_distance": 19.996070894527648, "_actor_vel": 2.27806790457414, "_trigger_distance": 19.085003501470453, "_model": 1, "weather": {"sun_altitude_angle": 38.47112280995745, "precipitation": 99.40418276934963, "wind_intensity": 7.87712464849224, "sun_azimuth_angle": 300.48498643410755, "fog_distance": "0", "cloudiness": 71.44373855027435, "fog_density": 8.787746206138635, "wetness": 55.08905186633961, "precipitation_deposits": 12.14796807114401}}], "scenario_type": "Scenario27"}], "Town01": [{"available_event_configurations": [{"transform": {"pitch": "0", "x": 312, "y": 129, "yaw": 180, "z": 0}, "_start_distance": 19.996070894527648, "_actor_vel": 2.27806790457414, "_trigger_distance": 19.085003501470453, "_model": 1, "weather": {"sun_altitude_angle": 38.47112280995745, "precipitation": 99.40418276934963, "wind_intensity": 7.87712464849224, "sun_azimuth_angle": 300.48498643410755, "fog_distance": "0", "cloudiness": 71.44373855027435, "fog_density": 8.787746206138635, "wetness": 55.08905186633961, "precipitation_deposits": 12.14796807114401}}], "scenario_type": "Scenario27"}], "Town04": [{"available_event_configurations": [{"transform": {"pitch": "0", "x": 254.9, "y": -230.9, "yaw": 90, "z": 0}, "_start_distance": 19.996070894527648, "_actor_vel": 2.27806790457414, "_trigger_distance": 19.085003501470453, "_model": 1, "weather": {"sun_altitude_angle": 38.47112280995745, "precipitation": 99.40418276934963, "wind_intensity": 7.87712464849224, "sun_azimuth_angle": 300.48498643410755, "fog_distance": "0", "cloudiness": 71.44373855027435, "fog_density": 8.787746206138635, "wetness": 55.08905186633961, "precipitation_deposits": 12.14796807114401}}], "scenario_type": "Scenario27"}], "Town03": [{"available_event_configurations": [{"transform": {"pitch": "0", "x": -88.5, "y": -90, "yaw": 90, "z": 0}, "_start_distance": 19.996070894527648, "_actor_vel": 2.27806790457414, "_trigger_distance": 19.085003501470453, "_model": 1, "weather": {"sun_altitude_angle": 38.47112280995745, "precipitation": 99.40418276934963, "wind_intensity": 7.87712464849224, "sun_azimuth_angle": 300.48498643410755, "fog_distance": "0", "cloudiness": 71.44373855027435, "fog_density": 8.787746206138635, "wetness": 55.08905186633961, "precipitation_deposits": 12.14796807114401}}], "scenario_type": "Scenario27"}]}]}