{"available_scenarios": [{"Town05": [{"available_event_configurations": [{"transform": {"pitch": "0", "x": 35, "y": 130, "yaw": -90, "z": 0}, "_start_distance": 18.35287640180997, "_actor_vel": 2.3544959251426114, "_trigger_distance": 17.950099517284777, "_model": 1}, {"transform": {"pitch": "0", "x": 35, "y": 65, "yaw": -90, "z": 0}, "_start_distance": 18.35287640180997, "_actor_vel": 2.3544959251426114, "_trigger_distance": 17.950099517284777, "_model": 1, "weather": {"sun_altitude_angle": -84.58328458491302, "precipitation": 5.194409091818586, "wind_intensity": 50.273423046357834, "sun_azimuth_angle": 39.767847566696034, "fog_distance": "0", "cloudiness": 25.776191168459683, "fog_density": 91.68386026873665, "wetness": 98.72776607313888, "precipitation_deposits": 22.954965735774092}}], "scenario_type": "Scenario27"}], "Town01": [{"available_event_configurations": [{"transform": {"pitch": "0", "x": 312, "y": 129, "yaw": 180, "z": 0}, "_start_distance": 18.35287640180997, "_actor_vel": 2.3544959251426114, "_trigger_distance": 17.950099517284777, "_model": 1, "weather": {"sun_altitude_angle": -84.58328458491302, "precipitation": 5.194409091818586, "wind_intensity": 50.273423046357834, "sun_azimuth_angle": 39.767847566696034, "fog_distance": "0", "cloudiness": 25.776191168459683, "fog_density": 91.68386026873665, "wetness": 98.72776607313888, "precipitation_deposits": 22.954965735774092}}], "scenario_type": "Scenario27"}], "Town04": [{"available_event_configurations": [{"transform": {"pitch": "0", "x": 254.9, "y": -230.9, "yaw": 90, "z": 0}, "_start_distance": 18.35287640180997, "_actor_vel": 2.3544959251426114, "_trigger_distance": 17.950099517284777, "_model": 1, "weather": {"sun_altitude_angle": -84.58328458491302, "precipitation": 5.194409091818586, "wind_intensity": 50.273423046357834, "sun_azimuth_angle": 39.767847566696034, "fog_distance": "0", "cloudiness": 25.776191168459683, "fog_density": 91.68386026873665, "wetness": 98.72776607313888, "precipitation_deposits": 22.954965735774092}}], "scenario_type": "Scenario27"}], "Town03": [{"available_event_configurations": [{"transform": {"pitch": "0", "x": -88.5, "y": -90, "yaw": 90, "z": 0}, "_start_distance": 18.35287640180997, "_actor_vel": 2.3544959251426114, "_trigger_distance": 17.950099517284777, "_model": 1, "weather": {"sun_altitude_angle": -84.58328458491302, "precipitation": 5.194409091818586, "wind_intensity": 50.273423046357834, "sun_azimuth_angle": 39.767847566696034, "fog_distance": "0", "cloudiness": 25.776191168459683, "fog_density": 91.68386026873665, "wetness": 98.72776607313888, "precipitation_deposits": 22.954965735774092}}], "scenario_type": "Scenario27"}]}]}