{"available_scenarios": [{"Town05": [{"available_event_configurations": [{"transform": {"pitch": "0", "x": 35, "y": 130, "yaw": -90, "z": 0}, "_start_distance": 16.3495187342225, "_actor_vel": 2.0330495251100253, "_trigger_distance": 19.59553978720587, "_model": 1}, {"transform": {"pitch": "0", "x": 35, "y": 65, "yaw": -90, "z": 0}, "_start_distance": 16.3495187342225, "_actor_vel": 2.0330495251100253, "_trigger_distance": 19.59553978720587, "_model": 1, "weather": {"sun_altitude_angle": -8.341757060038503, "precipitation": 45.104131185153115, "wind_intensity": 53.47451411500336, "sun_azimuth_angle": 14.197803657552788, "fog_distance": "0", "cloudiness": 88.4638156919994, "fog_density": 47.0212697600069, "wetness": 35.705220058548, "precipitation_deposits": 35.36190422967419}}], "scenario_type": "Scenario27"}], "Town01": [{"available_event_configurations": [{"transform": {"pitch": "0", "x": 312, "y": 129, "yaw": 180, "z": 0}, "_start_distance": 16.3495187342225, "_actor_vel": 2.0330495251100253, "_trigger_distance": 19.59553978720587, "_model": 1, "weather": {"sun_altitude_angle": -8.341757060038503, "precipitation": 45.104131185153115, "wind_intensity": 53.47451411500336, "sun_azimuth_angle": 14.197803657552788, "fog_distance": "0", "cloudiness": 88.4638156919994, "fog_density": 47.0212697600069, "wetness": 35.705220058548, "precipitation_deposits": 35.36190422967419}}], "scenario_type": "Scenario27"}], "Town04": [{"available_event_configurations": [{"transform": {"pitch": "0", "x": 254.9, "y": -230.9, "yaw": 90, "z": 0}, "_start_distance": 16.3495187342225, "_actor_vel": 2.0330495251100253, "_trigger_distance": 19.59553978720587, "_model": 1, "weather": {"sun_altitude_angle": -8.341757060038503, "precipitation": 45.104131185153115, "wind_intensity": 53.47451411500336, "sun_azimuth_angle": 14.197803657552788, "fog_distance": "0", "cloudiness": 88.4638156919994, "fog_density": 47.0212697600069, "wetness": 35.705220058548, "precipitation_deposits": 35.36190422967419}}], "scenario_type": "Scenario27"}], "Town03": [{"available_event_configurations": [{"transform": {"pitch": "0", "x": -88.5, "y": -90, "yaw": 90, "z": 0}, "_start_distance": 16.3495187342225, "_actor_vel": 2.0330495251100253, "_trigger_distance": 19.59553978720587, "_model": 1, "weather": {"sun_altitude_angle": -8.341757060038503, "precipitation": 45.104131185153115, "wind_intensity": 53.47451411500336, "sun_azimuth_angle": 14.197803657552788, "fog_distance": "0", "cloudiness": 88.4638156919994, "fog_density": 47.0212697600069, "wetness": 35.705220058548, "precipitation_deposits": 35.36190422967419}}], "scenario_type": "Scenario27"}]}]}