{"available_scenarios": [{"Town05": [{"available_event_configurations": [{"transform": {"pitch": "0", "x": 35, "y": 130, "yaw": -90, "z": 0}, "_start_distance": 15.760067792109805, "_actor_vel": 2.4045493971665124, "_trigger_distance": 15.806619825233412, "_model": 1}, {"transform": {"pitch": "0", "x": 35, "y": 65, "yaw": -90, "z": 0}, "_start_distance": 15.760067792109805, "_actor_vel": 2.4045493971665124, "_trigger_distance": 15.806619825233412, "_model": 1, "weather": {"sun_altitude_angle": 60.9824300983413, "precipitation": 76.99668489502123, "wind_intensity": 19.85263195213145, "sun_azimuth_angle": 339.42254710025287, "fog_distance": "0", "cloudiness": 20.688166052195456, "fog_density": 26.8572088008045, "wetness": 70.68497181623827, "precipitation_deposits": 98.36084787372651}}], "scenario_type": "Scenario27"}], "Town01": [{"available_event_configurations": [{"transform": {"pitch": "0", "x": 312, "y": 129, "yaw": 180, "z": 0}, "_start_distance": 15.760067792109805, "_actor_vel": 2.4045493971665124, "_trigger_distance": 15.806619825233412, "_model": 1, "weather": {"sun_altitude_angle": 60.9824300983413, "precipitation": 76.99668489502123, "wind_intensity": 19.85263195213145, "sun_azimuth_angle": 339.42254710025287, "fog_distance": "0", "cloudiness": 20.688166052195456, "fog_density": 26.8572088008045, "wetness": 70.68497181623827, "precipitation_deposits": 98.36084787372651}}], "scenario_type": "Scenario27"}], "Town04": [{"available_event_configurations": [{"transform": {"pitch": "0", "x": 254.9, "y": -230.9, "yaw": 90, "z": 0}, "_start_distance": 15.760067792109805, "_actor_vel": 2.4045493971665124, "_trigger_distance": 15.806619825233412, "_model": 1, "weather": {"sun_altitude_angle": 60.9824300983413, "precipitation": 76.99668489502123, "wind_intensity": 19.85263195213145, "sun_azimuth_angle": 339.42254710025287, "fog_distance": "0", "cloudiness": 20.688166052195456, "fog_density": 26.8572088008045, "wetness": 70.68497181623827, "precipitation_deposits": 98.36084787372651}}], "scenario_type": "Scenario27"}], "Town03": [{"available_event_configurations": [{"transform": {"pitch": "0", "x": -88.5, "y": -90, "yaw": 90, "z": 0}, "_start_distance": 15.760067792109805, "_actor_vel": 2.4045493971665124, "_trigger_distance": 15.806619825233412, "_model": 1, "weather": {"sun_altitude_angle": 60.9824300983413, "precipitation": 76.99668489502123, "wind_intensity": 19.85263195213145, "sun_azimuth_angle": 339.42254710025287, "fog_distance": "0", "cloudiness": 20.688166052195456, "fog_density": 26.8572088008045, "wetness": 70.68497181623827, "precipitation_deposits": 98.36084787372651}}], "scenario_type": "Scenario27"}]}]}