{"available_scenarios": [{"Town05": [{"available_event_configurations": [{"transform": {"pitch": "0", "x": 35, "y": 130, "yaw": -90, "z": 0}, "_start_distance": 18.41698017592727, "_actor_vel": 2.2906395907612276, "_trigger_distance": 18.450664530358743, "_model": 1}, {"transform": {"pitch": "0", "x": 35, "y": 65, "yaw": -90, "z": 0}, "_start_distance": 18.41698017592727, "_actor_vel": 2.2906395907612276, "_trigger_distance": 18.450664530358743, "_model": 1, "weather": {"sun_altitude_angle": -24.744737537696082, "precipitation": 31.193452631208274, "wind_intensity": 15.315533610430165, "sun_azimuth_angle": 252.12043334141293, "fog_distance": "0", "cloudiness": 42.1903001797392, "fog_density": 60.11630544251516, "wetness": 63.81823255635337, "precipitation_deposits": 48.9002423285815}}], "scenario_type": "Scenario27"}], "Town01": [{"available_event_configurations": [{"transform": {"pitch": "0", "x": 312, "y": 129, "yaw": 180, "z": 0}, "_start_distance": 18.41698017592727, "_actor_vel": 2.2906395907612276, "_trigger_distance": 18.450664530358743, "_model": 1, "weather": {"sun_altitude_angle": -24.744737537696082, "precipitation": 31.193452631208274, "wind_intensity": 15.315533610430165, "sun_azimuth_angle": 252.12043334141293, "fog_distance": "0", "cloudiness": 42.1903001797392, "fog_density": 60.11630544251516, "wetness": 63.81823255635337, "precipitation_deposits": 48.9002423285815}}], "scenario_type": "Scenario27"}], "Town04": [{"available_event_configurations": [{"transform": {"pitch": "0", "x": 254.9, "y": -230.9, "yaw": 90, "z": 0}, "_start_distance": 18.41698017592727, "_actor_vel": 2.2906395907612276, "_trigger_distance": 18.450664530358743, "_model": 1, "weather": {"sun_altitude_angle": -24.744737537696082, "precipitation": 31.193452631208274, "wind_intensity": 15.315533610430165, "sun_azimuth_angle": 252.12043334141293, "fog_distance": "0", "cloudiness": 42.1903001797392, "fog_density": 60.11630544251516, "wetness": 63.81823255635337, "precipitation_deposits": 48.9002423285815}}], "scenario_type": "Scenario27"}], "Town03": [{"available_event_configurations": [{"transform": {"pitch": "0", "x": -88.5, "y": -90, "yaw": 90, "z": 0}, "_start_distance": 18.41698017592727, "_actor_vel": 2.2906395907612276, "_trigger_distance": 18.450664530358743, "_model": 1, "weather": {"sun_altitude_angle": -24.744737537696082, "precipitation": 31.193452631208274, "wind_intensity": 15.315533610430165, "sun_azimuth_angle": 252.12043334141293, "fog_distance": "0", "cloudiness": 42.1903001797392, "fog_density": 60.11630544251516, "wetness": 63.81823255635337, "precipitation_deposits": 48.9002423285815}}], "scenario_type": "Scenario27"}]}]}