{"available_scenarios": [{"Town05": [{"available_event_configurations": [{"transform": {"pitch": "0", "x": 35, "y": 130, "yaw": -90, "z": 0}, "_start_distance": 17.941396974986453, "_actor_vel": 2.1538139494294763, "_trigger_distance": 18.451796053686635, "_model": 1}, {"transform": {"pitch": "0", "x": 35, "y": 65, "yaw": -90, "z": 0}, "_start_distance": 17.941396974986453, "_actor_vel": 2.1538139494294763, "_trigger_distance": 18.451796053686635, "_model": 1, "weather": {"sun_altitude_angle": -71.29556492650676, "precipitation": 60.40780582942984, "wind_intensity": 94.8385704195356, "sun_azimuth_angle": 107.72762701850027, "fog_distance": "0", "cloudiness": 21.92597972437499, "fog_density": 24.5549103723708, "wetness": 73.61774347034962, "precipitation_deposits": 86.27455987387003}}], "scenario_type": "Scenario27"}], "Town01": [{"available_event_configurations": [{"transform": {"pitch": "0", "x": 312, "y": 129, "yaw": 180, "z": 0}, "_start_distance": 17.941396974986453, "_actor_vel": 2.1538139494294763, "_trigger_distance": 18.451796053686635, "_model": 1, "weather": {"sun_altitude_angle": -71.29556492650676, "precipitation": 60.40780582942984, "wind_intensity": 94.8385704195356, "sun_azimuth_angle": 107.72762701850027, "fog_distance": "0", "cloudiness": 21.92597972437499, "fog_density": 24.5549103723708, "wetness": 73.61774347034962, "precipitation_deposits": 86.27455987387003}}], "scenario_type": "Scenario27"}], "Town04": [{"available_event_configurations": [{"transform": {"pitch": "0", "x": 254.9, "y": -230.9, "yaw": 90, "z": 0}, "_start_distance": 17.941396974986453, "_actor_vel": 2.1538139494294763, "_trigger_distance": 18.451796053686635, "_model": 1, "weather": {"sun_altitude_angle": -71.29556492650676, "precipitation": 60.40780582942984, "wind_intensity": 94.8385704195356, "sun_azimuth_angle": 107.72762701850027, "fog_distance": "0", "cloudiness": 21.92597972437499, "fog_density": 24.5549103723708, "wetness": 73.61774347034962, "precipitation_deposits": 86.27455987387003}}], "scenario_type": "Scenario27"}], "Town03": [{"available_event_configurations": [{"transform": {"pitch": "0", "x": -88.5, "y": -90, "yaw": 90, "z": 0}, "_start_distance": 17.941396974986453, "_actor_vel": 2.1538139494294763, "_trigger_distance": 18.451796053686635, "_model": 1, "weather": {"sun_altitude_angle": -71.29556492650676, "precipitation": 60.40780582942984, "wind_intensity": 94.8385704195356, "sun_azimuth_angle": 107.72762701850027, "fog_distance": "0", "cloudiness": 21.92597972437499, "fog_density": 24.5549103723708, "wetness": 73.61774347034962, "precipitation_deposits": 86.27455987387003}}], "scenario_type": "Scenario27"}]}]}