{"available_scenarios": [{"Town05": [{"available_event_configurations": [{"transform": {"pitch": "0", "x": 35, "y": 130, "yaw": -90, "z": 0}, "_start_distance": 17.02227599297485, "_actor_vel": 2.1038436989500013, "_trigger_distance": 19.26003306535761, "_model": 1}, {"transform": {"pitch": "0", "x": 35, "y": 65, "yaw": -90, "z": 0}, "_start_distance": 17.02227599297485, "_actor_vel": 2.1038436989500013, "_trigger_distance": 19.26003306535761, "_model": 1, "weather": {"sun_altitude_angle": -68.02117619625785, "precipitation": 58.6931268393182, "wind_intensity": 43.51056142998794, "sun_azimuth_angle": 335.9777627266991, "fog_distance": "0", "cloudiness": 32.65866377360377, "fog_density": 26.680161695281523, "wetness": 38.56160464862211, "precipitation_deposits": 30.65030450726798}}], "scenario_type": "Scenario27"}], "Town01": [{"available_event_configurations": [{"transform": {"pitch": "0", "x": 312, "y": 129, "yaw": 180, "z": 0}, "_start_distance": 17.02227599297485, "_actor_vel": 2.1038436989500013, "_trigger_distance": 19.26003306535761, "_model": 1, "weather": {"sun_altitude_angle": -68.02117619625785, "precipitation": 58.6931268393182, "wind_intensity": 43.51056142998794, "sun_azimuth_angle": 335.9777627266991, "fog_distance": "0", "cloudiness": 32.65866377360377, "fog_density": 26.680161695281523, "wetness": 38.56160464862211, "precipitation_deposits": 30.65030450726798}}], "scenario_type": "Scenario27"}], "Town04": [{"available_event_configurations": [{"transform": {"pitch": "0", "x": 254.9, "y": -230.9, "yaw": 90, "z": 0}, "_start_distance": 17.02227599297485, "_actor_vel": 2.1038436989500013, "_trigger_distance": 19.26003306535761, "_model": 1, "weather": {"sun_altitude_angle": -68.02117619625785, "precipitation": 58.6931268393182, "wind_intensity": 43.51056142998794, "sun_azimuth_angle": 335.9777627266991, "fog_distance": "0", "cloudiness": 32.65866377360377, "fog_density": 26.680161695281523, "wetness": 38.56160464862211, "precipitation_deposits": 30.65030450726798}}], "scenario_type": "Scenario27"}], "Town03": [{"available_event_configurations": [{"transform": {"pitch": "0", "x": -88.5, "y": -90, "yaw": 90, "z": 0}, "_start_distance": 17.02227599297485, "_actor_vel": 2.1038436989500013, "_trigger_distance": 19.26003306535761, "_model": 1, "weather": {"sun_altitude_angle": -68.02117619625785, "precipitation": 58.6931268393182, "wind_intensity": 43.51056142998794, "sun_azimuth_angle": 335.9777627266991, "fog_distance": "0", "cloudiness": 32.65866377360377, "fog_density": 26.680161695281523, "wetness": 38.56160464862211, "precipitation_deposits": 30.65030450726798}}], "scenario_type": "Scenario27"}]}]}