{"available_scenarios": [{"Town05": [{"available_event_configurations": [{"transform": {"pitch": "0", "x": 35, "y": 130, "yaw": -90, "z": 0}, "_start_distance": 18.26508255742203, "_actor_vel": 2.2434880007765243, "_trigger_distance": 18.203711987898956, "_model": 1}, {"transform": {"pitch": "0", "x": 35, "y": 65, "yaw": -90, "z": 0}, "_start_distance": 18.26508255742203, "_actor_vel": 2.2434880007765243, "_trigger_distance": 18.203711987898956, "_model": 1, "weather": {"sun_altitude_angle": -66.7699041552915, "precipitation": 18.65389324808724, "wind_intensity": 58.22028609341751, "sun_azimuth_angle": 36.11873967083431, "fog_distance": "0", "cloudiness": 58.148190455450234, "fog_density": 43.65356272599534, "wetness": 90.79209785815881, "precipitation_deposits": 67.09648512706127}}], "scenario_type": "Scenario27"}], "Town01": [{"available_event_configurations": [{"transform": {"pitch": "0", "x": 312, "y": 129, "yaw": 180, "z": 0}, "_start_distance": 18.26508255742203, "_actor_vel": 2.2434880007765243, "_trigger_distance": 18.203711987898956, "_model": 1, "weather": {"sun_altitude_angle": -66.7699041552915, "precipitation": 18.65389324808724, "wind_intensity": 58.22028609341751, "sun_azimuth_angle": 36.11873967083431, "fog_distance": "0", "cloudiness": 58.148190455450234, "fog_density": 43.65356272599534, "wetness": 90.79209785815881, "precipitation_deposits": 67.09648512706127}}], "scenario_type": "Scenario27"}], "Town04": [{"available_event_configurations": [{"transform": {"pitch": "0", "x": 254.9, "y": -230.9, "yaw": 90, "z": 0}, "_start_distance": 18.26508255742203, "_actor_vel": 2.2434880007765243, "_trigger_distance": 18.203711987898956, "_model": 1, "weather": {"sun_altitude_angle": -66.7699041552915, "precipitation": 18.65389324808724, "wind_intensity": 58.22028609341751, "sun_azimuth_angle": 36.11873967083431, "fog_distance": "0", "cloudiness": 58.148190455450234, "fog_density": 43.65356272599534, "wetness": 90.79209785815881, "precipitation_deposits": 67.09648512706127}}], "scenario_type": "Scenario27"}], "Town03": [{"available_event_configurations": [{"transform": {"pitch": "0", "x": -88.5, "y": -90, "yaw": 90, "z": 0}, "_start_distance": 18.26508255742203, "_actor_vel": 2.2434880007765243, "_trigger_distance": 18.203711987898956, "_model": 1, "weather": {"sun_altitude_angle": -66.7699041552915, "precipitation": 18.65389324808724, "wind_intensity": 58.22028609341751, "sun_azimuth_angle": 36.11873967083431, "fog_distance": "0", "cloudiness": 58.148190455450234, "fog_density": 43.65356272599534, "wetness": 90.79209785815881, "precipitation_deposits": 67.09648512706127}}], "scenario_type": "Scenario27"}]}]}