{"available_scenarios": [{"Town05": [{"available_event_configurations": [{"transform": {"pitch": "0", "x": 35, "y": 130, "yaw": -90, "z": 0}, "_start_distance": 18.30692272787114, "_actor_vel": 2.293452200586606, "_trigger_distance": 17.171137949876538, "_model": 1}, {"transform": {"pitch": "0", "x": 35, "y": 65, "yaw": -90, "z": 0}, "_start_distance": 18.30692272787114, "_actor_vel": 2.293452200586606, "_trigger_distance": 17.171137949876538, "_model": 1, "weather": {"sun_altitude_angle": 51.37580231732301, "precipitation": 92.25425447754233, "wind_intensity": 81.30767304487134, "sun_azimuth_angle": 47.37914131034171, "fog_distance": "0", "cloudiness": 20.633821268595987, "fog_density": 59.41387470571862, "wetness": 79.46326249181077, "precipitation_deposits": 31.40583754857692}}], "scenario_type": "Scenario27"}], "Town01": [{"available_event_configurations": [{"transform": {"pitch": "0", "x": 312, "y": 129, "yaw": 180, "z": 0}, "_start_distance": 18.30692272787114, "_actor_vel": 2.293452200586606, "_trigger_distance": 17.171137949876538, "_model": 1, "weather": {"sun_altitude_angle": 51.37580231732301, "precipitation": 92.25425447754233, "wind_intensity": 81.30767304487134, "sun_azimuth_angle": 47.37914131034171, "fog_distance": "0", "cloudiness": 20.633821268595987, "fog_density": 59.41387470571862, "wetness": 79.46326249181077, "precipitation_deposits": 31.40583754857692}}], "scenario_type": "Scenario27"}], "Town04": [{"available_event_configurations": [{"transform": {"pitch": "0", "x": 254.9, "y": -230.9, "yaw": 90, "z": 0}, "_start_distance": 18.30692272787114, "_actor_vel": 2.293452200586606, "_trigger_distance": 17.171137949876538, "_model": 1, "weather": {"sun_altitude_angle": 51.37580231732301, "precipitation": 92.25425447754233, "wind_intensity": 81.30767304487134, "sun_azimuth_angle": 47.37914131034171, "fog_distance": "0", "cloudiness": 20.633821268595987, "fog_density": 59.41387470571862, "wetness": 79.46326249181077, "precipitation_deposits": 31.40583754857692}}], "scenario_type": "Scenario27"}], "Town03": [{"available_event_configurations": [{"transform": {"pitch": "0", "x": -88.5, "y": -90, "yaw": 90, "z": 0}, "_start_distance": 18.30692272787114, "_actor_vel": 2.293452200586606, "_trigger_distance": 17.171137949876538, "_model": 1, "weather": {"sun_altitude_angle": 51.37580231732301, "precipitation": 92.25425447754233, "wind_intensity": 81.30767304487134, "sun_azimuth_angle": 47.37914131034171, "fog_distance": "0", "cloudiness": 20.633821268595987, "fog_density": 59.41387470571862, "wetness": 79.46326249181077, "precipitation_deposits": 31.40583754857692}}], "scenario_type": "Scenario27"}]}]}