{"available_scenarios": [{"Town05": [{"available_event_configurations": [{"transform": {"pitch": "0", "x": 35, "y": 130, "yaw": -90, "z": 0}, "_start_distance": 17.070108731282254, "_actor_vel": 2.296316800307951, "_trigger_distance": 16.818141427428262, "_model": 1}, {"transform": {"pitch": "0", "x": 35, "y": 65, "yaw": -90, "z": 0}, "_start_distance": 17.070108731282254, "_actor_vel": 2.296316800307951, "_trigger_distance": 16.818141427428262, "_model": 1, "weather": {"sun_altitude_angle": 39.814021524294816, "precipitation": 82.73721816460247, "wind_intensity": 86.06890447851947, "sun_azimuth_angle": 283.9789764246876, "fog_distance": "0", "cloudiness": 0.73304739640071, "fog_density": 73.67302546910425, "wetness": 13.548794812101416, "precipitation_deposits": 61.01482849132276}}], "scenario_type": "Scenario27"}], "Town01": [{"available_event_configurations": [{"transform": {"pitch": "0", "x": 312, "y": 129, "yaw": 180, "z": 0}, "_start_distance": 17.070108731282254, "_actor_vel": 2.296316800307951, "_trigger_distance": 16.818141427428262, "_model": 1, "weather": {"sun_altitude_angle": 39.814021524294816, "precipitation": 82.73721816460247, "wind_intensity": 86.06890447851947, "sun_azimuth_angle": 283.9789764246876, "fog_distance": "0", "cloudiness": 0.73304739640071, "fog_density": 73.67302546910425, "wetness": 13.548794812101416, "precipitation_deposits": 61.01482849132276}}], "scenario_type": "Scenario27"}], "Town04": [{"available_event_configurations": [{"transform": {"pitch": "0", "x": 254.9, "y": -230.9, "yaw": 90, "z": 0}, "_start_distance": 17.070108731282254, "_actor_vel": 2.296316800307951, "_trigger_distance": 16.818141427428262, "_model": 1, "weather": {"sun_altitude_angle": 39.814021524294816, "precipitation": 82.73721816460247, "wind_intensity": 86.06890447851947, "sun_azimuth_angle": 283.9789764246876, "fog_distance": "0", "cloudiness": 0.73304739640071, "fog_density": 73.67302546910425, "wetness": 13.548794812101416, "precipitation_deposits": 61.01482849132276}}], "scenario_type": "Scenario27"}], "Town03": [{"available_event_configurations": [{"transform": {"pitch": "0", "x": -88.5, "y": -90, "yaw": 90, "z": 0}, "_start_distance": 17.070108731282254, "_actor_vel": 2.296316800307951, "_trigger_distance": 16.818141427428262, "_model": 1, "weather": {"sun_altitude_angle": 39.814021524294816, "precipitation": 82.73721816460247, "wind_intensity": 86.06890447851947, "sun_azimuth_angle": 283.9789764246876, "fog_distance": "0", "cloudiness": 0.73304739640071, "fog_density": 73.67302546910425, "wetness": 13.548794812101416, "precipitation_deposits": 61.01482849132276}}], "scenario_type": "Scenario27"}]}]}