{"available_scenarios": [{"Town05": [{"available_event_configurations": [{"transform": {"pitch": "0", "x": 35, "y": 130, "yaw": -90, "z": 0}, "_start_distance": 15.879151690798873, "_actor_vel": 2.4382653877347225, "_trigger_distance": 19.03557964204038, "_model": 1}, {"transform": {"pitch": "0", "x": 35, "y": 65, "yaw": -90, "z": 0}, "_start_distance": 15.879151690798873, "_actor_vel": 2.4382653877347225, "_trigger_distance": 19.03557964204038, "_model": 1, "weather": {"sun_altitude_angle": 79.99621142821499, "precipitation": 14.083853994314433, "wind_intensity": 69.64111361932343, "sun_azimuth_angle": 218.76292186864885, "fog_distance": "0", "cloudiness": 47.333029892333066, "fog_density": 79.49495910754345, "wetness": 14.378486434862536, "precipitation_deposits": 74.16830916513788}}], "scenario_type": "Scenario27"}], "Town01": [{"available_event_configurations": [{"transform": {"pitch": "0", "x": 312, "y": 129, "yaw": 180, "z": 0}, "_start_distance": 15.879151690798873, "_actor_vel": 2.4382653877347225, "_trigger_distance": 19.03557964204038, "_model": 1, "weather": {"sun_altitude_angle": 79.99621142821499, "precipitation": 14.083853994314433, "wind_intensity": 69.64111361932343, "sun_azimuth_angle": 218.76292186864885, "fog_distance": "0", "cloudiness": 47.333029892333066, "fog_density": 79.49495910754345, "wetness": 14.378486434862536, "precipitation_deposits": 74.16830916513788}}], "scenario_type": "Scenario27"}], "Town04": [{"available_event_configurations": [{"transform": {"pitch": "0", "x": 254.9, "y": -230.9, "yaw": 90, "z": 0}, "_start_distance": 15.879151690798873, "_actor_vel": 2.4382653877347225, "_trigger_distance": 19.03557964204038, "_model": 1, "weather": {"sun_altitude_angle": 79.99621142821499, "precipitation": 14.083853994314433, "wind_intensity": 69.64111361932343, "sun_azimuth_angle": 218.76292186864885, "fog_distance": "0", "cloudiness": 47.333029892333066, "fog_density": 79.49495910754345, "wetness": 14.378486434862536, "precipitation_deposits": 74.16830916513788}}], "scenario_type": "Scenario27"}], "Town03": [{"available_event_configurations": [{"transform": {"pitch": "0", "x": -88.5, "y": -90, "yaw": 90, "z": 0}, "_start_distance": 15.879151690798873, "_actor_vel": 2.4382653877347225, "_trigger_distance": 19.03557964204038, "_model": 1, "weather": {"sun_altitude_angle": 79.99621142821499, "precipitation": 14.083853994314433, "wind_intensity": 69.64111361932343, "sun_azimuth_angle": 218.76292186864885, "fog_distance": "0", "cloudiness": 47.333029892333066, "fog_density": 79.49495910754345, "wetness": 14.378486434862536, "precipitation_deposits": 74.16830916513788}}], "scenario_type": "Scenario27"}]}]}