{"available_scenarios": [{"Town05": [{"available_event_configurations": [{"transform": {"pitch": "0", "x": 35, "y": 130, "yaw": -90, "z": 0}, "_start_distance": 17.313999231979512, "_actor_vel": 2.316192808053127, "_trigger_distance": 15.36148545705427, "_model": 1}, {"transform": {"pitch": "0", "x": 35, "y": 65, "yaw": -90, "z": 0}, "_start_distance": 17.313999231979512, "_actor_vel": 2.316192808053127, "_trigger_distance": 15.36148545705427, "_model": 1, "weather": {"sun_altitude_angle": -32.813344819032245, "precipitation": 28.655491647277152, "wind_intensity": 2.750313857923592, "sun_azimuth_angle": 119.09956015894717, "fog_distance": "0", "cloudiness": 92.65526415439895, "fog_density": 3.243472375170142, "wetness": 58.46093430962721, "precipitation_deposits": 1.6423343403893398}}], "scenario_type": "Scenario27"}], "Town01": [{"available_event_configurations": [{"transform": {"pitch": "0", "x": 312, "y": 129, "yaw": 180, "z": 0}, "_start_distance": 17.313999231979512, "_actor_vel": 2.316192808053127, "_trigger_distance": 15.36148545705427, "_model": 1, "weather": {"sun_altitude_angle": -32.813344819032245, "precipitation": 28.655491647277152, "wind_intensity": 2.750313857923592, "sun_azimuth_angle": 119.09956015894717, "fog_distance": "0", "cloudiness": 92.65526415439895, "fog_density": 3.243472375170142, "wetness": 58.46093430962721, "precipitation_deposits": 1.6423343403893398}}], "scenario_type": "Scenario27"}], "Town04": [{"available_event_configurations": [{"transform": {"pitch": "0", "x": 254.9, "y": -230.9, "yaw": 90, "z": 0}, "_start_distance": 17.313999231979512, "_actor_vel": 2.316192808053127, "_trigger_distance": 15.36148545705427, "_model": 1, "weather": {"sun_altitude_angle": -32.813344819032245, "precipitation": 28.655491647277152, "wind_intensity": 2.750313857923592, "sun_azimuth_angle": 119.09956015894717, "fog_distance": "0", "cloudiness": 92.65526415439895, "fog_density": 3.243472375170142, "wetness": 58.46093430962721, "precipitation_deposits": 1.6423343403893398}}], "scenario_type": "Scenario27"}], "Town03": [{"available_event_configurations": [{"transform": {"pitch": "0", "x": -88.5, "y": -90, "yaw": 90, "z": 0}, "_start_distance": 17.313999231979512, "_actor_vel": 2.316192808053127, "_trigger_distance": 15.36148545705427, "_model": 1, "weather": {"sun_altitude_angle": -32.813344819032245, "precipitation": 28.655491647277152, "wind_intensity": 2.750313857923592, "sun_azimuth_angle": 119.09956015894717, "fog_distance": "0", "cloudiness": 92.65526415439895, "fog_density": 3.243472375170142, "wetness": 58.46093430962721, "precipitation_deposits": 1.6423343403893398}}], "scenario_type": "Scenario27"}]}]}