{"available_scenarios": [{"Town05": [{"available_event_configurations": [{"transform": {"pitch": "0", "x": 35, "y": 130, "yaw": -90, "z": 0}, "_start_distance": 17.527588930903462, "_actor_vel": 2.2905043790092665, "_trigger_distance": 17.64046206066472, "_model": 1}, {"transform": {"pitch": "0", "x": 35, "y": 65, "yaw": -90, "z": 0}, "_start_distance": 17.527588930903462, "_actor_vel": 2.2905043790092665, "_trigger_distance": 17.64046206066472, "_model": 1, "weather": {"sun_altitude_angle": -69.0213521122452, "precipitation": 82.66117003268705, "wind_intensity": 32.6697184146275, "sun_azimuth_angle": 157.51545761868124, "fog_distance": "0", "cloudiness": 18.635363068307775, "fog_density": 44.899178848212294, "wetness": 43.094613356958625, "precipitation_deposits": 75.76717478150157}}], "scenario_type": "Scenario27"}], "Town01": [{"available_event_configurations": [{"transform": {"pitch": "0", "x": 312, "y": 129, "yaw": 180, "z": 0}, "_start_distance": 17.527588930903462, "_actor_vel": 2.2905043790092665, "_trigger_distance": 17.64046206066472, "_model": 1, "weather": {"sun_altitude_angle": -69.0213521122452, "precipitation": 82.66117003268705, "wind_intensity": 32.6697184146275, "sun_azimuth_angle": 157.51545761868124, "fog_distance": "0", "cloudiness": 18.635363068307775, "fog_density": 44.899178848212294, "wetness": 43.094613356958625, "precipitation_deposits": 75.76717478150157}}], "scenario_type": "Scenario27"}], "Town04": [{"available_event_configurations": [{"transform": {"pitch": "0", "x": 254.9, "y": -230.9, "yaw": 90, "z": 0}, "_start_distance": 17.527588930903462, "_actor_vel": 2.2905043790092665, "_trigger_distance": 17.64046206066472, "_model": 1, "weather": {"sun_altitude_angle": -69.0213521122452, "precipitation": 82.66117003268705, "wind_intensity": 32.6697184146275, "sun_azimuth_angle": 157.51545761868124, "fog_distance": "0", "cloudiness": 18.635363068307775, "fog_density": 44.899178848212294, "wetness": 43.094613356958625, "precipitation_deposits": 75.76717478150157}}], "scenario_type": "Scenario27"}], "Town03": [{"available_event_configurations": [{"transform": {"pitch": "0", "x": -88.5, "y": -90, "yaw": 90, "z": 0}, "_start_distance": 17.527588930903462, "_actor_vel": 2.2905043790092665, "_trigger_distance": 17.64046206066472, "_model": 1, "weather": {"sun_altitude_angle": -69.0213521122452, "precipitation": 82.66117003268705, "wind_intensity": 32.6697184146275, "sun_azimuth_angle": 157.51545761868124, "fog_distance": "0", "cloudiness": 18.635363068307775, "fog_density": 44.899178848212294, "wetness": 43.094613356958625, "precipitation_deposits": 75.76717478150157}}], "scenario_type": "Scenario27"}]}]}