{"available_scenarios": [{"Town05": [{"available_event_configurations": [{"transform": {"pitch": "0", "x": 35, "y": 130, "yaw": -90, "z": 0}, "_start_distance": 19.368635353294437, "_actor_vel": 2.2863132951381275, "_trigger_distance": 15.878666557603587, "_model": 1}, {"transform": {"pitch": "0", "x": 35, "y": 65, "yaw": -90, "z": 0}, "_start_distance": 19.368635353294437, "_actor_vel": 2.2863132951381275, "_trigger_distance": 15.878666557603587, "_model": 1, "weather": {"sun_altitude_angle": 89.85028479576911, "precipitation": 28.692967465421415, "wind_intensity": 43.74153592454232, "sun_azimuth_angle": 264.4332553622124, "fog_distance": "0", "cloudiness": 58.11650535634426, "fog_density": 64.73040611930118, "wetness": 80.17156256142603, "precipitation_deposits": 72.7000361290202}}], "scenario_type": "Scenario27"}], "Town01": [{"available_event_configurations": [{"transform": {"pitch": "0", "x": 312, "y": 129, "yaw": 180, "z": 0}, "_start_distance": 19.368635353294437, "_actor_vel": 2.2863132951381275, "_trigger_distance": 15.878666557603587, "_model": 1, "weather": {"sun_altitude_angle": 89.85028479576911, "precipitation": 28.692967465421415, "wind_intensity": 43.74153592454232, "sun_azimuth_angle": 264.4332553622124, "fog_distance": "0", "cloudiness": 58.11650535634426, "fog_density": 64.73040611930118, "wetness": 80.17156256142603, "precipitation_deposits": 72.7000361290202}}], "scenario_type": "Scenario27"}], "Town04": [{"available_event_configurations": [{"transform": {"pitch": "0", "x": 254.9, "y": -230.9, "yaw": 90, "z": 0}, "_start_distance": 19.368635353294437, "_actor_vel": 2.2863132951381275, "_trigger_distance": 15.878666557603587, "_model": 1, "weather": {"sun_altitude_angle": 89.85028479576911, "precipitation": 28.692967465421415, "wind_intensity": 43.74153592454232, "sun_azimuth_angle": 264.4332553622124, "fog_distance": "0", "cloudiness": 58.11650535634426, "fog_density": 64.73040611930118, "wetness": 80.17156256142603, "precipitation_deposits": 72.7000361290202}}], "scenario_type": "Scenario27"}], "Town03": [{"available_event_configurations": [{"transform": {"pitch": "0", "x": -88.5, "y": -90, "yaw": 90, "z": 0}, "_start_distance": 19.368635353294437, "_actor_vel": 2.2863132951381275, "_trigger_distance": 15.878666557603587, "_model": 1, "weather": {"sun_altitude_angle": 89.85028479576911, "precipitation": 28.692967465421415, "wind_intensity": 43.74153592454232, "sun_azimuth_angle": 264.4332553622124, "fog_distance": "0", "cloudiness": 58.11650535634426, "fog_density": 64.73040611930118, "wetness": 80.17156256142603, "precipitation_deposits": 72.7000361290202}}], "scenario_type": "Scenario27"}]}]}