{"available_scenarios": [{"Town05": [{"available_event_configurations": [{"transform": {"pitch": "0", "x": 35, "y": 130, "yaw": -90, "z": 0}, "_start_distance": 17.454805155794016, "_actor_vel": 2.1648491672936307, "_trigger_distance": 19.469685798139807, "_model": 1}, {"transform": {"pitch": "0", "x": 35, "y": 65, "yaw": -90, "z": 0}, "_start_distance": 17.454805155794016, "_actor_vel": 2.1648491672936307, "_trigger_distance": 19.469685798139807, "_model": 1, "weather": {"sun_altitude_angle": 11.853899383641718, "precipitation": 0.4688845645555717, "wind_intensity": 17.953025313031144, "sun_azimuth_angle": 342.4197238305723, "fog_distance": "0", "cloudiness": 11.274098570080238, "fog_density": 30.42248377082013, "wetness": 77.30211772606935, "precipitation_deposits": 22.69203398274583}}], "scenario_type": "Scenario27"}], "Town01": [{"available_event_configurations": [{"transform": {"pitch": "0", "x": 312, "y": 129, "yaw": 180, "z": 0}, "_start_distance": 17.454805155794016, "_actor_vel": 2.1648491672936307, "_trigger_distance": 19.469685798139807, "_model": 1, "weather": {"sun_altitude_angle": 11.853899383641718, "precipitation": 0.4688845645555717, "wind_intensity": 17.953025313031144, "sun_azimuth_angle": 342.4197238305723, "fog_distance": "0", "cloudiness": 11.274098570080238, "fog_density": 30.42248377082013, "wetness": 77.30211772606935, "precipitation_deposits": 22.69203398274583}}], "scenario_type": "Scenario27"}], "Town04": [{"available_event_configurations": [{"transform": {"pitch": "0", "x": 254.9, "y": -230.9, "yaw": 90, "z": 0}, "_start_distance": 17.454805155794016, "_actor_vel": 2.1648491672936307, "_trigger_distance": 19.469685798139807, "_model": 1, "weather": {"sun_altitude_angle": 11.853899383641718, "precipitation": 0.4688845645555717, "wind_intensity": 17.953025313031144, "sun_azimuth_angle": 342.4197238305723, "fog_distance": "0", "cloudiness": 11.274098570080238, "fog_density": 30.42248377082013, "wetness": 77.30211772606935, "precipitation_deposits": 22.69203398274583}}], "scenario_type": "Scenario27"}], "Town03": [{"available_event_configurations": [{"transform": {"pitch": "0", "x": -88.5, "y": -90, "yaw": 90, "z": 0}, "_start_distance": 17.454805155794016, "_actor_vel": 2.1648491672936307, "_trigger_distance": 19.469685798139807, "_model": 1, "weather": {"sun_altitude_angle": 11.853899383641718, "precipitation": 0.4688845645555717, "wind_intensity": 17.953025313031144, "sun_azimuth_angle": 342.4197238305723, "fog_distance": "0", "cloudiness": 11.274098570080238, "fog_density": 30.42248377082013, "wetness": 77.30211772606935, "precipitation_deposits": 22.69203398274583}}], "scenario_type": "Scenario27"}]}]}