{"available_scenarios": [{"Town05": [{"available_event_configurations": [{"transform": {"pitch": "0", "x": 35, "y": 130, "yaw": -90, "z": 0}, "_start_distance": 15.998423673996818, "_actor_vel": 2.136842883091123, "_trigger_distance": 18.90869813805198, "_model": 1}, {"transform": {"pitch": "0", "x": 35, "y": 65, "yaw": -90, "z": 0}, "_start_distance": 15.998423673996818, "_actor_vel": 2.136842883091123, "_trigger_distance": 18.90869813805198, "_model": 1, "weather": {"sun_altitude_angle": 66.8082077430683, "precipitation": 37.161653986587396, "wind_intensity": 83.49340790822444, "sun_azimuth_angle": 277.1662655167003, "fog_distance": "0", "cloudiness": 21.15382495193273, "fog_density": 51.399909237746655, "wetness": 91.86067095221736, "precipitation_deposits": 95.42216647269905}}], "scenario_type": "Scenario27"}], "Town01": [{"available_event_configurations": [{"transform": {"pitch": "0", "x": 312, "y": 129, "yaw": 180, "z": 0}, "_start_distance": 15.998423673996818, "_actor_vel": 2.136842883091123, "_trigger_distance": 18.90869813805198, "_model": 1, "weather": {"sun_altitude_angle": 66.8082077430683, "precipitation": 37.161653986587396, "wind_intensity": 83.49340790822444, "sun_azimuth_angle": 277.1662655167003, "fog_distance": "0", "cloudiness": 21.15382495193273, "fog_density": 51.399909237746655, "wetness": 91.86067095221736, "precipitation_deposits": 95.42216647269905}}], "scenario_type": "Scenario27"}], "Town04": [{"available_event_configurations": [{"transform": {"pitch": "0", "x": 254.9, "y": -230.9, "yaw": 90, "z": 0}, "_start_distance": 15.998423673996818, "_actor_vel": 2.136842883091123, "_trigger_distance": 18.90869813805198, "_model": 1, "weather": {"sun_altitude_angle": 66.8082077430683, "precipitation": 37.161653986587396, "wind_intensity": 83.49340790822444, "sun_azimuth_angle": 277.1662655167003, "fog_distance": "0", "cloudiness": 21.15382495193273, "fog_density": 51.399909237746655, "wetness": 91.86067095221736, "precipitation_deposits": 95.42216647269905}}], "scenario_type": "Scenario27"}], "Town03": [{"available_event_configurations": [{"transform": {"pitch": "0", "x": -88.5, "y": -90, "yaw": 90, "z": 0}, "_start_distance": 15.998423673996818, "_actor_vel": 2.136842883091123, "_trigger_distance": 18.90869813805198, "_model": 1, "weather": {"sun_altitude_angle": 66.8082077430683, "precipitation": 37.161653986587396, "wind_intensity": 83.49340790822444, "sun_azimuth_angle": 277.1662655167003, "fog_distance": "0", "cloudiness": 21.15382495193273, "fog_density": 51.399909237746655, "wetness": 91.86067095221736, "precipitation_deposits": 95.42216647269905}}], "scenario_type": "Scenario27"}]}]}