{"available_scenarios": [{"Town05": [{"available_event_configurations": [{"transform": {"pitch": "0", "x": 35, "y": 130, "yaw": -90, "z": 0}, "_start_distance": 16.549316139570493, "_actor_vel": 2.040608099957524, "_trigger_distance": 15.048956865231638, "_model": 1}, {"transform": {"pitch": "0", "x": 35, "y": 65, "yaw": -90, "z": 0}, "_start_distance": 16.549316139570493, "_actor_vel": 2.040608099957524, "_trigger_distance": 15.048956865231638, "_model": 1, "weather": {"sun_altitude_angle": -6.175436149040692, "precipitation": 7.110576477140795, "wind_intensity": 14.099572219580613, "sun_azimuth_angle": 282.43772972729744, "fog_distance": "0", "cloudiness": 25.909713530737765, "fog_density": 98.30329172773159, "wetness": 1.2817300659945907, "precipitation_deposits": 27.29589179673324}}], "scenario_type": "Scenario27"}], "Town01": [{"available_event_configurations": [{"transform": {"pitch": "0", "x": 312, "y": 129, "yaw": 180, "z": 0}, "_start_distance": 16.549316139570493, "_actor_vel": 2.040608099957524, "_trigger_distance": 15.048956865231638, "_model": 1, "weather": {"sun_altitude_angle": -6.175436149040692, "precipitation": 7.110576477140795, "wind_intensity": 14.099572219580613, "sun_azimuth_angle": 282.43772972729744, "fog_distance": "0", "cloudiness": 25.909713530737765, "fog_density": 98.30329172773159, "wetness": 1.2817300659945907, "precipitation_deposits": 27.29589179673324}}], "scenario_type": "Scenario27"}], "Town04": [{"available_event_configurations": [{"transform": {"pitch": "0", "x": 254.9, "y": -230.9, "yaw": 90, "z": 0}, "_start_distance": 16.549316139570493, "_actor_vel": 2.040608099957524, "_trigger_distance": 15.048956865231638, "_model": 1, "weather": {"sun_altitude_angle": -6.175436149040692, "precipitation": 7.110576477140795, "wind_intensity": 14.099572219580613, "sun_azimuth_angle": 282.43772972729744, "fog_distance": "0", "cloudiness": 25.909713530737765, "fog_density": 98.30329172773159, "wetness": 1.2817300659945907, "precipitation_deposits": 27.29589179673324}}], "scenario_type": "Scenario27"}], "Town03": [{"available_event_configurations": [{"transform": {"pitch": "0", "x": -88.5, "y": -90, "yaw": 90, "z": 0}, "_start_distance": 16.549316139570493, "_actor_vel": 2.040608099957524, "_trigger_distance": 15.048956865231638, "_model": 1, "weather": {"sun_altitude_angle": -6.175436149040692, "precipitation": 7.110576477140795, "wind_intensity": 14.099572219580613, "sun_azimuth_angle": 282.43772972729744, "fog_distance": "0", "cloudiness": 25.909713530737765, "fog_density": 98.30329172773159, "wetness": 1.2817300659945907, "precipitation_deposits": 27.29589179673324}}], "scenario_type": "Scenario27"}]}]}