{"available_scenarios": [{"Town05": [{"available_event_configurations": [{"transform": {"pitch": "0", "x": 35, "y": 130, "yaw": -90, "z": 0}, "_start_distance": 19.925132900485938, "_actor_vel": 2.007145879957615, "_trigger_distance": 15.138447019387621, "_model": 1}, {"transform": {"pitch": "0", "x": 35, "y": 65, "yaw": -90, "z": 0}, "_start_distance": 19.925132900485938, "_actor_vel": 2.007145879957615, "_trigger_distance": 15.138447019387621, "_model": 1, "weather": {"sun_altitude_angle": -19.959282104889652, "precipitation": 76.15560200253067, "wind_intensity": 52.86071013552189, "sun_azimuth_angle": 298.868006026687, "fog_distance": "0", "cloudiness": 29.8106475467373, "fog_density": 25.480699537208253, "wetness": 22.135067244662153, "precipitation_deposits": 19.742950432053995}}], "scenario_type": "Scenario27"}], "Town01": [{"available_event_configurations": [{"transform": {"pitch": "0", "x": 312, "y": 129, "yaw": 180, "z": 0}, "_start_distance": 19.925132900485938, "_actor_vel": 2.007145879957615, "_trigger_distance": 15.138447019387621, "_model": 1, "weather": {"sun_altitude_angle": -19.959282104889652, "precipitation": 76.15560200253067, "wind_intensity": 52.86071013552189, "sun_azimuth_angle": 298.868006026687, "fog_distance": "0", "cloudiness": 29.8106475467373, "fog_density": 25.480699537208253, "wetness": 22.135067244662153, "precipitation_deposits": 19.742950432053995}}], "scenario_type": "Scenario27"}], "Town04": [{"available_event_configurations": [{"transform": {"pitch": "0", "x": 254.9, "y": -230.9, "yaw": 90, "z": 0}, "_start_distance": 19.925132900485938, "_actor_vel": 2.007145879957615, "_trigger_distance": 15.138447019387621, "_model": 1, "weather": {"sun_altitude_angle": -19.959282104889652, "precipitation": 76.15560200253067, "wind_intensity": 52.86071013552189, "sun_azimuth_angle": 298.868006026687, "fog_distance": "0", "cloudiness": 29.8106475467373, "fog_density": 25.480699537208253, "wetness": 22.135067244662153, "precipitation_deposits": 19.742950432053995}}], "scenario_type": "Scenario27"}], "Town03": [{"available_event_configurations": [{"transform": {"pitch": "0", "x": -88.5, "y": -90, "yaw": 90, "z": 0}, "_start_distance": 19.925132900485938, "_actor_vel": 2.007145879957615, "_trigger_distance": 15.138447019387621, "_model": 1, "weather": {"sun_altitude_angle": -19.959282104889652, "precipitation": 76.15560200253067, "wind_intensity": 52.86071013552189, "sun_azimuth_angle": 298.868006026687, "fog_distance": "0", "cloudiness": 29.8106475467373, "fog_density": 25.480699537208253, "wetness": 22.135067244662153, "precipitation_deposits": 19.742950432053995}}], "scenario_type": "Scenario27"}]}]}