{"available_scenarios": [{"Town05": [{"available_event_configurations": [{"transform": {"pitch": "0", "x": 35, "y": 130, "yaw": -90, "z": 0}, "_start_distance": 19.53345742167392, "_actor_vel": 2.024712018233065, "_trigger_distance": 17.813263822510564, "_model": 1}, {"transform": {"pitch": "0", "x": 35, "y": 65, "yaw": -90, "z": 0}, "_start_distance": 19.53345742167392, "_actor_vel": 2.024712018233065, "_trigger_distance": 17.813263822510564, "_model": 1, "weather": {"sun_altitude_angle": -49.69784397604435, "precipitation": 19.996436877404722, "wind_intensity": 11.897559589653872, "sun_azimuth_angle": 26.903373062606395, "fog_distance": "0", "cloudiness": 96.89538663501362, "fog_density": 98.42455029603784, "wetness": 58.74807868080455, "precipitation_deposits": 13.245088351876555}}], "scenario_type": "Scenario27"}], "Town01": [{"available_event_configurations": [{"transform": {"pitch": "0", "x": 312, "y": 129, "yaw": 180, "z": 0}, "_start_distance": 19.53345742167392, "_actor_vel": 2.024712018233065, "_trigger_distance": 17.813263822510564, "_model": 1, "weather": {"sun_altitude_angle": -49.69784397604435, "precipitation": 19.996436877404722, "wind_intensity": 11.897559589653872, "sun_azimuth_angle": 26.903373062606395, "fog_distance": "0", "cloudiness": 96.89538663501362, "fog_density": 98.42455029603784, "wetness": 58.74807868080455, "precipitation_deposits": 13.245088351876555}}], "scenario_type": "Scenario27"}], "Town04": [{"available_event_configurations": [{"transform": {"pitch": "0", "x": 254.9, "y": -230.9, "yaw": 90, "z": 0}, "_start_distance": 19.53345742167392, "_actor_vel": 2.024712018233065, "_trigger_distance": 17.813263822510564, "_model": 1, "weather": {"sun_altitude_angle": -49.69784397604435, "precipitation": 19.996436877404722, "wind_intensity": 11.897559589653872, "sun_azimuth_angle": 26.903373062606395, "fog_distance": "0", "cloudiness": 96.89538663501362, "fog_density": 98.42455029603784, "wetness": 58.74807868080455, "precipitation_deposits": 13.245088351876555}}], "scenario_type": "Scenario27"}], "Town03": [{"available_event_configurations": [{"transform": {"pitch": "0", "x": -88.5, "y": -90, "yaw": 90, "z": 0}, "_start_distance": 19.53345742167392, "_actor_vel": 2.024712018233065, "_trigger_distance": 17.813263822510564, "_model": 1, "weather": {"sun_altitude_angle": -49.69784397604435, "precipitation": 19.996436877404722, "wind_intensity": 11.897559589653872, "sun_azimuth_angle": 26.903373062606395, "fog_distance": "0", "cloudiness": 96.89538663501362, "fog_density": 98.42455029603784, "wetness": 58.74807868080455, "precipitation_deposits": 13.245088351876555}}], "scenario_type": "Scenario27"}]}]}