{"available_scenarios": [{"Town05": [{"available_event_configurations": [{"transform": {"pitch": "0", "x": 35, "y": 130, "yaw": -90, "z": 0}, "_start_distance": 16.978635102865773, "_actor_vel": 2.126264155459152, "_trigger_distance": 17.21892830241213, "_model": 1}, {"transform": {"pitch": "0", "x": 35, "y": 65, "yaw": -90, "z": 0}, "_start_distance": 16.978635102865773, "_actor_vel": 2.126264155459152, "_trigger_distance": 17.21892830241213, "_model": 1, "weather": {"sun_altitude_angle": -19.504265381376413, "precipitation": 56.53053816100879, "wind_intensity": 86.66641292187711, "sun_azimuth_angle": 250.10051260785932, "fog_distance": "0", "cloudiness": 95.97732992345183, "fog_density": 67.6895160893346, "wetness": 92.30206482188531, "precipitation_deposits": 14.658008576972769}}], "scenario_type": "Scenario27"}], "Town01": [{"available_event_configurations": [{"transform": {"pitch": "0", "x": 312, "y": 129, "yaw": 180, "z": 0}, "_start_distance": 16.978635102865773, "_actor_vel": 2.126264155459152, "_trigger_distance": 17.21892830241213, "_model": 1, "weather": {"sun_altitude_angle": -19.504265381376413, "precipitation": 56.53053816100879, "wind_intensity": 86.66641292187711, "sun_azimuth_angle": 250.10051260785932, "fog_distance": "0", "cloudiness": 95.97732992345183, "fog_density": 67.6895160893346, "wetness": 92.30206482188531, "precipitation_deposits": 14.658008576972769}}], "scenario_type": "Scenario27"}], "Town04": [{"available_event_configurations": [{"transform": {"pitch": "0", "x": 254.9, "y": -230.9, "yaw": 90, "z": 0}, "_start_distance": 16.978635102865773, "_actor_vel": 2.126264155459152, "_trigger_distance": 17.21892830241213, "_model": 1, "weather": {"sun_altitude_angle": -19.504265381376413, "precipitation": 56.53053816100879, "wind_intensity": 86.66641292187711, "sun_azimuth_angle": 250.10051260785932, "fog_distance": "0", "cloudiness": 95.97732992345183, "fog_density": 67.6895160893346, "wetness": 92.30206482188531, "precipitation_deposits": 14.658008576972769}}], "scenario_type": "Scenario27"}], "Town03": [{"available_event_configurations": [{"transform": {"pitch": "0", "x": -88.5, "y": -90, "yaw": 90, "z": 0}, "_start_distance": 16.978635102865773, "_actor_vel": 2.126264155459152, "_trigger_distance": 17.21892830241213, "_model": 1, "weather": {"sun_altitude_angle": -19.504265381376413, "precipitation": 56.53053816100879, "wind_intensity": 86.66641292187711, "sun_azimuth_angle": 250.10051260785932, "fog_distance": "0", "cloudiness": 95.97732992345183, "fog_density": 67.6895160893346, "wetness": 92.30206482188531, "precipitation_deposits": 14.658008576972769}}], "scenario_type": "Scenario27"}]}]}