{"available_scenarios": [{"Town05": [{"available_event_configurations": [{"transform": {"pitch": "0", "x": 35, "y": 130, "yaw": -90, "z": 0}, "_start_distance": 17.71976560476532, "_actor_vel": 2.4139118722350683, "_trigger_distance": 17.84253770241467, "_model": 1}, {"transform": {"pitch": "0", "x": 35, "y": 65, "yaw": -90, "z": 0}, "_start_distance": 17.71976560476532, "_actor_vel": 2.4139118722350683, "_trigger_distance": 17.84253770241467, "_model": 1, "weather": {"sun_altitude_angle": 74.58332689665045, "precipitation": 94.63994742367132, "wind_intensity": 64.92433032972995, "sun_azimuth_angle": 344.1846848671205, "fog_distance": "0", "cloudiness": 36.90092854817172, "fog_density": 50.45077616694334, "wetness": 44.44153290136441, "precipitation_deposits": 70.14818585508534}}], "scenario_type": "Scenario27"}], "Town01": [{"available_event_configurations": [{"transform": {"pitch": "0", "x": 312, "y": 129, "yaw": 180, "z": 0}, "_start_distance": 17.71976560476532, "_actor_vel": 2.4139118722350683, "_trigger_distance": 17.84253770241467, "_model": 1, "weather": {"sun_altitude_angle": 74.58332689665045, "precipitation": 94.63994742367132, "wind_intensity": 64.92433032972995, "sun_azimuth_angle": 344.1846848671205, "fog_distance": "0", "cloudiness": 36.90092854817172, "fog_density": 50.45077616694334, "wetness": 44.44153290136441, "precipitation_deposits": 70.14818585508534}}], "scenario_type": "Scenario27"}], "Town04": [{"available_event_configurations": [{"transform": {"pitch": "0", "x": 254.9, "y": -230.9, "yaw": 90, "z": 0}, "_start_distance": 17.71976560476532, "_actor_vel": 2.4139118722350683, "_trigger_distance": 17.84253770241467, "_model": 1, "weather": {"sun_altitude_angle": 74.58332689665045, "precipitation": 94.63994742367132, "wind_intensity": 64.92433032972995, "sun_azimuth_angle": 344.1846848671205, "fog_distance": "0", "cloudiness": 36.90092854817172, "fog_density": 50.45077616694334, "wetness": 44.44153290136441, "precipitation_deposits": 70.14818585508534}}], "scenario_type": "Scenario27"}], "Town03": [{"available_event_configurations": [{"transform": {"pitch": "0", "x": -88.5, "y": -90, "yaw": 90, "z": 0}, "_start_distance": 17.71976560476532, "_actor_vel": 2.4139118722350683, "_trigger_distance": 17.84253770241467, "_model": 1, "weather": {"sun_altitude_angle": 74.58332689665045, "precipitation": 94.63994742367132, "wind_intensity": 64.92433032972995, "sun_azimuth_angle": 344.1846848671205, "fog_distance": "0", "cloudiness": 36.90092854817172, "fog_density": 50.45077616694334, "wetness": 44.44153290136441, "precipitation_deposits": 70.14818585508534}}], "scenario_type": "Scenario27"}]}]}