{"available_scenarios": [{"Town05": [{"available_event_configurations": [{"transform": {"pitch": "0", "x": 35, "y": 130, "yaw": -90, "z": 0}, "_start_distance": 19.152692767574926, "_actor_vel": 2.3176920342632776, "_trigger_distance": 15.052948167609921, "_model": 1}, {"transform": {"pitch": "0", "x": 35, "y": 65, "yaw": -90, "z": 0}, "_start_distance": 19.152692767574926, "_actor_vel": 2.3176920342632776, "_trigger_distance": 15.052948167609921, "_model": 1, "weather": {"sun_altitude_angle": 47.64162777585591, "precipitation": 85.67069114754055, "wind_intensity": 28.148824253171956, "sun_azimuth_angle": 129.70673214539028, "fog_distance": "0", "cloudiness": 61.479505839241696, "fog_density": 47.66798185906115, "wetness": 52.72961059412621, "precipitation_deposits": 40.84056412311331}}], "scenario_type": "Scenario27"}], "Town01": [{"available_event_configurations": [{"transform": {"pitch": "0", "x": 312, "y": 129, "yaw": 180, "z": 0}, "_start_distance": 19.152692767574926, "_actor_vel": 2.3176920342632776, "_trigger_distance": 15.052948167609921, "_model": 1, "weather": {"sun_altitude_angle": 47.64162777585591, "precipitation": 85.67069114754055, "wind_intensity": 28.148824253171956, "sun_azimuth_angle": 129.70673214539028, "fog_distance": "0", "cloudiness": 61.479505839241696, "fog_density": 47.66798185906115, "wetness": 52.72961059412621, "precipitation_deposits": 40.84056412311331}}], "scenario_type": "Scenario27"}], "Town04": [{"available_event_configurations": [{"transform": {"pitch": "0", "x": 254.9, "y": -230.9, "yaw": 90, "z": 0}, "_start_distance": 19.152692767574926, "_actor_vel": 2.3176920342632776, "_trigger_distance": 15.052948167609921, "_model": 1, "weather": {"sun_altitude_angle": 47.64162777585591, "precipitation": 85.67069114754055, "wind_intensity": 28.148824253171956, "sun_azimuth_angle": 129.70673214539028, "fog_distance": "0", "cloudiness": 61.479505839241696, "fog_density": 47.66798185906115, "wetness": 52.72961059412621, "precipitation_deposits": 40.84056412311331}}], "scenario_type": "Scenario27"}], "Town03": [{"available_event_configurations": [{"transform": {"pitch": "0", "x": -88.5, "y": -90, "yaw": 90, "z": 0}, "_start_distance": 19.152692767574926, "_actor_vel": 2.3176920342632776, "_trigger_distance": 15.052948167609921, "_model": 1, "weather": {"sun_altitude_angle": 47.64162777585591, "precipitation": 85.67069114754055, "wind_intensity": 28.148824253171956, "sun_azimuth_angle": 129.70673214539028, "fog_distance": "0", "cloudiness": 61.479505839241696, "fog_density": 47.66798185906115, "wetness": 52.72961059412621, "precipitation_deposits": 40.84056412311331}}], "scenario_type": "Scenario27"}]}]}