{"available_scenarios": [{"Town05": [{"available_event_configurations": [{"transform": {"pitch": "0", "x": 35, "y": 130, "yaw": -90, "z": 0}, "_start_distance": 16.449908526186032, "_actor_vel": 2.0580440256024266, "_trigger_distance": 17.002806419873266, "_model": 1}, {"transform": {"pitch": "0", "x": 35, "y": 65, "yaw": -90, "z": 0}, "_start_distance": 16.449908526186032, "_actor_vel": 2.0580440256024266, "_trigger_distance": 17.002806419873266, "_model": 1, "weather": {"sun_altitude_angle": 40.88321602099009, "precipitation": 39.88304810674749, "wind_intensity": 28.818129439261632, "sun_azimuth_angle": 101.58675039855885, "fog_distance": "0", "cloudiness": 78.21775088008678, "fog_density": 31.3403953212673, "wetness": 25.40297593532259, "precipitation_deposits": 30.067045402959845}}], "scenario_type": "Scenario27"}], "Town01": [{"available_event_configurations": [{"transform": {"pitch": "0", "x": 312, "y": 129, "yaw": 180, "z": 0}, "_start_distance": 16.449908526186032, "_actor_vel": 2.0580440256024266, "_trigger_distance": 17.002806419873266, "_model": 1, "weather": {"sun_altitude_angle": 40.88321602099009, "precipitation": 39.88304810674749, "wind_intensity": 28.818129439261632, "sun_azimuth_angle": 101.58675039855885, "fog_distance": "0", "cloudiness": 78.21775088008678, "fog_density": 31.3403953212673, "wetness": 25.40297593532259, "precipitation_deposits": 30.067045402959845}}], "scenario_type": "Scenario27"}], "Town04": [{"available_event_configurations": [{"transform": {"pitch": "0", "x": 254.9, "y": -230.9, "yaw": 90, "z": 0}, "_start_distance": 16.449908526186032, "_actor_vel": 2.0580440256024266, "_trigger_distance": 17.002806419873266, "_model": 1, "weather": {"sun_altitude_angle": 40.88321602099009, "precipitation": 39.88304810674749, "wind_intensity": 28.818129439261632, "sun_azimuth_angle": 101.58675039855885, "fog_distance": "0", "cloudiness": 78.21775088008678, "fog_density": 31.3403953212673, "wetness": 25.40297593532259, "precipitation_deposits": 30.067045402959845}}], "scenario_type": "Scenario27"}], "Town03": [{"available_event_configurations": [{"transform": {"pitch": "0", "x": -88.5, "y": -90, "yaw": 90, "z": 0}, "_start_distance": 16.449908526186032, "_actor_vel": 2.0580440256024266, "_trigger_distance": 17.002806419873266, "_model": 1, "weather": {"sun_altitude_angle": 40.88321602099009, "precipitation": 39.88304810674749, "wind_intensity": 28.818129439261632, "sun_azimuth_angle": 101.58675039855885, "fog_distance": "0", "cloudiness": 78.21775088008678, "fog_density": 31.3403953212673, "wetness": 25.40297593532259, "precipitation_deposits": 30.067045402959845}}], "scenario_type": "Scenario27"}]}]}