{"available_scenarios": [{"Town05": [{"available_event_configurations": [{"transform": {"pitch": "0", "x": 35, "y": 130, "yaw": -90, "z": 0}, "_start_distance": 16.087092661786627, "_actor_vel": 2.376137688978589, "_trigger_distance": 15.386875742225426, "_model": 1}, {"transform": {"pitch": "0", "x": 35, "y": 65, "yaw": -90, "z": 0}, "_start_distance": 16.087092661786627, "_actor_vel": 2.376137688978589, "_trigger_distance": 15.386875742225426, "_model": 1, "weather": {"sun_altitude_angle": 63.28501409459895, "precipitation": 99.04749278906773, "wind_intensity": 18.669422052324837, "sun_azimuth_angle": 355.8300793308287, "fog_distance": "0", "cloudiness": 5.06258742755451, "fog_density": 72.93280324118975, "wetness": 90.06390071913984, "precipitation_deposits": 36.603991254816904}}], "scenario_type": "Scenario27"}], "Town01": [{"available_event_configurations": [{"transform": {"pitch": "0", "x": 312, "y": 129, "yaw": 180, "z": 0}, "_start_distance": 16.087092661786627, "_actor_vel": 2.376137688978589, "_trigger_distance": 15.386875742225426, "_model": 1, "weather": {"sun_altitude_angle": 63.28501409459895, "precipitation": 99.04749278906773, "wind_intensity": 18.669422052324837, "sun_azimuth_angle": 355.8300793308287, "fog_distance": "0", "cloudiness": 5.06258742755451, "fog_density": 72.93280324118975, "wetness": 90.06390071913984, "precipitation_deposits": 36.603991254816904}}], "scenario_type": "Scenario27"}], "Town04": [{"available_event_configurations": [{"transform": {"pitch": "0", "x": 254.9, "y": -230.9, "yaw": 90, "z": 0}, "_start_distance": 16.087092661786627, "_actor_vel": 2.376137688978589, "_trigger_distance": 15.386875742225426, "_model": 1, "weather": {"sun_altitude_angle": 63.28501409459895, "precipitation": 99.04749278906773, "wind_intensity": 18.669422052324837, "sun_azimuth_angle": 355.8300793308287, "fog_distance": "0", "cloudiness": 5.06258742755451, "fog_density": 72.93280324118975, "wetness": 90.06390071913984, "precipitation_deposits": 36.603991254816904}}], "scenario_type": "Scenario27"}], "Town03": [{"available_event_configurations": [{"transform": {"pitch": "0", "x": -88.5, "y": -90, "yaw": 90, "z": 0}, "_start_distance": 16.087092661786627, "_actor_vel": 2.376137688978589, "_trigger_distance": 15.386875742225426, "_model": 1, "weather": {"sun_altitude_angle": 63.28501409459895, "precipitation": 99.04749278906773, "wind_intensity": 18.669422052324837, "sun_azimuth_angle": 355.8300793308287, "fog_distance": "0", "cloudiness": 5.06258742755451, "fog_density": 72.93280324118975, "wetness": 90.06390071913984, "precipitation_deposits": 36.603991254816904}}], "scenario_type": "Scenario27"}]}]}