{"available_scenarios": [{"Town05": [{"available_event_configurations": [{"transform": {"pitch": "0", "x": 35, "y": 130, "yaw": -90, "z": 0}, "_start_distance": 18.115067749427023, "_actor_vel": 2.092129417798009, "_trigger_distance": 16.677002365940787, "_model": 1}, {"transform": {"pitch": "0", "x": 35, "y": 65, "yaw": -90, "z": 0}, "_start_distance": 18.115067749427023, "_actor_vel": 2.092129417798009, "_trigger_distance": 16.677002365940787, "_model": 1, "weather": {"sun_altitude_angle": -86.95330992624137, "precipitation": 63.46999100485782, "wind_intensity": 12.571866756825356, "sun_azimuth_angle": 254.86499390441912, "fog_distance": "0", "cloudiness": 47.97209658682101, "fog_density": 13.626456468188763, "wetness": 61.0819962611705, "precipitation_deposits": 58.431449617124045}}], "scenario_type": "Scenario27"}], "Town01": [{"available_event_configurations": [{"transform": {"pitch": "0", "x": 312, "y": 129, "yaw": 180, "z": 0}, "_start_distance": 18.115067749427023, "_actor_vel": 2.092129417798009, "_trigger_distance": 16.677002365940787, "_model": 1, "weather": {"sun_altitude_angle": -86.95330992624137, "precipitation": 63.46999100485782, "wind_intensity": 12.571866756825356, "sun_azimuth_angle": 254.86499390441912, "fog_distance": "0", "cloudiness": 47.97209658682101, "fog_density": 13.626456468188763, "wetness": 61.0819962611705, "precipitation_deposits": 58.431449617124045}}], "scenario_type": "Scenario27"}], "Town04": [{"available_event_configurations": [{"transform": {"pitch": "0", "x": 254.9, "y": -230.9, "yaw": 90, "z": 0}, "_start_distance": 18.115067749427023, "_actor_vel": 2.092129417798009, "_trigger_distance": 16.677002365940787, "_model": 1, "weather": {"sun_altitude_angle": -86.95330992624137, "precipitation": 63.46999100485782, "wind_intensity": 12.571866756825356, "sun_azimuth_angle": 254.86499390441912, "fog_distance": "0", "cloudiness": 47.97209658682101, "fog_density": 13.626456468188763, "wetness": 61.0819962611705, "precipitation_deposits": 58.431449617124045}}], "scenario_type": "Scenario27"}], "Town03": [{"available_event_configurations": [{"transform": {"pitch": "0", "x": -88.5, "y": -90, "yaw": 90, "z": 0}, "_start_distance": 18.115067749427023, "_actor_vel": 2.092129417798009, "_trigger_distance": 16.677002365940787, "_model": 1, "weather": {"sun_altitude_angle": -86.95330992624137, "precipitation": 63.46999100485782, "wind_intensity": 12.571866756825356, "sun_azimuth_angle": 254.86499390441912, "fog_distance": "0", "cloudiness": 47.97209658682101, "fog_density": 13.626456468188763, "wetness": 61.0819962611705, "precipitation_deposits": 58.431449617124045}}], "scenario_type": "Scenario27"}]}]}