{"available_scenarios": [{"Town05": [{"available_event_configurations": [{"transform": {"pitch": "0", "x": 35, "y": 130, "yaw": -90, "z": 0}, "_start_distance": 16.932077895383276, "_actor_vel": 2.232590113273857, "_trigger_distance": 19.590451586549477, "_model": 1}, {"transform": {"pitch": "0", "x": 35, "y": 65, "yaw": -90, "z": 0}, "_start_distance": 16.932077895383276, "_actor_vel": 2.232590113273857, "_trigger_distance": 19.590451586549477, "_model": 1, "weather": {"sun_altitude_angle": -61.75194469547973, "precipitation": 30.255396618501184, "wind_intensity": 11.524652964640147, "sun_azimuth_angle": 173.3801682850176, "fog_distance": "0", "cloudiness": 28.48972670619949, "fog_density": 38.566832288526676, "wetness": 37.19974816870235, "precipitation_deposits": 32.15543095927116}}], "scenario_type": "Scenario27"}], "Town01": [{"available_event_configurations": [{"transform": {"pitch": "0", "x": 312, "y": 129, "yaw": 180, "z": 0}, "_start_distance": 16.932077895383276, "_actor_vel": 2.232590113273857, "_trigger_distance": 19.590451586549477, "_model": 1, "weather": {"sun_altitude_angle": -61.75194469547973, "precipitation": 30.255396618501184, "wind_intensity": 11.524652964640147, "sun_azimuth_angle": 173.3801682850176, "fog_distance": "0", "cloudiness": 28.48972670619949, "fog_density": 38.566832288526676, "wetness": 37.19974816870235, "precipitation_deposits": 32.15543095927116}}], "scenario_type": "Scenario27"}], "Town04": [{"available_event_configurations": [{"transform": {"pitch": "0", "x": 254.9, "y": -230.9, "yaw": 90, "z": 0}, "_start_distance": 16.932077895383276, "_actor_vel": 2.232590113273857, "_trigger_distance": 19.590451586549477, "_model": 1, "weather": {"sun_altitude_angle": -61.75194469547973, "precipitation": 30.255396618501184, "wind_intensity": 11.524652964640147, "sun_azimuth_angle": 173.3801682850176, "fog_distance": "0", "cloudiness": 28.48972670619949, "fog_density": 38.566832288526676, "wetness": 37.19974816870235, "precipitation_deposits": 32.15543095927116}}], "scenario_type": "Scenario27"}], "Town03": [{"available_event_configurations": [{"transform": {"pitch": "0", "x": -88.5, "y": -90, "yaw": 90, "z": 0}, "_start_distance": 16.932077895383276, "_actor_vel": 2.232590113273857, "_trigger_distance": 19.590451586549477, "_model": 1, "weather": {"sun_altitude_angle": -61.75194469547973, "precipitation": 30.255396618501184, "wind_intensity": 11.524652964640147, "sun_azimuth_angle": 173.3801682850176, "fog_distance": "0", "cloudiness": 28.48972670619949, "fog_density": 38.566832288526676, "wetness": 37.19974816870235, "precipitation_deposits": 32.15543095927116}}], "scenario_type": "Scenario27"}]}]}