{"available_scenarios": [{"Town05": [{"available_event_configurations": [{"transform": {"pitch": "0", "x": 35, "y": 130, "yaw": -90, "z": 0}, "_start_distance": 19.35124034452904, "_actor_vel": 2.100749419878154, "_trigger_distance": 16.10418776467784, "_model": 1}, {"transform": {"pitch": "0", "x": 35, "y": 65, "yaw": -90, "z": 0}, "_start_distance": 19.35124034452904, "_actor_vel": 2.100749419878154, "_trigger_distance": 16.10418776467784, "_model": 1, "weather": {"sun_altitude_angle": -84.81266095758014, "precipitation": 89.83342431033033, "wind_intensity": 58.10022746826896, "sun_azimuth_angle": 343.2977952303201, "fog_distance": "0", "cloudiness": 89.44213506522927, "fog_density": 53.7853384615896, "wetness": 42.22897814444294, "precipitation_deposits": 67.64924877282031}}], "scenario_type": "Scenario27"}], "Town01": [{"available_event_configurations": [{"transform": {"pitch": "0", "x": 312, "y": 129, "yaw": 180, "z": 0}, "_start_distance": 19.35124034452904, "_actor_vel": 2.100749419878154, "_trigger_distance": 16.10418776467784, "_model": 1, "weather": {"sun_altitude_angle": -84.81266095758014, "precipitation": 89.83342431033033, "wind_intensity": 58.10022746826896, "sun_azimuth_angle": 343.2977952303201, "fog_distance": "0", "cloudiness": 89.44213506522927, "fog_density": 53.7853384615896, "wetness": 42.22897814444294, "precipitation_deposits": 67.64924877282031}}], "scenario_type": "Scenario27"}], "Town04": [{"available_event_configurations": [{"transform": {"pitch": "0", "x": 254.9, "y": -230.9, "yaw": 90, "z": 0}, "_start_distance": 19.35124034452904, "_actor_vel": 2.100749419878154, "_trigger_distance": 16.10418776467784, "_model": 1, "weather": {"sun_altitude_angle": -84.81266095758014, "precipitation": 89.83342431033033, "wind_intensity": 58.10022746826896, "sun_azimuth_angle": 343.2977952303201, "fog_distance": "0", "cloudiness": 89.44213506522927, "fog_density": 53.7853384615896, "wetness": 42.22897814444294, "precipitation_deposits": 67.64924877282031}}], "scenario_type": "Scenario27"}], "Town03": [{"available_event_configurations": [{"transform": {"pitch": "0", "x": -88.5, "y": -90, "yaw": 90, "z": 0}, "_start_distance": 19.35124034452904, "_actor_vel": 2.100749419878154, "_trigger_distance": 16.10418776467784, "_model": 1, "weather": {"sun_altitude_angle": -84.81266095758014, "precipitation": 89.83342431033033, "wind_intensity": 58.10022746826896, "sun_azimuth_angle": 343.2977952303201, "fog_distance": "0", "cloudiness": 89.44213506522927, "fog_density": 53.7853384615896, "wetness": 42.22897814444294, "precipitation_deposits": 67.64924877282031}}], "scenario_type": "Scenario27"}]}]}