{"available_scenarios": [{"Town05": [{"available_event_configurations": [{"transform": {"pitch": "0", "x": 35, "y": 130, "yaw": -90, "z": 0}, "_start_distance": 16.68708651600638, "_actor_vel": 2.232431401687606, "_trigger_distance": 17.88404662604917, "_model": 1}, {"transform": {"pitch": "0", "x": 35, "y": 65, "yaw": -90, "z": 0}, "_start_distance": 16.68708651600638, "_actor_vel": 2.232431401687606, "_trigger_distance": 17.88404662604917, "_model": 1, "weather": {"sun_altitude_angle": 37.99446934874935, "precipitation": 86.46092557921152, "wind_intensity": 15.489208009150401, "sun_azimuth_angle": 108.97295608931587, "fog_distance": "0", "cloudiness": 3.6131181883821917, "fog_density": 32.51062284788112, "wetness": 64.64038904703297, "precipitation_deposits": 89.42860270905497}}], "scenario_type": "Scenario27"}], "Town01": [{"available_event_configurations": [{"transform": {"pitch": "0", "x": 312, "y": 129, "yaw": 180, "z": 0}, "_start_distance": 16.68708651600638, "_actor_vel": 2.232431401687606, "_trigger_distance": 17.88404662604917, "_model": 1, "weather": {"sun_altitude_angle": 37.99446934874935, "precipitation": 86.46092557921152, "wind_intensity": 15.489208009150401, "sun_azimuth_angle": 108.97295608931587, "fog_distance": "0", "cloudiness": 3.6131181883821917, "fog_density": 32.51062284788112, "wetness": 64.64038904703297, "precipitation_deposits": 89.42860270905497}}], "scenario_type": "Scenario27"}], "Town04": [{"available_event_configurations": [{"transform": {"pitch": "0", "x": 254.9, "y": -230.9, "yaw": 90, "z": 0}, "_start_distance": 16.68708651600638, "_actor_vel": 2.232431401687606, "_trigger_distance": 17.88404662604917, "_model": 1, "weather": {"sun_altitude_angle": 37.99446934874935, "precipitation": 86.46092557921152, "wind_intensity": 15.489208009150401, "sun_azimuth_angle": 108.97295608931587, "fog_distance": "0", "cloudiness": 3.6131181883821917, "fog_density": 32.51062284788112, "wetness": 64.64038904703297, "precipitation_deposits": 89.42860270905497}}], "scenario_type": "Scenario27"}], "Town03": [{"available_event_configurations": [{"transform": {"pitch": "0", "x": -88.5, "y": -90, "yaw": 90, "z": 0}, "_start_distance": 16.68708651600638, "_actor_vel": 2.232431401687606, "_trigger_distance": 17.88404662604917, "_model": 1, "weather": {"sun_altitude_angle": 37.99446934874935, "precipitation": 86.46092557921152, "wind_intensity": 15.489208009150401, "sun_azimuth_angle": 108.97295608931587, "fog_distance": "0", "cloudiness": 3.6131181883821917, "fog_density": 32.51062284788112, "wetness": 64.64038904703297, "precipitation_deposits": 89.42860270905497}}], "scenario_type": "Scenario27"}]}]}