{"available_scenarios": [{"Town05": [{"available_event_configurations": [{"transform": {"pitch": "0", "x": 35, "y": 130, "yaw": -90, "z": 0}, "_start_distance": 18.33588126469207, "_actor_vel": 2.0975088412180174, "_trigger_distance": 19.71987254863866, "_model": 1}, {"transform": {"pitch": "0", "x": 35, "y": 65, "yaw": -90, "z": 0}, "_start_distance": 18.33588126469207, "_actor_vel": 2.0975088412180174, "_trigger_distance": 19.71987254863866, "_model": 1, "weather": {"sun_altitude_angle": 27.570851910406375, "precipitation": 10.973449786629885, "wind_intensity": 17.59367404377802, "sun_azimuth_angle": 4.621759593784569, "fog_distance": "0", "cloudiness": 42.11573196238203, "fog_density": 5.336198611302889, "wetness": 82.69237964534173, "precipitation_deposits": 23.077106264733573}}], "scenario_type": "Scenario27"}], "Town01": [{"available_event_configurations": [{"transform": {"pitch": "0", "x": 312, "y": 129, "yaw": 180, "z": 0}, "_start_distance": 18.33588126469207, "_actor_vel": 2.0975088412180174, "_trigger_distance": 19.71987254863866, "_model": 1, "weather": {"sun_altitude_angle": 27.570851910406375, "precipitation": 10.973449786629885, "wind_intensity": 17.59367404377802, "sun_azimuth_angle": 4.621759593784569, "fog_distance": "0", "cloudiness": 42.11573196238203, "fog_density": 5.336198611302889, "wetness": 82.69237964534173, "precipitation_deposits": 23.077106264733573}}], "scenario_type": "Scenario27"}], "Town04": [{"available_event_configurations": [{"transform": {"pitch": "0", "x": 254.9, "y": -230.9, "yaw": 90, "z": 0}, "_start_distance": 18.33588126469207, "_actor_vel": 2.0975088412180174, "_trigger_distance": 19.71987254863866, "_model": 1, "weather": {"sun_altitude_angle": 27.570851910406375, "precipitation": 10.973449786629885, "wind_intensity": 17.59367404377802, "sun_azimuth_angle": 4.621759593784569, "fog_distance": "0", "cloudiness": 42.11573196238203, "fog_density": 5.336198611302889, "wetness": 82.69237964534173, "precipitation_deposits": 23.077106264733573}}], "scenario_type": "Scenario27"}], "Town03": [{"available_event_configurations": [{"transform": {"pitch": "0", "x": -88.5, "y": -90, "yaw": 90, "z": 0}, "_start_distance": 18.33588126469207, "_actor_vel": 2.0975088412180174, "_trigger_distance": 19.71987254863866, "_model": 1, "weather": {"sun_altitude_angle": 27.570851910406375, "precipitation": 10.973449786629885, "wind_intensity": 17.59367404377802, "sun_azimuth_angle": 4.621759593784569, "fog_distance": "0", "cloudiness": 42.11573196238203, "fog_density": 5.336198611302889, "wetness": 82.69237964534173, "precipitation_deposits": 23.077106264733573}}], "scenario_type": "Scenario27"}]}]}