{"available_scenarios": [{"Town05": [{"available_event_configurations": [{"transform": {"pitch": "0", "x": 35, "y": 130, "yaw": -90, "z": 0}, "_start_distance": 18.041506997819557, "_actor_vel": 2.300441588496656, "_trigger_distance": 15.393816331732264, "_model": 1}, {"transform": {"pitch": "0", "x": 35, "y": 65, "yaw": -90, "z": 0}, "_start_distance": 18.041506997819557, "_actor_vel": 2.300441588496656, "_trigger_distance": 15.393816331732264, "_model": 1, "weather": {"sun_altitude_angle": -9.131238600481865, "precipitation": 57.98578852107362, "wind_intensity": 93.87846389959999, "sun_azimuth_angle": 277.55699073095104, "fog_distance": "0", "cloudiness": 42.15446182973695, "fog_density": 72.20813280376693, "wetness": 61.306665051939525, "precipitation_deposits": 9.757721604318025}}], "scenario_type": "Scenario27"}], "Town01": [{"available_event_configurations": [{"transform": {"pitch": "0", "x": 312, "y": 129, "yaw": 180, "z": 0}, "_start_distance": 18.041506997819557, "_actor_vel": 2.300441588496656, "_trigger_distance": 15.393816331732264, "_model": 1, "weather": {"sun_altitude_angle": -9.131238600481865, "precipitation": 57.98578852107362, "wind_intensity": 93.87846389959999, "sun_azimuth_angle": 277.55699073095104, "fog_distance": "0", "cloudiness": 42.15446182973695, "fog_density": 72.20813280376693, "wetness": 61.306665051939525, "precipitation_deposits": 9.757721604318025}}], "scenario_type": "Scenario27"}], "Town04": [{"available_event_configurations": [{"transform": {"pitch": "0", "x": 254.9, "y": -230.9, "yaw": 90, "z": 0}, "_start_distance": 18.041506997819557, "_actor_vel": 2.300441588496656, "_trigger_distance": 15.393816331732264, "_model": 1, "weather": {"sun_altitude_angle": -9.131238600481865, "precipitation": 57.98578852107362, "wind_intensity": 93.87846389959999, "sun_azimuth_angle": 277.55699073095104, "fog_distance": "0", "cloudiness": 42.15446182973695, "fog_density": 72.20813280376693, "wetness": 61.306665051939525, "precipitation_deposits": 9.757721604318025}}], "scenario_type": "Scenario27"}], "Town03": [{"available_event_configurations": [{"transform": {"pitch": "0", "x": -88.5, "y": -90, "yaw": 90, "z": 0}, "_start_distance": 18.041506997819557, "_actor_vel": 2.300441588496656, "_trigger_distance": 15.393816331732264, "_model": 1, "weather": {"sun_altitude_angle": -9.131238600481865, "precipitation": 57.98578852107362, "wind_intensity": 93.87846389959999, "sun_azimuth_angle": 277.55699073095104, "fog_distance": "0", "cloudiness": 42.15446182973695, "fog_density": 72.20813280376693, "wetness": 61.306665051939525, "precipitation_deposits": 9.757721604318025}}], "scenario_type": "Scenario27"}]}]}