{"available_scenarios": [{"Town05": [{"available_event_configurations": [{"transform": {"pitch": "0", "x": 35, "y": 130, "yaw": -90, "z": 0}, "_start_distance": 18.930508354702543, "_actor_vel": 2.0902041416118595, "_trigger_distance": 17.05484940000938, "_model": 1}, {"transform": {"pitch": "0", "x": 35, "y": 65, "yaw": -90, "z": 0}, "_start_distance": 18.930508354702543, "_actor_vel": 2.0902041416118595, "_trigger_distance": 17.05484940000938, "_model": 1, "weather": {"sun_altitude_angle": -0.4935540666032949, "precipitation": 65.98595926449428, "wind_intensity": 2.6773614394554834, "sun_azimuth_angle": 188.1467006067912, "fog_distance": "0", "cloudiness": 50.018542550128316, "fog_density": 23.395586857181705, "wetness": 42.54677396682804, "precipitation_deposits": 58.377279021898}}], "scenario_type": "Scenario27"}], "Town01": [{"available_event_configurations": [{"transform": {"pitch": "0", "x": 312, "y": 129, "yaw": 180, "z": 0}, "_start_distance": 18.930508354702543, "_actor_vel": 2.0902041416118595, "_trigger_distance": 17.05484940000938, "_model": 1, "weather": {"sun_altitude_angle": -0.4935540666032949, "precipitation": 65.98595926449428, "wind_intensity": 2.6773614394554834, "sun_azimuth_angle": 188.1467006067912, "fog_distance": "0", "cloudiness": 50.018542550128316, "fog_density": 23.395586857181705, "wetness": 42.54677396682804, "precipitation_deposits": 58.377279021898}}], "scenario_type": "Scenario27"}], "Town04": [{"available_event_configurations": [{"transform": {"pitch": "0", "x": 254.9, "y": -230.9, "yaw": 90, "z": 0}, "_start_distance": 18.930508354702543, "_actor_vel": 2.0902041416118595, "_trigger_distance": 17.05484940000938, "_model": 1, "weather": {"sun_altitude_angle": -0.4935540666032949, "precipitation": 65.98595926449428, "wind_intensity": 2.6773614394554834, "sun_azimuth_angle": 188.1467006067912, "fog_distance": "0", "cloudiness": 50.018542550128316, "fog_density": 23.395586857181705, "wetness": 42.54677396682804, "precipitation_deposits": 58.377279021898}}], "scenario_type": "Scenario27"}], "Town03": [{"available_event_configurations": [{"transform": {"pitch": "0", "x": -88.5, "y": -90, "yaw": 90, "z": 0}, "_start_distance": 18.930508354702543, "_actor_vel": 2.0902041416118595, "_trigger_distance": 17.05484940000938, "_model": 1, "weather": {"sun_altitude_angle": -0.4935540666032949, "precipitation": 65.98595926449428, "wind_intensity": 2.6773614394554834, "sun_azimuth_angle": 188.1467006067912, "fog_distance": "0", "cloudiness": 50.018542550128316, "fog_density": 23.395586857181705, "wetness": 42.54677396682804, "precipitation_deposits": 58.377279021898}}], "scenario_type": "Scenario27"}]}]}