{"available_scenarios": [{"Town05": [{"available_event_configurations": [{"transform": {"pitch": "0", "x": 35, "y": 130, "yaw": -90, "z": 0}, "_start_distance": 18.291007963305077, "_actor_vel": 2.2944662001304748, "_trigger_distance": 18.01175937425648, "_model": 1}, {"transform": {"pitch": "0", "x": 35, "y": 65, "yaw": -90, "z": 0}, "_start_distance": 18.291007963305077, "_actor_vel": 2.2944662001304748, "_trigger_distance": 18.01175937425648, "_model": 1, "weather": {"sun_altitude_angle": 74.41365525374226, "precipitation": 8.276178059202067, "wind_intensity": 31.362674334772024, "sun_azimuth_angle": 207.43419679855413, "fog_distance": "0", "cloudiness": 41.40677609247469, "fog_density": 98.09414672867885, "wetness": 81.30600052345072, "precipitation_deposits": 70.61352653399824}}], "scenario_type": "Scenario27"}], "Town01": [{"available_event_configurations": [{"transform": {"pitch": "0", "x": 312, "y": 129, "yaw": 180, "z": 0}, "_start_distance": 18.291007963305077, "_actor_vel": 2.2944662001304748, "_trigger_distance": 18.01175937425648, "_model": 1, "weather": {"sun_altitude_angle": 74.41365525374226, "precipitation": 8.276178059202067, "wind_intensity": 31.362674334772024, "sun_azimuth_angle": 207.43419679855413, "fog_distance": "0", "cloudiness": 41.40677609247469, "fog_density": 98.09414672867885, "wetness": 81.30600052345072, "precipitation_deposits": 70.61352653399824}}], "scenario_type": "Scenario27"}], "Town04": [{"available_event_configurations": [{"transform": {"pitch": "0", "x": 254.9, "y": -230.9, "yaw": 90, "z": 0}, "_start_distance": 18.291007963305077, "_actor_vel": 2.2944662001304748, "_trigger_distance": 18.01175937425648, "_model": 1, "weather": {"sun_altitude_angle": 74.41365525374226, "precipitation": 8.276178059202067, "wind_intensity": 31.362674334772024, "sun_azimuth_angle": 207.43419679855413, "fog_distance": "0", "cloudiness": 41.40677609247469, "fog_density": 98.09414672867885, "wetness": 81.30600052345072, "precipitation_deposits": 70.61352653399824}}], "scenario_type": "Scenario27"}], "Town03": [{"available_event_configurations": [{"transform": {"pitch": "0", "x": -88.5, "y": -90, "yaw": 90, "z": 0}, "_start_distance": 18.291007963305077, "_actor_vel": 2.2944662001304748, "_trigger_distance": 18.01175937425648, "_model": 1, "weather": {"sun_altitude_angle": 74.41365525374226, "precipitation": 8.276178059202067, "wind_intensity": 31.362674334772024, "sun_azimuth_angle": 207.43419679855413, "fog_distance": "0", "cloudiness": 41.40677609247469, "fog_density": 98.09414672867885, "wetness": 81.30600052345072, "precipitation_deposits": 70.61352653399824}}], "scenario_type": "Scenario27"}]}]}