{"available_scenarios": [{"Town05": [{"available_event_configurations": [{"transform": {"pitch": "0", "x": 35, "y": 130, "yaw": -90, "z": 0}, "_start_distance": 16.717553764658103, "_actor_vel": 2.3330678858994855, "_trigger_distance": 16.265557135986747, "_model": 1}, {"transform": {"pitch": "0", "x": 35, "y": 65, "yaw": -90, "z": 0}, "_start_distance": 16.717553764658103, "_actor_vel": 2.3330678858994855, "_trigger_distance": 16.265557135986747, "_model": 1, "weather": {"sun_altitude_angle": 57.3796384161885, "precipitation": 36.76680742183542, "wind_intensity": 55.586234713533656, "sun_azimuth_angle": 126.76800754148967, "fog_distance": "0", "cloudiness": 77.89529439842134, "fog_density": 31.842344637905118, "wetness": 49.650448072676156, "precipitation_deposits": 99.3524350604899}}], "scenario_type": "Scenario27"}], "Town01": [{"available_event_configurations": [{"transform": {"pitch": "0", "x": 312, "y": 129, "yaw": 180, "z": 0}, "_start_distance": 16.717553764658103, "_actor_vel": 2.3330678858994855, "_trigger_distance": 16.265557135986747, "_model": 1, "weather": {"sun_altitude_angle": 57.3796384161885, "precipitation": 36.76680742183542, "wind_intensity": 55.586234713533656, "sun_azimuth_angle": 126.76800754148967, "fog_distance": "0", "cloudiness": 77.89529439842134, "fog_density": 31.842344637905118, "wetness": 49.650448072676156, "precipitation_deposits": 99.3524350604899}}], "scenario_type": "Scenario27"}], "Town04": [{"available_event_configurations": [{"transform": {"pitch": "0", "x": 254.9, "y": -230.9, "yaw": 90, "z": 0}, "_start_distance": 16.717553764658103, "_actor_vel": 2.3330678858994855, "_trigger_distance": 16.265557135986747, "_model": 1, "weather": {"sun_altitude_angle": 57.3796384161885, "precipitation": 36.76680742183542, "wind_intensity": 55.586234713533656, "sun_azimuth_angle": 126.76800754148967, "fog_distance": "0", "cloudiness": 77.89529439842134, "fog_density": 31.842344637905118, "wetness": 49.650448072676156, "precipitation_deposits": 99.3524350604899}}], "scenario_type": "Scenario27"}], "Town03": [{"available_event_configurations": [{"transform": {"pitch": "0", "x": -88.5, "y": -90, "yaw": 90, "z": 0}, "_start_distance": 16.717553764658103, "_actor_vel": 2.3330678858994855, "_trigger_distance": 16.265557135986747, "_model": 1, "weather": {"sun_altitude_angle": 57.3796384161885, "precipitation": 36.76680742183542, "wind_intensity": 55.586234713533656, "sun_azimuth_angle": 126.76800754148967, "fog_distance": "0", "cloudiness": 77.89529439842134, "fog_density": 31.842344637905118, "wetness": 49.650448072676156, "precipitation_deposits": 99.3524350604899}}], "scenario_type": "Scenario27"}]}]}