{"available_scenarios": [{"Town05": [{"available_event_configurations": [{"transform": {"pitch": "0", "x": 35, "y": 130, "yaw": -90, "z": 0}, "_start_distance": 17.00927009562227, "_actor_vel": 2.2520058674848564, "_trigger_distance": 16.55543492922802, "_model": 1}, {"transform": {"pitch": "0", "x": 35, "y": 65, "yaw": -90, "z": 0}, "_start_distance": 17.00927009562227, "_actor_vel": 2.2520058674848564, "_trigger_distance": 16.55543492922802, "_model": 1, "weather": {"sun_altitude_angle": -9.420013638003425, "precipitation": 27.388370634971537, "wind_intensity": 88.60821563896116, "sun_azimuth_angle": 148.14368069277364, "fog_distance": "0", "cloudiness": 82.62247860768727, "fog_density": 24.64249156338749, "wetness": 2.9360454628234445, "precipitation_deposits": 33.88367788623003}}], "scenario_type": "Scenario27"}], "Town01": [{"available_event_configurations": [{"transform": {"pitch": "0", "x": 312, "y": 129, "yaw": 180, "z": 0}, "_start_distance": 17.00927009562227, "_actor_vel": 2.2520058674848564, "_trigger_distance": 16.55543492922802, "_model": 1, "weather": {"sun_altitude_angle": -9.420013638003425, "precipitation": 27.388370634971537, "wind_intensity": 88.60821563896116, "sun_azimuth_angle": 148.14368069277364, "fog_distance": "0", "cloudiness": 82.62247860768727, "fog_density": 24.64249156338749, "wetness": 2.9360454628234445, "precipitation_deposits": 33.88367788623003}}], "scenario_type": "Scenario27"}], "Town04": [{"available_event_configurations": [{"transform": {"pitch": "0", "x": 254.9, "y": -230.9, "yaw": 90, "z": 0}, "_start_distance": 17.00927009562227, "_actor_vel": 2.2520058674848564, "_trigger_distance": 16.55543492922802, "_model": 1, "weather": {"sun_altitude_angle": -9.420013638003425, "precipitation": 27.388370634971537, "wind_intensity": 88.60821563896116, "sun_azimuth_angle": 148.14368069277364, "fog_distance": "0", "cloudiness": 82.62247860768727, "fog_density": 24.64249156338749, "wetness": 2.9360454628234445, "precipitation_deposits": 33.88367788623003}}], "scenario_type": "Scenario27"}], "Town03": [{"available_event_configurations": [{"transform": {"pitch": "0", "x": -88.5, "y": -90, "yaw": 90, "z": 0}, "_start_distance": 17.00927009562227, "_actor_vel": 2.2520058674848564, "_trigger_distance": 16.55543492922802, "_model": 1, "weather": {"sun_altitude_angle": -9.420013638003425, "precipitation": 27.388370634971537, "wind_intensity": 88.60821563896116, "sun_azimuth_angle": 148.14368069277364, "fog_distance": "0", "cloudiness": 82.62247860768727, "fog_density": 24.64249156338749, "wetness": 2.9360454628234445, "precipitation_deposits": 33.88367788623003}}], "scenario_type": "Scenario27"}]}]}