{"available_scenarios": [{"Town05": [{"available_event_configurations": [{"transform": {"pitch": "0", "x": 35, "y": 130, "yaw": -90, "z": 0}, "_start_distance": 19.45892159198051, "_actor_vel": 2.3193460324166857, "_trigger_distance": 15.181589374145394, "_model": 1}, {"transform": {"pitch": "0", "x": 35, "y": 65, "yaw": -90, "z": 0}, "_start_distance": 19.45892159198051, "_actor_vel": 2.3193460324166857, "_trigger_distance": 15.181589374145394, "_model": 1, "weather": {"sun_altitude_angle": 53.54737482016034, "precipitation": 94.65019615402753, "wind_intensity": 48.19661091567817, "sun_azimuth_angle": 69.644368104625, "fog_distance": "0", "cloudiness": 31.102036832498882, "fog_density": 62.61341188728511, "wetness": 84.11927842220162, "precipitation_deposits": 68.66413109228573}}], "scenario_type": "Scenario27"}], "Town01": [{"available_event_configurations": [{"transform": {"pitch": "0", "x": 312, "y": 129, "yaw": 180, "z": 0}, "_start_distance": 19.45892159198051, "_actor_vel": 2.3193460324166857, "_trigger_distance": 15.181589374145394, "_model": 1, "weather": {"sun_altitude_angle": 53.54737482016034, "precipitation": 94.65019615402753, "wind_intensity": 48.19661091567817, "sun_azimuth_angle": 69.644368104625, "fog_distance": "0", "cloudiness": 31.102036832498882, "fog_density": 62.61341188728511, "wetness": 84.11927842220162, "precipitation_deposits": 68.66413109228573}}], "scenario_type": "Scenario27"}], "Town04": [{"available_event_configurations": [{"transform": {"pitch": "0", "x": 254.9, "y": -230.9, "yaw": 90, "z": 0}, "_start_distance": 19.45892159198051, "_actor_vel": 2.3193460324166857, "_trigger_distance": 15.181589374145394, "_model": 1, "weather": {"sun_altitude_angle": 53.54737482016034, "precipitation": 94.65019615402753, "wind_intensity": 48.19661091567817, "sun_azimuth_angle": 69.644368104625, "fog_distance": "0", "cloudiness": 31.102036832498882, "fog_density": 62.61341188728511, "wetness": 84.11927842220162, "precipitation_deposits": 68.66413109228573}}], "scenario_type": "Scenario27"}], "Town03": [{"available_event_configurations": [{"transform": {"pitch": "0", "x": -88.5, "y": -90, "yaw": 90, "z": 0}, "_start_distance": 19.45892159198051, "_actor_vel": 2.3193460324166857, "_trigger_distance": 15.181589374145394, "_model": 1, "weather": {"sun_altitude_angle": 53.54737482016034, "precipitation": 94.65019615402753, "wind_intensity": 48.19661091567817, "sun_azimuth_angle": 69.644368104625, "fog_distance": "0", "cloudiness": 31.102036832498882, "fog_density": 62.61341188728511, "wetness": 84.11927842220162, "precipitation_deposits": 68.66413109228573}}], "scenario_type": "Scenario27"}]}]}