{"available_scenarios": [{"Town05": [{"available_event_configurations": [{"transform": {"pitch": "0", "x": 35, "y": 130, "yaw": -90, "z": 0}, "_start_distance": 16.36050118661167, "_actor_vel": 2.2964466424177012, "_trigger_distance": 15.260665826413257, "_model": 1}, {"transform": {"pitch": "0", "x": 35, "y": 65, "yaw": -90, "z": 0}, "_start_distance": 16.36050118661167, "_actor_vel": 2.2964466424177012, "_trigger_distance": 15.260665826413257, "_model": 1, "weather": {"sun_altitude_angle": -52.788409140471046, "precipitation": 47.82616626656606, "wind_intensity": 32.36575454300722, "sun_azimuth_angle": 310.5727798412508, "fog_distance": "0", "cloudiness": 25.364501548897, "fog_density": 1.8874083606289727, "wetness": 29.573707477143607, "precipitation_deposits": 82.36662174389166}}], "scenario_type": "Scenario27"}], "Town01": [{"available_event_configurations": [{"transform": {"pitch": "0", "x": 312, "y": 129, "yaw": 180, "z": 0}, "_start_distance": 16.36050118661167, "_actor_vel": 2.2964466424177012, "_trigger_distance": 15.260665826413257, "_model": 1, "weather": {"sun_altitude_angle": -52.788409140471046, "precipitation": 47.82616626656606, "wind_intensity": 32.36575454300722, "sun_azimuth_angle": 310.5727798412508, "fog_distance": "0", "cloudiness": 25.364501548897, "fog_density": 1.8874083606289727, "wetness": 29.573707477143607, "precipitation_deposits": 82.36662174389166}}], "scenario_type": "Scenario27"}], "Town04": [{"available_event_configurations": [{"transform": {"pitch": "0", "x": 254.9, "y": -230.9, "yaw": 90, "z": 0}, "_start_distance": 16.36050118661167, "_actor_vel": 2.2964466424177012, "_trigger_distance": 15.260665826413257, "_model": 1, "weather": {"sun_altitude_angle": -52.788409140471046, "precipitation": 47.82616626656606, "wind_intensity": 32.36575454300722, "sun_azimuth_angle": 310.5727798412508, "fog_distance": "0", "cloudiness": 25.364501548897, "fog_density": 1.8874083606289727, "wetness": 29.573707477143607, "precipitation_deposits": 82.36662174389166}}], "scenario_type": "Scenario27"}], "Town03": [{"available_event_configurations": [{"transform": {"pitch": "0", "x": -88.5, "y": -90, "yaw": 90, "z": 0}, "_start_distance": 16.36050118661167, "_actor_vel": 2.2964466424177012, "_trigger_distance": 15.260665826413257, "_model": 1, "weather": {"sun_altitude_angle": -52.788409140471046, "precipitation": 47.82616626656606, "wind_intensity": 32.36575454300722, "sun_azimuth_angle": 310.5727798412508, "fog_distance": "0", "cloudiness": 25.364501548897, "fog_density": 1.8874083606289727, "wetness": 29.573707477143607, "precipitation_deposits": 82.36662174389166}}], "scenario_type": "Scenario27"}]}]}