{"available_scenarios": [{"Town05": [{"available_event_configurations": [{"transform": {"pitch": "0", "x": 35, "y": 130, "yaw": -90, "z": 0}, "_start_distance": 15.949158774312055, "_actor_vel": 2.2667582167469074, "_trigger_distance": 15.29413553784928, "_model": 1}, {"transform": {"pitch": "0", "x": 35, "y": 65, "yaw": -90, "z": 0}, "_start_distance": 15.949158774312055, "_actor_vel": 2.2667582167469074, "_trigger_distance": 15.29413553784928, "_model": 1, "weather": {"sun_altitude_angle": -24.679938507561218, "precipitation": 66.3132266240313, "wind_intensity": 50.34983873497857, "sun_azimuth_angle": 134.98731295459683, "fog_distance": "0", "cloudiness": 63.932507872393614, "fog_density": 44.61702986307993, "wetness": 12.252237307827386, "precipitation_deposits": 20.546475808532826}}], "scenario_type": "Scenario27"}], "Town01": [{"available_event_configurations": [{"transform": {"pitch": "0", "x": 312, "y": 129, "yaw": 180, "z": 0}, "_start_distance": 15.949158774312055, "_actor_vel": 2.2667582167469074, "_trigger_distance": 15.29413553784928, "_model": 1, "weather": {"sun_altitude_angle": -24.679938507561218, "precipitation": 66.3132266240313, "wind_intensity": 50.34983873497857, "sun_azimuth_angle": 134.98731295459683, "fog_distance": "0", "cloudiness": 63.932507872393614, "fog_density": 44.61702986307993, "wetness": 12.252237307827386, "precipitation_deposits": 20.546475808532826}}], "scenario_type": "Scenario27"}], "Town04": [{"available_event_configurations": [{"transform": {"pitch": "0", "x": 254.9, "y": -230.9, "yaw": 90, "z": 0}, "_start_distance": 15.949158774312055, "_actor_vel": 2.2667582167469074, "_trigger_distance": 15.29413553784928, "_model": 1, "weather": {"sun_altitude_angle": -24.679938507561218, "precipitation": 66.3132266240313, "wind_intensity": 50.34983873497857, "sun_azimuth_angle": 134.98731295459683, "fog_distance": "0", "cloudiness": 63.932507872393614, "fog_density": 44.61702986307993, "wetness": 12.252237307827386, "precipitation_deposits": 20.546475808532826}}], "scenario_type": "Scenario27"}], "Town03": [{"available_event_configurations": [{"transform": {"pitch": "0", "x": -88.5, "y": -90, "yaw": 90, "z": 0}, "_start_distance": 15.949158774312055, "_actor_vel": 2.2667582167469074, "_trigger_distance": 15.29413553784928, "_model": 1, "weather": {"sun_altitude_angle": -24.679938507561218, "precipitation": 66.3132266240313, "wind_intensity": 50.34983873497857, "sun_azimuth_angle": 134.98731295459683, "fog_distance": "0", "cloudiness": 63.932507872393614, "fog_density": 44.61702986307993, "wetness": 12.252237307827386, "precipitation_deposits": 20.546475808532826}}], "scenario_type": "Scenario27"}]}]}