{"available_scenarios": [{"Town05": [{"available_event_configurations": [{"transform": {"pitch": "0", "x": 35, "y": 130, "yaw": -90, "z": 0}, "_start_distance": 17.655658833995183, "_actor_vel": 2.3129736627664865, "_trigger_distance": 16.213251013030426, "_model": 1}, {"transform": {"pitch": "0", "x": 35, "y": 65, "yaw": -90, "z": 0}, "_start_distance": 17.655658833995183, "_actor_vel": 2.3129736627664865, "_trigger_distance": 16.213251013030426, "_model": 1, "weather": {"sun_altitude_angle": 32.03078878770246, "precipitation": 40.2134243241821, "wind_intensity": 71.08106793340305, "sun_azimuth_angle": 296.1961928404718, "fog_distance": "0", "cloudiness": 11.234692555590197, "fog_density": 56.10219604888812, "wetness": 92.7704291026903, "precipitation_deposits": 24.051249059289383}}], "scenario_type": "Scenario27"}], "Town01": [{"available_event_configurations": [{"transform": {"pitch": "0", "x": 312, "y": 129, "yaw": 180, "z": 0}, "_start_distance": 17.655658833995183, "_actor_vel": 2.3129736627664865, "_trigger_distance": 16.213251013030426, "_model": 1, "weather": {"sun_altitude_angle": 32.03078878770246, "precipitation": 40.2134243241821, "wind_intensity": 71.08106793340305, "sun_azimuth_angle": 296.1961928404718, "fog_distance": "0", "cloudiness": 11.234692555590197, "fog_density": 56.10219604888812, "wetness": 92.7704291026903, "precipitation_deposits": 24.051249059289383}}], "scenario_type": "Scenario27"}], "Town04": [{"available_event_configurations": [{"transform": {"pitch": "0", "x": 254.9, "y": -230.9, "yaw": 90, "z": 0}, "_start_distance": 17.655658833995183, "_actor_vel": 2.3129736627664865, "_trigger_distance": 16.213251013030426, "_model": 1, "weather": {"sun_altitude_angle": 32.03078878770246, "precipitation": 40.2134243241821, "wind_intensity": 71.08106793340305, "sun_azimuth_angle": 296.1961928404718, "fog_distance": "0", "cloudiness": 11.234692555590197, "fog_density": 56.10219604888812, "wetness": 92.7704291026903, "precipitation_deposits": 24.051249059289383}}], "scenario_type": "Scenario27"}], "Town03": [{"available_event_configurations": [{"transform": {"pitch": "0", "x": -88.5, "y": -90, "yaw": 90, "z": 0}, "_start_distance": 17.655658833995183, "_actor_vel": 2.3129736627664865, "_trigger_distance": 16.213251013030426, "_model": 1, "weather": {"sun_altitude_angle": 32.03078878770246, "precipitation": 40.2134243241821, "wind_intensity": 71.08106793340305, "sun_azimuth_angle": 296.1961928404718, "fog_distance": "0", "cloudiness": 11.234692555590197, "fog_density": 56.10219604888812, "wetness": 92.7704291026903, "precipitation_deposits": 24.051249059289383}}], "scenario_type": "Scenario27"}]}]}