{"available_scenarios": [{"Town05": [{"available_event_configurations": [{"transform": {"pitch": "0", "x": 35, "y": 130, "yaw": -90, "z": 0}, "_start_distance": 16.779493595716577, "_actor_vel": 2.243260002296335, "_trigger_distance": 15.516877937643663, "_model": 1}, {"transform": {"pitch": "0", "x": 35, "y": 65, "yaw": -90, "z": 0}, "_start_distance": 16.779493595716577, "_actor_vel": 2.243260002296335, "_trigger_distance": 15.516877937643663, "_model": 1, "weather": {"sun_altitude_angle": -69.05231480629854, "precipitation": 88.12850318022141, "wind_intensity": 0.2748720579981434, "sun_azimuth_angle": 107.69733426912317, "fog_distance": "0", "cloudiness": 51.585771331552756, "fog_density": 34.592797593371905, "wetness": 98.48116674579427, "precipitation_deposits": 52.355153676982965}}], "scenario_type": "Scenario27"}], "Town01": [{"available_event_configurations": [{"transform": {"pitch": "0", "x": 312, "y": 129, "yaw": 180, "z": 0}, "_start_distance": 16.779493595716577, "_actor_vel": 2.243260002296335, "_trigger_distance": 15.516877937643663, "_model": 1, "weather": {"sun_altitude_angle": -69.05231480629854, "precipitation": 88.12850318022141, "wind_intensity": 0.2748720579981434, "sun_azimuth_angle": 107.69733426912317, "fog_distance": "0", "cloudiness": 51.585771331552756, "fog_density": 34.592797593371905, "wetness": 98.48116674579427, "precipitation_deposits": 52.355153676982965}}], "scenario_type": "Scenario27"}], "Town04": [{"available_event_configurations": [{"transform": {"pitch": "0", "x": 254.9, "y": -230.9, "yaw": 90, "z": 0}, "_start_distance": 16.779493595716577, "_actor_vel": 2.243260002296335, "_trigger_distance": 15.516877937643663, "_model": 1, "weather": {"sun_altitude_angle": -69.05231480629854, "precipitation": 88.12850318022141, "wind_intensity": 0.2748720579981434, "sun_azimuth_angle": 107.69733426912317, "fog_distance": "0", "cloudiness": 51.585771331552756, "fog_density": 34.592797593371905, "wetness": 98.48116674579427, "precipitation_deposits": 52.355153676982965}}], "scenario_type": "Scenario27"}], "Town03": [{"available_event_configurations": [{"transform": {"pitch": "0", "x": -88.5, "y": -90, "yaw": 90, "z": 0}, "_start_distance": 16.779493595716577, "_actor_vel": 2.243260002296335, "_trigger_distance": 15.516877937643663, "_model": 1, "weather": {"sun_altitude_angle": -69.05231480629854, "precipitation": 88.12850318022141, "wind_intensity": 0.2748720579981434, "sun_azimuth_angle": 107.69733426912317, "fog_distance": "0", "cloudiness": 51.585771331552756, "fog_density": 34.592797593371905, "wetness": 98.48116674579427, "precipitation_deposits": 52.355153676982965}}], "scenario_type": "Scenario27"}]}]}