{"available_scenarios": [{"Town05": [{"available_event_configurations": [{"transform": {"pitch": "0", "x": 35, "y": 130, "yaw": -90, "z": 0}, "_start_distance": 18.844495805428082, "_actor_vel": 2.3006420015493343, "_trigger_distance": 17.223573367289386, "_model": 1}, {"transform": {"pitch": "0", "x": 35, "y": 65, "yaw": -90, "z": 0}, "_start_distance": 18.844495805428082, "_actor_vel": 2.3006420015493343, "_trigger_distance": 17.223573367289386, "_model": 1, "weather": {"sun_altitude_angle": 11.789993448899878, "precipitation": 45.70992125938369, "wind_intensity": 83.65697670433202, "sun_azimuth_angle": 159.7973902648794, "fog_distance": "0", "cloudiness": 65.99823001117787, "fog_density": 54.460024305945694, "wetness": 4.247480200464826, "precipitation_deposits": 4.299658245865445}}], "scenario_type": "Scenario27"}], "Town01": [{"available_event_configurations": [{"transform": {"pitch": "0", "x": 312, "y": 129, "yaw": 180, "z": 0}, "_start_distance": 18.844495805428082, "_actor_vel": 2.3006420015493343, "_trigger_distance": 17.223573367289386, "_model": 1, "weather": {"sun_altitude_angle": 11.789993448899878, "precipitation": 45.70992125938369, "wind_intensity": 83.65697670433202, "sun_azimuth_angle": 159.7973902648794, "fog_distance": "0", "cloudiness": 65.99823001117787, "fog_density": 54.460024305945694, "wetness": 4.247480200464826, "precipitation_deposits": 4.299658245865445}}], "scenario_type": "Scenario27"}], "Town04": [{"available_event_configurations": [{"transform": {"pitch": "0", "x": 254.9, "y": -230.9, "yaw": 90, "z": 0}, "_start_distance": 18.844495805428082, "_actor_vel": 2.3006420015493343, "_trigger_distance": 17.223573367289386, "_model": 1, "weather": {"sun_altitude_angle": 11.789993448899878, "precipitation": 45.70992125938369, "wind_intensity": 83.65697670433202, "sun_azimuth_angle": 159.7973902648794, "fog_distance": "0", "cloudiness": 65.99823001117787, "fog_density": 54.460024305945694, "wetness": 4.247480200464826, "precipitation_deposits": 4.299658245865445}}], "scenario_type": "Scenario27"}], "Town03": [{"available_event_configurations": [{"transform": {"pitch": "0", "x": -88.5, "y": -90, "yaw": 90, "z": 0}, "_start_distance": 18.844495805428082, "_actor_vel": 2.3006420015493343, "_trigger_distance": 17.223573367289386, "_model": 1, "weather": {"sun_altitude_angle": 11.789993448899878, "precipitation": 45.70992125938369, "wind_intensity": 83.65697670433202, "sun_azimuth_angle": 159.7973902648794, "fog_distance": "0", "cloudiness": 65.99823001117787, "fog_density": 54.460024305945694, "wetness": 4.247480200464826, "precipitation_deposits": 4.299658245865445}}], "scenario_type": "Scenario27"}]}]}