{"available_scenarios": [{"Town05": [{"available_event_configurations": [{"transform": {"pitch": "0", "x": 35, "y": 130, "yaw": -90, "z": 0}, "_start_distance": 17.470641602680473, "_actor_vel": 2.0107277056409227, "_trigger_distance": 19.7434261777189, "_model": 1}, {"transform": {"pitch": "0", "x": 35, "y": 65, "yaw": -90, "z": 0}, "_start_distance": 17.470641602680473, "_actor_vel": 2.0107277056409227, "_trigger_distance": 19.7434261777189, "_model": 1, "weather": {"sun_altitude_angle": 48.47587450211239, "precipitation": 29.42192214234761, "wind_intensity": 6.296120467444199, "sun_azimuth_angle": 205.33080381268783, "fog_distance": "0", "cloudiness": 47.82357788795972, "fog_density": 53.7566088376247, "wetness": 7.161597106258122, "precipitation_deposits": 76.5867580297606}}], "scenario_type": "Scenario27"}], "Town01": [{"available_event_configurations": [{"transform": {"pitch": "0", "x": 312, "y": 129, "yaw": 180, "z": 0}, "_start_distance": 17.470641602680473, "_actor_vel": 2.0107277056409227, "_trigger_distance": 19.7434261777189, "_model": 1, "weather": {"sun_altitude_angle": 48.47587450211239, "precipitation": 29.42192214234761, "wind_intensity": 6.296120467444199, "sun_azimuth_angle": 205.33080381268783, "fog_distance": "0", "cloudiness": 47.82357788795972, "fog_density": 53.7566088376247, "wetness": 7.161597106258122, "precipitation_deposits": 76.5867580297606}}], "scenario_type": "Scenario27"}], "Town04": [{"available_event_configurations": [{"transform": {"pitch": "0", "x": 254.9, "y": -230.9, "yaw": 90, "z": 0}, "_start_distance": 17.470641602680473, "_actor_vel": 2.0107277056409227, "_trigger_distance": 19.7434261777189, "_model": 1, "weather": {"sun_altitude_angle": 48.47587450211239, "precipitation": 29.42192214234761, "wind_intensity": 6.296120467444199, "sun_azimuth_angle": 205.33080381268783, "fog_distance": "0", "cloudiness": 47.82357788795972, "fog_density": 53.7566088376247, "wetness": 7.161597106258122, "precipitation_deposits": 76.5867580297606}}], "scenario_type": "Scenario27"}], "Town03": [{"available_event_configurations": [{"transform": {"pitch": "0", "x": -88.5, "y": -90, "yaw": 90, "z": 0}, "_start_distance": 17.470641602680473, "_actor_vel": 2.0107277056409227, "_trigger_distance": 19.7434261777189, "_model": 1, "weather": {"sun_altitude_angle": 48.47587450211239, "precipitation": 29.42192214234761, "wind_intensity": 6.296120467444199, "sun_azimuth_angle": 205.33080381268783, "fog_distance": "0", "cloudiness": 47.82357788795972, "fog_density": 53.7566088376247, "wetness": 7.161597106258122, "precipitation_deposits": 76.5867580297606}}], "scenario_type": "Scenario27"}]}]}