{"available_scenarios": [{"Town05": [{"available_event_configurations": [{"transform": {"pitch": "0", "x": 35, "y": 130, "yaw": -90, "z": 0}, "_start_distance": 19.16358886055673, "_actor_vel": 2.1385410486750978, "_trigger_distance": 19.296988171595725, "_model": 1}, {"transform": {"pitch": "0", "x": 35, "y": 65, "yaw": -90, "z": 0}, "_start_distance": 19.16358886055673, "_actor_vel": 2.1385410486750978, "_trigger_distance": 19.296988171595725, "_model": 1, "weather": {"sun_altitude_angle": -58.442279693233466, "precipitation": 68.47396348087037, "wind_intensity": 84.19090946260746, "sun_azimuth_angle": 289.77418249696893, "fog_distance": "0", "cloudiness": 76.53715041856174, "fog_density": 83.91807406342721, "wetness": 1.5965828199797527, "precipitation_deposits": 71.23119162209947}}], "scenario_type": "Scenario27"}], "Town01": [{"available_event_configurations": [{"transform": {"pitch": "0", "x": 312, "y": 129, "yaw": 180, "z": 0}, "_start_distance": 19.16358886055673, "_actor_vel": 2.1385410486750978, "_trigger_distance": 19.296988171595725, "_model": 1, "weather": {"sun_altitude_angle": -58.442279693233466, "precipitation": 68.47396348087037, "wind_intensity": 84.19090946260746, "sun_azimuth_angle": 289.77418249696893, "fog_distance": "0", "cloudiness": 76.53715041856174, "fog_density": 83.91807406342721, "wetness": 1.5965828199797527, "precipitation_deposits": 71.23119162209947}}], "scenario_type": "Scenario27"}], "Town04": [{"available_event_configurations": [{"transform": {"pitch": "0", "x": 254.9, "y": -230.9, "yaw": 90, "z": 0}, "_start_distance": 19.16358886055673, "_actor_vel": 2.1385410486750978, "_trigger_distance": 19.296988171595725, "_model": 1, "weather": {"sun_altitude_angle": -58.442279693233466, "precipitation": 68.47396348087037, "wind_intensity": 84.19090946260746, "sun_azimuth_angle": 289.77418249696893, "fog_distance": "0", "cloudiness": 76.53715041856174, "fog_density": 83.91807406342721, "wetness": 1.5965828199797527, "precipitation_deposits": 71.23119162209947}}], "scenario_type": "Scenario27"}], "Town03": [{"available_event_configurations": [{"transform": {"pitch": "0", "x": -88.5, "y": -90, "yaw": 90, "z": 0}, "_start_distance": 19.16358886055673, "_actor_vel": 2.1385410486750978, "_trigger_distance": 19.296988171595725, "_model": 1, "weather": {"sun_altitude_angle": -58.442279693233466, "precipitation": 68.47396348087037, "wind_intensity": 84.19090946260746, "sun_azimuth_angle": 289.77418249696893, "fog_distance": "0", "cloudiness": 76.53715041856174, "fog_density": 83.91807406342721, "wetness": 1.5965828199797527, "precipitation_deposits": 71.23119162209947}}], "scenario_type": "Scenario27"}]}]}