{"available_scenarios": [{"Town05": [{"available_event_configurations": [{"transform": {"pitch": "0", "x": 35, "y": 130, "yaw": -90, "z": 0}, "_start_distance": 16.95371929060122, "_actor_vel": 2.049840212443068, "_trigger_distance": 15.6584775833077, "_model": 1}, {"transform": {"pitch": "0", "x": 35, "y": 65, "yaw": -90, "z": 0}, "_start_distance": 16.95371929060122, "_actor_vel": 2.049840212443068, "_trigger_distance": 15.6584775833077, "_model": 1, "weather": {"sun_altitude_angle": -38.016327767634706, "precipitation": 27.142784066552885, "wind_intensity": 14.95224133262607, "sun_azimuth_angle": 302.13605195903597, "fog_distance": "0", "cloudiness": 87.13226630106999, "fog_density": 86.91334770651441, "wetness": 57.526301538105095, "precipitation_deposits": 54.33387411510666}}], "scenario_type": "Scenario27"}], "Town01": [{"available_event_configurations": [{"transform": {"pitch": "0", "x": 312, "y": 129, "yaw": 180, "z": 0}, "_start_distance": 16.95371929060122, "_actor_vel": 2.049840212443068, "_trigger_distance": 15.6584775833077, "_model": 1, "weather": {"sun_altitude_angle": -38.016327767634706, "precipitation": 27.142784066552885, "wind_intensity": 14.95224133262607, "sun_azimuth_angle": 302.13605195903597, "fog_distance": "0", "cloudiness": 87.13226630106999, "fog_density": 86.91334770651441, "wetness": 57.526301538105095, "precipitation_deposits": 54.33387411510666}}], "scenario_type": "Scenario27"}], "Town04": [{"available_event_configurations": [{"transform": {"pitch": "0", "x": 254.9, "y": -230.9, "yaw": 90, "z": 0}, "_start_distance": 16.95371929060122, "_actor_vel": 2.049840212443068, "_trigger_distance": 15.6584775833077, "_model": 1, "weather": {"sun_altitude_angle": -38.016327767634706, "precipitation": 27.142784066552885, "wind_intensity": 14.95224133262607, "sun_azimuth_angle": 302.13605195903597, "fog_distance": "0", "cloudiness": 87.13226630106999, "fog_density": 86.91334770651441, "wetness": 57.526301538105095, "precipitation_deposits": 54.33387411510666}}], "scenario_type": "Scenario27"}], "Town03": [{"available_event_configurations": [{"transform": {"pitch": "0", "x": -88.5, "y": -90, "yaw": 90, "z": 0}, "_start_distance": 16.95371929060122, "_actor_vel": 2.049840212443068, "_trigger_distance": 15.6584775833077, "_model": 1, "weather": {"sun_altitude_angle": -38.016327767634706, "precipitation": 27.142784066552885, "wind_intensity": 14.95224133262607, "sun_azimuth_angle": 302.13605195903597, "fog_distance": "0", "cloudiness": 87.13226630106999, "fog_density": 86.91334770651441, "wetness": 57.526301538105095, "precipitation_deposits": 54.33387411510666}}], "scenario_type": "Scenario27"}]}]}