{"available_scenarios": [{"Town05": [{"available_event_configurations": [{"transform": {"pitch": "0", "x": 35, "y": 130, "yaw": -90, "z": 0}, "_start_distance": 19.134268095958653, "_actor_vel": 2.172558165972716, "_trigger_distance": 17.040843212302686, "_model": 1}, {"transform": {"pitch": "0", "x": 35, "y": 65, "yaw": -90, "z": 0}, "_start_distance": 19.134268095958653, "_actor_vel": 2.172558165972716, "_trigger_distance": 17.040843212302686, "_model": 1, "weather": {"sun_altitude_angle": 0.6513577130061208, "precipitation": 58.048854670068714, "wind_intensity": 26.76865325222049, "sun_azimuth_angle": 331.6628780791961, "fog_distance": "0", "cloudiness": 72.75624040760069, "fog_density": 49.61709008091862, "wetness": 24.842535584407766, "precipitation_deposits": 27.050861876537112}}], "scenario_type": "Scenario27"}], "Town01": [{"available_event_configurations": [{"transform": {"pitch": "0", "x": 312, "y": 129, "yaw": 180, "z": 0}, "_start_distance": 19.134268095958653, "_actor_vel": 2.172558165972716, "_trigger_distance": 17.040843212302686, "_model": 1, "weather": {"sun_altitude_angle": 0.6513577130061208, "precipitation": 58.048854670068714, "wind_intensity": 26.76865325222049, "sun_azimuth_angle": 331.6628780791961, "fog_distance": "0", "cloudiness": 72.75624040760069, "fog_density": 49.61709008091862, "wetness": 24.842535584407766, "precipitation_deposits": 27.050861876537112}}], "scenario_type": "Scenario27"}], "Town04": [{"available_event_configurations": [{"transform": {"pitch": "0", "x": 254.9, "y": -230.9, "yaw": 90, "z": 0}, "_start_distance": 19.134268095958653, "_actor_vel": 2.172558165972716, "_trigger_distance": 17.040843212302686, "_model": 1, "weather": {"sun_altitude_angle": 0.6513577130061208, "precipitation": 58.048854670068714, "wind_intensity": 26.76865325222049, "sun_azimuth_angle": 331.6628780791961, "fog_distance": "0", "cloudiness": 72.75624040760069, "fog_density": 49.61709008091862, "wetness": 24.842535584407766, "precipitation_deposits": 27.050861876537112}}], "scenario_type": "Scenario27"}], "Town03": [{"available_event_configurations": [{"transform": {"pitch": "0", "x": -88.5, "y": -90, "yaw": 90, "z": 0}, "_start_distance": 19.134268095958653, "_actor_vel": 2.172558165972716, "_trigger_distance": 17.040843212302686, "_model": 1, "weather": {"sun_altitude_angle": 0.6513577130061208, "precipitation": 58.048854670068714, "wind_intensity": 26.76865325222049, "sun_azimuth_angle": 331.6628780791961, "fog_distance": "0", "cloudiness": 72.75624040760069, "fog_density": 49.61709008091862, "wetness": 24.842535584407766, "precipitation_deposits": 27.050861876537112}}], "scenario_type": "Scenario27"}]}]}