{"available_scenarios": [{"Town05": [{"available_event_configurations": [{"transform": {"pitch": "0", "x": 35, "y": 130, "yaw": -90, "z": 0}, "_start_distance": 15.44770364422255, "_actor_vel": 2.0959268745080535, "_trigger_distance": 15.463838113238248, "_model": 1}, {"transform": {"pitch": "0", "x": 35, "y": 65, "yaw": -90, "z": 0}, "_start_distance": 15.44770364422255, "_actor_vel": 2.0959268745080535, "_trigger_distance": 15.463838113238248, "_model": 1, "weather": {"sun_altitude_angle": -2.796558537305671, "precipitation": 49.85454857286618, "wind_intensity": 72.94609677244488, "sun_azimuth_angle": 136.2387313002522, "fog_distance": "0", "cloudiness": 81.86966276380181, "fog_density": 20.86103609015445, "wetness": 13.429995129093875, "precipitation_deposits": 30.33302785850439}}], "scenario_type": "Scenario27"}], "Town01": [{"available_event_configurations": [{"transform": {"pitch": "0", "x": 312, "y": 129, "yaw": 180, "z": 0}, "_start_distance": 15.44770364422255, "_actor_vel": 2.0959268745080535, "_trigger_distance": 15.463838113238248, "_model": 1, "weather": {"sun_altitude_angle": -2.796558537305671, "precipitation": 49.85454857286618, "wind_intensity": 72.94609677244488, "sun_azimuth_angle": 136.2387313002522, "fog_distance": "0", "cloudiness": 81.86966276380181, "fog_density": 20.86103609015445, "wetness": 13.429995129093875, "precipitation_deposits": 30.33302785850439}}], "scenario_type": "Scenario27"}], "Town04": [{"available_event_configurations": [{"transform": {"pitch": "0", "x": 254.9, "y": -230.9, "yaw": 90, "z": 0}, "_start_distance": 15.44770364422255, "_actor_vel": 2.0959268745080535, "_trigger_distance": 15.463838113238248, "_model": 1, "weather": {"sun_altitude_angle": -2.796558537305671, "precipitation": 49.85454857286618, "wind_intensity": 72.94609677244488, "sun_azimuth_angle": 136.2387313002522, "fog_distance": "0", "cloudiness": 81.86966276380181, "fog_density": 20.86103609015445, "wetness": 13.429995129093875, "precipitation_deposits": 30.33302785850439}}], "scenario_type": "Scenario27"}], "Town03": [{"available_event_configurations": [{"transform": {"pitch": "0", "x": -88.5, "y": -90, "yaw": 90, "z": 0}, "_start_distance": 15.44770364422255, "_actor_vel": 2.0959268745080535, "_trigger_distance": 15.463838113238248, "_model": 1, "weather": {"sun_altitude_angle": -2.796558537305671, "precipitation": 49.85454857286618, "wind_intensity": 72.94609677244488, "sun_azimuth_angle": 136.2387313002522, "fog_distance": "0", "cloudiness": 81.86966276380181, "fog_density": 20.86103609015445, "wetness": 13.429995129093875, "precipitation_deposits": 30.33302785850439}}], "scenario_type": "Scenario27"}]}]}