{"available_scenarios": [{"Town05": [{"available_event_configurations": [{"transform": {"pitch": "0", "x": 35, "y": 130, "yaw": -90, "z": 0}, "_start_distance": 16.357506834986605, "_actor_vel": 2.1357510462888296, "_trigger_distance": 18.47001277994142, "_model": 1}, {"transform": {"pitch": "0", "x": 35, "y": 65, "yaw": -90, "z": 0}, "_start_distance": 16.357506834986605, "_actor_vel": 2.1357510462888296, "_trigger_distance": 18.47001277994142, "_model": 1, "weather": {"sun_altitude_angle": 37.38405478400698, "precipitation": 95.62641509181314, "wind_intensity": 55.70115729018584, "sun_azimuth_angle": 165.46095158062022, "fog_distance": "0", "cloudiness": 97.68366185947004, "fog_density": 58.16556862212675, "wetness": 40.06863777143111, "precipitation_deposits": 56.19695686450119}}], "scenario_type": "Scenario27"}], "Town01": [{"available_event_configurations": [{"transform": {"pitch": "0", "x": 312, "y": 129, "yaw": 180, "z": 0}, "_start_distance": 16.357506834986605, "_actor_vel": 2.1357510462888296, "_trigger_distance": 18.47001277994142, "_model": 1, "weather": {"sun_altitude_angle": 37.38405478400698, "precipitation": 95.62641509181314, "wind_intensity": 55.70115729018584, "sun_azimuth_angle": 165.46095158062022, "fog_distance": "0", "cloudiness": 97.68366185947004, "fog_density": 58.16556862212675, "wetness": 40.06863777143111, "precipitation_deposits": 56.19695686450119}}], "scenario_type": "Scenario27"}], "Town04": [{"available_event_configurations": [{"transform": {"pitch": "0", "x": 254.9, "y": -230.9, "yaw": 90, "z": 0}, "_start_distance": 16.357506834986605, "_actor_vel": 2.1357510462888296, "_trigger_distance": 18.47001277994142, "_model": 1, "weather": {"sun_altitude_angle": 37.38405478400698, "precipitation": 95.62641509181314, "wind_intensity": 55.70115729018584, "sun_azimuth_angle": 165.46095158062022, "fog_distance": "0", "cloudiness": 97.68366185947004, "fog_density": 58.16556862212675, "wetness": 40.06863777143111, "precipitation_deposits": 56.19695686450119}}], "scenario_type": "Scenario27"}], "Town03": [{"available_event_configurations": [{"transform": {"pitch": "0", "x": -88.5, "y": -90, "yaw": 90, "z": 0}, "_start_distance": 16.357506834986605, "_actor_vel": 2.1357510462888296, "_trigger_distance": 18.47001277994142, "_model": 1, "weather": {"sun_altitude_angle": 37.38405478400698, "precipitation": 95.62641509181314, "wind_intensity": 55.70115729018584, "sun_azimuth_angle": 165.46095158062022, "fog_distance": "0", "cloudiness": 97.68366185947004, "fog_density": 58.16556862212675, "wetness": 40.06863777143111, "precipitation_deposits": 56.19695686450119}}], "scenario_type": "Scenario27"}]}]}