{"available_scenarios": [{"Town05": [{"available_event_configurations": [{"transform": {"pitch": "0", "x": 35, "y": 130, "yaw": -90, "z": 0}, "_start_distance": 17.90083195557443, "_actor_vel": 2.1135777410094114, "_trigger_distance": 17.78174721497689, "_model": 1}, {"transform": {"pitch": "0", "x": 35, "y": 65, "yaw": -90, "z": 0}, "_start_distance": 17.90083195557443, "_actor_vel": 2.1135777410094114, "_trigger_distance": 17.78174721497689, "_model": 1, "weather": {"sun_altitude_angle": 5.575251141705266, "precipitation": 59.61524133212278, "wind_intensity": 27.471840896567578, "sun_azimuth_angle": 300.18095227255793, "fog_distance": "0", "cloudiness": 3.646003338970072, "fog_density": 21.937224210895423, "wetness": 66.46993774590565, "precipitation_deposits": 83.37441430287524}}], "scenario_type": "Scenario27"}], "Town01": [{"available_event_configurations": [{"transform": {"pitch": "0", "x": 312, "y": 129, "yaw": 180, "z": 0}, "_start_distance": 17.90083195557443, "_actor_vel": 2.1135777410094114, "_trigger_distance": 17.78174721497689, "_model": 1, "weather": {"sun_altitude_angle": 5.575251141705266, "precipitation": 59.61524133212278, "wind_intensity": 27.471840896567578, "sun_azimuth_angle": 300.18095227255793, "fog_distance": "0", "cloudiness": 3.646003338970072, "fog_density": 21.937224210895423, "wetness": 66.46993774590565, "precipitation_deposits": 83.37441430287524}}], "scenario_type": "Scenario27"}], "Town04": [{"available_event_configurations": [{"transform": {"pitch": "0", "x": 254.9, "y": -230.9, "yaw": 90, "z": 0}, "_start_distance": 17.90083195557443, "_actor_vel": 2.1135777410094114, "_trigger_distance": 17.78174721497689, "_model": 1, "weather": {"sun_altitude_angle": 5.575251141705266, "precipitation": 59.61524133212278, "wind_intensity": 27.471840896567578, "sun_azimuth_angle": 300.18095227255793, "fog_distance": "0", "cloudiness": 3.646003338970072, "fog_density": 21.937224210895423, "wetness": 66.46993774590565, "precipitation_deposits": 83.37441430287524}}], "scenario_type": "Scenario27"}], "Town03": [{"available_event_configurations": [{"transform": {"pitch": "0", "x": -88.5, "y": -90, "yaw": 90, "z": 0}, "_start_distance": 17.90083195557443, "_actor_vel": 2.1135777410094114, "_trigger_distance": 17.78174721497689, "_model": 1, "weather": {"sun_altitude_angle": 5.575251141705266, "precipitation": 59.61524133212278, "wind_intensity": 27.471840896567578, "sun_azimuth_angle": 300.18095227255793, "fog_distance": "0", "cloudiness": 3.646003338970072, "fog_density": 21.937224210895423, "wetness": 66.46993774590565, "precipitation_deposits": 83.37441430287524}}], "scenario_type": "Scenario27"}]}]}