{"available_scenarios": [{"Town05": [{"available_event_configurations": [{"transform": {"pitch": "0", "x": 35, "y": 130, "yaw": -90, "z": 0}, "_start_distance": 15.079115530537921, "_actor_vel": 2.2774983903360004, "_trigger_distance": 18.600255817691753, "_model": 1}, {"transform": {"pitch": "0", "x": 35, "y": 65, "yaw": -90, "z": 0}, "_start_distance": 15.079115530537921, "_actor_vel": 2.2774983903360004, "_trigger_distance": 18.600255817691753, "_model": 1, "weather": {"sun_altitude_angle": 76.09005369099572, "precipitation": 32.797550271277686, "wind_intensity": 73.41630283331784, "sun_azimuth_angle": 317.0576904403482, "fog_distance": "0", "cloudiness": 98.51136309868947, "fog_density": 21.834301885755192, "wetness": 82.01227245264438, "precipitation_deposits": 5.359546491610434}}], "scenario_type": "Scenario27"}], "Town01": [{"available_event_configurations": [{"transform": {"pitch": "0", "x": 312, "y": 129, "yaw": 180, "z": 0}, "_start_distance": 15.079115530537921, "_actor_vel": 2.2774983903360004, "_trigger_distance": 18.600255817691753, "_model": 1, "weather": {"sun_altitude_angle": 76.09005369099572, "precipitation": 32.797550271277686, "wind_intensity": 73.41630283331784, "sun_azimuth_angle": 317.0576904403482, "fog_distance": "0", "cloudiness": 98.51136309868947, "fog_density": 21.834301885755192, "wetness": 82.01227245264438, "precipitation_deposits": 5.359546491610434}}], "scenario_type": "Scenario27"}], "Town04": [{"available_event_configurations": [{"transform": {"pitch": "0", "x": 254.9, "y": -230.9, "yaw": 90, "z": 0}, "_start_distance": 15.079115530537921, "_actor_vel": 2.2774983903360004, "_trigger_distance": 18.600255817691753, "_model": 1, "weather": {"sun_altitude_angle": 76.09005369099572, "precipitation": 32.797550271277686, "wind_intensity": 73.41630283331784, "sun_azimuth_angle": 317.0576904403482, "fog_distance": "0", "cloudiness": 98.51136309868947, "fog_density": 21.834301885755192, "wetness": 82.01227245264438, "precipitation_deposits": 5.359546491610434}}], "scenario_type": "Scenario27"}], "Town03": [{"available_event_configurations": [{"transform": {"pitch": "0", "x": -88.5, "y": -90, "yaw": 90, "z": 0}, "_start_distance": 15.079115530537921, "_actor_vel": 2.2774983903360004, "_trigger_distance": 18.600255817691753, "_model": 1, "weather": {"sun_altitude_angle": 76.09005369099572, "precipitation": 32.797550271277686, "wind_intensity": 73.41630283331784, "sun_azimuth_angle": 317.0576904403482, "fog_distance": "0", "cloudiness": 98.51136309868947, "fog_density": 21.834301885755192, "wetness": 82.01227245264438, "precipitation_deposits": 5.359546491610434}}], "scenario_type": "Scenario27"}]}]}