{"available_scenarios": [{"Town05": [{"available_event_configurations": [{"transform": {"pitch": "0", "x": 35, "y": 130, "yaw": -90, "z": 0}, "_start_distance": 18.34278677506044, "_actor_vel": 2.3663127505100245, "_trigger_distance": 18.48210689373314, "_model": 1}, {"transform": {"pitch": "0", "x": 35, "y": 65, "yaw": -90, "z": 0}, "_start_distance": 18.34278677506044, "_actor_vel": 2.3663127505100245, "_trigger_distance": 18.48210689373314, "_model": 1, "weather": {"sun_altitude_angle": -75.12810864559759, "precipitation": 48.76838381848572, "wind_intensity": 45.16732824432837, "sun_azimuth_angle": 320.9343310856163, "fog_distance": "0", "cloudiness": 77.58498733773561, "fog_density": 37.267751746082254, "wetness": 50.17361828986521, "precipitation_deposits": 88.25473322439747}}], "scenario_type": "Scenario27"}], "Town01": [{"available_event_configurations": [{"transform": {"pitch": "0", "x": 312, "y": 129, "yaw": 180, "z": 0}, "_start_distance": 18.34278677506044, "_actor_vel": 2.3663127505100245, "_trigger_distance": 18.48210689373314, "_model": 1, "weather": {"sun_altitude_angle": -75.12810864559759, "precipitation": 48.76838381848572, "wind_intensity": 45.16732824432837, "sun_azimuth_angle": 320.9343310856163, "fog_distance": "0", "cloudiness": 77.58498733773561, "fog_density": 37.267751746082254, "wetness": 50.17361828986521, "precipitation_deposits": 88.25473322439747}}], "scenario_type": "Scenario27"}], "Town04": [{"available_event_configurations": [{"transform": {"pitch": "0", "x": 254.9, "y": -230.9, "yaw": 90, "z": 0}, "_start_distance": 18.34278677506044, "_actor_vel": 2.3663127505100245, "_trigger_distance": 18.48210689373314, "_model": 1, "weather": {"sun_altitude_angle": -75.12810864559759, "precipitation": 48.76838381848572, "wind_intensity": 45.16732824432837, "sun_azimuth_angle": 320.9343310856163, "fog_distance": "0", "cloudiness": 77.58498733773561, "fog_density": 37.267751746082254, "wetness": 50.17361828986521, "precipitation_deposits": 88.25473322439747}}], "scenario_type": "Scenario27"}], "Town03": [{"available_event_configurations": [{"transform": {"pitch": "0", "x": -88.5, "y": -90, "yaw": 90, "z": 0}, "_start_distance": 18.34278677506044, "_actor_vel": 2.3663127505100245, "_trigger_distance": 18.48210689373314, "_model": 1, "weather": {"sun_altitude_angle": -75.12810864559759, "precipitation": 48.76838381848572, "wind_intensity": 45.16732824432837, "sun_azimuth_angle": 320.9343310856163, "fog_distance": "0", "cloudiness": 77.58498733773561, "fog_density": 37.267751746082254, "wetness": 50.17361828986521, "precipitation_deposits": 88.25473322439747}}], "scenario_type": "Scenario27"}]}]}