{"available_scenarios": [{"Town05": [{"available_event_configurations": [{"transform": {"pitch": "0", "x": 35, "y": 130, "yaw": -90, "z": 0}, "_start_distance": 16.246879078748798, "_actor_vel": 2.173342552020148, "_trigger_distance": 15.403861040543951, "_model": 1}, {"transform": {"pitch": "0", "x": 35, "y": 65, "yaw": -90, "z": 0}, "_start_distance": 16.246879078748798, "_actor_vel": 2.173342552020148, "_trigger_distance": 15.403861040543951, "_model": 1, "weather": {"sun_altitude_angle": 1.8266247221714877, "precipitation": 54.47792596053783, "wind_intensity": 69.44895089263233, "sun_azimuth_angle": 286.70048326207615, "fog_distance": "0", "cloudiness": 53.52949353748267, "fog_density": 26.26153694011233, "wetness": 86.62790232578163, "precipitation_deposits": 51.98324511806581}}], "scenario_type": "Scenario27"}], "Town01": [{"available_event_configurations": [{"transform": {"pitch": "0", "x": 312, "y": 129, "yaw": 180, "z": 0}, "_start_distance": 16.246879078748798, "_actor_vel": 2.173342552020148, "_trigger_distance": 15.403861040543951, "_model": 1, "weather": {"sun_altitude_angle": 1.8266247221714877, "precipitation": 54.47792596053783, "wind_intensity": 69.44895089263233, "sun_azimuth_angle": 286.70048326207615, "fog_distance": "0", "cloudiness": 53.52949353748267, "fog_density": 26.26153694011233, "wetness": 86.62790232578163, "precipitation_deposits": 51.98324511806581}}], "scenario_type": "Scenario27"}], "Town04": [{"available_event_configurations": [{"transform": {"pitch": "0", "x": 254.9, "y": -230.9, "yaw": 90, "z": 0}, "_start_distance": 16.246879078748798, "_actor_vel": 2.173342552020148, "_trigger_distance": 15.403861040543951, "_model": 1, "weather": {"sun_altitude_angle": 1.8266247221714877, "precipitation": 54.47792596053783, "wind_intensity": 69.44895089263233, "sun_azimuth_angle": 286.70048326207615, "fog_distance": "0", "cloudiness": 53.52949353748267, "fog_density": 26.26153694011233, "wetness": 86.62790232578163, "precipitation_deposits": 51.98324511806581}}], "scenario_type": "Scenario27"}], "Town03": [{"available_event_configurations": [{"transform": {"pitch": "0", "x": -88.5, "y": -90, "yaw": 90, "z": 0}, "_start_distance": 16.246879078748798, "_actor_vel": 2.173342552020148, "_trigger_distance": 15.403861040543951, "_model": 1, "weather": {"sun_altitude_angle": 1.8266247221714877, "precipitation": 54.47792596053783, "wind_intensity": 69.44895089263233, "sun_azimuth_angle": 286.70048326207615, "fog_distance": "0", "cloudiness": 53.52949353748267, "fog_density": 26.26153694011233, "wetness": 86.62790232578163, "precipitation_deposits": 51.98324511806581}}], "scenario_type": "Scenario27"}]}]}