{"available_scenarios": [{"Town05": [{"available_event_configurations": [{"transform": {"pitch": "0", "x": 35, "y": 130, "yaw": -90, "z": 0}, "_start_distance": 17.236388026655735, "_actor_vel": 2.1595739852073237, "_trigger_distance": 19.169538513807204, "_model": 1}, {"transform": {"pitch": "0", "x": 35, "y": 65, "yaw": -90, "z": 0}, "_start_distance": 17.236388026655735, "_actor_vel": 2.1595739852073237, "_trigger_distance": 19.169538513807204, "_model": 1, "weather": {"sun_altitude_angle": -20.115742155439094, "precipitation": 5.600066325822295, "wind_intensity": 51.224002155279535, "sun_azimuth_angle": 190.90037877883964, "fog_distance": "0", "cloudiness": 87.78510811156734, "fog_density": 73.13631608049297, "wetness": 86.45385413784548, "precipitation_deposits": 57.32172423227884}}], "scenario_type": "Scenario27"}], "Town01": [{"available_event_configurations": [{"transform": {"pitch": "0", "x": 312, "y": 129, "yaw": 180, "z": 0}, "_start_distance": 17.236388026655735, "_actor_vel": 2.1595739852073237, "_trigger_distance": 19.169538513807204, "_model": 1, "weather": {"sun_altitude_angle": -20.115742155439094, "precipitation": 5.600066325822295, "wind_intensity": 51.224002155279535, "sun_azimuth_angle": 190.90037877883964, "fog_distance": "0", "cloudiness": 87.78510811156734, "fog_density": 73.13631608049297, "wetness": 86.45385413784548, "precipitation_deposits": 57.32172423227884}}], "scenario_type": "Scenario27"}], "Town04": [{"available_event_configurations": [{"transform": {"pitch": "0", "x": 254.9, "y": -230.9, "yaw": 90, "z": 0}, "_start_distance": 17.236388026655735, "_actor_vel": 2.1595739852073237, "_trigger_distance": 19.169538513807204, "_model": 1, "weather": {"sun_altitude_angle": -20.115742155439094, "precipitation": 5.600066325822295, "wind_intensity": 51.224002155279535, "sun_azimuth_angle": 190.90037877883964, "fog_distance": "0", "cloudiness": 87.78510811156734, "fog_density": 73.13631608049297, "wetness": 86.45385413784548, "precipitation_deposits": 57.32172423227884}}], "scenario_type": "Scenario27"}], "Town03": [{"available_event_configurations": [{"transform": {"pitch": "0", "x": -88.5, "y": -90, "yaw": 90, "z": 0}, "_start_distance": 17.236388026655735, "_actor_vel": 2.1595739852073237, "_trigger_distance": 19.169538513807204, "_model": 1, "weather": {"sun_altitude_angle": -20.115742155439094, "precipitation": 5.600066325822295, "wind_intensity": 51.224002155279535, "sun_azimuth_angle": 190.90037877883964, "fog_distance": "0", "cloudiness": 87.78510811156734, "fog_density": 73.13631608049297, "wetness": 86.45385413784548, "precipitation_deposits": 57.32172423227884}}], "scenario_type": "Scenario27"}]}]}