{"available_scenarios": [{"Town05": [{"available_event_configurations": [{"transform": {"pitch": "0", "x": 35, "y": 130, "yaw": -90, "z": 0}, "_start_distance": 19.74964484056064, "_actor_vel": 2.276652977422742, "_trigger_distance": 15.865396246325929, "_model": 1}, {"transform": {"pitch": "0", "x": 35, "y": 65, "yaw": -90, "z": 0}, "_start_distance": 19.74964484056064, "_actor_vel": 2.276652977422742, "_trigger_distance": 15.865396246325929, "_model": 1, "weather": {"sun_altitude_angle": 22.01001002106264, "precipitation": 0.4563943717291963, "wind_intensity": 22.537677717515958, "sun_azimuth_angle": 105.41459266229838, "fog_distance": "0", "cloudiness": 31.686052919165576, "fog_density": 5.305560543939192, "wetness": 13.537063498116918, "precipitation_deposits": 81.7369034243747}}], "scenario_type": "Scenario27"}], "Town01": [{"available_event_configurations": [{"transform": {"pitch": "0", "x": 312, "y": 129, "yaw": 180, "z": 0}, "_start_distance": 19.74964484056064, "_actor_vel": 2.276652977422742, "_trigger_distance": 15.865396246325929, "_model": 1, "weather": {"sun_altitude_angle": 22.01001002106264, "precipitation": 0.4563943717291963, "wind_intensity": 22.537677717515958, "sun_azimuth_angle": 105.41459266229838, "fog_distance": "0", "cloudiness": 31.686052919165576, "fog_density": 5.305560543939192, "wetness": 13.537063498116918, "precipitation_deposits": 81.7369034243747}}], "scenario_type": "Scenario27"}], "Town04": [{"available_event_configurations": [{"transform": {"pitch": "0", "x": 254.9, "y": -230.9, "yaw": 90, "z": 0}, "_start_distance": 19.74964484056064, "_actor_vel": 2.276652977422742, "_trigger_distance": 15.865396246325929, "_model": 1, "weather": {"sun_altitude_angle": 22.01001002106264, "precipitation": 0.4563943717291963, "wind_intensity": 22.537677717515958, "sun_azimuth_angle": 105.41459266229838, "fog_distance": "0", "cloudiness": 31.686052919165576, "fog_density": 5.305560543939192, "wetness": 13.537063498116918, "precipitation_deposits": 81.7369034243747}}], "scenario_type": "Scenario27"}], "Town03": [{"available_event_configurations": [{"transform": {"pitch": "0", "x": -88.5, "y": -90, "yaw": 90, "z": 0}, "_start_distance": 19.74964484056064, "_actor_vel": 2.276652977422742, "_trigger_distance": 15.865396246325929, "_model": 1, "weather": {"sun_altitude_angle": 22.01001002106264, "precipitation": 0.4563943717291963, "wind_intensity": 22.537677717515958, "sun_azimuth_angle": 105.41459266229838, "fog_distance": "0", "cloudiness": 31.686052919165576, "fog_density": 5.305560543939192, "wetness": 13.537063498116918, "precipitation_deposits": 81.7369034243747}}], "scenario_type": "Scenario27"}]}]}