{"available_scenarios": [{"Town05": [{"available_event_configurations": [{"transform": {"pitch": "0", "x": 35, "y": 130, "yaw": -90, "z": 0}, "_start_distance": 18.847060562780836, "_actor_vel": 2.4792422939973005, "_trigger_distance": 18.951403051091013, "_model": 1}, {"transform": {"pitch": "0", "x": 35, "y": 65, "yaw": -90, "z": 0}, "_start_distance": 18.847060562780836, "_actor_vel": 2.4792422939973005, "_trigger_distance": 18.951403051091013, "_model": 1, "weather": {"sun_altitude_angle": 32.160585537040475, "precipitation": 25.59682225989379, "wind_intensity": 61.85849153784264, "sun_azimuth_angle": 264.5851493267362, "fog_distance": "0", "cloudiness": 0.82964250698212, "fog_density": 12.96903463250294, "wetness": 93.97565516196184, "precipitation_deposits": 69.55918905235119}}], "scenario_type": "Scenario27"}], "Town01": [{"available_event_configurations": [{"transform": {"pitch": "0", "x": 312, "y": 129, "yaw": 180, "z": 0}, "_start_distance": 18.847060562780836, "_actor_vel": 2.4792422939973005, "_trigger_distance": 18.951403051091013, "_model": 1, "weather": {"sun_altitude_angle": 32.160585537040475, "precipitation": 25.59682225989379, "wind_intensity": 61.85849153784264, "sun_azimuth_angle": 264.5851493267362, "fog_distance": "0", "cloudiness": 0.82964250698212, "fog_density": 12.96903463250294, "wetness": 93.97565516196184, "precipitation_deposits": 69.55918905235119}}], "scenario_type": "Scenario27"}], "Town04": [{"available_event_configurations": [{"transform": {"pitch": "0", "x": 254.9, "y": -230.9, "yaw": 90, "z": 0}, "_start_distance": 18.847060562780836, "_actor_vel": 2.4792422939973005, "_trigger_distance": 18.951403051091013, "_model": 1, "weather": {"sun_altitude_angle": 32.160585537040475, "precipitation": 25.59682225989379, "wind_intensity": 61.85849153784264, "sun_azimuth_angle": 264.5851493267362, "fog_distance": "0", "cloudiness": 0.82964250698212, "fog_density": 12.96903463250294, "wetness": 93.97565516196184, "precipitation_deposits": 69.55918905235119}}], "scenario_type": "Scenario27"}], "Town03": [{"available_event_configurations": [{"transform": {"pitch": "0", "x": -88.5, "y": -90, "yaw": 90, "z": 0}, "_start_distance": 18.847060562780836, "_actor_vel": 2.4792422939973005, "_trigger_distance": 18.951403051091013, "_model": 1, "weather": {"sun_altitude_angle": 32.160585537040475, "precipitation": 25.59682225989379, "wind_intensity": 61.85849153784264, "sun_azimuth_angle": 264.5851493267362, "fog_distance": "0", "cloudiness": 0.82964250698212, "fog_density": 12.96903463250294, "wetness": 93.97565516196184, "precipitation_deposits": 69.55918905235119}}], "scenario_type": "Scenario27"}]}]}