{"available_scenarios": [{"Town05": [{"available_event_configurations": [{"transform": {"pitch": "0", "x": 35, "y": 130, "yaw": -90, "z": 0}, "_start_distance": 19.1990207204802, "_actor_vel": 2.2517699702526426, "_trigger_distance": 16.85533513802655, "_model": 1}, {"transform": {"pitch": "0", "x": 35, "y": 65, "yaw": -90, "z": 0}, "_start_distance": 19.1990207204802, "_actor_vel": 2.2517699702526426, "_trigger_distance": 16.85533513802655, "_model": 1, "weather": {"sun_altitude_angle": 28.41707892282747, "precipitation": 78.30772220517576, "wind_intensity": 12.081391134783438, "sun_azimuth_angle": 3.830113377852058, "fog_distance": "0", "cloudiness": 96.871981465987, "fog_density": 37.76085617080771, "wetness": 9.667140830862609, "precipitation_deposits": 67.88627603844046}}], "scenario_type": "Scenario27"}], "Town01": [{"available_event_configurations": [{"transform": {"pitch": "0", "x": 312, "y": 129, "yaw": 180, "z": 0}, "_start_distance": 19.1990207204802, "_actor_vel": 2.2517699702526426, "_trigger_distance": 16.85533513802655, "_model": 1, "weather": {"sun_altitude_angle": 28.41707892282747, "precipitation": 78.30772220517576, "wind_intensity": 12.081391134783438, "sun_azimuth_angle": 3.830113377852058, "fog_distance": "0", "cloudiness": 96.871981465987, "fog_density": 37.76085617080771, "wetness": 9.667140830862609, "precipitation_deposits": 67.88627603844046}}], "scenario_type": "Scenario27"}], "Town04": [{"available_event_configurations": [{"transform": {"pitch": "0", "x": 254.9, "y": -230.9, "yaw": 90, "z": 0}, "_start_distance": 19.1990207204802, "_actor_vel": 2.2517699702526426, "_trigger_distance": 16.85533513802655, "_model": 1, "weather": {"sun_altitude_angle": 28.41707892282747, "precipitation": 78.30772220517576, "wind_intensity": 12.081391134783438, "sun_azimuth_angle": 3.830113377852058, "fog_distance": "0", "cloudiness": 96.871981465987, "fog_density": 37.76085617080771, "wetness": 9.667140830862609, "precipitation_deposits": 67.88627603844046}}], "scenario_type": "Scenario27"}], "Town03": [{"available_event_configurations": [{"transform": {"pitch": "0", "x": -88.5, "y": -90, "yaw": 90, "z": 0}, "_start_distance": 19.1990207204802, "_actor_vel": 2.2517699702526426, "_trigger_distance": 16.85533513802655, "_model": 1, "weather": {"sun_altitude_angle": 28.41707892282747, "precipitation": 78.30772220517576, "wind_intensity": 12.081391134783438, "sun_azimuth_angle": 3.830113377852058, "fog_distance": "0", "cloudiness": 96.871981465987, "fog_density": 37.76085617080771, "wetness": 9.667140830862609, "precipitation_deposits": 67.88627603844046}}], "scenario_type": "Scenario27"}]}]}