{"available_scenarios": [{"Town05": [{"available_event_configurations": [{"transform": {"pitch": "0", "x": 35, "y": 130, "yaw": -90, "z": 0}, "_start_distance": 16.51642108526518, "_actor_vel": 2.3951700805500677, "_trigger_distance": 15.016876797115177, "_model": 1}, {"transform": {"pitch": "0", "x": 35, "y": 65, "yaw": -90, "z": 0}, "_start_distance": 16.51642108526518, "_actor_vel": 2.3951700805500677, "_trigger_distance": 15.016876797115177, "_model": 1, "weather": {"sun_altitude_angle": 33.97031476825423, "precipitation": 67.10410360484148, "wind_intensity": 68.55541948684356, "sun_azimuth_angle": 95.44940880583187, "fog_distance": "0", "cloudiness": 78.0695166274367, "fog_density": 4.535001973615749, "wetness": 17.111639338964103, "precipitation_deposits": 8.778984400710089}}], "scenario_type": "Scenario27"}], "Town01": [{"available_event_configurations": [{"transform": {"pitch": "0", "x": 312, "y": 129, "yaw": 180, "z": 0}, "_start_distance": 16.51642108526518, "_actor_vel": 2.3951700805500677, "_trigger_distance": 15.016876797115177, "_model": 1, "weather": {"sun_altitude_angle": 33.97031476825423, "precipitation": 67.10410360484148, "wind_intensity": 68.55541948684356, "sun_azimuth_angle": 95.44940880583187, "fog_distance": "0", "cloudiness": 78.0695166274367, "fog_density": 4.535001973615749, "wetness": 17.111639338964103, "precipitation_deposits": 8.778984400710089}}], "scenario_type": "Scenario27"}], "Town04": [{"available_event_configurations": [{"transform": {"pitch": "0", "x": 254.9, "y": -230.9, "yaw": 90, "z": 0}, "_start_distance": 16.51642108526518, "_actor_vel": 2.3951700805500677, "_trigger_distance": 15.016876797115177, "_model": 1, "weather": {"sun_altitude_angle": 33.97031476825423, "precipitation": 67.10410360484148, "wind_intensity": 68.55541948684356, "sun_azimuth_angle": 95.44940880583187, "fog_distance": "0", "cloudiness": 78.0695166274367, "fog_density": 4.535001973615749, "wetness": 17.111639338964103, "precipitation_deposits": 8.778984400710089}}], "scenario_type": "Scenario27"}], "Town03": [{"available_event_configurations": [{"transform": {"pitch": "0", "x": -88.5, "y": -90, "yaw": 90, "z": 0}, "_start_distance": 16.51642108526518, "_actor_vel": 2.3951700805500677, "_trigger_distance": 15.016876797115177, "_model": 1, "weather": {"sun_altitude_angle": 33.97031476825423, "precipitation": 67.10410360484148, "wind_intensity": 68.55541948684356, "sun_azimuth_angle": 95.44940880583187, "fog_distance": "0", "cloudiness": 78.0695166274367, "fog_density": 4.535001973615749, "wetness": 17.111639338964103, "precipitation_deposits": 8.778984400710089}}], "scenario_type": "Scenario27"}]}]}