{"available_scenarios": [{"Town05": [{"available_event_configurations": [{"transform": {"pitch": "0", "x": 35, "y": 130, "yaw": -90, "z": 0}, "_start_distance": 15.449526083238352, "_actor_vel": 2.3005684585733746, "_trigger_distance": 18.037393890878874, "_model": 1}, {"transform": {"pitch": "0", "x": 35, "y": 65, "yaw": -90, "z": 0}, "_start_distance": 15.449526083238352, "_actor_vel": 2.3005684585733746, "_trigger_distance": 18.037393890878874, "_model": 1, "weather": {"sun_altitude_angle": 9.673248089950903, "precipitation": 73.50050913541558, "wind_intensity": 14.470172122414438, "sun_azimuth_angle": 138.34082927311076, "fog_distance": "0", "cloudiness": 92.47981345102363, "fog_density": 84.59448533948398, "wetness": 91.34874610666843, "precipitation_deposits": 28.83583379942508}}], "scenario_type": "Scenario27"}], "Town01": [{"available_event_configurations": [{"transform": {"pitch": "0", "x": 312, "y": 129, "yaw": 180, "z": 0}, "_start_distance": 15.449526083238352, "_actor_vel": 2.3005684585733746, "_trigger_distance": 18.037393890878874, "_model": 1, "weather": {"sun_altitude_angle": 9.673248089950903, "precipitation": 73.50050913541558, "wind_intensity": 14.470172122414438, "sun_azimuth_angle": 138.34082927311076, "fog_distance": "0", "cloudiness": 92.47981345102363, "fog_density": 84.59448533948398, "wetness": 91.34874610666843, "precipitation_deposits": 28.83583379942508}}], "scenario_type": "Scenario27"}], "Town04": [{"available_event_configurations": [{"transform": {"pitch": "0", "x": 254.9, "y": -230.9, "yaw": 90, "z": 0}, "_start_distance": 15.449526083238352, "_actor_vel": 2.3005684585733746, "_trigger_distance": 18.037393890878874, "_model": 1, "weather": {"sun_altitude_angle": 9.673248089950903, "precipitation": 73.50050913541558, "wind_intensity": 14.470172122414438, "sun_azimuth_angle": 138.34082927311076, "fog_distance": "0", "cloudiness": 92.47981345102363, "fog_density": 84.59448533948398, "wetness": 91.34874610666843, "precipitation_deposits": 28.83583379942508}}], "scenario_type": "Scenario27"}], "Town03": [{"available_event_configurations": [{"transform": {"pitch": "0", "x": -88.5, "y": -90, "yaw": 90, "z": 0}, "_start_distance": 15.449526083238352, "_actor_vel": 2.3005684585733746, "_trigger_distance": 18.037393890878874, "_model": 1, "weather": {"sun_altitude_angle": 9.673248089950903, "precipitation": 73.50050913541558, "wind_intensity": 14.470172122414438, "sun_azimuth_angle": 138.34082927311076, "fog_distance": "0", "cloudiness": 92.47981345102363, "fog_density": 84.59448533948398, "wetness": 91.34874610666843, "precipitation_deposits": 28.83583379942508}}], "scenario_type": "Scenario27"}]}]}