{"available_scenarios": [{"Town05": [{"available_event_configurations": [{"transform": {"pitch": "0", "x": 35, "y": 130, "yaw": -90, "z": 0}, "_start_distance": 16.546193961224898, "_actor_vel": 2.36609673271237, "_trigger_distance": 15.891985583429554, "_model": 1}, {"transform": {"pitch": "0", "x": 35, "y": 65, "yaw": -90, "z": 0}, "_start_distance": 16.546193961224898, "_actor_vel": 2.36609673271237, "_trigger_distance": 15.891985583429554, "_model": 1, "weather": {"sun_altitude_angle": 51.60775375541476, "precipitation": 48.57367599201909, "wind_intensity": 5.457225970133194, "sun_azimuth_angle": 93.23687913534818, "fog_distance": "0", "cloudiness": 77.23265218802597, "fog_density": 40.55343302893597, "wetness": 40.00739151620722, "precipitation_deposits": 41.94248900820171}}], "scenario_type": "Scenario27"}], "Town01": [{"available_event_configurations": [{"transform": {"pitch": "0", "x": 312, "y": 129, "yaw": 180, "z": 0}, "_start_distance": 16.546193961224898, "_actor_vel": 2.36609673271237, "_trigger_distance": 15.891985583429554, "_model": 1, "weather": {"sun_altitude_angle": 51.60775375541476, "precipitation": 48.57367599201909, "wind_intensity": 5.457225970133194, "sun_azimuth_angle": 93.23687913534818, "fog_distance": "0", "cloudiness": 77.23265218802597, "fog_density": 40.55343302893597, "wetness": 40.00739151620722, "precipitation_deposits": 41.94248900820171}}], "scenario_type": "Scenario27"}], "Town04": [{"available_event_configurations": [{"transform": {"pitch": "0", "x": 254.9, "y": -230.9, "yaw": 90, "z": 0}, "_start_distance": 16.546193961224898, "_actor_vel": 2.36609673271237, "_trigger_distance": 15.891985583429554, "_model": 1, "weather": {"sun_altitude_angle": 51.60775375541476, "precipitation": 48.57367599201909, "wind_intensity": 5.457225970133194, "sun_azimuth_angle": 93.23687913534818, "fog_distance": "0", "cloudiness": 77.23265218802597, "fog_density": 40.55343302893597, "wetness": 40.00739151620722, "precipitation_deposits": 41.94248900820171}}], "scenario_type": "Scenario27"}], "Town03": [{"available_event_configurations": [{"transform": {"pitch": "0", "x": -88.5, "y": -90, "yaw": 90, "z": 0}, "_start_distance": 16.546193961224898, "_actor_vel": 2.36609673271237, "_trigger_distance": 15.891985583429554, "_model": 1, "weather": {"sun_altitude_angle": 51.60775375541476, "precipitation": 48.57367599201909, "wind_intensity": 5.457225970133194, "sun_azimuth_angle": 93.23687913534818, "fog_distance": "0", "cloudiness": 77.23265218802597, "fog_density": 40.55343302893597, "wetness": 40.00739151620722, "precipitation_deposits": 41.94248900820171}}], "scenario_type": "Scenario27"}]}]}