{"available_scenarios": [{"Town05": [{"available_event_configurations": [{"transform": {"pitch": "0", "x": 35, "y": 130, "yaw": -90, "z": 0}, "_start_distance": 19.849272826738673, "_actor_vel": 2.33365640170006, "_trigger_distance": 17.3124396081627, "_model": 1}, {"transform": {"pitch": "0", "x": 35, "y": 65, "yaw": -90, "z": 0}, "_start_distance": 19.849272826738673, "_actor_vel": 2.33365640170006, "_trigger_distance": 17.3124396081627, "_model": 1, "weather": {"sun_altitude_angle": 76.13515720829338, "precipitation": 31.226978385380445, "wind_intensity": 20.51906121063396, "sun_azimuth_angle": 337.93902923454965, "fog_distance": "0", "cloudiness": 44.368118293928426, "fog_density": 75.18798833915939, "wetness": 48.7915266060413, "precipitation_deposits": 65.45782256211677}}], "scenario_type": "Scenario27"}], "Town01": [{"available_event_configurations": [{"transform": {"pitch": "0", "x": 312, "y": 129, "yaw": 180, "z": 0}, "_start_distance": 19.849272826738673, "_actor_vel": 2.33365640170006, "_trigger_distance": 17.3124396081627, "_model": 1, "weather": {"sun_altitude_angle": 76.13515720829338, "precipitation": 31.226978385380445, "wind_intensity": 20.51906121063396, "sun_azimuth_angle": 337.93902923454965, "fog_distance": "0", "cloudiness": 44.368118293928426, "fog_density": 75.18798833915939, "wetness": 48.7915266060413, "precipitation_deposits": 65.45782256211677}}], "scenario_type": "Scenario27"}], "Town04": [{"available_event_configurations": [{"transform": {"pitch": "0", "x": 254.9, "y": -230.9, "yaw": 90, "z": 0}, "_start_distance": 19.849272826738673, "_actor_vel": 2.33365640170006, "_trigger_distance": 17.3124396081627, "_model": 1, "weather": {"sun_altitude_angle": 76.13515720829338, "precipitation": 31.226978385380445, "wind_intensity": 20.51906121063396, "sun_azimuth_angle": 337.93902923454965, "fog_distance": "0", "cloudiness": 44.368118293928426, "fog_density": 75.18798833915939, "wetness": 48.7915266060413, "precipitation_deposits": 65.45782256211677}}], "scenario_type": "Scenario27"}], "Town03": [{"available_event_configurations": [{"transform": {"pitch": "0", "x": -88.5, "y": -90, "yaw": 90, "z": 0}, "_start_distance": 19.849272826738673, "_actor_vel": 2.33365640170006, "_trigger_distance": 17.3124396081627, "_model": 1, "weather": {"sun_altitude_angle": 76.13515720829338, "precipitation": 31.226978385380445, "wind_intensity": 20.51906121063396, "sun_azimuth_angle": 337.93902923454965, "fog_distance": "0", "cloudiness": 44.368118293928426, "fog_density": 75.18798833915939, "wetness": 48.7915266060413, "precipitation_deposits": 65.45782256211677}}], "scenario_type": "Scenario27"}]}]}