{"available_scenarios": [{"Town05": [{"available_event_configurations": [{"transform": {"pitch": "0", "x": 35, "y": 130, "yaw": -90, "z": 0}, "_start_distance": 18.28345225284899, "_actor_vel": 2.3639281504970375, "_trigger_distance": 17.115001143653117, "_model": 1}, {"transform": {"pitch": "0", "x": 35, "y": 65, "yaw": -90, "z": 0}, "_start_distance": 18.28345225284899, "_actor_vel": 2.3639281504970375, "_trigger_distance": 17.115001143653117, "_model": 1, "weather": {"sun_altitude_angle": 56.2660774304822, "precipitation": 66.594805144005, "wind_intensity": 15.737563952190637, "sun_azimuth_angle": 107.77053689222363, "fog_distance": "0", "cloudiness": 59.3386095235963, "fog_density": 72.50721388054286, "wetness": 91.23915733209017, "precipitation_deposits": 77.98661187856918}}], "scenario_type": "Scenario27"}], "Town01": [{"available_event_configurations": [{"transform": {"pitch": "0", "x": 312, "y": 129, "yaw": 180, "z": 0}, "_start_distance": 18.28345225284899, "_actor_vel": 2.3639281504970375, "_trigger_distance": 17.115001143653117, "_model": 1, "weather": {"sun_altitude_angle": 56.2660774304822, "precipitation": 66.594805144005, "wind_intensity": 15.737563952190637, "sun_azimuth_angle": 107.77053689222363, "fog_distance": "0", "cloudiness": 59.3386095235963, "fog_density": 72.50721388054286, "wetness": 91.23915733209017, "precipitation_deposits": 77.98661187856918}}], "scenario_type": "Scenario27"}], "Town04": [{"available_event_configurations": [{"transform": {"pitch": "0", "x": 254.9, "y": -230.9, "yaw": 90, "z": 0}, "_start_distance": 18.28345225284899, "_actor_vel": 2.3639281504970375, "_trigger_distance": 17.115001143653117, "_model": 1, "weather": {"sun_altitude_angle": 56.2660774304822, "precipitation": 66.594805144005, "wind_intensity": 15.737563952190637, "sun_azimuth_angle": 107.77053689222363, "fog_distance": "0", "cloudiness": 59.3386095235963, "fog_density": 72.50721388054286, "wetness": 91.23915733209017, "precipitation_deposits": 77.98661187856918}}], "scenario_type": "Scenario27"}], "Town03": [{"available_event_configurations": [{"transform": {"pitch": "0", "x": -88.5, "y": -90, "yaw": 90, "z": 0}, "_start_distance": 18.28345225284899, "_actor_vel": 2.3639281504970375, "_trigger_distance": 17.115001143653117, "_model": 1, "weather": {"sun_altitude_angle": 56.2660774304822, "precipitation": 66.594805144005, "wind_intensity": 15.737563952190637, "sun_azimuth_angle": 107.77053689222363, "fog_distance": "0", "cloudiness": 59.3386095235963, "fog_density": 72.50721388054286, "wetness": 91.23915733209017, "precipitation_deposits": 77.98661187856918}}], "scenario_type": "Scenario27"}]}]}