{"available_scenarios": [{"Town05": [{"available_event_configurations": [{"transform": {"pitch": "0", "x": 35, "y": 130, "yaw": -90, "z": 0}, "_start_distance": 17.09741597831783, "_actor_vel": 2.0827004704250096, "_trigger_distance": 16.37816600954083, "_model": 1}, {"transform": {"pitch": "0", "x": 35, "y": 65, "yaw": -90, "z": 0}, "_start_distance": 17.09741597831783, "_actor_vel": 2.0827004704250096, "_trigger_distance": 16.37816600954083, "_model": 1, "weather": {"sun_altitude_angle": 50.65148701244243, "precipitation": 8.131631762907043, "wind_intensity": 80.72865584777162, "sun_azimuth_angle": 162.63447101850974, "fog_distance": "0", "cloudiness": 64.4474204075945, "fog_density": 76.95741204998649, "wetness": 63.91248230194606, "precipitation_deposits": 21.8654917262591}}], "scenario_type": "Scenario27"}], "Town01": [{"available_event_configurations": [{"transform": {"pitch": "0", "x": 312, "y": 129, "yaw": 180, "z": 0}, "_start_distance": 17.09741597831783, "_actor_vel": 2.0827004704250096, "_trigger_distance": 16.37816600954083, "_model": 1, "weather": {"sun_altitude_angle": 50.65148701244243, "precipitation": 8.131631762907043, "wind_intensity": 80.72865584777162, "sun_azimuth_angle": 162.63447101850974, "fog_distance": "0", "cloudiness": 64.4474204075945, "fog_density": 76.95741204998649, "wetness": 63.91248230194606, "precipitation_deposits": 21.8654917262591}}], "scenario_type": "Scenario27"}], "Town04": [{"available_event_configurations": [{"transform": {"pitch": "0", "x": 254.9, "y": -230.9, "yaw": 90, "z": 0}, "_start_distance": 17.09741597831783, "_actor_vel": 2.0827004704250096, "_trigger_distance": 16.37816600954083, "_model": 1, "weather": {"sun_altitude_angle": 50.65148701244243, "precipitation": 8.131631762907043, "wind_intensity": 80.72865584777162, "sun_azimuth_angle": 162.63447101850974, "fog_distance": "0", "cloudiness": 64.4474204075945, "fog_density": 76.95741204998649, "wetness": 63.91248230194606, "precipitation_deposits": 21.8654917262591}}], "scenario_type": "Scenario27"}], "Town03": [{"available_event_configurations": [{"transform": {"pitch": "0", "x": -88.5, "y": -90, "yaw": 90, "z": 0}, "_start_distance": 17.09741597831783, "_actor_vel": 2.0827004704250096, "_trigger_distance": 16.37816600954083, "_model": 1, "weather": {"sun_altitude_angle": 50.65148701244243, "precipitation": 8.131631762907043, "wind_intensity": 80.72865584777162, "sun_azimuth_angle": 162.63447101850974, "fog_distance": "0", "cloudiness": 64.4474204075945, "fog_density": 76.95741204998649, "wetness": 63.91248230194606, "precipitation_deposits": 21.8654917262591}}], "scenario_type": "Scenario27"}]}]}