{"available_scenarios": [{"Town05": [{"available_event_configurations": [{"transform": {"pitch": "0", "x": 35, "y": 130, "yaw": -90, "z": 0}, "_start_distance": 17.33178279256117, "_actor_vel": 2.4588588582052653, "_trigger_distance": 18.47239670633669, "_model": 1}, {"transform": {"pitch": "0", "x": 35, "y": 65, "yaw": -90, "z": 0}, "_start_distance": 17.33178279256117, "_actor_vel": 2.4588588582052653, "_trigger_distance": 18.47239670633669, "_model": 1, "weather": {"sun_altitude_angle": 8.444608908364529, "precipitation": 30.07882066807649, "wind_intensity": 1.0284075366566836, "sun_azimuth_angle": 202.51520100312368, "fog_distance": "0", "cloudiness": 38.80410958534641, "fog_density": 60.59073593991895, "wetness": 62.42744908851003, "precipitation_deposits": 53.74515494674226}}], "scenario_type": "Scenario27"}], "Town01": [{"available_event_configurations": [{"transform": {"pitch": "0", "x": 312, "y": 129, "yaw": 180, "z": 0}, "_start_distance": 17.33178279256117, "_actor_vel": 2.4588588582052653, "_trigger_distance": 18.47239670633669, "_model": 1, "weather": {"sun_altitude_angle": 8.444608908364529, "precipitation": 30.07882066807649, "wind_intensity": 1.0284075366566836, "sun_azimuth_angle": 202.51520100312368, "fog_distance": "0", "cloudiness": 38.80410958534641, "fog_density": 60.59073593991895, "wetness": 62.42744908851003, "precipitation_deposits": 53.74515494674226}}], "scenario_type": "Scenario27"}], "Town04": [{"available_event_configurations": [{"transform": {"pitch": "0", "x": 254.9, "y": -230.9, "yaw": 90, "z": 0}, "_start_distance": 17.33178279256117, "_actor_vel": 2.4588588582052653, "_trigger_distance": 18.47239670633669, "_model": 1, "weather": {"sun_altitude_angle": 8.444608908364529, "precipitation": 30.07882066807649, "wind_intensity": 1.0284075366566836, "sun_azimuth_angle": 202.51520100312368, "fog_distance": "0", "cloudiness": 38.80410958534641, "fog_density": 60.59073593991895, "wetness": 62.42744908851003, "precipitation_deposits": 53.74515494674226}}], "scenario_type": "Scenario27"}], "Town03": [{"available_event_configurations": [{"transform": {"pitch": "0", "x": -88.5, "y": -90, "yaw": 90, "z": 0}, "_start_distance": 17.33178279256117, "_actor_vel": 2.4588588582052653, "_trigger_distance": 18.47239670633669, "_model": 1, "weather": {"sun_altitude_angle": 8.444608908364529, "precipitation": 30.07882066807649, "wind_intensity": 1.0284075366566836, "sun_azimuth_angle": 202.51520100312368, "fog_distance": "0", "cloudiness": 38.80410958534641, "fog_density": 60.59073593991895, "wetness": 62.42744908851003, "precipitation_deposits": 53.74515494674226}}], "scenario_type": "Scenario27"}]}]}