{"available_scenarios": [{"Town05": [{"available_event_configurations": [{"transform": {"pitch": "0", "x": 35, "y": 130, "yaw": -90, "z": 0}, "_start_distance": 19.450582591180567, "_actor_vel": 2.239030991256405, "_trigger_distance": 16.376249311748232, "_model": 1}, {"transform": {"pitch": "0", "x": 35, "y": 65, "yaw": -90, "z": 0}, "_start_distance": 19.450582591180567, "_actor_vel": 2.239030991256405, "_trigger_distance": 16.376249311748232, "_model": 1, "weather": {"sun_altitude_angle": 62.59345734295994, "precipitation": 48.620017134675784, "wind_intensity": 51.08148655853179, "sun_azimuth_angle": 266.4825608871554, "fog_distance": "0", "cloudiness": 36.604601393753946, "fog_density": 39.21424108299654, "wetness": 6.432643755466194, "precipitation_deposits": 18.136480142427548}}], "scenario_type": "Scenario27"}], "Town01": [{"available_event_configurations": [{"transform": {"pitch": "0", "x": 312, "y": 129, "yaw": 180, "z": 0}, "_start_distance": 19.450582591180567, "_actor_vel": 2.239030991256405, "_trigger_distance": 16.376249311748232, "_model": 1, "weather": {"sun_altitude_angle": 62.59345734295994, "precipitation": 48.620017134675784, "wind_intensity": 51.08148655853179, "sun_azimuth_angle": 266.4825608871554, "fog_distance": "0", "cloudiness": 36.604601393753946, "fog_density": 39.21424108299654, "wetness": 6.432643755466194, "precipitation_deposits": 18.136480142427548}}], "scenario_type": "Scenario27"}], "Town04": [{"available_event_configurations": [{"transform": {"pitch": "0", "x": 254.9, "y": -230.9, "yaw": 90, "z": 0}, "_start_distance": 19.450582591180567, "_actor_vel": 2.239030991256405, "_trigger_distance": 16.376249311748232, "_model": 1, "weather": {"sun_altitude_angle": 62.59345734295994, "precipitation": 48.620017134675784, "wind_intensity": 51.08148655853179, "sun_azimuth_angle": 266.4825608871554, "fog_distance": "0", "cloudiness": 36.604601393753946, "fog_density": 39.21424108299654, "wetness": 6.432643755466194, "precipitation_deposits": 18.136480142427548}}], "scenario_type": "Scenario27"}], "Town03": [{"available_event_configurations": [{"transform": {"pitch": "0", "x": -88.5, "y": -90, "yaw": 90, "z": 0}, "_start_distance": 19.450582591180567, "_actor_vel": 2.239030991256405, "_trigger_distance": 16.376249311748232, "_model": 1, "weather": {"sun_altitude_angle": 62.59345734295994, "precipitation": 48.620017134675784, "wind_intensity": 51.08148655853179, "sun_azimuth_angle": 266.4825608871554, "fog_distance": "0", "cloudiness": 36.604601393753946, "fog_density": 39.21424108299654, "wetness": 6.432643755466194, "precipitation_deposits": 18.136480142427548}}], "scenario_type": "Scenario27"}]}]}