{"available_scenarios": [{"Town05": [{"available_event_configurations": [{"transform": {"pitch": "0", "x": 35, "y": 130, "yaw": -90, "z": 0}, "_start_distance": 16.883048032037745, "_actor_vel": 2.256954161793496, "_trigger_distance": 16.496584508912388, "_model": 1}, {"transform": {"pitch": "0", "x": 35, "y": 65, "yaw": -90, "z": 0}, "_start_distance": 16.883048032037745, "_actor_vel": 2.256954161793496, "_trigger_distance": 16.496584508912388, "_model": 1, "weather": {"sun_altitude_angle": -54.71023346016396, "precipitation": 35.11756207556833, "wind_intensity": 22.11868955784455, "sun_azimuth_angle": 133.6184137380265, "fog_distance": "0", "cloudiness": 41.589155911382825, "fog_density": 68.94277190945117, "wetness": 13.87437365562465, "precipitation_deposits": 19.237516774998163}}], "scenario_type": "Scenario27"}], "Town01": [{"available_event_configurations": [{"transform": {"pitch": "0", "x": 312, "y": 129, "yaw": 180, "z": 0}, "_start_distance": 16.883048032037745, "_actor_vel": 2.256954161793496, "_trigger_distance": 16.496584508912388, "_model": 1, "weather": {"sun_altitude_angle": -54.71023346016396, "precipitation": 35.11756207556833, "wind_intensity": 22.11868955784455, "sun_azimuth_angle": 133.6184137380265, "fog_distance": "0", "cloudiness": 41.589155911382825, "fog_density": 68.94277190945117, "wetness": 13.87437365562465, "precipitation_deposits": 19.237516774998163}}], "scenario_type": "Scenario27"}], "Town04": [{"available_event_configurations": [{"transform": {"pitch": "0", "x": 254.9, "y": -230.9, "yaw": 90, "z": 0}, "_start_distance": 16.883048032037745, "_actor_vel": 2.256954161793496, "_trigger_distance": 16.496584508912388, "_model": 1, "weather": {"sun_altitude_angle": -54.71023346016396, "precipitation": 35.11756207556833, "wind_intensity": 22.11868955784455, "sun_azimuth_angle": 133.6184137380265, "fog_distance": "0", "cloudiness": 41.589155911382825, "fog_density": 68.94277190945117, "wetness": 13.87437365562465, "precipitation_deposits": 19.237516774998163}}], "scenario_type": "Scenario27"}], "Town03": [{"available_event_configurations": [{"transform": {"pitch": "0", "x": -88.5, "y": -90, "yaw": 90, "z": 0}, "_start_distance": 16.883048032037745, "_actor_vel": 2.256954161793496, "_trigger_distance": 16.496584508912388, "_model": 1, "weather": {"sun_altitude_angle": -54.71023346016396, "precipitation": 35.11756207556833, "wind_intensity": 22.11868955784455, "sun_azimuth_angle": 133.6184137380265, "fog_distance": "0", "cloudiness": 41.589155911382825, "fog_density": 68.94277190945117, "wetness": 13.87437365562465, "precipitation_deposits": 19.237516774998163}}], "scenario_type": "Scenario27"}]}]}