{"available_scenarios": [{"Town05": [{"available_event_configurations": [{"transform": {"pitch": "0", "x": 35, "y": 130, "yaw": -90, "z": 0}, "_start_distance": 15.757557437613453, "_actor_vel": 2.109225828366919, "_trigger_distance": 17.35269985715681, "_model": 1}, {"transform": {"pitch": "0", "x": 35, "y": 65, "yaw": -90, "z": 0}, "_start_distance": 15.757557437613453, "_actor_vel": 2.109225828366919, "_trigger_distance": 17.35269985715681, "_model": 1, "weather": {"sun_altitude_angle": 83.50001400964481, "precipitation": 77.20844360243171, "wind_intensity": 76.49556901146566, "sun_azimuth_angle": 115.03485427471634, "fog_distance": "0", "cloudiness": 53.54696644316621, "fog_density": 8.872756709442175, "wetness": 83.17771492844165, "precipitation_deposits": 78.35303360510949}}], "scenario_type": "Scenario27"}], "Town01": [{"available_event_configurations": [{"transform": {"pitch": "0", "x": 312, "y": 129, "yaw": 180, "z": 0}, "_start_distance": 15.757557437613453, "_actor_vel": 2.109225828366919, "_trigger_distance": 17.35269985715681, "_model": 1, "weather": {"sun_altitude_angle": 83.50001400964481, "precipitation": 77.20844360243171, "wind_intensity": 76.49556901146566, "sun_azimuth_angle": 115.03485427471634, "fog_distance": "0", "cloudiness": 53.54696644316621, "fog_density": 8.872756709442175, "wetness": 83.17771492844165, "precipitation_deposits": 78.35303360510949}}], "scenario_type": "Scenario27"}], "Town04": [{"available_event_configurations": [{"transform": {"pitch": "0", "x": 254.9, "y": -230.9, "yaw": 90, "z": 0}, "_start_distance": 15.757557437613453, "_actor_vel": 2.109225828366919, "_trigger_distance": 17.35269985715681, "_model": 1, "weather": {"sun_altitude_angle": 83.50001400964481, "precipitation": 77.20844360243171, "wind_intensity": 76.49556901146566, "sun_azimuth_angle": 115.03485427471634, "fog_distance": "0", "cloudiness": 53.54696644316621, "fog_density": 8.872756709442175, "wetness": 83.17771492844165, "precipitation_deposits": 78.35303360510949}}], "scenario_type": "Scenario27"}], "Town03": [{"available_event_configurations": [{"transform": {"pitch": "0", "x": -88.5, "y": -90, "yaw": 90, "z": 0}, "_start_distance": 15.757557437613453, "_actor_vel": 2.109225828366919, "_trigger_distance": 17.35269985715681, "_model": 1, "weather": {"sun_altitude_angle": 83.50001400964481, "precipitation": 77.20844360243171, "wind_intensity": 76.49556901146566, "sun_azimuth_angle": 115.03485427471634, "fog_distance": "0", "cloudiness": 53.54696644316621, "fog_density": 8.872756709442175, "wetness": 83.17771492844165, "precipitation_deposits": 78.35303360510949}}], "scenario_type": "Scenario27"}]}]}