{"available_scenarios": [{"Town05": [{"available_event_configurations": [{"transform": {"pitch": "0", "x": 35, "y": 130, "yaw": -90, "z": 0}, "_start_distance": 19.869097976697407, "_actor_vel": 2.4688924281868543, "_trigger_distance": 17.31575410182625, "_model": 1}, {"transform": {"pitch": "0", "x": 35, "y": 65, "yaw": -90, "z": 0}, "_start_distance": 19.869097976697407, "_actor_vel": 2.4688924281868543, "_trigger_distance": 17.31575410182625, "_model": 1, "weather": {"sun_altitude_angle": -1.888586343354703, "precipitation": 84.35985421281299, "wind_intensity": 23.869607239369728, "sun_azimuth_angle": 175.4802643156062, "fog_distance": "0", "cloudiness": 68.71164051632908, "fog_density": 20.23054128613181, "wetness": 59.65382564080514, "precipitation_deposits": 30.72465104302936}}], "scenario_type": "Scenario27"}], "Town01": [{"available_event_configurations": [{"transform": {"pitch": "0", "x": 312, "y": 129, "yaw": 180, "z": 0}, "_start_distance": 19.869097976697407, "_actor_vel": 2.4688924281868543, "_trigger_distance": 17.31575410182625, "_model": 1, "weather": {"sun_altitude_angle": -1.888586343354703, "precipitation": 84.35985421281299, "wind_intensity": 23.869607239369728, "sun_azimuth_angle": 175.4802643156062, "fog_distance": "0", "cloudiness": 68.71164051632908, "fog_density": 20.23054128613181, "wetness": 59.65382564080514, "precipitation_deposits": 30.72465104302936}}], "scenario_type": "Scenario27"}], "Town04": [{"available_event_configurations": [{"transform": {"pitch": "0", "x": 254.9, "y": -230.9, "yaw": 90, "z": 0}, "_start_distance": 19.869097976697407, "_actor_vel": 2.4688924281868543, "_trigger_distance": 17.31575410182625, "_model": 1, "weather": {"sun_altitude_angle": -1.888586343354703, "precipitation": 84.35985421281299, "wind_intensity": 23.869607239369728, "sun_azimuth_angle": 175.4802643156062, "fog_distance": "0", "cloudiness": 68.71164051632908, "fog_density": 20.23054128613181, "wetness": 59.65382564080514, "precipitation_deposits": 30.72465104302936}}], "scenario_type": "Scenario27"}], "Town03": [{"available_event_configurations": [{"transform": {"pitch": "0", "x": -88.5, "y": -90, "yaw": 90, "z": 0}, "_start_distance": 19.869097976697407, "_actor_vel": 2.4688924281868543, "_trigger_distance": 17.31575410182625, "_model": 1, "weather": {"sun_altitude_angle": -1.888586343354703, "precipitation": 84.35985421281299, "wind_intensity": 23.869607239369728, "sun_azimuth_angle": 175.4802643156062, "fog_distance": "0", "cloudiness": 68.71164051632908, "fog_density": 20.23054128613181, "wetness": 59.65382564080514, "precipitation_deposits": 30.72465104302936}}], "scenario_type": "Scenario27"}]}]}