{"available_scenarios": [{"Town05": [{"available_event_configurations": [{"transform": {"pitch": "0", "x": 35, "y": 130, "yaw": -90, "z": 0}, "_start_distance": 15.080762472883963, "_actor_vel": 2.3910754936120777, "_trigger_distance": 18.553286707444467, "_model": 1}, {"transform": {"pitch": "0", "x": 35, "y": 65, "yaw": -90, "z": 0}, "_start_distance": 15.080762472883963, "_actor_vel": 2.3910754936120777, "_trigger_distance": 18.553286707444467, "_model": 1, "weather": {"sun_altitude_angle": 88.31521382739282, "precipitation": 51.88556755103868, "wind_intensity": 65.90482861474591, "sun_azimuth_angle": 271.7004053260901, "fog_distance": "0", "cloudiness": 69.06706302578006, "fog_density": 12.839119566656422, "wetness": 98.48937119044632, "precipitation_deposits": 18.596770469670364}}], "scenario_type": "Scenario27"}], "Town01": [{"available_event_configurations": [{"transform": {"pitch": "0", "x": 312, "y": 129, "yaw": 180, "z": 0}, "_start_distance": 15.080762472883963, "_actor_vel": 2.3910754936120777, "_trigger_distance": 18.553286707444467, "_model": 1, "weather": {"sun_altitude_angle": 88.31521382739282, "precipitation": 51.88556755103868, "wind_intensity": 65.90482861474591, "sun_azimuth_angle": 271.7004053260901, "fog_distance": "0", "cloudiness": 69.06706302578006, "fog_density": 12.839119566656422, "wetness": 98.48937119044632, "precipitation_deposits": 18.596770469670364}}], "scenario_type": "Scenario27"}], "Town04": [{"available_event_configurations": [{"transform": {"pitch": "0", "x": 254.9, "y": -230.9, "yaw": 90, "z": 0}, "_start_distance": 15.080762472883963, "_actor_vel": 2.3910754936120777, "_trigger_distance": 18.553286707444467, "_model": 1, "weather": {"sun_altitude_angle": 88.31521382739282, "precipitation": 51.88556755103868, "wind_intensity": 65.90482861474591, "sun_azimuth_angle": 271.7004053260901, "fog_distance": "0", "cloudiness": 69.06706302578006, "fog_density": 12.839119566656422, "wetness": 98.48937119044632, "precipitation_deposits": 18.596770469670364}}], "scenario_type": "Scenario27"}], "Town03": [{"available_event_configurations": [{"transform": {"pitch": "0", "x": -88.5, "y": -90, "yaw": 90, "z": 0}, "_start_distance": 15.080762472883963, "_actor_vel": 2.3910754936120777, "_trigger_distance": 18.553286707444467, "_model": 1, "weather": {"sun_altitude_angle": 88.31521382739282, "precipitation": 51.88556755103868, "wind_intensity": 65.90482861474591, "sun_azimuth_angle": 271.7004053260901, "fog_distance": "0", "cloudiness": 69.06706302578006, "fog_density": 12.839119566656422, "wetness": 98.48937119044632, "precipitation_deposits": 18.596770469670364}}], "scenario_type": "Scenario27"}]}]}