{"available_scenarios": [{"Town05": [{"available_event_configurations": [{"transform": {"pitch": "0", "x": 35, "y": 130, "yaw": -90, "z": 0}, "_start_distance": 16.648378100111326, "_actor_vel": 2.373485783647105, "_trigger_distance": 18.602545661523646, "_model": 1}, {"transform": {"pitch": "0", "x": 35, "y": 65, "yaw": -90, "z": 0}, "_start_distance": 16.648378100111326, "_actor_vel": 2.373485783647105, "_trigger_distance": 18.602545661523646, "_model": 1, "weather": {"sun_altitude_angle": 44.959883941368844, "precipitation": 16.849884206060896, "wind_intensity": 42.069966820465986, "sun_azimuth_angle": 185.376466423276, "fog_distance": "0", "cloudiness": 47.57568181788755, "fog_density": 5.729286459168237, "wetness": 43.625114132139174, "precipitation_deposits": 42.96706978749828}}], "scenario_type": "Scenario27"}], "Town01": [{"available_event_configurations": [{"transform": {"pitch": "0", "x": 312, "y": 129, "yaw": 180, "z": 0}, "_start_distance": 16.648378100111326, "_actor_vel": 2.373485783647105, "_trigger_distance": 18.602545661523646, "_model": 1, "weather": {"sun_altitude_angle": 44.959883941368844, "precipitation": 16.849884206060896, "wind_intensity": 42.069966820465986, "sun_azimuth_angle": 185.376466423276, "fog_distance": "0", "cloudiness": 47.57568181788755, "fog_density": 5.729286459168237, "wetness": 43.625114132139174, "precipitation_deposits": 42.96706978749828}}], "scenario_type": "Scenario27"}], "Town04": [{"available_event_configurations": [{"transform": {"pitch": "0", "x": 254.9, "y": -230.9, "yaw": 90, "z": 0}, "_start_distance": 16.648378100111326, "_actor_vel": 2.373485783647105, "_trigger_distance": 18.602545661523646, "_model": 1, "weather": {"sun_altitude_angle": 44.959883941368844, "precipitation": 16.849884206060896, "wind_intensity": 42.069966820465986, "sun_azimuth_angle": 185.376466423276, "fog_distance": "0", "cloudiness": 47.57568181788755, "fog_density": 5.729286459168237, "wetness": 43.625114132139174, "precipitation_deposits": 42.96706978749828}}], "scenario_type": "Scenario27"}], "Town03": [{"available_event_configurations": [{"transform": {"pitch": "0", "x": -88.5, "y": -90, "yaw": 90, "z": 0}, "_start_distance": 16.648378100111326, "_actor_vel": 2.373485783647105, "_trigger_distance": 18.602545661523646, "_model": 1, "weather": {"sun_altitude_angle": 44.959883941368844, "precipitation": 16.849884206060896, "wind_intensity": 42.069966820465986, "sun_azimuth_angle": 185.376466423276, "fog_distance": "0", "cloudiness": 47.57568181788755, "fog_density": 5.729286459168237, "wetness": 43.625114132139174, "precipitation_deposits": 42.96706978749828}}], "scenario_type": "Scenario27"}]}]}