{"available_scenarios": [{"Town05": [{"available_event_configurations": [{"transform": {"pitch": "0", "x": 35, "y": 130, "yaw": -90, "z": 0}, "_start_distance": 18.328808353064133, "_actor_vel": 2.3761677597274278, "_trigger_distance": 18.51250559360965, "_model": 1}, {"transform": {"pitch": "0", "x": 35, "y": 65, "yaw": -90, "z": 0}, "_start_distance": 18.328808353064133, "_actor_vel": 2.3761677597274278, "_trigger_distance": 18.51250559360965, "_model": 1, "weather": {"sun_altitude_angle": 6.307553530818396, "precipitation": 65.55990212149446, "wind_intensity": 87.96405495126439, "sun_azimuth_angle": 213.70512407256012, "fog_distance": "0", "cloudiness": 19.464590659974945, "fog_density": 14.735033968160405, "wetness": 71.46066719037171, "precipitation_deposits": 9.735701564478017}}], "scenario_type": "Scenario27"}], "Town01": [{"available_event_configurations": [{"transform": {"pitch": "0", "x": 312, "y": 129, "yaw": 180, "z": 0}, "_start_distance": 18.328808353064133, "_actor_vel": 2.3761677597274278, "_trigger_distance": 18.51250559360965, "_model": 1, "weather": {"sun_altitude_angle": 6.307553530818396, "precipitation": 65.55990212149446, "wind_intensity": 87.96405495126439, "sun_azimuth_angle": 213.70512407256012, "fog_distance": "0", "cloudiness": 19.464590659974945, "fog_density": 14.735033968160405, "wetness": 71.46066719037171, "precipitation_deposits": 9.735701564478017}}], "scenario_type": "Scenario27"}], "Town04": [{"available_event_configurations": [{"transform": {"pitch": "0", "x": 254.9, "y": -230.9, "yaw": 90, "z": 0}, "_start_distance": 18.328808353064133, "_actor_vel": 2.3761677597274278, "_trigger_distance": 18.51250559360965, "_model": 1, "weather": {"sun_altitude_angle": 6.307553530818396, "precipitation": 65.55990212149446, "wind_intensity": 87.96405495126439, "sun_azimuth_angle": 213.70512407256012, "fog_distance": "0", "cloudiness": 19.464590659974945, "fog_density": 14.735033968160405, "wetness": 71.46066719037171, "precipitation_deposits": 9.735701564478017}}], "scenario_type": "Scenario27"}], "Town03": [{"available_event_configurations": [{"transform": {"pitch": "0", "x": -88.5, "y": -90, "yaw": 90, "z": 0}, "_start_distance": 18.328808353064133, "_actor_vel": 2.3761677597274278, "_trigger_distance": 18.51250559360965, "_model": 1, "weather": {"sun_altitude_angle": 6.307553530818396, "precipitation": 65.55990212149446, "wind_intensity": 87.96405495126439, "sun_azimuth_angle": 213.70512407256012, "fog_distance": "0", "cloudiness": 19.464590659974945, "fog_density": 14.735033968160405, "wetness": 71.46066719037171, "precipitation_deposits": 9.735701564478017}}], "scenario_type": "Scenario27"}]}]}