{"available_scenarios": [{"Town05": [{"available_event_configurations": [{"transform": {"pitch": "0", "x": 35, "y": 130, "yaw": -90, "z": 0}, "_start_distance": 16.82293200481597, "_actor_vel": 2.0702157514283015, "_trigger_distance": 15.277751372600092, "_model": 1}, {"transform": {"pitch": "0", "x": 35, "y": 65, "yaw": -90, "z": 0}, "_start_distance": 16.82293200481597, "_actor_vel": 2.0702157514283015, "_trigger_distance": 15.277751372600092, "_model": 1, "weather": {"sun_altitude_angle": 17.038631983836638, "precipitation": 56.527011832456296, "wind_intensity": 36.00957814654075, "sun_azimuth_angle": 192.07857513646303, "fog_distance": "0", "cloudiness": 37.94675517086249, "fog_density": 37.76123015783721, "wetness": 41.47795450921639, "precipitation_deposits": 99.21996308604466}}], "scenario_type": "Scenario27"}], "Town01": [{"available_event_configurations": [{"transform": {"pitch": "0", "x": 312, "y": 129, "yaw": 180, "z": 0}, "_start_distance": 16.82293200481597, "_actor_vel": 2.0702157514283015, "_trigger_distance": 15.277751372600092, "_model": 1, "weather": {"sun_altitude_angle": 17.038631983836638, "precipitation": 56.527011832456296, "wind_intensity": 36.00957814654075, "sun_azimuth_angle": 192.07857513646303, "fog_distance": "0", "cloudiness": 37.94675517086249, "fog_density": 37.76123015783721, "wetness": 41.47795450921639, "precipitation_deposits": 99.21996308604466}}], "scenario_type": "Scenario27"}], "Town04": [{"available_event_configurations": [{"transform": {"pitch": "0", "x": 254.9, "y": -230.9, "yaw": 90, "z": 0}, "_start_distance": 16.82293200481597, "_actor_vel": 2.0702157514283015, "_trigger_distance": 15.277751372600092, "_model": 1, "weather": {"sun_altitude_angle": 17.038631983836638, "precipitation": 56.527011832456296, "wind_intensity": 36.00957814654075, "sun_azimuth_angle": 192.07857513646303, "fog_distance": "0", "cloudiness": 37.94675517086249, "fog_density": 37.76123015783721, "wetness": 41.47795450921639, "precipitation_deposits": 99.21996308604466}}], "scenario_type": "Scenario27"}], "Town03": [{"available_event_configurations": [{"transform": {"pitch": "0", "x": -88.5, "y": -90, "yaw": 90, "z": 0}, "_start_distance": 16.82293200481597, "_actor_vel": 2.0702157514283015, "_trigger_distance": 15.277751372600092, "_model": 1, "weather": {"sun_altitude_angle": 17.038631983836638, "precipitation": 56.527011832456296, "wind_intensity": 36.00957814654075, "sun_azimuth_angle": 192.07857513646303, "fog_distance": "0", "cloudiness": 37.94675517086249, "fog_density": 37.76123015783721, "wetness": 41.47795450921639, "precipitation_deposits": 99.21996308604466}}], "scenario_type": "Scenario27"}]}]}