{"available_scenarios": [{"Town05": [{"available_event_configurations": [{"transform": {"pitch": "0", "x": 35, "y": 130, "yaw": -90, "z": 0}, "_start_distance": 16.795042143611397, "_actor_vel": 2.33543347995143, "_trigger_distance": 16.575317049320464, "_model": 1}, {"transform": {"pitch": "0", "x": 35, "y": 65, "yaw": -90, "z": 0}, "_start_distance": 16.795042143611397, "_actor_vel": 2.33543347995143, "_trigger_distance": 16.575317049320464, "_model": 1, "weather": {"sun_altitude_angle": 20.636598790514284, "precipitation": 3.2814897156921985, "wind_intensity": 61.53884115322843, "sun_azimuth_angle": 139.7441847517171, "fog_distance": "0", "cloudiness": 14.617520218848911, "fog_density": 14.557003572764582, "wetness": 36.0173006487513, "precipitation_deposits": 68.04202261622343}}], "scenario_type": "Scenario27"}], "Town01": [{"available_event_configurations": [{"transform": {"pitch": "0", "x": 312, "y": 129, "yaw": 180, "z": 0}, "_start_distance": 16.795042143611397, "_actor_vel": 2.33543347995143, "_trigger_distance": 16.575317049320464, "_model": 1, "weather": {"sun_altitude_angle": 20.636598790514284, "precipitation": 3.2814897156921985, "wind_intensity": 61.53884115322843, "sun_azimuth_angle": 139.7441847517171, "fog_distance": "0", "cloudiness": 14.617520218848911, "fog_density": 14.557003572764582, "wetness": 36.0173006487513, "precipitation_deposits": 68.04202261622343}}], "scenario_type": "Scenario27"}], "Town04": [{"available_event_configurations": [{"transform": {"pitch": "0", "x": 254.9, "y": -230.9, "yaw": 90, "z": 0}, "_start_distance": 16.795042143611397, "_actor_vel": 2.33543347995143, "_trigger_distance": 16.575317049320464, "_model": 1, "weather": {"sun_altitude_angle": 20.636598790514284, "precipitation": 3.2814897156921985, "wind_intensity": 61.53884115322843, "sun_azimuth_angle": 139.7441847517171, "fog_distance": "0", "cloudiness": 14.617520218848911, "fog_density": 14.557003572764582, "wetness": 36.0173006487513, "precipitation_deposits": 68.04202261622343}}], "scenario_type": "Scenario27"}], "Town03": [{"available_event_configurations": [{"transform": {"pitch": "0", "x": -88.5, "y": -90, "yaw": 90, "z": 0}, "_start_distance": 16.795042143611397, "_actor_vel": 2.33543347995143, "_trigger_distance": 16.575317049320464, "_model": 1, "weather": {"sun_altitude_angle": 20.636598790514284, "precipitation": 3.2814897156921985, "wind_intensity": 61.53884115322843, "sun_azimuth_angle": 139.7441847517171, "fog_distance": "0", "cloudiness": 14.617520218848911, "fog_density": 14.557003572764582, "wetness": 36.0173006487513, "precipitation_deposits": 68.04202261622343}}], "scenario_type": "Scenario27"}]}]}