{"available_scenarios": [{"Town05": [{"available_event_configurations": [{"transform": {"pitch": "0", "x": 35, "y": 130, "yaw": -90, "z": 0}, "_start_distance": 15.44022982654015, "_actor_vel": 2.325905665461064, "_trigger_distance": 16.214270205699155, "_model": 1}, {"transform": {"pitch": "0", "x": 35, "y": 65, "yaw": -90, "z": 0}, "_start_distance": 15.44022982654015, "_actor_vel": 2.325905665461064, "_trigger_distance": 16.214270205699155, "_model": 1, "weather": {"sun_altitude_angle": 55.57175797425174, "precipitation": 27.404202094148587, "wind_intensity": 6.580719288479619, "sun_azimuth_angle": 104.04920122067172, "fog_distance": "0", "cloudiness": 11.890121286012034, "fog_density": 92.62329064208276, "wetness": 49.444788000998706, "precipitation_deposits": 9.815555728699765}}], "scenario_type": "Scenario27"}], "Town01": [{"available_event_configurations": [{"transform": {"pitch": "0", "x": 312, "y": 129, "yaw": 180, "z": 0}, "_start_distance": 15.44022982654015, "_actor_vel": 2.325905665461064, "_trigger_distance": 16.214270205699155, "_model": 1, "weather": {"sun_altitude_angle": 55.57175797425174, "precipitation": 27.404202094148587, "wind_intensity": 6.580719288479619, "sun_azimuth_angle": 104.04920122067172, "fog_distance": "0", "cloudiness": 11.890121286012034, "fog_density": 92.62329064208276, "wetness": 49.444788000998706, "precipitation_deposits": 9.815555728699765}}], "scenario_type": "Scenario27"}], "Town04": [{"available_event_configurations": [{"transform": {"pitch": "0", "x": 254.9, "y": -230.9, "yaw": 90, "z": 0}, "_start_distance": 15.44022982654015, "_actor_vel": 2.325905665461064, "_trigger_distance": 16.214270205699155, "_model": 1, "weather": {"sun_altitude_angle": 55.57175797425174, "precipitation": 27.404202094148587, "wind_intensity": 6.580719288479619, "sun_azimuth_angle": 104.04920122067172, "fog_distance": "0", "cloudiness": 11.890121286012034, "fog_density": 92.62329064208276, "wetness": 49.444788000998706, "precipitation_deposits": 9.815555728699765}}], "scenario_type": "Scenario27"}], "Town03": [{"available_event_configurations": [{"transform": {"pitch": "0", "x": -88.5, "y": -90, "yaw": 90, "z": 0}, "_start_distance": 15.44022982654015, "_actor_vel": 2.325905665461064, "_trigger_distance": 16.214270205699155, "_model": 1, "weather": {"sun_altitude_angle": 55.57175797425174, "precipitation": 27.404202094148587, "wind_intensity": 6.580719288479619, "sun_azimuth_angle": 104.04920122067172, "fog_distance": "0", "cloudiness": 11.890121286012034, "fog_density": 92.62329064208276, "wetness": 49.444788000998706, "precipitation_deposits": 9.815555728699765}}], "scenario_type": "Scenario27"}]}]}