{"available_scenarios": [{"Town05": [{"available_event_configurations": [{"transform": {"pitch": "0", "x": 35, "y": 130, "yaw": -90, "z": 0}, "_start_distance": 18.078749002931037, "_actor_vel": 2.3794235355376085, "_trigger_distance": 19.21979701622689, "_model": 1}, {"transform": {"pitch": "0", "x": 35, "y": 65, "yaw": -90, "z": 0}, "_start_distance": 18.078749002931037, "_actor_vel": 2.3794235355376085, "_trigger_distance": 19.21979701622689, "_model": 1, "weather": {"sun_altitude_angle": 11.605710036009341, "precipitation": 24.276509511343882, "wind_intensity": 89.69357265073342, "sun_azimuth_angle": 62.770635767301556, "fog_distance": "0", "cloudiness": 38.79079145697474, "fog_density": 92.37343878672321, "wetness": 96.66995149879052, "precipitation_deposits": 46.140030710334386}}], "scenario_type": "Scenario27"}], "Town01": [{"available_event_configurations": [{"transform": {"pitch": "0", "x": 312, "y": 129, "yaw": 180, "z": 0}, "_start_distance": 18.078749002931037, "_actor_vel": 2.3794235355376085, "_trigger_distance": 19.21979701622689, "_model": 1, "weather": {"sun_altitude_angle": 11.605710036009341, "precipitation": 24.276509511343882, "wind_intensity": 89.69357265073342, "sun_azimuth_angle": 62.770635767301556, "fog_distance": "0", "cloudiness": 38.79079145697474, "fog_density": 92.37343878672321, "wetness": 96.66995149879052, "precipitation_deposits": 46.140030710334386}}], "scenario_type": "Scenario27"}], "Town04": [{"available_event_configurations": [{"transform": {"pitch": "0", "x": 254.9, "y": -230.9, "yaw": 90, "z": 0}, "_start_distance": 18.078749002931037, "_actor_vel": 2.3794235355376085, "_trigger_distance": 19.21979701622689, "_model": 1, "weather": {"sun_altitude_angle": 11.605710036009341, "precipitation": 24.276509511343882, "wind_intensity": 89.69357265073342, "sun_azimuth_angle": 62.770635767301556, "fog_distance": "0", "cloudiness": 38.79079145697474, "fog_density": 92.37343878672321, "wetness": 96.66995149879052, "precipitation_deposits": 46.140030710334386}}], "scenario_type": "Scenario27"}], "Town03": [{"available_event_configurations": [{"transform": {"pitch": "0", "x": -88.5, "y": -90, "yaw": 90, "z": 0}, "_start_distance": 18.078749002931037, "_actor_vel": 2.3794235355376085, "_trigger_distance": 19.21979701622689, "_model": 1, "weather": {"sun_altitude_angle": 11.605710036009341, "precipitation": 24.276509511343882, "wind_intensity": 89.69357265073342, "sun_azimuth_angle": 62.770635767301556, "fog_distance": "0", "cloudiness": 38.79079145697474, "fog_density": 92.37343878672321, "wetness": 96.66995149879052, "precipitation_deposits": 46.140030710334386}}], "scenario_type": "Scenario27"}]}]}