{"available_scenarios": [{"Town05": [{"available_event_configurations": [{"transform": {"pitch": "0", "x": 35, "y": 130, "yaw": -90, "z": 0}, "_start_distance": 19.985738937417985, "_actor_vel": 2.2095055360973803, "_trigger_distance": 15.270758531549646, "_model": 1}, {"transform": {"pitch": "0", "x": 35, "y": 65, "yaw": -90, "z": 0}, "_start_distance": 19.985738937417985, "_actor_vel": 2.2095055360973803, "_trigger_distance": 15.270758531549646, "_model": 1, "weather": {"sun_altitude_angle": 30.28095060063694, "precipitation": 18.667305215851304, "wind_intensity": 76.8136397428137, "sun_azimuth_angle": 115.99639432884393, "fog_distance": "0", "cloudiness": 26.806558755994136, "fog_density": 88.51751011526214, "wetness": 63.667670751630446, "precipitation_deposits": 11.324518348820389}}], "scenario_type": "Scenario27"}], "Town01": [{"available_event_configurations": [{"transform": {"pitch": "0", "x": 312, "y": 129, "yaw": 180, "z": 0}, "_start_distance": 19.985738937417985, "_actor_vel": 2.2095055360973803, "_trigger_distance": 15.270758531549646, "_model": 1, "weather": {"sun_altitude_angle": 30.28095060063694, "precipitation": 18.667305215851304, "wind_intensity": 76.8136397428137, "sun_azimuth_angle": 115.99639432884393, "fog_distance": "0", "cloudiness": 26.806558755994136, "fog_density": 88.51751011526214, "wetness": 63.667670751630446, "precipitation_deposits": 11.324518348820389}}], "scenario_type": "Scenario27"}], "Town04": [{"available_event_configurations": [{"transform": {"pitch": "0", "x": 254.9, "y": -230.9, "yaw": 90, "z": 0}, "_start_distance": 19.985738937417985, "_actor_vel": 2.2095055360973803, "_trigger_distance": 15.270758531549646, "_model": 1, "weather": {"sun_altitude_angle": 30.28095060063694, "precipitation": 18.667305215851304, "wind_intensity": 76.8136397428137, "sun_azimuth_angle": 115.99639432884393, "fog_distance": "0", "cloudiness": 26.806558755994136, "fog_density": 88.51751011526214, "wetness": 63.667670751630446, "precipitation_deposits": 11.324518348820389}}], "scenario_type": "Scenario27"}], "Town03": [{"available_event_configurations": [{"transform": {"pitch": "0", "x": -88.5, "y": -90, "yaw": 90, "z": 0}, "_start_distance": 19.985738937417985, "_actor_vel": 2.2095055360973803, "_trigger_distance": 15.270758531549646, "_model": 1, "weather": {"sun_altitude_angle": 30.28095060063694, "precipitation": 18.667305215851304, "wind_intensity": 76.8136397428137, "sun_azimuth_angle": 115.99639432884393, "fog_distance": "0", "cloudiness": 26.806558755994136, "fog_density": 88.51751011526214, "wetness": 63.667670751630446, "precipitation_deposits": 11.324518348820389}}], "scenario_type": "Scenario27"}]}]}