{"available_scenarios": [{"Town05": [{"available_event_configurations": [{"transform": {"pitch": "0", "x": 35, "y": 130, "yaw": -90, "z": 0}, "_start_distance": 18.265385721791407, "_actor_vel": 2.067023822033698, "_trigger_distance": 19.859090705286945, "_model": 1}, {"transform": {"pitch": "0", "x": 35, "y": 65, "yaw": -90, "z": 0}, "_start_distance": 18.265385721791407, "_actor_vel": 2.067023822033698, "_trigger_distance": 19.859090705286945, "_model": 1, "weather": {"sun_altitude_angle": 42.691067019141, "precipitation": 66.83723658778204, "wind_intensity": 48.57009313783253, "sun_azimuth_angle": 333.57103128983255, "fog_distance": "0", "cloudiness": 44.11913520108024, "fog_density": 50.06275301125571, "wetness": 51.783577467315354, "precipitation_deposits": 33.18612318498262}}], "scenario_type": "Scenario27"}], "Town01": [{"available_event_configurations": [{"transform": {"pitch": "0", "x": 312, "y": 129, "yaw": 180, "z": 0}, "_start_distance": 18.265385721791407, "_actor_vel": 2.067023822033698, "_trigger_distance": 19.859090705286945, "_model": 1, "weather": {"sun_altitude_angle": 42.691067019141, "precipitation": 66.83723658778204, "wind_intensity": 48.57009313783253, "sun_azimuth_angle": 333.57103128983255, "fog_distance": "0", "cloudiness": 44.11913520108024, "fog_density": 50.06275301125571, "wetness": 51.783577467315354, "precipitation_deposits": 33.18612318498262}}], "scenario_type": "Scenario27"}], "Town04": [{"available_event_configurations": [{"transform": {"pitch": "0", "x": 254.9, "y": -230.9, "yaw": 90, "z": 0}, "_start_distance": 18.265385721791407, "_actor_vel": 2.067023822033698, "_trigger_distance": 19.859090705286945, "_model": 1, "weather": {"sun_altitude_angle": 42.691067019141, "precipitation": 66.83723658778204, "wind_intensity": 48.57009313783253, "sun_azimuth_angle": 333.57103128983255, "fog_distance": "0", "cloudiness": 44.11913520108024, "fog_density": 50.06275301125571, "wetness": 51.783577467315354, "precipitation_deposits": 33.18612318498262}}], "scenario_type": "Scenario27"}], "Town03": [{"available_event_configurations": [{"transform": {"pitch": "0", "x": -88.5, "y": -90, "yaw": 90, "z": 0}, "_start_distance": 18.265385721791407, "_actor_vel": 2.067023822033698, "_trigger_distance": 19.859090705286945, "_model": 1, "weather": {"sun_altitude_angle": 42.691067019141, "precipitation": 66.83723658778204, "wind_intensity": 48.57009313783253, "sun_azimuth_angle": 333.57103128983255, "fog_distance": "0", "cloudiness": 44.11913520108024, "fog_density": 50.06275301125571, "wetness": 51.783577467315354, "precipitation_deposits": 33.18612318498262}}], "scenario_type": "Scenario27"}]}]}