{"available_scenarios": [{"Town05": [{"available_event_configurations": [{"transform": {"pitch": "0", "x": 35, "y": 130, "yaw": -90, "z": 0}, "_start_distance": 16.653359396774444, "_actor_vel": 2.1223708115785063, "_trigger_distance": 19.99366221964035, "_model": 1}, {"transform": {"pitch": "0", "x": 35, "y": 65, "yaw": -90, "z": 0}, "_start_distance": 16.653359396774444, "_actor_vel": 2.1223708115785063, "_trigger_distance": 19.99366221964035, "_model": 1, "weather": {"sun_altitude_angle": -19.646045800393125, "precipitation": 6.920419083868157, "wind_intensity": 86.34994867398358, "sun_azimuth_angle": 110.12150675071256, "fog_distance": "0", "cloudiness": 90.18592236455102, "fog_density": 95.17993807371708, "wetness": 22.082581699826964, "precipitation_deposits": 47.813513338128864}}], "scenario_type": "Scenario27"}], "Town01": [{"available_event_configurations": [{"transform": {"pitch": "0", "x": 312, "y": 129, "yaw": 180, "z": 0}, "_start_distance": 16.653359396774444, "_actor_vel": 2.1223708115785063, "_trigger_distance": 19.99366221964035, "_model": 1, "weather": {"sun_altitude_angle": -19.646045800393125, "precipitation": 6.920419083868157, "wind_intensity": 86.34994867398358, "sun_azimuth_angle": 110.12150675071256, "fog_distance": "0", "cloudiness": 90.18592236455102, "fog_density": 95.17993807371708, "wetness": 22.082581699826964, "precipitation_deposits": 47.813513338128864}}], "scenario_type": "Scenario27"}], "Town04": [{"available_event_configurations": [{"transform": {"pitch": "0", "x": 254.9, "y": -230.9, "yaw": 90, "z": 0}, "_start_distance": 16.653359396774444, "_actor_vel": 2.1223708115785063, "_trigger_distance": 19.99366221964035, "_model": 1, "weather": {"sun_altitude_angle": -19.646045800393125, "precipitation": 6.920419083868157, "wind_intensity": 86.34994867398358, "sun_azimuth_angle": 110.12150675071256, "fog_distance": "0", "cloudiness": 90.18592236455102, "fog_density": 95.17993807371708, "wetness": 22.082581699826964, "precipitation_deposits": 47.813513338128864}}], "scenario_type": "Scenario27"}], "Town03": [{"available_event_configurations": [{"transform": {"pitch": "0", "x": -88.5, "y": -90, "yaw": 90, "z": 0}, "_start_distance": 16.653359396774444, "_actor_vel": 2.1223708115785063, "_trigger_distance": 19.99366221964035, "_model": 1, "weather": {"sun_altitude_angle": -19.646045800393125, "precipitation": 6.920419083868157, "wind_intensity": 86.34994867398358, "sun_azimuth_angle": 110.12150675071256, "fog_distance": "0", "cloudiness": 90.18592236455102, "fog_density": 95.17993807371708, "wetness": 22.082581699826964, "precipitation_deposits": 47.813513338128864}}], "scenario_type": "Scenario27"}]}]}