{"available_scenarios": [{"Town05": [{"available_event_configurations": [{"transform": {"pitch": "0", "x": 35, "y": 130, "yaw": -90, "z": 0}, "_start_distance": 19.083750669554895, "_actor_vel": 2.451405706304481, "_trigger_distance": 17.288995634580388, "_model": 1}, {"transform": {"pitch": "0", "x": 35, "y": 65, "yaw": -90, "z": 0}, "_start_distance": 19.083750669554895, "_actor_vel": 2.451405706304481, "_trigger_distance": 17.288995634580388, "_model": 1, "weather": {"sun_altitude_angle": -13.198767284302548, "precipitation": 40.96334520700845, "wind_intensity": 8.325198691969572, "sun_azimuth_angle": 108.53545230770645, "fog_distance": "0", "cloudiness": 16.124272082470803, "fog_density": 73.89036227100159, "wetness": 20.228850340258454, "precipitation_deposits": 91.7282580060054}}], "scenario_type": "Scenario27"}], "Town01": [{"available_event_configurations": [{"transform": {"pitch": "0", "x": 312, "y": 129, "yaw": 180, "z": 0}, "_start_distance": 19.083750669554895, "_actor_vel": 2.451405706304481, "_trigger_distance": 17.288995634580388, "_model": 1, "weather": {"sun_altitude_angle": -13.198767284302548, "precipitation": 40.96334520700845, "wind_intensity": 8.325198691969572, "sun_azimuth_angle": 108.53545230770645, "fog_distance": "0", "cloudiness": 16.124272082470803, "fog_density": 73.89036227100159, "wetness": 20.228850340258454, "precipitation_deposits": 91.7282580060054}}], "scenario_type": "Scenario27"}], "Town04": [{"available_event_configurations": [{"transform": {"pitch": "0", "x": 254.9, "y": -230.9, "yaw": 90, "z": 0}, "_start_distance": 19.083750669554895, "_actor_vel": 2.451405706304481, "_trigger_distance": 17.288995634580388, "_model": 1, "weather": {"sun_altitude_angle": -13.198767284302548, "precipitation": 40.96334520700845, "wind_intensity": 8.325198691969572, "sun_azimuth_angle": 108.53545230770645, "fog_distance": "0", "cloudiness": 16.124272082470803, "fog_density": 73.89036227100159, "wetness": 20.228850340258454, "precipitation_deposits": 91.7282580060054}}], "scenario_type": "Scenario27"}], "Town03": [{"available_event_configurations": [{"transform": {"pitch": "0", "x": -88.5, "y": -90, "yaw": 90, "z": 0}, "_start_distance": 19.083750669554895, "_actor_vel": 2.451405706304481, "_trigger_distance": 17.288995634580388, "_model": 1, "weather": {"sun_altitude_angle": -13.198767284302548, "precipitation": 40.96334520700845, "wind_intensity": 8.325198691969572, "sun_azimuth_angle": 108.53545230770645, "fog_distance": "0", "cloudiness": 16.124272082470803, "fog_density": 73.89036227100159, "wetness": 20.228850340258454, "precipitation_deposits": 91.7282580060054}}], "scenario_type": "Scenario27"}]}]}