{"available_scenarios": [{"Town05": [{"available_event_configurations": [{"transform": {"pitch": "0", "x": 35, "y": 130, "yaw": -90, "z": 0}, "_start_distance": 18.505294639539425, "_actor_vel": 2.4889722494426794, "_trigger_distance": 19.0043603303288, "_model": 1}, {"transform": {"pitch": "0", "x": 35, "y": 65, "yaw": -90, "z": 0}, "_start_distance": 18.505294639539425, "_actor_vel": 2.4889722494426794, "_trigger_distance": 19.0043603303288, "_model": 1, "weather": {"sun_altitude_angle": 55.303073492209506, "precipitation": 97.75969293710882, "wind_intensity": 6.848716499425445, "sun_azimuth_angle": 270.4165783469657, "fog_distance": "0", "cloudiness": 64.93847689414713, "fog_density": 1.2653738632671274, "wetness": 42.48348700126827, "precipitation_deposits": 85.44418108075867}}], "scenario_type": "Scenario27"}], "Town01": [{"available_event_configurations": [{"transform": {"pitch": "0", "x": 312, "y": 129, "yaw": 180, "z": 0}, "_start_distance": 18.505294639539425, "_actor_vel": 2.4889722494426794, "_trigger_distance": 19.0043603303288, "_model": 1, "weather": {"sun_altitude_angle": 55.303073492209506, "precipitation": 97.75969293710882, "wind_intensity": 6.848716499425445, "sun_azimuth_angle": 270.4165783469657, "fog_distance": "0", "cloudiness": 64.93847689414713, "fog_density": 1.2653738632671274, "wetness": 42.48348700126827, "precipitation_deposits": 85.44418108075867}}], "scenario_type": "Scenario27"}], "Town04": [{"available_event_configurations": [{"transform": {"pitch": "0", "x": 254.9, "y": -230.9, "yaw": 90, "z": 0}, "_start_distance": 18.505294639539425, "_actor_vel": 2.4889722494426794, "_trigger_distance": 19.0043603303288, "_model": 1, "weather": {"sun_altitude_angle": 55.303073492209506, "precipitation": 97.75969293710882, "wind_intensity": 6.848716499425445, "sun_azimuth_angle": 270.4165783469657, "fog_distance": "0", "cloudiness": 64.93847689414713, "fog_density": 1.2653738632671274, "wetness": 42.48348700126827, "precipitation_deposits": 85.44418108075867}}], "scenario_type": "Scenario27"}], "Town03": [{"available_event_configurations": [{"transform": {"pitch": "0", "x": -88.5, "y": -90, "yaw": 90, "z": 0}, "_start_distance": 18.505294639539425, "_actor_vel": 2.4889722494426794, "_trigger_distance": 19.0043603303288, "_model": 1, "weather": {"sun_altitude_angle": 55.303073492209506, "precipitation": 97.75969293710882, "wind_intensity": 6.848716499425445, "sun_azimuth_angle": 270.4165783469657, "fog_distance": "0", "cloudiness": 64.93847689414713, "fog_density": 1.2653738632671274, "wetness": 42.48348700126827, "precipitation_deposits": 85.44418108075867}}], "scenario_type": "Scenario27"}]}]}