{"available_scenarios": [{"Town05": [{"available_event_configurations": [{"transform": {"pitch": "0", "x": 35, "y": 130, "yaw": -90, "z": 0}, "_start_distance": 18.65022179605602, "_actor_vel": 2.0125944775675553, "_trigger_distance": 16.89052024667493, "_model": 1}, {"transform": {"pitch": "0", "x": 35, "y": 65, "yaw": -90, "z": 0}, "_start_distance": 18.65022179605602, "_actor_vel": 2.0125944775675553, "_trigger_distance": 16.89052024667493, "_model": 1, "weather": {"sun_altitude_angle": 45.54673967550917, "precipitation": 21.000556675156247, "wind_intensity": 46.852673558201495, "sun_azimuth_angle": 85.15552450486638, "fog_distance": "0", "cloudiness": 34.309134549666545, "fog_density": 63.40349306285269, "wetness": 42.51360641003649, "precipitation_deposits": 91.05222351157506}}], "scenario_type": "Scenario27"}], "Town01": [{"available_event_configurations": [{"transform": {"pitch": "0", "x": 312, "y": 129, "yaw": 180, "z": 0}, "_start_distance": 18.65022179605602, "_actor_vel": 2.0125944775675553, "_trigger_distance": 16.89052024667493, "_model": 1, "weather": {"sun_altitude_angle": 45.54673967550917, "precipitation": 21.000556675156247, "wind_intensity": 46.852673558201495, "sun_azimuth_angle": 85.15552450486638, "fog_distance": "0", "cloudiness": 34.309134549666545, "fog_density": 63.40349306285269, "wetness": 42.51360641003649, "precipitation_deposits": 91.05222351157506}}], "scenario_type": "Scenario27"}], "Town04": [{"available_event_configurations": [{"transform": {"pitch": "0", "x": 254.9, "y": -230.9, "yaw": 90, "z": 0}, "_start_distance": 18.65022179605602, "_actor_vel": 2.0125944775675553, "_trigger_distance": 16.89052024667493, "_model": 1, "weather": {"sun_altitude_angle": 45.54673967550917, "precipitation": 21.000556675156247, "wind_intensity": 46.852673558201495, "sun_azimuth_angle": 85.15552450486638, "fog_distance": "0", "cloudiness": 34.309134549666545, "fog_density": 63.40349306285269, "wetness": 42.51360641003649, "precipitation_deposits": 91.05222351157506}}], "scenario_type": "Scenario27"}], "Town03": [{"available_event_configurations": [{"transform": {"pitch": "0", "x": -88.5, "y": -90, "yaw": 90, "z": 0}, "_start_distance": 18.65022179605602, "_actor_vel": 2.0125944775675553, "_trigger_distance": 16.89052024667493, "_model": 1, "weather": {"sun_altitude_angle": 45.54673967550917, "precipitation": 21.000556675156247, "wind_intensity": 46.852673558201495, "sun_azimuth_angle": 85.15552450486638, "fog_distance": "0", "cloudiness": 34.309134549666545, "fog_density": 63.40349306285269, "wetness": 42.51360641003649, "precipitation_deposits": 91.05222351157506}}], "scenario_type": "Scenario27"}]}]}