{"available_scenarios": [{"Town05": [{"available_event_configurations": [{"transform": {"pitch": "0", "x": 35, "y": 130, "yaw": -90, "z": 0}, "_start_distance": 16.820659598225674, "_actor_vel": 2.1609440409185914, "_trigger_distance": 16.04660887411399, "_model": 1}, {"transform": {"pitch": "0", "x": 35, "y": 65, "yaw": -90, "z": 0}, "_start_distance": 16.820659598225674, "_actor_vel": 2.1609440409185914, "_trigger_distance": 16.04660887411399, "_model": 1, "weather": {"sun_altitude_angle": -81.85737078537677, "precipitation": 52.745620395631846, "wind_intensity": 95.04965029149075, "sun_azimuth_angle": 85.09749827980136, "fog_distance": "0", "cloudiness": 90.17846085193156, "fog_density": 31.171373542520953, "wetness": 70.24639414160816, "precipitation_deposits": 5.802347509209871}}], "scenario_type": "Scenario27"}], "Town01": [{"available_event_configurations": [{"transform": {"pitch": "0", "x": 312, "y": 129, "yaw": 180, "z": 0}, "_start_distance": 16.820659598225674, "_actor_vel": 2.1609440409185914, "_trigger_distance": 16.04660887411399, "_model": 1, "weather": {"sun_altitude_angle": -81.85737078537677, "precipitation": 52.745620395631846, "wind_intensity": 95.04965029149075, "sun_azimuth_angle": 85.09749827980136, "fog_distance": "0", "cloudiness": 90.17846085193156, "fog_density": 31.171373542520953, "wetness": 70.24639414160816, "precipitation_deposits": 5.802347509209871}}], "scenario_type": "Scenario27"}], "Town04": [{"available_event_configurations": [{"transform": {"pitch": "0", "x": 254.9, "y": -230.9, "yaw": 90, "z": 0}, "_start_distance": 16.820659598225674, "_actor_vel": 2.1609440409185914, "_trigger_distance": 16.04660887411399, "_model": 1, "weather": {"sun_altitude_angle": -81.85737078537677, "precipitation": 52.745620395631846, "wind_intensity": 95.04965029149075, "sun_azimuth_angle": 85.09749827980136, "fog_distance": "0", "cloudiness": 90.17846085193156, "fog_density": 31.171373542520953, "wetness": 70.24639414160816, "precipitation_deposits": 5.802347509209871}}], "scenario_type": "Scenario27"}], "Town03": [{"available_event_configurations": [{"transform": {"pitch": "0", "x": -88.5, "y": -90, "yaw": 90, "z": 0}, "_start_distance": 16.820659598225674, "_actor_vel": 2.1609440409185914, "_trigger_distance": 16.04660887411399, "_model": 1, "weather": {"sun_altitude_angle": -81.85737078537677, "precipitation": 52.745620395631846, "wind_intensity": 95.04965029149075, "sun_azimuth_angle": 85.09749827980136, "fog_distance": "0", "cloudiness": 90.17846085193156, "fog_density": 31.171373542520953, "wetness": 70.24639414160816, "precipitation_deposits": 5.802347509209871}}], "scenario_type": "Scenario27"}]}]}