{"available_scenarios": [{"Town05": [{"available_event_configurations": [{"transform": {"pitch": "0", "x": 35, "y": 130, "yaw": -90, "z": 0}, "_start_distance": 16.949972563234628, "_actor_vel": 2.0019635385272627, "_trigger_distance": 16.35253276053489, "_model": 1}, {"transform": {"pitch": "0", "x": 35, "y": 65, "yaw": -90, "z": 0}, "_start_distance": 16.949972563234628, "_actor_vel": 2.0019635385272627, "_trigger_distance": 16.35253276053489, "_model": 1, "weather": {"sun_altitude_angle": -78.90372881449352, "precipitation": 80.03375020897217, "wind_intensity": 3.234087703297839, "sun_azimuth_angle": 262.9527762727649, "fog_distance": "0", "cloudiness": 9.717511557856485, "fog_density": 34.511308384779895, "wetness": 34.284223409880454, "precipitation_deposits": 36.964136541744864}}], "scenario_type": "Scenario27"}], "Town01": [{"available_event_configurations": [{"transform": {"pitch": "0", "x": 312, "y": 129, "yaw": 180, "z": 0}, "_start_distance": 16.949972563234628, "_actor_vel": 2.0019635385272627, "_trigger_distance": 16.35253276053489, "_model": 1, "weather": {"sun_altitude_angle": -78.90372881449352, "precipitation": 80.03375020897217, "wind_intensity": 3.234087703297839, "sun_azimuth_angle": 262.9527762727649, "fog_distance": "0", "cloudiness": 9.717511557856485, "fog_density": 34.511308384779895, "wetness": 34.284223409880454, "precipitation_deposits": 36.964136541744864}}], "scenario_type": "Scenario27"}], "Town04": [{"available_event_configurations": [{"transform": {"pitch": "0", "x": 254.9, "y": -230.9, "yaw": 90, "z": 0}, "_start_distance": 16.949972563234628, "_actor_vel": 2.0019635385272627, "_trigger_distance": 16.35253276053489, "_model": 1, "weather": {"sun_altitude_angle": -78.90372881449352, "precipitation": 80.03375020897217, "wind_intensity": 3.234087703297839, "sun_azimuth_angle": 262.9527762727649, "fog_distance": "0", "cloudiness": 9.717511557856485, "fog_density": 34.511308384779895, "wetness": 34.284223409880454, "precipitation_deposits": 36.964136541744864}}], "scenario_type": "Scenario27"}], "Town03": [{"available_event_configurations": [{"transform": {"pitch": "0", "x": -88.5, "y": -90, "yaw": 90, "z": 0}, "_start_distance": 16.949972563234628, "_actor_vel": 2.0019635385272627, "_trigger_distance": 16.35253276053489, "_model": 1, "weather": {"sun_altitude_angle": -78.90372881449352, "precipitation": 80.03375020897217, "wind_intensity": 3.234087703297839, "sun_azimuth_angle": 262.9527762727649, "fog_distance": "0", "cloudiness": 9.717511557856485, "fog_density": 34.511308384779895, "wetness": 34.284223409880454, "precipitation_deposits": 36.964136541744864}}], "scenario_type": "Scenario27"}]}]}