{"available_scenarios": [{"Town05": [{"available_event_configurations": [{"transform": {"pitch": "0", "x": 35, "y": 130, "yaw": -90, "z": 0}, "_start_distance": 15.83393249810323, "_actor_vel": 2.3959499842511267, "_trigger_distance": 16.059989274063344, "_model": 1}, {"transform": {"pitch": "0", "x": 35, "y": 65, "yaw": -90, "z": 0}, "_start_distance": 15.83393249810323, "_actor_vel": 2.3959499842511267, "_trigger_distance": 16.059989274063344, "_model": 1, "weather": {"sun_altitude_angle": -29.582436374668973, "precipitation": 70.942604854933, "wind_intensity": 56.581323303589606, "sun_azimuth_angle": 118.44999607871395, "fog_distance": "0", "cloudiness": 12.05582007653062, "fog_density": 17.81274455365722, "wetness": 56.025364889236194, "precipitation_deposits": 67.38365144132594}}], "scenario_type": "Scenario27"}], "Town01": [{"available_event_configurations": [{"transform": {"pitch": "0", "x": 312, "y": 129, "yaw": 180, "z": 0}, "_start_distance": 15.83393249810323, "_actor_vel": 2.3959499842511267, "_trigger_distance": 16.059989274063344, "_model": 1, "weather": {"sun_altitude_angle": -29.582436374668973, "precipitation": 70.942604854933, "wind_intensity": 56.581323303589606, "sun_azimuth_angle": 118.44999607871395, "fog_distance": "0", "cloudiness": 12.05582007653062, "fog_density": 17.81274455365722, "wetness": 56.025364889236194, "precipitation_deposits": 67.38365144132594}}], "scenario_type": "Scenario27"}], "Town04": [{"available_event_configurations": [{"transform": {"pitch": "0", "x": 254.9, "y": -230.9, "yaw": 90, "z": 0}, "_start_distance": 15.83393249810323, "_actor_vel": 2.3959499842511267, "_trigger_distance": 16.059989274063344, "_model": 1, "weather": {"sun_altitude_angle": -29.582436374668973, "precipitation": 70.942604854933, "wind_intensity": 56.581323303589606, "sun_azimuth_angle": 118.44999607871395, "fog_distance": "0", "cloudiness": 12.05582007653062, "fog_density": 17.81274455365722, "wetness": 56.025364889236194, "precipitation_deposits": 67.38365144132594}}], "scenario_type": "Scenario27"}], "Town03": [{"available_event_configurations": [{"transform": {"pitch": "0", "x": -88.5, "y": -90, "yaw": 90, "z": 0}, "_start_distance": 15.83393249810323, "_actor_vel": 2.3959499842511267, "_trigger_distance": 16.059989274063344, "_model": 1, "weather": {"sun_altitude_angle": -29.582436374668973, "precipitation": 70.942604854933, "wind_intensity": 56.581323303589606, "sun_azimuth_angle": 118.44999607871395, "fog_distance": "0", "cloudiness": 12.05582007653062, "fog_density": 17.81274455365722, "wetness": 56.025364889236194, "precipitation_deposits": 67.38365144132594}}], "scenario_type": "Scenario27"}]}]}