{"available_scenarios": [{"Town05": [{"available_event_configurations": [{"transform": {"pitch": "0", "x": 35, "y": 130, "yaw": -90, "z": 0}, "_start_distance": 18.811018833630296, "_actor_vel": 2.499863583732254, "_trigger_distance": 19.380925323091873, "_model": 1}, {"transform": {"pitch": "0", "x": 35, "y": 65, "yaw": -90, "z": 0}, "_start_distance": 18.811018833630296, "_actor_vel": 2.499863583732254, "_trigger_distance": 19.380925323091873, "_model": 1, "weather": {"sun_altitude_angle": 42.523102212458355, "precipitation": 55.43190247180526, "wind_intensity": 77.24803118007844, "sun_azimuth_angle": 58.70076475334907, "fog_distance": "0", "cloudiness": 28.26837782240823, "fog_density": 48.62939006467322, "wetness": 79.74578473095761, "precipitation_deposits": 82.1420688398292}}], "scenario_type": "Scenario27"}], "Town01": [{"available_event_configurations": [{"transform": {"pitch": "0", "x": 312, "y": 129, "yaw": 180, "z": 0}, "_start_distance": 18.811018833630296, "_actor_vel": 2.499863583732254, "_trigger_distance": 19.380925323091873, "_model": 1, "weather": {"sun_altitude_angle": 42.523102212458355, "precipitation": 55.43190247180526, "wind_intensity": 77.24803118007844, "sun_azimuth_angle": 58.70076475334907, "fog_distance": "0", "cloudiness": 28.26837782240823, "fog_density": 48.62939006467322, "wetness": 79.74578473095761, "precipitation_deposits": 82.1420688398292}}], "scenario_type": "Scenario27"}], "Town04": [{"available_event_configurations": [{"transform": {"pitch": "0", "x": 254.9, "y": -230.9, "yaw": 90, "z": 0}, "_start_distance": 18.811018833630296, "_actor_vel": 2.499863583732254, "_trigger_distance": 19.380925323091873, "_model": 1, "weather": {"sun_altitude_angle": 42.523102212458355, "precipitation": 55.43190247180526, "wind_intensity": 77.24803118007844, "sun_azimuth_angle": 58.70076475334907, "fog_distance": "0", "cloudiness": 28.26837782240823, "fog_density": 48.62939006467322, "wetness": 79.74578473095761, "precipitation_deposits": 82.1420688398292}}], "scenario_type": "Scenario27"}], "Town03": [{"available_event_configurations": [{"transform": {"pitch": "0", "x": -88.5, "y": -90, "yaw": 90, "z": 0}, "_start_distance": 18.811018833630296, "_actor_vel": 2.499863583732254, "_trigger_distance": 19.380925323091873, "_model": 1, "weather": {"sun_altitude_angle": 42.523102212458355, "precipitation": 55.43190247180526, "wind_intensity": 77.24803118007844, "sun_azimuth_angle": 58.70076475334907, "fog_distance": "0", "cloudiness": 28.26837782240823, "fog_density": 48.62939006467322, "wetness": 79.74578473095761, "precipitation_deposits": 82.1420688398292}}], "scenario_type": "Scenario27"}]}]}