{"available_scenarios": [{"Town05": [{"available_event_configurations": [{"transform": {"pitch": "0", "x": 35, "y": 130, "yaw": -90, "z": 0}, "_start_distance": 19.31178743116335, "_actor_vel": 2.15971549518533, "_trigger_distance": 16.785931613158123, "_model": 1}, {"transform": {"pitch": "0", "x": 35, "y": 65, "yaw": -90, "z": 0}, "_start_distance": 19.31178743116335, "_actor_vel": 2.15971549518533, "_trigger_distance": 16.785931613158123, "_model": 1, "weather": {"sun_altitude_angle": -67.71766889844329, "precipitation": 4.098662062634206, "wind_intensity": 66.48159206455908, "sun_azimuth_angle": 328.87761556095234, "fog_distance": "0", "cloudiness": 3.1122771236027025, "fog_density": 51.496486696617524, "wetness": 32.732856145163936, "precipitation_deposits": 5.858464215906611}}], "scenario_type": "Scenario27"}], "Town01": [{"available_event_configurations": [{"transform": {"pitch": "0", "x": 312, "y": 129, "yaw": 180, "z": 0}, "_start_distance": 19.31178743116335, "_actor_vel": 2.15971549518533, "_trigger_distance": 16.785931613158123, "_model": 1, "weather": {"sun_altitude_angle": -67.71766889844329, "precipitation": 4.098662062634206, "wind_intensity": 66.48159206455908, "sun_azimuth_angle": 328.87761556095234, "fog_distance": "0", "cloudiness": 3.1122771236027025, "fog_density": 51.496486696617524, "wetness": 32.732856145163936, "precipitation_deposits": 5.858464215906611}}], "scenario_type": "Scenario27"}], "Town04": [{"available_event_configurations": [{"transform": {"pitch": "0", "x": 254.9, "y": -230.9, "yaw": 90, "z": 0}, "_start_distance": 19.31178743116335, "_actor_vel": 2.15971549518533, "_trigger_distance": 16.785931613158123, "_model": 1, "weather": {"sun_altitude_angle": -67.71766889844329, "precipitation": 4.098662062634206, "wind_intensity": 66.48159206455908, "sun_azimuth_angle": 328.87761556095234, "fog_distance": "0", "cloudiness": 3.1122771236027025, "fog_density": 51.496486696617524, "wetness": 32.732856145163936, "precipitation_deposits": 5.858464215906611}}], "scenario_type": "Scenario27"}], "Town03": [{"available_event_configurations": [{"transform": {"pitch": "0", "x": -88.5, "y": -90, "yaw": 90, "z": 0}, "_start_distance": 19.31178743116335, "_actor_vel": 2.15971549518533, "_trigger_distance": 16.785931613158123, "_model": 1, "weather": {"sun_altitude_angle": -67.71766889844329, "precipitation": 4.098662062634206, "wind_intensity": 66.48159206455908, "sun_azimuth_angle": 328.87761556095234, "fog_distance": "0", "cloudiness": 3.1122771236027025, "fog_density": 51.496486696617524, "wetness": 32.732856145163936, "precipitation_deposits": 5.858464215906611}}], "scenario_type": "Scenario27"}]}]}