{"available_scenarios": [{"Town05": [{"available_event_configurations": [{"transform": {"pitch": "0", "x": 35, "y": 130, "yaw": -90, "z": 0}, "_start_distance": 19.081729071556943, "_actor_vel": 2.178942527878968, "_trigger_distance": 19.83288855254013, "_model": 1}, {"transform": {"pitch": "0", "x": 35, "y": 65, "yaw": -90, "z": 0}, "_start_distance": 19.081729071556943, "_actor_vel": 2.178942527878968, "_trigger_distance": 19.83288855254013, "_model": 1, "weather": {"sun_altitude_angle": -88.40623064255648, "precipitation": 88.2044911595587, "wind_intensity": 10.586408329189656, "sun_azimuth_angle": 165.36648685357346, "fog_distance": "0", "cloudiness": 0.7657189343237003, "fog_density": 20.860662349506853, "wetness": 95.29376056797206, "precipitation_deposits": 7.159870822703018}}], "scenario_type": "Scenario27"}], "Town01": [{"available_event_configurations": [{"transform": {"pitch": "0", "x": 312, "y": 129, "yaw": 180, "z": 0}, "_start_distance": 19.081729071556943, "_actor_vel": 2.178942527878968, "_trigger_distance": 19.83288855254013, "_model": 1, "weather": {"sun_altitude_angle": -88.40623064255648, "precipitation": 88.2044911595587, "wind_intensity": 10.586408329189656, "sun_azimuth_angle": 165.36648685357346, "fog_distance": "0", "cloudiness": 0.7657189343237003, "fog_density": 20.860662349506853, "wetness": 95.29376056797206, "precipitation_deposits": 7.159870822703018}}], "scenario_type": "Scenario27"}], "Town04": [{"available_event_configurations": [{"transform": {"pitch": "0", "x": 254.9, "y": -230.9, "yaw": 90, "z": 0}, "_start_distance": 19.081729071556943, "_actor_vel": 2.178942527878968, "_trigger_distance": 19.83288855254013, "_model": 1, "weather": {"sun_altitude_angle": -88.40623064255648, "precipitation": 88.2044911595587, "wind_intensity": 10.586408329189656, "sun_azimuth_angle": 165.36648685357346, "fog_distance": "0", "cloudiness": 0.7657189343237003, "fog_density": 20.860662349506853, "wetness": 95.29376056797206, "precipitation_deposits": 7.159870822703018}}], "scenario_type": "Scenario27"}], "Town03": [{"available_event_configurations": [{"transform": {"pitch": "0", "x": -88.5, "y": -90, "yaw": 90, "z": 0}, "_start_distance": 19.081729071556943, "_actor_vel": 2.178942527878968, "_trigger_distance": 19.83288855254013, "_model": 1, "weather": {"sun_altitude_angle": -88.40623064255648, "precipitation": 88.2044911595587, "wind_intensity": 10.586408329189656, "sun_azimuth_angle": 165.36648685357346, "fog_distance": "0", "cloudiness": 0.7657189343237003, "fog_density": 20.860662349506853, "wetness": 95.29376056797206, "precipitation_deposits": 7.159870822703018}}], "scenario_type": "Scenario27"}]}]}