{"available_scenarios": [{"Town05": [{"available_event_configurations": [{"transform": {"pitch": "0", "x": 35, "y": 130, "yaw": -90, "z": 0}, "_start_distance": 18.156849386709936, "_actor_vel": 2.460337189450006, "_trigger_distance": 18.544287936438685, "_model": 1}, {"transform": {"pitch": "0", "x": 35, "y": 65, "yaw": -90, "z": 0}, "_start_distance": 18.156849386709936, "_actor_vel": 2.460337189450006, "_trigger_distance": 18.544287936438685, "_model": 1, "weather": {"sun_altitude_angle": 19.7755140823825, "precipitation": 46.1082545171195, "wind_intensity": 62.77974102706404, "sun_azimuth_angle": 94.19420982571242, "fog_distance": "0", "cloudiness": 57.02515947808757, "fog_density": 15.384881171449493, "wetness": 10.19939458858341, "precipitation_deposits": 57.49424715457425}}], "scenario_type": "Scenario27"}], "Town01": [{"available_event_configurations": [{"transform": {"pitch": "0", "x": 312, "y": 129, "yaw": 180, "z": 0}, "_start_distance": 18.156849386709936, "_actor_vel": 2.460337189450006, "_trigger_distance": 18.544287936438685, "_model": 1, "weather": {"sun_altitude_angle": 19.7755140823825, "precipitation": 46.1082545171195, "wind_intensity": 62.77974102706404, "sun_azimuth_angle": 94.19420982571242, "fog_distance": "0", "cloudiness": 57.02515947808757, "fog_density": 15.384881171449493, "wetness": 10.19939458858341, "precipitation_deposits": 57.49424715457425}}], "scenario_type": "Scenario27"}], "Town04": [{"available_event_configurations": [{"transform": {"pitch": "0", "x": 254.9, "y": -230.9, "yaw": 90, "z": 0}, "_start_distance": 18.156849386709936, "_actor_vel": 2.460337189450006, "_trigger_distance": 18.544287936438685, "_model": 1, "weather": {"sun_altitude_angle": 19.7755140823825, "precipitation": 46.1082545171195, "wind_intensity": 62.77974102706404, "sun_azimuth_angle": 94.19420982571242, "fog_distance": "0", "cloudiness": 57.02515947808757, "fog_density": 15.384881171449493, "wetness": 10.19939458858341, "precipitation_deposits": 57.49424715457425}}], "scenario_type": "Scenario27"}], "Town03": [{"available_event_configurations": [{"transform": {"pitch": "0", "x": -88.5, "y": -90, "yaw": 90, "z": 0}, "_start_distance": 18.156849386709936, "_actor_vel": 2.460337189450006, "_trigger_distance": 18.544287936438685, "_model": 1, "weather": {"sun_altitude_angle": 19.7755140823825, "precipitation": 46.1082545171195, "wind_intensity": 62.77974102706404, "sun_azimuth_angle": 94.19420982571242, "fog_distance": "0", "cloudiness": 57.02515947808757, "fog_density": 15.384881171449493, "wetness": 10.19939458858341, "precipitation_deposits": 57.49424715457425}}], "scenario_type": "Scenario27"}]}]}