{"available_scenarios": [{"Town05": [{"available_event_configurations": [{"transform": {"pitch": "0", "x": 35, "y": 130, "yaw": -90, "z": 0}, "_start_distance": 16.518730752761385, "_actor_vel": 2.0802368060740797, "_trigger_distance": 19.75287646006518, "_model": 1}, {"transform": {"pitch": "0", "x": 35, "y": 65, "yaw": -90, "z": 0}, "_start_distance": 16.518730752761385, "_actor_vel": 2.0802368060740797, "_trigger_distance": 19.75287646006518, "_model": 1, "weather": {"sun_altitude_angle": -42.10811308308975, "precipitation": 20.154915191599166, "wind_intensity": 28.976758747597763, "sun_azimuth_angle": 90.59763854810674, "fog_distance": "0", "cloudiness": 3.545620472694011, "fog_density": 98.24560933169496, "wetness": 70.8129694346724, "precipitation_deposits": 90.68274046383942}}], "scenario_type": "Scenario27"}], "Town01": [{"available_event_configurations": [{"transform": {"pitch": "0", "x": 312, "y": 129, "yaw": 180, "z": 0}, "_start_distance": 16.518730752761385, "_actor_vel": 2.0802368060740797, "_trigger_distance": 19.75287646006518, "_model": 1, "weather": {"sun_altitude_angle": -42.10811308308975, "precipitation": 20.154915191599166, "wind_intensity": 28.976758747597763, "sun_azimuth_angle": 90.59763854810674, "fog_distance": "0", "cloudiness": 3.545620472694011, "fog_density": 98.24560933169496, "wetness": 70.8129694346724, "precipitation_deposits": 90.68274046383942}}], "scenario_type": "Scenario27"}], "Town04": [{"available_event_configurations": [{"transform": {"pitch": "0", "x": 254.9, "y": -230.9, "yaw": 90, "z": 0}, "_start_distance": 16.518730752761385, "_actor_vel": 2.0802368060740797, "_trigger_distance": 19.75287646006518, "_model": 1, "weather": {"sun_altitude_angle": -42.10811308308975, "precipitation": 20.154915191599166, "wind_intensity": 28.976758747597763, "sun_azimuth_angle": 90.59763854810674, "fog_distance": "0", "cloudiness": 3.545620472694011, "fog_density": 98.24560933169496, "wetness": 70.8129694346724, "precipitation_deposits": 90.68274046383942}}], "scenario_type": "Scenario27"}], "Town03": [{"available_event_configurations": [{"transform": {"pitch": "0", "x": -88.5, "y": -90, "yaw": 90, "z": 0}, "_start_distance": 16.518730752761385, "_actor_vel": 2.0802368060740797, "_trigger_distance": 19.75287646006518, "_model": 1, "weather": {"sun_altitude_angle": -42.10811308308975, "precipitation": 20.154915191599166, "wind_intensity": 28.976758747597763, "sun_azimuth_angle": 90.59763854810674, "fog_distance": "0", "cloudiness": 3.545620472694011, "fog_density": 98.24560933169496, "wetness": 70.8129694346724, "precipitation_deposits": 90.68274046383942}}], "scenario_type": "Scenario27"}]}]}