{"available_scenarios": [{"Town05": [{"available_event_configurations": [{"transform": {"pitch": "0", "x": 35, "y": 130, "yaw": -90, "z": 0}, "_start_distance": 15.12162870127808, "_actor_vel": 2.301217491061465, "_trigger_distance": 17.926274985112318, "_model": 1}, {"transform": {"pitch": "0", "x": 35, "y": 65, "yaw": -90, "z": 0}, "_start_distance": 15.12162870127808, "_actor_vel": 2.301217491061465, "_trigger_distance": 17.926274985112318, "_model": 1, "weather": {"sun_altitude_angle": -47.68861870745633, "precipitation": 61.112903091387416, "wind_intensity": 0.10151118768937373, "sun_azimuth_angle": 125.06347441380997, "fog_distance": "0", "cloudiness": 84.97163685735352, "fog_density": 43.203123783504616, "wetness": 90.53862635694311, "precipitation_deposits": 24.965353451817094}}], "scenario_type": "Scenario27"}], "Town01": [{"available_event_configurations": [{"transform": {"pitch": "0", "x": 312, "y": 129, "yaw": 180, "z": 0}, "_start_distance": 15.12162870127808, "_actor_vel": 2.301217491061465, "_trigger_distance": 17.926274985112318, "_model": 1, "weather": {"sun_altitude_angle": -47.68861870745633, "precipitation": 61.112903091387416, "wind_intensity": 0.10151118768937373, "sun_azimuth_angle": 125.06347441380997, "fog_distance": "0", "cloudiness": 84.97163685735352, "fog_density": 43.203123783504616, "wetness": 90.53862635694311, "precipitation_deposits": 24.965353451817094}}], "scenario_type": "Scenario27"}], "Town04": [{"available_event_configurations": [{"transform": {"pitch": "0", "x": 254.9, "y": -230.9, "yaw": 90, "z": 0}, "_start_distance": 15.12162870127808, "_actor_vel": 2.301217491061465, "_trigger_distance": 17.926274985112318, "_model": 1, "weather": {"sun_altitude_angle": -47.68861870745633, "precipitation": 61.112903091387416, "wind_intensity": 0.10151118768937373, "sun_azimuth_angle": 125.06347441380997, "fog_distance": "0", "cloudiness": 84.97163685735352, "fog_density": 43.203123783504616, "wetness": 90.53862635694311, "precipitation_deposits": 24.965353451817094}}], "scenario_type": "Scenario27"}], "Town03": [{"available_event_configurations": [{"transform": {"pitch": "0", "x": -88.5, "y": -90, "yaw": 90, "z": 0}, "_start_distance": 15.12162870127808, "_actor_vel": 2.301217491061465, "_trigger_distance": 17.926274985112318, "_model": 1, "weather": {"sun_altitude_angle": -47.68861870745633, "precipitation": 61.112903091387416, "wind_intensity": 0.10151118768937373, "sun_azimuth_angle": 125.06347441380997, "fog_distance": "0", "cloudiness": 84.97163685735352, "fog_density": 43.203123783504616, "wetness": 90.53862635694311, "precipitation_deposits": 24.965353451817094}}], "scenario_type": "Scenario27"}]}]}