{"available_scenarios": [{"Town05": [{"available_event_configurations": [{"transform": {"pitch": "0", "x": 35, "y": 130, "yaw": -90, "z": 0}, "_start_distance": 16.92179658711519, "_actor_vel": 2.0025225991485556, "_trigger_distance": 15.182504578143027, "_model": 1}, {"transform": {"pitch": "0", "x": 35, "y": 65, "yaw": -90, "z": 0}, "_start_distance": 16.92179658711519, "_actor_vel": 2.0025225991485556, "_trigger_distance": 15.182504578143027, "_model": 1, "weather": {"sun_altitude_angle": -15.414811902437549, "precipitation": 58.67831950924574, "wind_intensity": 69.97422074561734, "sun_azimuth_angle": 185.7029000578661, "fog_distance": "0", "cloudiness": 43.17157915502232, "fog_density": 82.27199942913349, "wetness": 93.46384068328946, "precipitation_deposits": 70.52657059463213}}], "scenario_type": "Scenario27"}], "Town01": [{"available_event_configurations": [{"transform": {"pitch": "0", "x": 312, "y": 129, "yaw": 180, "z": 0}, "_start_distance": 16.92179658711519, "_actor_vel": 2.0025225991485556, "_trigger_distance": 15.182504578143027, "_model": 1, "weather": {"sun_altitude_angle": -15.414811902437549, "precipitation": 58.67831950924574, "wind_intensity": 69.97422074561734, "sun_azimuth_angle": 185.7029000578661, "fog_distance": "0", "cloudiness": 43.17157915502232, "fog_density": 82.27199942913349, "wetness": 93.46384068328946, "precipitation_deposits": 70.52657059463213}}], "scenario_type": "Scenario27"}], "Town04": [{"available_event_configurations": [{"transform": {"pitch": "0", "x": 254.9, "y": -230.9, "yaw": 90, "z": 0}, "_start_distance": 16.92179658711519, "_actor_vel": 2.0025225991485556, "_trigger_distance": 15.182504578143027, "_model": 1, "weather": {"sun_altitude_angle": -15.414811902437549, "precipitation": 58.67831950924574, "wind_intensity": 69.97422074561734, "sun_azimuth_angle": 185.7029000578661, "fog_distance": "0", "cloudiness": 43.17157915502232, "fog_density": 82.27199942913349, "wetness": 93.46384068328946, "precipitation_deposits": 70.52657059463213}}], "scenario_type": "Scenario27"}], "Town03": [{"available_event_configurations": [{"transform": {"pitch": "0", "x": -88.5, "y": -90, "yaw": 90, "z": 0}, "_start_distance": 16.92179658711519, "_actor_vel": 2.0025225991485556, "_trigger_distance": 15.182504578143027, "_model": 1, "weather": {"sun_altitude_angle": -15.414811902437549, "precipitation": 58.67831950924574, "wind_intensity": 69.97422074561734, "sun_azimuth_angle": 185.7029000578661, "fog_distance": "0", "cloudiness": 43.17157915502232, "fog_density": 82.27199942913349, "wetness": 93.46384068328946, "precipitation_deposits": 70.52657059463213}}], "scenario_type": "Scenario27"}]}]}