{"available_scenarios": [{"Town05": [{"available_event_configurations": [{"transform": {"pitch": "0", "x": 35, "y": 130, "yaw": -90, "z": 0}, "_start_distance": 18.92637764999975, "_actor_vel": 2.1717846503607934, "_trigger_distance": 19.066861942825554, "_model": 1}, {"transform": {"pitch": "0", "x": 35, "y": 65, "yaw": -90, "z": 0}, "_start_distance": 18.92637764999975, "_actor_vel": 2.1717846503607934, "_trigger_distance": 19.066861942825554, "_model": 1, "weather": {"sun_altitude_angle": -9.308222256704653, "precipitation": 82.69430218314905, "wind_intensity": 32.22762994491065, "sun_azimuth_angle": 224.25961388950657, "fog_distance": "0", "cloudiness": 58.16506596193663, "fog_density": 82.42027869358583, "wetness": 99.64589117518034, "precipitation_deposits": 71.46036139698464}}], "scenario_type": "Scenario27"}], "Town01": [{"available_event_configurations": [{"transform": {"pitch": "0", "x": 312, "y": 129, "yaw": 180, "z": 0}, "_start_distance": 18.92637764999975, "_actor_vel": 2.1717846503607934, "_trigger_distance": 19.066861942825554, "_model": 1, "weather": {"sun_altitude_angle": -9.308222256704653, "precipitation": 82.69430218314905, "wind_intensity": 32.22762994491065, "sun_azimuth_angle": 224.25961388950657, "fog_distance": "0", "cloudiness": 58.16506596193663, "fog_density": 82.42027869358583, "wetness": 99.64589117518034, "precipitation_deposits": 71.46036139698464}}], "scenario_type": "Scenario27"}], "Town04": [{"available_event_configurations": [{"transform": {"pitch": "0", "x": 254.9, "y": -230.9, "yaw": 90, "z": 0}, "_start_distance": 18.92637764999975, "_actor_vel": 2.1717846503607934, "_trigger_distance": 19.066861942825554, "_model": 1, "weather": {"sun_altitude_angle": -9.308222256704653, "precipitation": 82.69430218314905, "wind_intensity": 32.22762994491065, "sun_azimuth_angle": 224.25961388950657, "fog_distance": "0", "cloudiness": 58.16506596193663, "fog_density": 82.42027869358583, "wetness": 99.64589117518034, "precipitation_deposits": 71.46036139698464}}], "scenario_type": "Scenario27"}], "Town03": [{"available_event_configurations": [{"transform": {"pitch": "0", "x": -88.5, "y": -90, "yaw": 90, "z": 0}, "_start_distance": 18.92637764999975, "_actor_vel": 2.1717846503607934, "_trigger_distance": 19.066861942825554, "_model": 1, "weather": {"sun_altitude_angle": -9.308222256704653, "precipitation": 82.69430218314905, "wind_intensity": 32.22762994491065, "sun_azimuth_angle": 224.25961388950657, "fog_distance": "0", "cloudiness": 58.16506596193663, "fog_density": 82.42027869358583, "wetness": 99.64589117518034, "precipitation_deposits": 71.46036139698464}}], "scenario_type": "Scenario27"}]}]}