{"available_scenarios": [{"Town05": [{"available_event_configurations": [{"transform": {"pitch": "0", "x": 35, "y": 130, "yaw": -90, "z": 0}, "_start_distance": 17.627449577863352, "_actor_vel": 2.177223231822688, "_trigger_distance": 18.150784326775803, "_model": 1}, {"transform": {"pitch": "0", "x": 35, "y": 65, "yaw": -90, "z": 0}, "_start_distance": 17.627449577863352, "_actor_vel": 2.177223231822688, "_trigger_distance": 18.150784326775803, "_model": 1, "weather": {"sun_altitude_angle": 13.22539918986169, "precipitation": 55.46396172164122, "wind_intensity": 83.052135932027, "sun_azimuth_angle": 237.06297111133858, "fog_distance": "0", "cloudiness": 7.893950345829026, "fog_density": 54.298408293769576, "wetness": 44.166555668623865, "precipitation_deposits": 70.20348763574312}}], "scenario_type": "Scenario27"}], "Town01": [{"available_event_configurations": [{"transform": {"pitch": "0", "x": 312, "y": 129, "yaw": 180, "z": 0}, "_start_distance": 17.627449577863352, "_actor_vel": 2.177223231822688, "_trigger_distance": 18.150784326775803, "_model": 1, "weather": {"sun_altitude_angle": 13.22539918986169, "precipitation": 55.46396172164122, "wind_intensity": 83.052135932027, "sun_azimuth_angle": 237.06297111133858, "fog_distance": "0", "cloudiness": 7.893950345829026, "fog_density": 54.298408293769576, "wetness": 44.166555668623865, "precipitation_deposits": 70.20348763574312}}], "scenario_type": "Scenario27"}], "Town04": [{"available_event_configurations": [{"transform": {"pitch": "0", "x": 254.9, "y": -230.9, "yaw": 90, "z": 0}, "_start_distance": 17.627449577863352, "_actor_vel": 2.177223231822688, "_trigger_distance": 18.150784326775803, "_model": 1, "weather": {"sun_altitude_angle": 13.22539918986169, "precipitation": 55.46396172164122, "wind_intensity": 83.052135932027, "sun_azimuth_angle": 237.06297111133858, "fog_distance": "0", "cloudiness": 7.893950345829026, "fog_density": 54.298408293769576, "wetness": 44.166555668623865, "precipitation_deposits": 70.20348763574312}}], "scenario_type": "Scenario27"}], "Town03": [{"available_event_configurations": [{"transform": {"pitch": "0", "x": -88.5, "y": -90, "yaw": 90, "z": 0}, "_start_distance": 17.627449577863352, "_actor_vel": 2.177223231822688, "_trigger_distance": 18.150784326775803, "_model": 1, "weather": {"sun_altitude_angle": 13.22539918986169, "precipitation": 55.46396172164122, "wind_intensity": 83.052135932027, "sun_azimuth_angle": 237.06297111133858, "fog_distance": "0", "cloudiness": 7.893950345829026, "fog_density": 54.298408293769576, "wetness": 44.166555668623865, "precipitation_deposits": 70.20348763574312}}], "scenario_type": "Scenario27"}]}]}