{"available_scenarios": [{"Town05": [{"available_event_configurations": [{"transform": {"pitch": "0", "x": 35, "y": 130, "yaw": -90, "z": 0}, "_start_distance": 17.72897986806443, "_actor_vel": 2.438725304383411, "_trigger_distance": 19.92206212102341, "_model": 1}, {"transform": {"pitch": "0", "x": 35, "y": 65, "yaw": -90, "z": 0}, "_start_distance": 17.72897986806443, "_actor_vel": 2.438725304383411, "_trigger_distance": 19.92206212102341, "_model": 1, "weather": {"sun_altitude_angle": 5.461312433382204, "precipitation": 90.51032210236727, "wind_intensity": 2.710675461734846, "sun_azimuth_angle": 148.84510046932076, "fog_distance": "0", "cloudiness": 40.42332776008912, "fog_density": 83.37999054493623, "wetness": 22.02692703927074, "precipitation_deposits": 89.47002494314886}}], "scenario_type": "Scenario27"}], "Town01": [{"available_event_configurations": [{"transform": {"pitch": "0", "x": 312, "y": 129, "yaw": 180, "z": 0}, "_start_distance": 17.72897986806443, "_actor_vel": 2.438725304383411, "_trigger_distance": 19.92206212102341, "_model": 1, "weather": {"sun_altitude_angle": 5.461312433382204, "precipitation": 90.51032210236727, "wind_intensity": 2.710675461734846, "sun_azimuth_angle": 148.84510046932076, "fog_distance": "0", "cloudiness": 40.42332776008912, "fog_density": 83.37999054493623, "wetness": 22.02692703927074, "precipitation_deposits": 89.47002494314886}}], "scenario_type": "Scenario27"}], "Town04": [{"available_event_configurations": [{"transform": {"pitch": "0", "x": 254.9, "y": -230.9, "yaw": 90, "z": 0}, "_start_distance": 17.72897986806443, "_actor_vel": 2.438725304383411, "_trigger_distance": 19.92206212102341, "_model": 1, "weather": {"sun_altitude_angle": 5.461312433382204, "precipitation": 90.51032210236727, "wind_intensity": 2.710675461734846, "sun_azimuth_angle": 148.84510046932076, "fog_distance": "0", "cloudiness": 40.42332776008912, "fog_density": 83.37999054493623, "wetness": 22.02692703927074, "precipitation_deposits": 89.47002494314886}}], "scenario_type": "Scenario27"}], "Town03": [{"available_event_configurations": [{"transform": {"pitch": "0", "x": -88.5, "y": -90, "yaw": 90, "z": 0}, "_start_distance": 17.72897986806443, "_actor_vel": 2.438725304383411, "_trigger_distance": 19.92206212102341, "_model": 1, "weather": {"sun_altitude_angle": 5.461312433382204, "precipitation": 90.51032210236727, "wind_intensity": 2.710675461734846, "sun_azimuth_angle": 148.84510046932076, "fog_distance": "0", "cloudiness": 40.42332776008912, "fog_density": 83.37999054493623, "wetness": 22.02692703927074, "precipitation_deposits": 89.47002494314886}}], "scenario_type": "Scenario27"}]}]}