{"available_scenarios": [{"Town05": [{"available_event_configurations": [{"transform": {"pitch": "0", "x": 35, "y": 130, "yaw": -90, "z": 0}, "_start_distance": 15.647003315246316, "_actor_vel": 2.095260329512859, "_trigger_distance": 15.249896534370535, "_model": 1}, {"transform": {"pitch": "0", "x": 35, "y": 65, "yaw": -90, "z": 0}, "_start_distance": 15.647003315246316, "_actor_vel": 2.095260329512859, "_trigger_distance": 15.249896534370535, "_model": 1, "weather": {"sun_altitude_angle": 51.53763364564006, "precipitation": 51.64958860635084, "wind_intensity": 21.92891194000718, "sun_azimuth_angle": 215.24624952109852, "fog_distance": "0", "cloudiness": 68.85237118479137, "fog_density": 96.8653784497015, "wetness": 73.97534329165059, "precipitation_deposits": 38.72319195772816}}], "scenario_type": "Scenario27"}], "Town01": [{"available_event_configurations": [{"transform": {"pitch": "0", "x": 312, "y": 129, "yaw": 180, "z": 0}, "_start_distance": 15.647003315246316, "_actor_vel": 2.095260329512859, "_trigger_distance": 15.249896534370535, "_model": 1, "weather": {"sun_altitude_angle": 51.53763364564006, "precipitation": 51.64958860635084, "wind_intensity": 21.92891194000718, "sun_azimuth_angle": 215.24624952109852, "fog_distance": "0", "cloudiness": 68.85237118479137, "fog_density": 96.8653784497015, "wetness": 73.97534329165059, "precipitation_deposits": 38.72319195772816}}], "scenario_type": "Scenario27"}], "Town04": [{"available_event_configurations": [{"transform": {"pitch": "0", "x": 254.9, "y": -230.9, "yaw": 90, "z": 0}, "_start_distance": 15.647003315246316, "_actor_vel": 2.095260329512859, "_trigger_distance": 15.249896534370535, "_model": 1, "weather": {"sun_altitude_angle": 51.53763364564006, "precipitation": 51.64958860635084, "wind_intensity": 21.92891194000718, "sun_azimuth_angle": 215.24624952109852, "fog_distance": "0", "cloudiness": 68.85237118479137, "fog_density": 96.8653784497015, "wetness": 73.97534329165059, "precipitation_deposits": 38.72319195772816}}], "scenario_type": "Scenario27"}], "Town03": [{"available_event_configurations": [{"transform": {"pitch": "0", "x": -88.5, "y": -90, "yaw": 90, "z": 0}, "_start_distance": 15.647003315246316, "_actor_vel": 2.095260329512859, "_trigger_distance": 15.249896534370535, "_model": 1, "weather": {"sun_altitude_angle": 51.53763364564006, "precipitation": 51.64958860635084, "wind_intensity": 21.92891194000718, "sun_azimuth_angle": 215.24624952109852, "fog_distance": "0", "cloudiness": 68.85237118479137, "fog_density": 96.8653784497015, "wetness": 73.97534329165059, "precipitation_deposits": 38.72319195772816}}], "scenario_type": "Scenario27"}]}]}