{"available_scenarios": [{"Town05": [{"available_event_configurations": [{"transform": {"pitch": "0", "x": 35, "y": 130, "yaw": -90, "z": 0}, "_start_distance": 16.095514063631892, "_actor_vel": 2.3061989752244423, "_trigger_distance": 19.18438328116675, "_model": 1}, {"transform": {"pitch": "0", "x": 35, "y": 65, "yaw": -90, "z": 0}, "_start_distance": 16.095514063631892, "_actor_vel": 2.3061989752244423, "_trigger_distance": 19.18438328116675, "_model": 1, "weather": {"sun_altitude_angle": 80.3466877148295, "precipitation": 86.09230484196468, "wind_intensity": 33.22167101057866, "sun_azimuth_angle": 217.93667031313004, "fog_distance": "0", "cloudiness": 92.39523411342877, "fog_density": 6.585773286157448, "wetness": 71.56915678133451, "precipitation_deposits": 95.95914749892896}}], "scenario_type": "Scenario27"}], "Town01": [{"available_event_configurations": [{"transform": {"pitch": "0", "x": 312, "y": 129, "yaw": 180, "z": 0}, "_start_distance": 16.095514063631892, "_actor_vel": 2.3061989752244423, "_trigger_distance": 19.18438328116675, "_model": 1, "weather": {"sun_altitude_angle": 80.3466877148295, "precipitation": 86.09230484196468, "wind_intensity": 33.22167101057866, "sun_azimuth_angle": 217.93667031313004, "fog_distance": "0", "cloudiness": 92.39523411342877, "fog_density": 6.585773286157448, "wetness": 71.56915678133451, "precipitation_deposits": 95.95914749892896}}], "scenario_type": "Scenario27"}], "Town04": [{"available_event_configurations": [{"transform": {"pitch": "0", "x": 254.9, "y": -230.9, "yaw": 90, "z": 0}, "_start_distance": 16.095514063631892, "_actor_vel": 2.3061989752244423, "_trigger_distance": 19.18438328116675, "_model": 1, "weather": {"sun_altitude_angle": 80.3466877148295, "precipitation": 86.09230484196468, "wind_intensity": 33.22167101057866, "sun_azimuth_angle": 217.93667031313004, "fog_distance": "0", "cloudiness": 92.39523411342877, "fog_density": 6.585773286157448, "wetness": 71.56915678133451, "precipitation_deposits": 95.95914749892896}}], "scenario_type": "Scenario27"}], "Town03": [{"available_event_configurations": [{"transform": {"pitch": "0", "x": -88.5, "y": -90, "yaw": 90, "z": 0}, "_start_distance": 16.095514063631892, "_actor_vel": 2.3061989752244423, "_trigger_distance": 19.18438328116675, "_model": 1, "weather": {"sun_altitude_angle": 80.3466877148295, "precipitation": 86.09230484196468, "wind_intensity": 33.22167101057866, "sun_azimuth_angle": 217.93667031313004, "fog_distance": "0", "cloudiness": 92.39523411342877, "fog_density": 6.585773286157448, "wetness": 71.56915678133451, "precipitation_deposits": 95.95914749892896}}], "scenario_type": "Scenario27"}]}]}