{"available_scenarios": [{"Town05": [{"available_event_configurations": [{"transform": {"pitch": "0", "x": 35, "y": 130, "yaw": -90, "z": 0}, "_start_distance": 19.43980721153428, "_actor_vel": 2.3135498371373493, "_trigger_distance": 18.46272553252593, "_model": 1}, {"transform": {"pitch": "0", "x": 35, "y": 65, "yaw": -90, "z": 0}, "_start_distance": 19.43980721153428, "_actor_vel": 2.3135498371373493, "_trigger_distance": 18.46272553252593, "_model": 1, "weather": {"sun_altitude_angle": 38.50558724361946, "precipitation": 36.58285699643656, "wind_intensity": 94.75083504927191, "sun_azimuth_angle": 46.41462230998002, "fog_distance": "0", "cloudiness": 32.070767774805056, "fog_density": 25.303527551827955, "wetness": 60.92439350773429, "precipitation_deposits": 42.76357549687384}}], "scenario_type": "Scenario27"}], "Town01": [{"available_event_configurations": [{"transform": {"pitch": "0", "x": 312, "y": 129, "yaw": 180, "z": 0}, "_start_distance": 19.43980721153428, "_actor_vel": 2.3135498371373493, "_trigger_distance": 18.46272553252593, "_model": 1, "weather": {"sun_altitude_angle": 38.50558724361946, "precipitation": 36.58285699643656, "wind_intensity": 94.75083504927191, "sun_azimuth_angle": 46.41462230998002, "fog_distance": "0", "cloudiness": 32.070767774805056, "fog_density": 25.303527551827955, "wetness": 60.92439350773429, "precipitation_deposits": 42.76357549687384}}], "scenario_type": "Scenario27"}], "Town04": [{"available_event_configurations": [{"transform": {"pitch": "0", "x": 254.9, "y": -230.9, "yaw": 90, "z": 0}, "_start_distance": 19.43980721153428, "_actor_vel": 2.3135498371373493, "_trigger_distance": 18.46272553252593, "_model": 1, "weather": {"sun_altitude_angle": 38.50558724361946, "precipitation": 36.58285699643656, "wind_intensity": 94.75083504927191, "sun_azimuth_angle": 46.41462230998002, "fog_distance": "0", "cloudiness": 32.070767774805056, "fog_density": 25.303527551827955, "wetness": 60.92439350773429, "precipitation_deposits": 42.76357549687384}}], "scenario_type": "Scenario27"}], "Town03": [{"available_event_configurations": [{"transform": {"pitch": "0", "x": -88.5, "y": -90, "yaw": 90, "z": 0}, "_start_distance": 19.43980721153428, "_actor_vel": 2.3135498371373493, "_trigger_distance": 18.46272553252593, "_model": 1, "weather": {"sun_altitude_angle": 38.50558724361946, "precipitation": 36.58285699643656, "wind_intensity": 94.75083504927191, "sun_azimuth_angle": 46.41462230998002, "fog_distance": "0", "cloudiness": 32.070767774805056, "fog_density": 25.303527551827955, "wetness": 60.92439350773429, "precipitation_deposits": 42.76357549687384}}], "scenario_type": "Scenario27"}]}]}