{"available_scenarios": [{"Town05": [{"available_event_configurations": [{"transform": {"pitch": "0", "x": 35, "y": 130, "yaw": -90, "z": 0}, "_start_distance": 16.74215380180681, "_actor_vel": 2.4997750630287356, "_trigger_distance": 15.576719069382607, "_model": 1}, {"transform": {"pitch": "0", "x": 35, "y": 65, "yaw": -90, "z": 0}, "_start_distance": 16.74215380180681, "_actor_vel": 2.4997750630287356, "_trigger_distance": 15.576719069382607, "_model": 1, "weather": {"sun_altitude_angle": 67.61439677377521, "precipitation": 73.61773930167986, "wind_intensity": 21.688115515536843, "sun_azimuth_angle": 196.78597205764754, "fog_distance": "0", "cloudiness": 17.278147326609485, "fog_density": 3.0475152178522036, "wetness": 39.4507751849446, "precipitation_deposits": 33.76900497919695}}], "scenario_type": "Scenario27"}], "Town01": [{"available_event_configurations": [{"transform": {"pitch": "0", "x": 312, "y": 129, "yaw": 180, "z": 0}, "_start_distance": 16.74215380180681, "_actor_vel": 2.4997750630287356, "_trigger_distance": 15.576719069382607, "_model": 1, "weather": {"sun_altitude_angle": 67.61439677377521, "precipitation": 73.61773930167986, "wind_intensity": 21.688115515536843, "sun_azimuth_angle": 196.78597205764754, "fog_distance": "0", "cloudiness": 17.278147326609485, "fog_density": 3.0475152178522036, "wetness": 39.4507751849446, "precipitation_deposits": 33.76900497919695}}], "scenario_type": "Scenario27"}], "Town04": [{"available_event_configurations": [{"transform": {"pitch": "0", "x": 254.9, "y": -230.9, "yaw": 90, "z": 0}, "_start_distance": 16.74215380180681, "_actor_vel": 2.4997750630287356, "_trigger_distance": 15.576719069382607, "_model": 1, "weather": {"sun_altitude_angle": 67.61439677377521, "precipitation": 73.61773930167986, "wind_intensity": 21.688115515536843, "sun_azimuth_angle": 196.78597205764754, "fog_distance": "0", "cloudiness": 17.278147326609485, "fog_density": 3.0475152178522036, "wetness": 39.4507751849446, "precipitation_deposits": 33.76900497919695}}], "scenario_type": "Scenario27"}], "Town03": [{"available_event_configurations": [{"transform": {"pitch": "0", "x": -88.5, "y": -90, "yaw": 90, "z": 0}, "_start_distance": 16.74215380180681, "_actor_vel": 2.4997750630287356, "_trigger_distance": 15.576719069382607, "_model": 1, "weather": {"sun_altitude_angle": 67.61439677377521, "precipitation": 73.61773930167986, "wind_intensity": 21.688115515536843, "sun_azimuth_angle": 196.78597205764754, "fog_distance": "0", "cloudiness": 17.278147326609485, "fog_density": 3.0475152178522036, "wetness": 39.4507751849446, "precipitation_deposits": 33.76900497919695}}], "scenario_type": "Scenario27"}]}]}