{"available_scenarios": [{"Town05": [{"available_event_configurations": [{"transform": {"pitch": "0", "x": 35, "y": 130, "yaw": -90, "z": 0}, "_start_distance": 19.369953039106235, "_actor_vel": 2.0892882597462035, "_trigger_distance": 16.29157437416418, "_model": 1}, {"transform": {"pitch": "0", "x": 35, "y": 65, "yaw": -90, "z": 0}, "_start_distance": 19.369953039106235, "_actor_vel": 2.0892882597462035, "_trigger_distance": 16.29157437416418, "_model": 1, "weather": {"sun_altitude_angle": 59.04554785955426, "precipitation": 59.87833220956574, "wind_intensity": 54.91766811543898, "sun_azimuth_angle": 107.06357051291158, "fog_distance": "0", "cloudiness": 29.536947866073003, "fog_density": 48.55754929292383, "wetness": 50.68510738966538, "precipitation_deposits": 94.27418954367302}}], "scenario_type": "Scenario27"}], "Town01": [{"available_event_configurations": [{"transform": {"pitch": "0", "x": 312, "y": 129, "yaw": 180, "z": 0}, "_start_distance": 19.369953039106235, "_actor_vel": 2.0892882597462035, "_trigger_distance": 16.29157437416418, "_model": 1, "weather": {"sun_altitude_angle": 59.04554785955426, "precipitation": 59.87833220956574, "wind_intensity": 54.91766811543898, "sun_azimuth_angle": 107.06357051291158, "fog_distance": "0", "cloudiness": 29.536947866073003, "fog_density": 48.55754929292383, "wetness": 50.68510738966538, "precipitation_deposits": 94.27418954367302}}], "scenario_type": "Scenario27"}], "Town04": [{"available_event_configurations": [{"transform": {"pitch": "0", "x": 254.9, "y": -230.9, "yaw": 90, "z": 0}, "_start_distance": 19.369953039106235, "_actor_vel": 2.0892882597462035, "_trigger_distance": 16.29157437416418, "_model": 1, "weather": {"sun_altitude_angle": 59.04554785955426, "precipitation": 59.87833220956574, "wind_intensity": 54.91766811543898, "sun_azimuth_angle": 107.06357051291158, "fog_distance": "0", "cloudiness": 29.536947866073003, "fog_density": 48.55754929292383, "wetness": 50.68510738966538, "precipitation_deposits": 94.27418954367302}}], "scenario_type": "Scenario27"}], "Town03": [{"available_event_configurations": [{"transform": {"pitch": "0", "x": -88.5, "y": -90, "yaw": 90, "z": 0}, "_start_distance": 19.369953039106235, "_actor_vel": 2.0892882597462035, "_trigger_distance": 16.29157437416418, "_model": 1, "weather": {"sun_altitude_angle": 59.04554785955426, "precipitation": 59.87833220956574, "wind_intensity": 54.91766811543898, "sun_azimuth_angle": 107.06357051291158, "fog_distance": "0", "cloudiness": 29.536947866073003, "fog_density": 48.55754929292383, "wetness": 50.68510738966538, "precipitation_deposits": 94.27418954367302}}], "scenario_type": "Scenario27"}]}]}