{"available_scenarios": [{"Town05": [{"available_event_configurations": [{"transform": {"pitch": "0", "x": 35, "y": 130, "yaw": -90, "z": 0}, "_start_distance": 18.6841762076989, "_actor_vel": 2.330926501273392, "_trigger_distance": 18.991404304095347, "_model": 1}, {"transform": {"pitch": "0", "x": 35, "y": 65, "yaw": -90, "z": 0}, "_start_distance": 18.6841762076989, "_actor_vel": 2.330926501273392, "_trigger_distance": 18.991404304095347, "_model": 1, "weather": {"sun_altitude_angle": -47.744542830165486, "precipitation": 4.371406133543843, "wind_intensity": 6.975874814021332, "sun_azimuth_angle": 105.03790839398727, "fog_distance": "0", "cloudiness": 68.22715591432642, "fog_density": 36.25704096068013, "wetness": 21.661852185909147, "precipitation_deposits": 55.98506907935483}}], "scenario_type": "Scenario27"}], "Town01": [{"available_event_configurations": [{"transform": {"pitch": "0", "x": 312, "y": 129, "yaw": 180, "z": 0}, "_start_distance": 18.6841762076989, "_actor_vel": 2.330926501273392, "_trigger_distance": 18.991404304095347, "_model": 1, "weather": {"sun_altitude_angle": -47.744542830165486, "precipitation": 4.371406133543843, "wind_intensity": 6.975874814021332, "sun_azimuth_angle": 105.03790839398727, "fog_distance": "0", "cloudiness": 68.22715591432642, "fog_density": 36.25704096068013, "wetness": 21.661852185909147, "precipitation_deposits": 55.98506907935483}}], "scenario_type": "Scenario27"}], "Town04": [{"available_event_configurations": [{"transform": {"pitch": "0", "x": 254.9, "y": -230.9, "yaw": 90, "z": 0}, "_start_distance": 18.6841762076989, "_actor_vel": 2.330926501273392, "_trigger_distance": 18.991404304095347, "_model": 1, "weather": {"sun_altitude_angle": -47.744542830165486, "precipitation": 4.371406133543843, "wind_intensity": 6.975874814021332, "sun_azimuth_angle": 105.03790839398727, "fog_distance": "0", "cloudiness": 68.22715591432642, "fog_density": 36.25704096068013, "wetness": 21.661852185909147, "precipitation_deposits": 55.98506907935483}}], "scenario_type": "Scenario27"}], "Town03": [{"available_event_configurations": [{"transform": {"pitch": "0", "x": -88.5, "y": -90, "yaw": 90, "z": 0}, "_start_distance": 18.6841762076989, "_actor_vel": 2.330926501273392, "_trigger_distance": 18.991404304095347, "_model": 1, "weather": {"sun_altitude_angle": -47.744542830165486, "precipitation": 4.371406133543843, "wind_intensity": 6.975874814021332, "sun_azimuth_angle": 105.03790839398727, "fog_distance": "0", "cloudiness": 68.22715591432642, "fog_density": 36.25704096068013, "wetness": 21.661852185909147, "precipitation_deposits": 55.98506907935483}}], "scenario_type": "Scenario27"}]}]}