{"available_scenarios": [{"Town05": [{"available_event_configurations": [{"transform": {"pitch": "0", "x": 35, "y": 130, "yaw": -90, "z": 0}, "_start_distance": 18.07116096960656, "_actor_vel": 2.425703971161167, "_trigger_distance": 19.912143629763804, "_model": 1}, {"transform": {"pitch": "0", "x": 35, "y": 65, "yaw": -90, "z": 0}, "_start_distance": 18.07116096960656, "_actor_vel": 2.425703971161167, "_trigger_distance": 19.912143629763804, "_model": 1, "weather": {"sun_altitude_angle": 46.99044175987896, "precipitation": 93.51233949473917, "wind_intensity": 62.328117834364306, "sun_azimuth_angle": 187.2321766920468, "fog_distance": "0", "cloudiness": 59.75274118835229, "fog_density": 50.09726236130935, "wetness": 63.743883642799894, "precipitation_deposits": 92.64560595249101}}], "scenario_type": "Scenario27"}], "Town01": [{"available_event_configurations": [{"transform": {"pitch": "0", "x": 312, "y": 129, "yaw": 180, "z": 0}, "_start_distance": 18.07116096960656, "_actor_vel": 2.425703971161167, "_trigger_distance": 19.912143629763804, "_model": 1, "weather": {"sun_altitude_angle": 46.99044175987896, "precipitation": 93.51233949473917, "wind_intensity": 62.328117834364306, "sun_azimuth_angle": 187.2321766920468, "fog_distance": "0", "cloudiness": 59.75274118835229, "fog_density": 50.09726236130935, "wetness": 63.743883642799894, "precipitation_deposits": 92.64560595249101}}], "scenario_type": "Scenario27"}], "Town04": [{"available_event_configurations": [{"transform": {"pitch": "0", "x": 254.9, "y": -230.9, "yaw": 90, "z": 0}, "_start_distance": 18.07116096960656, "_actor_vel": 2.425703971161167, "_trigger_distance": 19.912143629763804, "_model": 1, "weather": {"sun_altitude_angle": 46.99044175987896, "precipitation": 93.51233949473917, "wind_intensity": 62.328117834364306, "sun_azimuth_angle": 187.2321766920468, "fog_distance": "0", "cloudiness": 59.75274118835229, "fog_density": 50.09726236130935, "wetness": 63.743883642799894, "precipitation_deposits": 92.64560595249101}}], "scenario_type": "Scenario27"}], "Town03": [{"available_event_configurations": [{"transform": {"pitch": "0", "x": -88.5, "y": -90, "yaw": 90, "z": 0}, "_start_distance": 18.07116096960656, "_actor_vel": 2.425703971161167, "_trigger_distance": 19.912143629763804, "_model": 1, "weather": {"sun_altitude_angle": 46.99044175987896, "precipitation": 93.51233949473917, "wind_intensity": 62.328117834364306, "sun_azimuth_angle": 187.2321766920468, "fog_distance": "0", "cloudiness": 59.75274118835229, "fog_density": 50.09726236130935, "wetness": 63.743883642799894, "precipitation_deposits": 92.64560595249101}}], "scenario_type": "Scenario27"}]}]}