{"available_scenarios": [{"Town05": [{"available_event_configurations": [{"transform": {"pitch": "0", "x": 35, "y": 130, "yaw": -90, "z": 0}, "_start_distance": 16.611122228302058, "_actor_vel": 2.255846470618092, "_trigger_distance": 18.16737419741225, "_model": 1}, {"transform": {"pitch": "0", "x": 35, "y": 65, "yaw": -90, "z": 0}, "_start_distance": 16.611122228302058, "_actor_vel": 2.255846470618092, "_trigger_distance": 18.16737419741225, "_model": 1, "weather": {"sun_altitude_angle": -62.60367095151014, "precipitation": 34.89824554762653, "wind_intensity": 18.853291487589118, "sun_azimuth_angle": 261.83603312670124, "fog_distance": "0", "cloudiness": 70.43168314669234, "fog_density": 79.16183145190074, "wetness": 30.79971981595182, "precipitation_deposits": 51.00783474988181}}], "scenario_type": "Scenario27"}], "Town01": [{"available_event_configurations": [{"transform": {"pitch": "0", "x": 312, "y": 129, "yaw": 180, "z": 0}, "_start_distance": 16.611122228302058, "_actor_vel": 2.255846470618092, "_trigger_distance": 18.16737419741225, "_model": 1, "weather": {"sun_altitude_angle": -62.60367095151014, "precipitation": 34.89824554762653, "wind_intensity": 18.853291487589118, "sun_azimuth_angle": 261.83603312670124, "fog_distance": "0", "cloudiness": 70.43168314669234, "fog_density": 79.16183145190074, "wetness": 30.79971981595182, "precipitation_deposits": 51.00783474988181}}], "scenario_type": "Scenario27"}], "Town04": [{"available_event_configurations": [{"transform": {"pitch": "0", "x": 254.9, "y": -230.9, "yaw": 90, "z": 0}, "_start_distance": 16.611122228302058, "_actor_vel": 2.255846470618092, "_trigger_distance": 18.16737419741225, "_model": 1, "weather": {"sun_altitude_angle": -62.60367095151014, "precipitation": 34.89824554762653, "wind_intensity": 18.853291487589118, "sun_azimuth_angle": 261.83603312670124, "fog_distance": "0", "cloudiness": 70.43168314669234, "fog_density": 79.16183145190074, "wetness": 30.79971981595182, "precipitation_deposits": 51.00783474988181}}], "scenario_type": "Scenario27"}], "Town03": [{"available_event_configurations": [{"transform": {"pitch": "0", "x": -88.5, "y": -90, "yaw": 90, "z": 0}, "_start_distance": 16.611122228302058, "_actor_vel": 2.255846470618092, "_trigger_distance": 18.16737419741225, "_model": 1, "weather": {"sun_altitude_angle": -62.60367095151014, "precipitation": 34.89824554762653, "wind_intensity": 18.853291487589118, "sun_azimuth_angle": 261.83603312670124, "fog_distance": "0", "cloudiness": 70.43168314669234, "fog_density": 79.16183145190074, "wetness": 30.79971981595182, "precipitation_deposits": 51.00783474988181}}], "scenario_type": "Scenario27"}]}]}