{"available_scenarios": [{"Town05": [{"available_event_configurations": [{"transform": {"pitch": "0", "x": 35, "y": 130, "yaw": -90, "z": 0}, "_start_distance": 17.25785876326085, "_actor_vel": 2.087471808426722, "_trigger_distance": 15.557090988934267, "_model": 1}, {"transform": {"pitch": "0", "x": 35, "y": 65, "yaw": -90, "z": 0}, "_start_distance": 17.25785876326085, "_actor_vel": 2.087471808426722, "_trigger_distance": 15.557090988934267, "_model": 1, "weather": {"sun_altitude_angle": -7.367122828356088, "precipitation": 64.99069485060032, "wind_intensity": 46.78618640799947, "sun_azimuth_angle": 260.6677405996124, "fog_distance": "0", "cloudiness": 19.582554810326325, "fog_density": 2.1755228683144168, "wetness": 5.406181969470813, "precipitation_deposits": 26.49405758728196}}], "scenario_type": "Scenario27"}], "Town01": [{"available_event_configurations": [{"transform": {"pitch": "0", "x": 312, "y": 129, "yaw": 180, "z": 0}, "_start_distance": 17.25785876326085, "_actor_vel": 2.087471808426722, "_trigger_distance": 15.557090988934267, "_model": 1, "weather": {"sun_altitude_angle": -7.367122828356088, "precipitation": 64.99069485060032, "wind_intensity": 46.78618640799947, "sun_azimuth_angle": 260.6677405996124, "fog_distance": "0", "cloudiness": 19.582554810326325, "fog_density": 2.1755228683144168, "wetness": 5.406181969470813, "precipitation_deposits": 26.49405758728196}}], "scenario_type": "Scenario27"}], "Town04": [{"available_event_configurations": [{"transform": {"pitch": "0", "x": 254.9, "y": -230.9, "yaw": 90, "z": 0}, "_start_distance": 17.25785876326085, "_actor_vel": 2.087471808426722, "_trigger_distance": 15.557090988934267, "_model": 1, "weather": {"sun_altitude_angle": -7.367122828356088, "precipitation": 64.99069485060032, "wind_intensity": 46.78618640799947, "sun_azimuth_angle": 260.6677405996124, "fog_distance": "0", "cloudiness": 19.582554810326325, "fog_density": 2.1755228683144168, "wetness": 5.406181969470813, "precipitation_deposits": 26.49405758728196}}], "scenario_type": "Scenario27"}], "Town03": [{"available_event_configurations": [{"transform": {"pitch": "0", "x": -88.5, "y": -90, "yaw": 90, "z": 0}, "_start_distance": 17.25785876326085, "_actor_vel": 2.087471808426722, "_trigger_distance": 15.557090988934267, "_model": 1, "weather": {"sun_altitude_angle": -7.367122828356088, "precipitation": 64.99069485060032, "wind_intensity": 46.78618640799947, "sun_azimuth_angle": 260.6677405996124, "fog_distance": "0", "cloudiness": 19.582554810326325, "fog_density": 2.1755228683144168, "wetness": 5.406181969470813, "precipitation_deposits": 26.49405758728196}}], "scenario_type": "Scenario27"}]}]}