{"available_scenarios": [{"Town05": [{"available_event_configurations": [{"transform": {"pitch": "0", "x": 35, "y": 130, "yaw": -90, "z": 0}, "_start_distance": 19.606524896104265, "_actor_vel": 2.0867693325653724, "_trigger_distance": 18.07431498506751, "_model": 1}, {"transform": {"pitch": "0", "x": 35, "y": 65, "yaw": -90, "z": 0}, "_start_distance": 19.606524896104265, "_actor_vel": 2.0867693325653724, "_trigger_distance": 18.07431498506751, "_model": 1, "weather": {"sun_altitude_angle": -72.65567086083642, "precipitation": 53.376510332996716, "wind_intensity": 72.5935998447347, "sun_azimuth_angle": 276.4270634101596, "fog_distance": "0", "cloudiness": 65.4706930059395, "fog_density": 90.67406755228306, "wetness": 39.51391312682881, "precipitation_deposits": 8.67694956562639}}], "scenario_type": "Scenario27"}], "Town01": [{"available_event_configurations": [{"transform": {"pitch": "0", "x": 312, "y": 129, "yaw": 180, "z": 0}, "_start_distance": 19.606524896104265, "_actor_vel": 2.0867693325653724, "_trigger_distance": 18.07431498506751, "_model": 1, "weather": {"sun_altitude_angle": -72.65567086083642, "precipitation": 53.376510332996716, "wind_intensity": 72.5935998447347, "sun_azimuth_angle": 276.4270634101596, "fog_distance": "0", "cloudiness": 65.4706930059395, "fog_density": 90.67406755228306, "wetness": 39.51391312682881, "precipitation_deposits": 8.67694956562639}}], "scenario_type": "Scenario27"}], "Town04": [{"available_event_configurations": [{"transform": {"pitch": "0", "x": 254.9, "y": -230.9, "yaw": 90, "z": 0}, "_start_distance": 19.606524896104265, "_actor_vel": 2.0867693325653724, "_trigger_distance": 18.07431498506751, "_model": 1, "weather": {"sun_altitude_angle": -72.65567086083642, "precipitation": 53.376510332996716, "wind_intensity": 72.5935998447347, "sun_azimuth_angle": 276.4270634101596, "fog_distance": "0", "cloudiness": 65.4706930059395, "fog_density": 90.67406755228306, "wetness": 39.51391312682881, "precipitation_deposits": 8.67694956562639}}], "scenario_type": "Scenario27"}], "Town03": [{"available_event_configurations": [{"transform": {"pitch": "0", "x": -88.5, "y": -90, "yaw": 90, "z": 0}, "_start_distance": 19.606524896104265, "_actor_vel": 2.0867693325653724, "_trigger_distance": 18.07431498506751, "_model": 1, "weather": {"sun_altitude_angle": -72.65567086083642, "precipitation": 53.376510332996716, "wind_intensity": 72.5935998447347, "sun_azimuth_angle": 276.4270634101596, "fog_distance": "0", "cloudiness": 65.4706930059395, "fog_density": 90.67406755228306, "wetness": 39.51391312682881, "precipitation_deposits": 8.67694956562639}}], "scenario_type": "Scenario27"}]}]}