{"available_scenarios": [{"Town05": [{"available_event_configurations": [{"transform": {"pitch": "0", "x": 35, "y": 130, "yaw": -90, "z": 0}, "_start_distance": 19.513778601576384, "_actor_vel": 2.38239642969882, "_trigger_distance": 16.547279216866706, "_model": 1}, {"transform": {"pitch": "0", "x": 35, "y": 65, "yaw": -90, "z": 0}, "_start_distance": 19.513778601576384, "_actor_vel": 2.38239642969882, "_trigger_distance": 16.547279216866706, "_model": 1, "weather": {"sun_altitude_angle": -57.200867383378394, "precipitation": 38.50763876608537, "wind_intensity": 82.40113445525128, "sun_azimuth_angle": 244.94395783394668, "fog_distance": "0", "cloudiness": 72.79997203845414, "fog_density": 56.775915135947265, "wetness": 8.168263146736987, "precipitation_deposits": 81.42407130639594}}], "scenario_type": "Scenario27"}], "Town01": [{"available_event_configurations": [{"transform": {"pitch": "0", "x": 312, "y": 129, "yaw": 180, "z": 0}, "_start_distance": 19.513778601576384, "_actor_vel": 2.38239642969882, "_trigger_distance": 16.547279216866706, "_model": 1, "weather": {"sun_altitude_angle": -57.200867383378394, "precipitation": 38.50763876608537, "wind_intensity": 82.40113445525128, "sun_azimuth_angle": 244.94395783394668, "fog_distance": "0", "cloudiness": 72.79997203845414, "fog_density": 56.775915135947265, "wetness": 8.168263146736987, "precipitation_deposits": 81.42407130639594}}], "scenario_type": "Scenario27"}], "Town04": [{"available_event_configurations": [{"transform": {"pitch": "0", "x": 254.9, "y": -230.9, "yaw": 90, "z": 0}, "_start_distance": 19.513778601576384, "_actor_vel": 2.38239642969882, "_trigger_distance": 16.547279216866706, "_model": 1, "weather": {"sun_altitude_angle": -57.200867383378394, "precipitation": 38.50763876608537, "wind_intensity": 82.40113445525128, "sun_azimuth_angle": 244.94395783394668, "fog_distance": "0", "cloudiness": 72.79997203845414, "fog_density": 56.775915135947265, "wetness": 8.168263146736987, "precipitation_deposits": 81.42407130639594}}], "scenario_type": "Scenario27"}], "Town03": [{"available_event_configurations": [{"transform": {"pitch": "0", "x": -88.5, "y": -90, "yaw": 90, "z": 0}, "_start_distance": 19.513778601576384, "_actor_vel": 2.38239642969882, "_trigger_distance": 16.547279216866706, "_model": 1, "weather": {"sun_altitude_angle": -57.200867383378394, "precipitation": 38.50763876608537, "wind_intensity": 82.40113445525128, "sun_azimuth_angle": 244.94395783394668, "fog_distance": "0", "cloudiness": 72.79997203845414, "fog_density": 56.775915135947265, "wetness": 8.168263146736987, "precipitation_deposits": 81.42407130639594}}], "scenario_type": "Scenario27"}]}]}