{"available_scenarios": [{"Town05": [{"available_event_configurations": [{"transform": {"pitch": "0", "x": 35, "y": 130, "yaw": -90, "z": 0}, "_start_distance": 15.300306500228436, "_actor_vel": 2.4178575496531733, "_trigger_distance": 18.283425674904667, "_model": 1}, {"transform": {"pitch": "0", "x": 35, "y": 65, "yaw": -90, "z": 0}, "_start_distance": 15.300306500228436, "_actor_vel": 2.4178575496531733, "_trigger_distance": 18.283425674904667, "_model": 1, "weather": {"sun_altitude_angle": -20.221665277611237, "precipitation": 49.780332682423044, "wind_intensity": 4.948608433583601, "sun_azimuth_angle": 232.69702369766622, "fog_distance": "0", "cloudiness": 98.96591652265943, "fog_density": 58.92587785422856, "wetness": 42.51520481227787, "precipitation_deposits": 61.2713826246753}}], "scenario_type": "Scenario27"}], "Town01": [{"available_event_configurations": [{"transform": {"pitch": "0", "x": 312, "y": 129, "yaw": 180, "z": 0}, "_start_distance": 15.300306500228436, "_actor_vel": 2.4178575496531733, "_trigger_distance": 18.283425674904667, "_model": 1, "weather": {"sun_altitude_angle": -20.221665277611237, "precipitation": 49.780332682423044, "wind_intensity": 4.948608433583601, "sun_azimuth_angle": 232.69702369766622, "fog_distance": "0", "cloudiness": 98.96591652265943, "fog_density": 58.92587785422856, "wetness": 42.51520481227787, "precipitation_deposits": 61.2713826246753}}], "scenario_type": "Scenario27"}], "Town04": [{"available_event_configurations": [{"transform": {"pitch": "0", "x": 254.9, "y": -230.9, "yaw": 90, "z": 0}, "_start_distance": 15.300306500228436, "_actor_vel": 2.4178575496531733, "_trigger_distance": 18.283425674904667, "_model": 1, "weather": {"sun_altitude_angle": -20.221665277611237, "precipitation": 49.780332682423044, "wind_intensity": 4.948608433583601, "sun_azimuth_angle": 232.69702369766622, "fog_distance": "0", "cloudiness": 98.96591652265943, "fog_density": 58.92587785422856, "wetness": 42.51520481227787, "precipitation_deposits": 61.2713826246753}}], "scenario_type": "Scenario27"}], "Town03": [{"available_event_configurations": [{"transform": {"pitch": "0", "x": -88.5, "y": -90, "yaw": 90, "z": 0}, "_start_distance": 15.300306500228436, "_actor_vel": 2.4178575496531733, "_trigger_distance": 18.283425674904667, "_model": 1, "weather": {"sun_altitude_angle": -20.221665277611237, "precipitation": 49.780332682423044, "wind_intensity": 4.948608433583601, "sun_azimuth_angle": 232.69702369766622, "fog_distance": "0", "cloudiness": 98.96591652265943, "fog_density": 58.92587785422856, "wetness": 42.51520481227787, "precipitation_deposits": 61.2713826246753}}], "scenario_type": "Scenario27"}]}]}