{"available_scenarios": [{"Town05": [{"available_event_configurations": [{"transform": {"pitch": "0", "x": 35, "y": 130, "yaw": -90, "z": 0}, "_start_distance": 17.306136320251863, "_actor_vel": 2.266191047583004, "_trigger_distance": 17.53807724394469, "_model": 1}, {"transform": {"pitch": "0", "x": 35, "y": 65, "yaw": -90, "z": 0}, "_start_distance": 17.306136320251863, "_actor_vel": 2.266191047583004, "_trigger_distance": 17.53807724394469, "_model": 1, "weather": {"sun_altitude_angle": -14.174192047825272, "precipitation": 80.9648746129418, "wind_intensity": 51.84976083012519, "sun_azimuth_angle": 52.220333009750874, "fog_distance": "0", "cloudiness": 18.76401898331599, "fog_density": 37.679512936715, "wetness": 25.170590903673794, "precipitation_deposits": 87.57189576221352}}], "scenario_type": "Scenario27"}], "Town01": [{"available_event_configurations": [{"transform": {"pitch": "0", "x": 312, "y": 129, "yaw": 180, "z": 0}, "_start_distance": 17.306136320251863, "_actor_vel": 2.266191047583004, "_trigger_distance": 17.53807724394469, "_model": 1, "weather": {"sun_altitude_angle": -14.174192047825272, "precipitation": 80.9648746129418, "wind_intensity": 51.84976083012519, "sun_azimuth_angle": 52.220333009750874, "fog_distance": "0", "cloudiness": 18.76401898331599, "fog_density": 37.679512936715, "wetness": 25.170590903673794, "precipitation_deposits": 87.57189576221352}}], "scenario_type": "Scenario27"}], "Town04": [{"available_event_configurations": [{"transform": {"pitch": "0", "x": 254.9, "y": -230.9, "yaw": 90, "z": 0}, "_start_distance": 17.306136320251863, "_actor_vel": 2.266191047583004, "_trigger_distance": 17.53807724394469, "_model": 1, "weather": {"sun_altitude_angle": -14.174192047825272, "precipitation": 80.9648746129418, "wind_intensity": 51.84976083012519, "sun_azimuth_angle": 52.220333009750874, "fog_distance": "0", "cloudiness": 18.76401898331599, "fog_density": 37.679512936715, "wetness": 25.170590903673794, "precipitation_deposits": 87.57189576221352}}], "scenario_type": "Scenario27"}], "Town03": [{"available_event_configurations": [{"transform": {"pitch": "0", "x": -88.5, "y": -90, "yaw": 90, "z": 0}, "_start_distance": 17.306136320251863, "_actor_vel": 2.266191047583004, "_trigger_distance": 17.53807724394469, "_model": 1, "weather": {"sun_altitude_angle": -14.174192047825272, "precipitation": 80.9648746129418, "wind_intensity": 51.84976083012519, "sun_azimuth_angle": 52.220333009750874, "fog_distance": "0", "cloudiness": 18.76401898331599, "fog_density": 37.679512936715, "wetness": 25.170590903673794, "precipitation_deposits": 87.57189576221352}}], "scenario_type": "Scenario27"}]}]}