{"available_scenarios": [{"Town05": [{"available_event_configurations": [{"transform": {"pitch": "0", "x": 35, "y": 130, "yaw": -90, "z": 0}, "_start_distance": 16.04242558130984, "_actor_vel": 2.12125690733177, "_trigger_distance": 18.27984083310166, "_model": 1}, {"transform": {"pitch": "0", "x": 35, "y": 65, "yaw": -90, "z": 0}, "_start_distance": 16.04242558130984, "_actor_vel": 2.12125690733177, "_trigger_distance": 18.27984083310166, "_model": 1, "weather": {"sun_altitude_angle": 3.360391665900039, "precipitation": 22.797635876664312, "wind_intensity": 48.84639887420729, "sun_azimuth_angle": 69.27513840120625, "fog_distance": "0", "cloudiness": 19.85546048206799, "fog_density": 66.92904756293667, "wetness": 87.66619425347642, "precipitation_deposits": 31.581074281833267}}], "scenario_type": "Scenario27"}], "Town01": [{"available_event_configurations": [{"transform": {"pitch": "0", "x": 312, "y": 129, "yaw": 180, "z": 0}, "_start_distance": 16.04242558130984, "_actor_vel": 2.12125690733177, "_trigger_distance": 18.27984083310166, "_model": 1, "weather": {"sun_altitude_angle": 3.360391665900039, "precipitation": 22.797635876664312, "wind_intensity": 48.84639887420729, "sun_azimuth_angle": 69.27513840120625, "fog_distance": "0", "cloudiness": 19.85546048206799, "fog_density": 66.92904756293667, "wetness": 87.66619425347642, "precipitation_deposits": 31.581074281833267}}], "scenario_type": "Scenario27"}], "Town04": [{"available_event_configurations": [{"transform": {"pitch": "0", "x": 254.9, "y": -230.9, "yaw": 90, "z": 0}, "_start_distance": 16.04242558130984, "_actor_vel": 2.12125690733177, "_trigger_distance": 18.27984083310166, "_model": 1, "weather": {"sun_altitude_angle": 3.360391665900039, "precipitation": 22.797635876664312, "wind_intensity": 48.84639887420729, "sun_azimuth_angle": 69.27513840120625, "fog_distance": "0", "cloudiness": 19.85546048206799, "fog_density": 66.92904756293667, "wetness": 87.66619425347642, "precipitation_deposits": 31.581074281833267}}], "scenario_type": "Scenario27"}], "Town03": [{"available_event_configurations": [{"transform": {"pitch": "0", "x": -88.5, "y": -90, "yaw": 90, "z": 0}, "_start_distance": 16.04242558130984, "_actor_vel": 2.12125690733177, "_trigger_distance": 18.27984083310166, "_model": 1, "weather": {"sun_altitude_angle": 3.360391665900039, "precipitation": 22.797635876664312, "wind_intensity": 48.84639887420729, "sun_azimuth_angle": 69.27513840120625, "fog_distance": "0", "cloudiness": 19.85546048206799, "fog_density": 66.92904756293667, "wetness": 87.66619425347642, "precipitation_deposits": 31.581074281833267}}], "scenario_type": "Scenario27"}]}]}