{"available_scenarios": [{"Town05": [{"available_event_configurations": [{"transform": {"pitch": "0", "x": 35, "y": 130, "yaw": -90, "z": 0}, "_start_distance": 19.93752830436315, "_actor_vel": 2.1536569744587877, "_trigger_distance": 15.5998778191024, "_model": 1}, {"transform": {"pitch": "0", "x": 35, "y": 65, "yaw": -90, "z": 0}, "_start_distance": 19.93752830436315, "_actor_vel": 2.1536569744587877, "_trigger_distance": 15.5998778191024, "_model": 1, "weather": {"sun_altitude_angle": 75.67249291382075, "precipitation": 88.14281479465436, "wind_intensity": 56.33951747157414, "sun_azimuth_angle": 101.66128326056294, "fog_distance": "0", "cloudiness": 31.553378464052408, "fog_density": 39.18114633772516, "wetness": 89.07116836535998, "precipitation_deposits": 68.9440500477363}}], "scenario_type": "Scenario27"}], "Town01": [{"available_event_configurations": [{"transform": {"pitch": "0", "x": 312, "y": 129, "yaw": 180, "z": 0}, "_start_distance": 19.93752830436315, "_actor_vel": 2.1536569744587877, "_trigger_distance": 15.5998778191024, "_model": 1, "weather": {"sun_altitude_angle": 75.67249291382075, "precipitation": 88.14281479465436, "wind_intensity": 56.33951747157414, "sun_azimuth_angle": 101.66128326056294, "fog_distance": "0", "cloudiness": 31.553378464052408, "fog_density": 39.18114633772516, "wetness": 89.07116836535998, "precipitation_deposits": 68.9440500477363}}], "scenario_type": "Scenario27"}], "Town04": [{"available_event_configurations": [{"transform": {"pitch": "0", "x": 254.9, "y": -230.9, "yaw": 90, "z": 0}, "_start_distance": 19.93752830436315, "_actor_vel": 2.1536569744587877, "_trigger_distance": 15.5998778191024, "_model": 1, "weather": {"sun_altitude_angle": 75.67249291382075, "precipitation": 88.14281479465436, "wind_intensity": 56.33951747157414, "sun_azimuth_angle": 101.66128326056294, "fog_distance": "0", "cloudiness": 31.553378464052408, "fog_density": 39.18114633772516, "wetness": 89.07116836535998, "precipitation_deposits": 68.9440500477363}}], "scenario_type": "Scenario27"}], "Town03": [{"available_event_configurations": [{"transform": {"pitch": "0", "x": -88.5, "y": -90, "yaw": 90, "z": 0}, "_start_distance": 19.93752830436315, "_actor_vel": 2.1536569744587877, "_trigger_distance": 15.5998778191024, "_model": 1, "weather": {"sun_altitude_angle": 75.67249291382075, "precipitation": 88.14281479465436, "wind_intensity": 56.33951747157414, "sun_azimuth_angle": 101.66128326056294, "fog_distance": "0", "cloudiness": 31.553378464052408, "fog_density": 39.18114633772516, "wetness": 89.07116836535998, "precipitation_deposits": 68.9440500477363}}], "scenario_type": "Scenario27"}]}]}