{"available_scenarios": [{"Town05": [{"available_event_configurations": [{"transform": {"pitch": "0", "x": 35, "y": 130, "yaw": -90, "z": 0}, "_start_distance": 15.993018199960622, "_actor_vel": 2.374824023853665, "_trigger_distance": 18.626241204760298, "_model": 1}, {"transform": {"pitch": "0", "x": 35, "y": 65, "yaw": -90, "z": 0}, "_start_distance": 15.993018199960622, "_actor_vel": 2.374824023853665, "_trigger_distance": 18.626241204760298, "_model": 1, "weather": {"sun_altitude_angle": 10.878024908312597, "precipitation": 14.330451095698926, "wind_intensity": 78.3975996420572, "sun_azimuth_angle": 60.96320702380952, "fog_distance": "0", "cloudiness": 3.308564359652899, "fog_density": 63.82516633382645, "wetness": 78.85906154385181, "precipitation_deposits": 16.88465835131996}}], "scenario_type": "Scenario27"}], "Town01": [{"available_event_configurations": [{"transform": {"pitch": "0", "x": 312, "y": 129, "yaw": 180, "z": 0}, "_start_distance": 15.993018199960622, "_actor_vel": 2.374824023853665, "_trigger_distance": 18.626241204760298, "_model": 1, "weather": {"sun_altitude_angle": 10.878024908312597, "precipitation": 14.330451095698926, "wind_intensity": 78.3975996420572, "sun_azimuth_angle": 60.96320702380952, "fog_distance": "0", "cloudiness": 3.308564359652899, "fog_density": 63.82516633382645, "wetness": 78.85906154385181, "precipitation_deposits": 16.88465835131996}}], "scenario_type": "Scenario27"}], "Town04": [{"available_event_configurations": [{"transform": {"pitch": "0", "x": 254.9, "y": -230.9, "yaw": 90, "z": 0}, "_start_distance": 15.993018199960622, "_actor_vel": 2.374824023853665, "_trigger_distance": 18.626241204760298, "_model": 1, "weather": {"sun_altitude_angle": 10.878024908312597, "precipitation": 14.330451095698926, "wind_intensity": 78.3975996420572, "sun_azimuth_angle": 60.96320702380952, "fog_distance": "0", "cloudiness": 3.308564359652899, "fog_density": 63.82516633382645, "wetness": 78.85906154385181, "precipitation_deposits": 16.88465835131996}}], "scenario_type": "Scenario27"}], "Town03": [{"available_event_configurations": [{"transform": {"pitch": "0", "x": -88.5, "y": -90, "yaw": 90, "z": 0}, "_start_distance": 15.993018199960622, "_actor_vel": 2.374824023853665, "_trigger_distance": 18.626241204760298, "_model": 1, "weather": {"sun_altitude_angle": 10.878024908312597, "precipitation": 14.330451095698926, "wind_intensity": 78.3975996420572, "sun_azimuth_angle": 60.96320702380952, "fog_distance": "0", "cloudiness": 3.308564359652899, "fog_density": 63.82516633382645, "wetness": 78.85906154385181, "precipitation_deposits": 16.88465835131996}}], "scenario_type": "Scenario27"}]}]}