{"available_scenarios": [{"Town05": [{"available_event_configurations": [{"transform": {"pitch": "0", "x": 35, "y": 130, "yaw": -90, "z": 0}, "_start_distance": 15.068676783899232, "_actor_vel": 2.040378306215248, "_trigger_distance": 15.2563133548688, "_model": 1}, {"transform": {"pitch": "0", "x": 35, "y": 65, "yaw": -90, "z": 0}, "_start_distance": 15.068676783899232, "_actor_vel": 2.040378306215248, "_trigger_distance": 15.2563133548688, "_model": 1, "weather": {"sun_altitude_angle": -11.576848422375477, "precipitation": 13.238858348617388, "wind_intensity": 70.7218721510929, "sun_azimuth_angle": 183.8984276342482, "fog_distance": "0", "cloudiness": 41.791069507759474, "fog_density": 31.56472127003137, "wetness": 97.93993822200957, "precipitation_deposits": 41.21801125351726}}], "scenario_type": "Scenario27"}], "Town01": [{"available_event_configurations": [{"transform": {"pitch": "0", "x": 312, "y": 129, "yaw": 180, "z": 0}, "_start_distance": 15.068676783899232, "_actor_vel": 2.040378306215248, "_trigger_distance": 15.2563133548688, "_model": 1, "weather": {"sun_altitude_angle": -11.576848422375477, "precipitation": 13.238858348617388, "wind_intensity": 70.7218721510929, "sun_azimuth_angle": 183.8984276342482, "fog_distance": "0", "cloudiness": 41.791069507759474, "fog_density": 31.56472127003137, "wetness": 97.93993822200957, "precipitation_deposits": 41.21801125351726}}], "scenario_type": "Scenario27"}], "Town04": [{"available_event_configurations": [{"transform": {"pitch": "0", "x": 254.9, "y": -230.9, "yaw": 90, "z": 0}, "_start_distance": 15.068676783899232, "_actor_vel": 2.040378306215248, "_trigger_distance": 15.2563133548688, "_model": 1, "weather": {"sun_altitude_angle": -11.576848422375477, "precipitation": 13.238858348617388, "wind_intensity": 70.7218721510929, "sun_azimuth_angle": 183.8984276342482, "fog_distance": "0", "cloudiness": 41.791069507759474, "fog_density": 31.56472127003137, "wetness": 97.93993822200957, "precipitation_deposits": 41.21801125351726}}], "scenario_type": "Scenario27"}], "Town03": [{"available_event_configurations": [{"transform": {"pitch": "0", "x": -88.5, "y": -90, "yaw": 90, "z": 0}, "_start_distance": 15.068676783899232, "_actor_vel": 2.040378306215248, "_trigger_distance": 15.2563133548688, "_model": 1, "weather": {"sun_altitude_angle": -11.576848422375477, "precipitation": 13.238858348617388, "wind_intensity": 70.7218721510929, "sun_azimuth_angle": 183.8984276342482, "fog_distance": "0", "cloudiness": 41.791069507759474, "fog_density": 31.56472127003137, "wetness": 97.93993822200957, "precipitation_deposits": 41.21801125351726}}], "scenario_type": "Scenario27"}]}]}