{"available_scenarios": [{"Town05": [{"available_event_configurations": [{"transform": {"pitch": "0", "x": 35, "y": 130, "yaw": -90, "z": 0}, "_start_distance": 15.122429648222193, "_actor_vel": 2.1126361447279858, "_trigger_distance": 18.34723528827022, "_model": 1}, {"transform": {"pitch": "0", "x": 35, "y": 65, "yaw": -90, "z": 0}, "_start_distance": 15.122429648222193, "_actor_vel": 2.1126361447279858, "_trigger_distance": 18.34723528827022, "_model": 1, "weather": {"sun_altitude_angle": 9.726549595308995, "precipitation": 39.177722549911046, "wind_intensity": 50.655059733199316, "sun_azimuth_angle": 204.7629546702178, "fog_distance": "0", "cloudiness": 16.59273487985927, "fog_density": 25.480634889970023, "wetness": 1.0218931342781956, "precipitation_deposits": 98.28795681309046}}], "scenario_type": "Scenario27"}], "Town01": [{"available_event_configurations": [{"transform": {"pitch": "0", "x": 312, "y": 129, "yaw": 180, "z": 0}, "_start_distance": 15.122429648222193, "_actor_vel": 2.1126361447279858, "_trigger_distance": 18.34723528827022, "_model": 1, "weather": {"sun_altitude_angle": 9.726549595308995, "precipitation": 39.177722549911046, "wind_intensity": 50.655059733199316, "sun_azimuth_angle": 204.7629546702178, "fog_distance": "0", "cloudiness": 16.59273487985927, "fog_density": 25.480634889970023, "wetness": 1.0218931342781956, "precipitation_deposits": 98.28795681309046}}], "scenario_type": "Scenario27"}], "Town04": [{"available_event_configurations": [{"transform": {"pitch": "0", "x": 254.9, "y": -230.9, "yaw": 90, "z": 0}, "_start_distance": 15.122429648222193, "_actor_vel": 2.1126361447279858, "_trigger_distance": 18.34723528827022, "_model": 1, "weather": {"sun_altitude_angle": 9.726549595308995, "precipitation": 39.177722549911046, "wind_intensity": 50.655059733199316, "sun_azimuth_angle": 204.7629546702178, "fog_distance": "0", "cloudiness": 16.59273487985927, "fog_density": 25.480634889970023, "wetness": 1.0218931342781956, "precipitation_deposits": 98.28795681309046}}], "scenario_type": "Scenario27"}], "Town03": [{"available_event_configurations": [{"transform": {"pitch": "0", "x": -88.5, "y": -90, "yaw": 90, "z": 0}, "_start_distance": 15.122429648222193, "_actor_vel": 2.1126361447279858, "_trigger_distance": 18.34723528827022, "_model": 1, "weather": {"sun_altitude_angle": 9.726549595308995, "precipitation": 39.177722549911046, "wind_intensity": 50.655059733199316, "sun_azimuth_angle": 204.7629546702178, "fog_distance": "0", "cloudiness": 16.59273487985927, "fog_density": 25.480634889970023, "wetness": 1.0218931342781956, "precipitation_deposits": 98.28795681309046}}], "scenario_type": "Scenario27"}]}]}