{"available_scenarios": [{"Town05": [{"available_event_configurations": [{"transform": {"pitch": "0", "x": 35, "y": 130, "yaw": -90, "z": 0}, "_start_distance": 15.902500886438107, "_actor_vel": 2.4613391287630355, "_trigger_distance": 17.445592373374456, "_model": 1}, {"transform": {"pitch": "0", "x": 35, "y": 65, "yaw": -90, "z": 0}, "_start_distance": 15.902500886438107, "_actor_vel": 2.4613391287630355, "_trigger_distance": 17.445592373374456, "_model": 1, "weather": {"sun_altitude_angle": 46.64699231905854, "precipitation": 49.24477997010314, "wind_intensity": 90.19874643174299, "sun_azimuth_angle": 328.37014748521455, "fog_distance": "0", "cloudiness": 14.666642203832502, "fog_density": 22.266109325844184, "wetness": 52.53144367517192, "precipitation_deposits": 60.86434141197674}}], "scenario_type": "Scenario27"}], "Town01": [{"available_event_configurations": [{"transform": {"pitch": "0", "x": 312, "y": 129, "yaw": 180, "z": 0}, "_start_distance": 15.902500886438107, "_actor_vel": 2.4613391287630355, "_trigger_distance": 17.445592373374456, "_model": 1, "weather": {"sun_altitude_angle": 46.64699231905854, "precipitation": 49.24477997010314, "wind_intensity": 90.19874643174299, "sun_azimuth_angle": 328.37014748521455, "fog_distance": "0", "cloudiness": 14.666642203832502, "fog_density": 22.266109325844184, "wetness": 52.53144367517192, "precipitation_deposits": 60.86434141197674}}], "scenario_type": "Scenario27"}], "Town04": [{"available_event_configurations": [{"transform": {"pitch": "0", "x": 254.9, "y": -230.9, "yaw": 90, "z": 0}, "_start_distance": 15.902500886438107, "_actor_vel": 2.4613391287630355, "_trigger_distance": 17.445592373374456, "_model": 1, "weather": {"sun_altitude_angle": 46.64699231905854, "precipitation": 49.24477997010314, "wind_intensity": 90.19874643174299, "sun_azimuth_angle": 328.37014748521455, "fog_distance": "0", "cloudiness": 14.666642203832502, "fog_density": 22.266109325844184, "wetness": 52.53144367517192, "precipitation_deposits": 60.86434141197674}}], "scenario_type": "Scenario27"}], "Town03": [{"available_event_configurations": [{"transform": {"pitch": "0", "x": -88.5, "y": -90, "yaw": 90, "z": 0}, "_start_distance": 15.902500886438107, "_actor_vel": 2.4613391287630355, "_trigger_distance": 17.445592373374456, "_model": 1, "weather": {"sun_altitude_angle": 46.64699231905854, "precipitation": 49.24477997010314, "wind_intensity": 90.19874643174299, "sun_azimuth_angle": 328.37014748521455, "fog_distance": "0", "cloudiness": 14.666642203832502, "fog_density": 22.266109325844184, "wetness": 52.53144367517192, "precipitation_deposits": 60.86434141197674}}], "scenario_type": "Scenario27"}]}]}