{"available_scenarios": [{"Town05": [{"available_event_configurations": [{"transform": {"pitch": "0", "x": 35, "y": 130, "yaw": -90, "z": 0}, "_start_distance": 19.31510591397435, "_actor_vel": 2.071965787709027, "_trigger_distance": 19.84504019766388, "_model": 1}, {"transform": {"pitch": "0", "x": 35, "y": 65, "yaw": -90, "z": 0}, "_start_distance": 19.31510591397435, "_actor_vel": 2.071965787709027, "_trigger_distance": 19.84504019766388, "_model": 1, "weather": {"sun_altitude_angle": -25.399238161838255, "precipitation": 33.68121235954534, "wind_intensity": 52.306403703427286, "sun_azimuth_angle": 338.1673983699823, "fog_distance": "0", "cloudiness": 7.415321424248877, "fog_density": 79.45661349741317, "wetness": 89.52129627487506, "precipitation_deposits": 54.42803581181346}}], "scenario_type": "Scenario27"}], "Town01": [{"available_event_configurations": [{"transform": {"pitch": "0", "x": 312, "y": 129, "yaw": 180, "z": 0}, "_start_distance": 19.31510591397435, "_actor_vel": 2.071965787709027, "_trigger_distance": 19.84504019766388, "_model": 1, "weather": {"sun_altitude_angle": -25.399238161838255, "precipitation": 33.68121235954534, "wind_intensity": 52.306403703427286, "sun_azimuth_angle": 338.1673983699823, "fog_distance": "0", "cloudiness": 7.415321424248877, "fog_density": 79.45661349741317, "wetness": 89.52129627487506, "precipitation_deposits": 54.42803581181346}}], "scenario_type": "Scenario27"}], "Town04": [{"available_event_configurations": [{"transform": {"pitch": "0", "x": 254.9, "y": -230.9, "yaw": 90, "z": 0}, "_start_distance": 19.31510591397435, "_actor_vel": 2.071965787709027, "_trigger_distance": 19.84504019766388, "_model": 1, "weather": {"sun_altitude_angle": -25.399238161838255, "precipitation": 33.68121235954534, "wind_intensity": 52.306403703427286, "sun_azimuth_angle": 338.1673983699823, "fog_distance": "0", "cloudiness": 7.415321424248877, "fog_density": 79.45661349741317, "wetness": 89.52129627487506, "precipitation_deposits": 54.42803581181346}}], "scenario_type": "Scenario27"}], "Town03": [{"available_event_configurations": [{"transform": {"pitch": "0", "x": -88.5, "y": -90, "yaw": 90, "z": 0}, "_start_distance": 19.31510591397435, "_actor_vel": 2.071965787709027, "_trigger_distance": 19.84504019766388, "_model": 1, "weather": {"sun_altitude_angle": -25.399238161838255, "precipitation": 33.68121235954534, "wind_intensity": 52.306403703427286, "sun_azimuth_angle": 338.1673983699823, "fog_distance": "0", "cloudiness": 7.415321424248877, "fog_density": 79.45661349741317, "wetness": 89.52129627487506, "precipitation_deposits": 54.42803581181346}}], "scenario_type": "Scenario27"}]}]}