{"available_scenarios": [{"Town05": [{"available_event_configurations": [{"transform": {"pitch": "0", "x": 35, "y": 130, "yaw": -90, "z": 0}, "_start_distance": 19.96306244700657, "_actor_vel": 2.4164675928392128, "_trigger_distance": 16.28510574496593, "_model": 1}, {"transform": {"pitch": "0", "x": 35, "y": 65, "yaw": -90, "z": 0}, "_start_distance": 19.96306244700657, "_actor_vel": 2.4164675928392128, "_trigger_distance": 16.28510574496593, "_model": 1, "weather": {"sun_altitude_angle": 53.520841838767154, "precipitation": 78.70534759448176, "wind_intensity": 61.37346211694721, "sun_azimuth_angle": 275.5798992371371, "fog_distance": "0", "cloudiness": 75.05307079672957, "fog_density": 54.92666188341547, "wetness": 17.505643867907416, "precipitation_deposits": 58.573585284624606}}], "scenario_type": "Scenario27"}], "Town01": [{"available_event_configurations": [{"transform": {"pitch": "0", "x": 312, "y": 129, "yaw": 180, "z": 0}, "_start_distance": 19.96306244700657, "_actor_vel": 2.4164675928392128, "_trigger_distance": 16.28510574496593, "_model": 1, "weather": {"sun_altitude_angle": 53.520841838767154, "precipitation": 78.70534759448176, "wind_intensity": 61.37346211694721, "sun_azimuth_angle": 275.5798992371371, "fog_distance": "0", "cloudiness": 75.05307079672957, "fog_density": 54.92666188341547, "wetness": 17.505643867907416, "precipitation_deposits": 58.573585284624606}}], "scenario_type": "Scenario27"}], "Town04": [{"available_event_configurations": [{"transform": {"pitch": "0", "x": 254.9, "y": -230.9, "yaw": 90, "z": 0}, "_start_distance": 19.96306244700657, "_actor_vel": 2.4164675928392128, "_trigger_distance": 16.28510574496593, "_model": 1, "weather": {"sun_altitude_angle": 53.520841838767154, "precipitation": 78.70534759448176, "wind_intensity": 61.37346211694721, "sun_azimuth_angle": 275.5798992371371, "fog_distance": "0", "cloudiness": 75.05307079672957, "fog_density": 54.92666188341547, "wetness": 17.505643867907416, "precipitation_deposits": 58.573585284624606}}], "scenario_type": "Scenario27"}], "Town03": [{"available_event_configurations": [{"transform": {"pitch": "0", "x": -88.5, "y": -90, "yaw": 90, "z": 0}, "_start_distance": 19.96306244700657, "_actor_vel": 2.4164675928392128, "_trigger_distance": 16.28510574496593, "_model": 1, "weather": {"sun_altitude_angle": 53.520841838767154, "precipitation": 78.70534759448176, "wind_intensity": 61.37346211694721, "sun_azimuth_angle": 275.5798992371371, "fog_distance": "0", "cloudiness": 75.05307079672957, "fog_density": 54.92666188341547, "wetness": 17.505643867907416, "precipitation_deposits": 58.573585284624606}}], "scenario_type": "Scenario27"}]}]}