{"available_scenarios": [{"Town05": [{"available_event_configurations": [{"transform": {"pitch": "0", "x": 35, "y": 130, "yaw": -90, "z": 0}, "_start_distance": 18.493465506668564, "_actor_vel": 2.051138281499867, "_trigger_distance": 17.155460830725733, "_model": 1}, {"transform": {"pitch": "0", "x": 35, "y": 65, "yaw": -90, "z": 0}, "_start_distance": 18.493465506668564, "_actor_vel": 2.051138281499867, "_trigger_distance": 17.155460830725733, "_model": 1, "weather": {"sun_altitude_angle": 56.38821854619661, "precipitation": 38.18876798046071, "wind_intensity": 33.533355607540095, "sun_azimuth_angle": 194.15989029551, "fog_distance": "0", "cloudiness": 9.923100551263897, "fog_density": 15.487234534502225, "wetness": 73.59955918037811, "precipitation_deposits": 64.6379082554022}}], "scenario_type": "Scenario27"}], "Town01": [{"available_event_configurations": [{"transform": {"pitch": "0", "x": 312, "y": 129, "yaw": 180, "z": 0}, "_start_distance": 18.493465506668564, "_actor_vel": 2.051138281499867, "_trigger_distance": 17.155460830725733, "_model": 1, "weather": {"sun_altitude_angle": 56.38821854619661, "precipitation": 38.18876798046071, "wind_intensity": 33.533355607540095, "sun_azimuth_angle": 194.15989029551, "fog_distance": "0", "cloudiness": 9.923100551263897, "fog_density": 15.487234534502225, "wetness": 73.59955918037811, "precipitation_deposits": 64.6379082554022}}], "scenario_type": "Scenario27"}], "Town04": [{"available_event_configurations": [{"transform": {"pitch": "0", "x": 254.9, "y": -230.9, "yaw": 90, "z": 0}, "_start_distance": 18.493465506668564, "_actor_vel": 2.051138281499867, "_trigger_distance": 17.155460830725733, "_model": 1, "weather": {"sun_altitude_angle": 56.38821854619661, "precipitation": 38.18876798046071, "wind_intensity": 33.533355607540095, "sun_azimuth_angle": 194.15989029551, "fog_distance": "0", "cloudiness": 9.923100551263897, "fog_density": 15.487234534502225, "wetness": 73.59955918037811, "precipitation_deposits": 64.6379082554022}}], "scenario_type": "Scenario27"}], "Town03": [{"available_event_configurations": [{"transform": {"pitch": "0", "x": -88.5, "y": -90, "yaw": 90, "z": 0}, "_start_distance": 18.493465506668564, "_actor_vel": 2.051138281499867, "_trigger_distance": 17.155460830725733, "_model": 1, "weather": {"sun_altitude_angle": 56.38821854619661, "precipitation": 38.18876798046071, "wind_intensity": 33.533355607540095, "sun_azimuth_angle": 194.15989029551, "fog_distance": "0", "cloudiness": 9.923100551263897, "fog_density": 15.487234534502225, "wetness": 73.59955918037811, "precipitation_deposits": 64.6379082554022}}], "scenario_type": "Scenario27"}]}]}