{"available_scenarios": [{"Town05": [{"available_event_configurations": [{"transform": {"pitch": "0", "x": 35, "y": 130, "yaw": -90, "z": 0}, "_start_distance": 17.018024769112685, "_actor_vel": 2.409933920918167, "_trigger_distance": 16.984557677325462, "_model": 1}, {"transform": {"pitch": "0", "x": 35, "y": 65, "yaw": -90, "z": 0}, "_start_distance": 17.018024769112685, "_actor_vel": 2.409933920918167, "_trigger_distance": 16.984557677325462, "_model": 1, "weather": {"sun_altitude_angle": -65.41184462169088, "precipitation": 8.252418520353565, "wind_intensity": 14.636337331970994, "sun_azimuth_angle": 245.4079488763966, "fog_distance": "0", "cloudiness": 34.663811390976285, "fog_density": 37.4090432565506, "wetness": 0.5885862377740914, "precipitation_deposits": 42.186696099186136}}], "scenario_type": "Scenario27"}], "Town01": [{"available_event_configurations": [{"transform": {"pitch": "0", "x": 312, "y": 129, "yaw": 180, "z": 0}, "_start_distance": 17.018024769112685, "_actor_vel": 2.409933920918167, "_trigger_distance": 16.984557677325462, "_model": 1, "weather": {"sun_altitude_angle": -65.41184462169088, "precipitation": 8.252418520353565, "wind_intensity": 14.636337331970994, "sun_azimuth_angle": 245.4079488763966, "fog_distance": "0", "cloudiness": 34.663811390976285, "fog_density": 37.4090432565506, "wetness": 0.5885862377740914, "precipitation_deposits": 42.186696099186136}}], "scenario_type": "Scenario27"}], "Town04": [{"available_event_configurations": [{"transform": {"pitch": "0", "x": 254.9, "y": -230.9, "yaw": 90, "z": 0}, "_start_distance": 17.018024769112685, "_actor_vel": 2.409933920918167, "_trigger_distance": 16.984557677325462, "_model": 1, "weather": {"sun_altitude_angle": -65.41184462169088, "precipitation": 8.252418520353565, "wind_intensity": 14.636337331970994, "sun_azimuth_angle": 245.4079488763966, "fog_distance": "0", "cloudiness": 34.663811390976285, "fog_density": 37.4090432565506, "wetness": 0.5885862377740914, "precipitation_deposits": 42.186696099186136}}], "scenario_type": "Scenario27"}], "Town03": [{"available_event_configurations": [{"transform": {"pitch": "0", "x": -88.5, "y": -90, "yaw": 90, "z": 0}, "_start_distance": 17.018024769112685, "_actor_vel": 2.409933920918167, "_trigger_distance": 16.984557677325462, "_model": 1, "weather": {"sun_altitude_angle": -65.41184462169088, "precipitation": 8.252418520353565, "wind_intensity": 14.636337331970994, "sun_azimuth_angle": 245.4079488763966, "fog_distance": "0", "cloudiness": 34.663811390976285, "fog_density": 37.4090432565506, "wetness": 0.5885862377740914, "precipitation_deposits": 42.186696099186136}}], "scenario_type": "Scenario27"}]}]}