{"available_scenarios": [{"Town05": [{"available_event_configurations": [{"transform": {"pitch": "0", "x": 35, "y": 130, "yaw": -90, "z": 0}, "_start_distance": 19.884452994719076, "_actor_vel": 2.469068947844866, "_trigger_distance": 19.571172021710815, "_model": 1}, {"transform": {"pitch": "0", "x": 35, "y": 65, "yaw": -90, "z": 0}, "_start_distance": 19.884452994719076, "_actor_vel": 2.469068947844866, "_trigger_distance": 19.571172021710815, "_model": 1, "weather": {"sun_altitude_angle": 31.239959763002147, "precipitation": 44.133327217480186, "wind_intensity": 50.800401863708856, "sun_azimuth_angle": 3.6914948752741594, "fog_distance": "0", "cloudiness": 69.93889011917813, "fog_density": 38.27202287385445, "wetness": 79.82576967066703, "precipitation_deposits": 91.58675825295943}}], "scenario_type": "Scenario27"}], "Town01": [{"available_event_configurations": [{"transform": {"pitch": "0", "x": 312, "y": 129, "yaw": 180, "z": 0}, "_start_distance": 19.884452994719076, "_actor_vel": 2.469068947844866, "_trigger_distance": 19.571172021710815, "_model": 1, "weather": {"sun_altitude_angle": 31.239959763002147, "precipitation": 44.133327217480186, "wind_intensity": 50.800401863708856, "sun_azimuth_angle": 3.6914948752741594, "fog_distance": "0", "cloudiness": 69.93889011917813, "fog_density": 38.27202287385445, "wetness": 79.82576967066703, "precipitation_deposits": 91.58675825295943}}], "scenario_type": "Scenario27"}], "Town04": [{"available_event_configurations": [{"transform": {"pitch": "0", "x": 254.9, "y": -230.9, "yaw": 90, "z": 0}, "_start_distance": 19.884452994719076, "_actor_vel": 2.469068947844866, "_trigger_distance": 19.571172021710815, "_model": 1, "weather": {"sun_altitude_angle": 31.239959763002147, "precipitation": 44.133327217480186, "wind_intensity": 50.800401863708856, "sun_azimuth_angle": 3.6914948752741594, "fog_distance": "0", "cloudiness": 69.93889011917813, "fog_density": 38.27202287385445, "wetness": 79.82576967066703, "precipitation_deposits": 91.58675825295943}}], "scenario_type": "Scenario27"}], "Town03": [{"available_event_configurations": [{"transform": {"pitch": "0", "x": -88.5, "y": -90, "yaw": 90, "z": 0}, "_start_distance": 19.884452994719076, "_actor_vel": 2.469068947844866, "_trigger_distance": 19.571172021710815, "_model": 1, "weather": {"sun_altitude_angle": 31.239959763002147, "precipitation": 44.133327217480186, "wind_intensity": 50.800401863708856, "sun_azimuth_angle": 3.6914948752741594, "fog_distance": "0", "cloudiness": 69.93889011917813, "fog_density": 38.27202287385445, "wetness": 79.82576967066703, "precipitation_deposits": 91.58675825295943}}], "scenario_type": "Scenario27"}]}]}