{"available_scenarios": [{"Town05": [{"available_event_configurations": [{"transform": {"pitch": "0", "x": 35, "y": 130, "yaw": -90, "z": 0}, "_start_distance": 18.917781505147072, "_actor_vel": 2.4466406687349975, "_trigger_distance": 19.76819886387067, "_model": 1}, {"transform": {"pitch": "0", "x": 35, "y": 65, "yaw": -90, "z": 0}, "_start_distance": 18.917781505147072, "_actor_vel": 2.4466406687349975, "_trigger_distance": 19.76819886387067, "_model": 1, "weather": {"sun_altitude_angle": -59.26509726928134, "precipitation": 80.74485235464279, "wind_intensity": 28.828105686858173, "sun_azimuth_angle": 198.73540439514932, "fog_distance": "0", "cloudiness": 33.621023294208015, "fog_density": 37.285629180137256, "wetness": 54.586748119717974, "precipitation_deposits": 66.31359713582977}}], "scenario_type": "Scenario27"}], "Town01": [{"available_event_configurations": [{"transform": {"pitch": "0", "x": 312, "y": 129, "yaw": 180, "z": 0}, "_start_distance": 18.917781505147072, "_actor_vel": 2.4466406687349975, "_trigger_distance": 19.76819886387067, "_model": 1, "weather": {"sun_altitude_angle": -59.26509726928134, "precipitation": 80.74485235464279, "wind_intensity": 28.828105686858173, "sun_azimuth_angle": 198.73540439514932, "fog_distance": "0", "cloudiness": 33.621023294208015, "fog_density": 37.285629180137256, "wetness": 54.586748119717974, "precipitation_deposits": 66.31359713582977}}], "scenario_type": "Scenario27"}], "Town04": [{"available_event_configurations": [{"transform": {"pitch": "0", "x": 254.9, "y": -230.9, "yaw": 90, "z": 0}, "_start_distance": 18.917781505147072, "_actor_vel": 2.4466406687349975, "_trigger_distance": 19.76819886387067, "_model": 1, "weather": {"sun_altitude_angle": -59.26509726928134, "precipitation": 80.74485235464279, "wind_intensity": 28.828105686858173, "sun_azimuth_angle": 198.73540439514932, "fog_distance": "0", "cloudiness": 33.621023294208015, "fog_density": 37.285629180137256, "wetness": 54.586748119717974, "precipitation_deposits": 66.31359713582977}}], "scenario_type": "Scenario27"}], "Town03": [{"available_event_configurations": [{"transform": {"pitch": "0", "x": -88.5, "y": -90, "yaw": 90, "z": 0}, "_start_distance": 18.917781505147072, "_actor_vel": 2.4466406687349975, "_trigger_distance": 19.76819886387067, "_model": 1, "weather": {"sun_altitude_angle": -59.26509726928134, "precipitation": 80.74485235464279, "wind_intensity": 28.828105686858173, "sun_azimuth_angle": 198.73540439514932, "fog_distance": "0", "cloudiness": 33.621023294208015, "fog_density": 37.285629180137256, "wetness": 54.586748119717974, "precipitation_deposits": 66.31359713582977}}], "scenario_type": "Scenario27"}]}]}