{"available_scenarios": [{"Town05": [{"available_event_configurations": [{"transform": {"pitch": "0", "x": 35, "y": 130, "yaw": -90, "z": 0}, "_start_distance": 17.68976926333681, "_actor_vel": 2.051457352386699, "_trigger_distance": 17.330740016273502, "_model": 1}, {"transform": {"pitch": "0", "x": 35, "y": 65, "yaw": -90, "z": 0}, "_start_distance": 17.68976926333681, "_actor_vel": 2.051457352386699, "_trigger_distance": 17.330740016273502, "_model": 1, "weather": {"sun_altitude_angle": -58.271798157278184, "precipitation": 74.07464191742594, "wind_intensity": 66.71086506290918, "sun_azimuth_angle": 62.595330266138916, "fog_distance": "0", "cloudiness": 85.54233703798153, "fog_density": 22.8134506289141, "wetness": 96.10394146894407, "precipitation_deposits": 31.23464118218642}}], "scenario_type": "Scenario27"}], "Town01": [{"available_event_configurations": [{"transform": {"pitch": "0", "x": 312, "y": 129, "yaw": 180, "z": 0}, "_start_distance": 17.68976926333681, "_actor_vel": 2.051457352386699, "_trigger_distance": 17.330740016273502, "_model": 1, "weather": {"sun_altitude_angle": -58.271798157278184, "precipitation": 74.07464191742594, "wind_intensity": 66.71086506290918, "sun_azimuth_angle": 62.595330266138916, "fog_distance": "0", "cloudiness": 85.54233703798153, "fog_density": 22.8134506289141, "wetness": 96.10394146894407, "precipitation_deposits": 31.23464118218642}}], "scenario_type": "Scenario27"}], "Town04": [{"available_event_configurations": [{"transform": {"pitch": "0", "x": 254.9, "y": -230.9, "yaw": 90, "z": 0}, "_start_distance": 17.68976926333681, "_actor_vel": 2.051457352386699, "_trigger_distance": 17.330740016273502, "_model": 1, "weather": {"sun_altitude_angle": -58.271798157278184, "precipitation": 74.07464191742594, "wind_intensity": 66.71086506290918, "sun_azimuth_angle": 62.595330266138916, "fog_distance": "0", "cloudiness": 85.54233703798153, "fog_density": 22.8134506289141, "wetness": 96.10394146894407, "precipitation_deposits": 31.23464118218642}}], "scenario_type": "Scenario27"}], "Town03": [{"available_event_configurations": [{"transform": {"pitch": "0", "x": -88.5, "y": -90, "yaw": 90, "z": 0}, "_start_distance": 17.68976926333681, "_actor_vel": 2.051457352386699, "_trigger_distance": 17.330740016273502, "_model": 1, "weather": {"sun_altitude_angle": -58.271798157278184, "precipitation": 74.07464191742594, "wind_intensity": 66.71086506290918, "sun_azimuth_angle": 62.595330266138916, "fog_distance": "0", "cloudiness": 85.54233703798153, "fog_density": 22.8134506289141, "wetness": 96.10394146894407, "precipitation_deposits": 31.23464118218642}}], "scenario_type": "Scenario27"}]}]}