{"available_scenarios": [{"Town05": [{"available_event_configurations": [{"transform": {"pitch": "0", "x": 35, "y": 130, "yaw": -90, "z": 0}, "_start_distance": 15.462976022871148, "_actor_vel": 2.1900108367226814, "_trigger_distance": 18.637206678087207, "_model": 1}, {"transform": {"pitch": "0", "x": 35, "y": 65, "yaw": -90, "z": 0}, "_start_distance": 15.462976022871148, "_actor_vel": 2.1900108367226814, "_trigger_distance": 18.637206678087207, "_model": 1, "weather": {"sun_altitude_angle": 3.719927826847581, "precipitation": 96.12562704198446, "wind_intensity": 62.62676638728375, "sun_azimuth_angle": 283.4235620250352, "fog_distance": "0", "cloudiness": 79.76427688520333, "fog_density": 24.444570032681156, "wetness": 78.7547269991593, "precipitation_deposits": 42.5745872888873}}], "scenario_type": "Scenario27"}], "Town01": [{"available_event_configurations": [{"transform": {"pitch": "0", "x": 312, "y": 129, "yaw": 180, "z": 0}, "_start_distance": 15.462976022871148, "_actor_vel": 2.1900108367226814, "_trigger_distance": 18.637206678087207, "_model": 1, "weather": {"sun_altitude_angle": 3.719927826847581, "precipitation": 96.12562704198446, "wind_intensity": 62.62676638728375, "sun_azimuth_angle": 283.4235620250352, "fog_distance": "0", "cloudiness": 79.76427688520333, "fog_density": 24.444570032681156, "wetness": 78.7547269991593, "precipitation_deposits": 42.5745872888873}}], "scenario_type": "Scenario27"}], "Town04": [{"available_event_configurations": [{"transform": {"pitch": "0", "x": 254.9, "y": -230.9, "yaw": 90, "z": 0}, "_start_distance": 15.462976022871148, "_actor_vel": 2.1900108367226814, "_trigger_distance": 18.637206678087207, "_model": 1, "weather": {"sun_altitude_angle": 3.719927826847581, "precipitation": 96.12562704198446, "wind_intensity": 62.62676638728375, "sun_azimuth_angle": 283.4235620250352, "fog_distance": "0", "cloudiness": 79.76427688520333, "fog_density": 24.444570032681156, "wetness": 78.7547269991593, "precipitation_deposits": 42.5745872888873}}], "scenario_type": "Scenario27"}], "Town03": [{"available_event_configurations": [{"transform": {"pitch": "0", "x": -88.5, "y": -90, "yaw": 90, "z": 0}, "_start_distance": 15.462976022871148, "_actor_vel": 2.1900108367226814, "_trigger_distance": 18.637206678087207, "_model": 1, "weather": {"sun_altitude_angle": 3.719927826847581, "precipitation": 96.12562704198446, "wind_intensity": 62.62676638728375, "sun_azimuth_angle": 283.4235620250352, "fog_distance": "0", "cloudiness": 79.76427688520333, "fog_density": 24.444570032681156, "wetness": 78.7547269991593, "precipitation_deposits": 42.5745872888873}}], "scenario_type": "Scenario27"}]}]}