{"available_scenarios": [{"Town05": [{"available_event_configurations": [{"transform": {"pitch": "0", "x": 35, "y": 130, "yaw": -90, "z": 0}, "_start_distance": 15.316758754691428, "_actor_vel": 2.442734391970745, "_trigger_distance": 16.757335230544903, "_model": 1}, {"transform": {"pitch": "0", "x": 35, "y": 65, "yaw": -90, "z": 0}, "_start_distance": 15.316758754691428, "_actor_vel": 2.442734391970745, "_trigger_distance": 16.757335230544903, "_model": 1, "weather": {"sun_altitude_angle": -77.6013975527634, "precipitation": 97.07515269299147, "wind_intensity": 85.20223393850831, "sun_azimuth_angle": 285.71389746745695, "fog_distance": "0", "cloudiness": 78.1749078545137, "fog_density": 26.58878557865727, "wetness": 98.29111219742288, "precipitation_deposits": 18.402548070168535}}], "scenario_type": "Scenario27"}], "Town01": [{"available_event_configurations": [{"transform": {"pitch": "0", "x": 312, "y": 129, "yaw": 180, "z": 0}, "_start_distance": 15.316758754691428, "_actor_vel": 2.442734391970745, "_trigger_distance": 16.757335230544903, "_model": 1, "weather": {"sun_altitude_angle": -77.6013975527634, "precipitation": 97.07515269299147, "wind_intensity": 85.20223393850831, "sun_azimuth_angle": 285.71389746745695, "fog_distance": "0", "cloudiness": 78.1749078545137, "fog_density": 26.58878557865727, "wetness": 98.29111219742288, "precipitation_deposits": 18.402548070168535}}], "scenario_type": "Scenario27"}], "Town04": [{"available_event_configurations": [{"transform": {"pitch": "0", "x": 254.9, "y": -230.9, "yaw": 90, "z": 0}, "_start_distance": 15.316758754691428, "_actor_vel": 2.442734391970745, "_trigger_distance": 16.757335230544903, "_model": 1, "weather": {"sun_altitude_angle": -77.6013975527634, "precipitation": 97.07515269299147, "wind_intensity": 85.20223393850831, "sun_azimuth_angle": 285.71389746745695, "fog_distance": "0", "cloudiness": 78.1749078545137, "fog_density": 26.58878557865727, "wetness": 98.29111219742288, "precipitation_deposits": 18.402548070168535}}], "scenario_type": "Scenario27"}], "Town03": [{"available_event_configurations": [{"transform": {"pitch": "0", "x": -88.5, "y": -90, "yaw": 90, "z": 0}, "_start_distance": 15.316758754691428, "_actor_vel": 2.442734391970745, "_trigger_distance": 16.757335230544903, "_model": 1, "weather": {"sun_altitude_angle": -77.6013975527634, "precipitation": 97.07515269299147, "wind_intensity": 85.20223393850831, "sun_azimuth_angle": 285.71389746745695, "fog_distance": "0", "cloudiness": 78.1749078545137, "fog_density": 26.58878557865727, "wetness": 98.29111219742288, "precipitation_deposits": 18.402548070168535}}], "scenario_type": "Scenario27"}]}]}