{"available_scenarios": [{"Town05": [{"available_event_configurations": [{"transform": {"pitch": "0", "x": 35, "y": 130, "yaw": -90, "z": 0}, "_start_distance": 19.75450527852024, "_actor_vel": 2.339479858657598, "_trigger_distance": 19.009069691435243, "_model": 1}, {"transform": {"pitch": "0", "x": 35, "y": 65, "yaw": -90, "z": 0}, "_start_distance": 19.75450527852024, "_actor_vel": 2.339479858657598, "_trigger_distance": 19.009069691435243, "_model": 1, "weather": {"sun_altitude_angle": 29.24893645711647, "precipitation": 26.62585507222113, "wind_intensity": 17.56363343157059, "sun_azimuth_angle": 172.62276754504663, "fog_distance": "0", "cloudiness": 87.57945242121762, "fog_density": 64.42099493338874, "wetness": 46.37548442175754, "precipitation_deposits": 10.261094004564509}}], "scenario_type": "Scenario27"}], "Town01": [{"available_event_configurations": [{"transform": {"pitch": "0", "x": 312, "y": 129, "yaw": 180, "z": 0}, "_start_distance": 19.75450527852024, "_actor_vel": 2.339479858657598, "_trigger_distance": 19.009069691435243, "_model": 1, "weather": {"sun_altitude_angle": 29.24893645711647, "precipitation": 26.62585507222113, "wind_intensity": 17.56363343157059, "sun_azimuth_angle": 172.62276754504663, "fog_distance": "0", "cloudiness": 87.57945242121762, "fog_density": 64.42099493338874, "wetness": 46.37548442175754, "precipitation_deposits": 10.261094004564509}}], "scenario_type": "Scenario27"}], "Town04": [{"available_event_configurations": [{"transform": {"pitch": "0", "x": 254.9, "y": -230.9, "yaw": 90, "z": 0}, "_start_distance": 19.75450527852024, "_actor_vel": 2.339479858657598, "_trigger_distance": 19.009069691435243, "_model": 1, "weather": {"sun_altitude_angle": 29.24893645711647, "precipitation": 26.62585507222113, "wind_intensity": 17.56363343157059, "sun_azimuth_angle": 172.62276754504663, "fog_distance": "0", "cloudiness": 87.57945242121762, "fog_density": 64.42099493338874, "wetness": 46.37548442175754, "precipitation_deposits": 10.261094004564509}}], "scenario_type": "Scenario27"}], "Town03": [{"available_event_configurations": [{"transform": {"pitch": "0", "x": -88.5, "y": -90, "yaw": 90, "z": 0}, "_start_distance": 19.75450527852024, "_actor_vel": 2.339479858657598, "_trigger_distance": 19.009069691435243, "_model": 1, "weather": {"sun_altitude_angle": 29.24893645711647, "precipitation": 26.62585507222113, "wind_intensity": 17.56363343157059, "sun_azimuth_angle": 172.62276754504663, "fog_distance": "0", "cloudiness": 87.57945242121762, "fog_density": 64.42099493338874, "wetness": 46.37548442175754, "precipitation_deposits": 10.261094004564509}}], "scenario_type": "Scenario27"}]}]}