{"available_scenarios": [{"Town05": [{"available_event_configurations": [{"transform": {"pitch": "0", "x": 35, "y": 130, "yaw": -90, "z": 0}, "_start_distance": 18.05368522406258, "_actor_vel": 2.3014835179298725, "_trigger_distance": 17.59957286131049, "_model": 1}, {"transform": {"pitch": "0", "x": 35, "y": 65, "yaw": -90, "z": 0}, "_start_distance": 18.05368522406258, "_actor_vel": 2.3014835179298725, "_trigger_distance": 17.59957286131049, "_model": 1, "weather": {"sun_altitude_angle": 73.03969224817124, "precipitation": 39.99510774725664, "wind_intensity": 2.676432710413512, "sun_azimuth_angle": 190.48499140898392, "fog_distance": "0", "cloudiness": 1.1578485300077768, "fog_density": 91.92187735254367, "wetness": 72.7308997075364, "precipitation_deposits": 49.39022303684142}}], "scenario_type": "Scenario27"}], "Town01": [{"available_event_configurations": [{"transform": {"pitch": "0", "x": 312, "y": 129, "yaw": 180, "z": 0}, "_start_distance": 18.05368522406258, "_actor_vel": 2.3014835179298725, "_trigger_distance": 17.59957286131049, "_model": 1, "weather": {"sun_altitude_angle": 73.03969224817124, "precipitation": 39.99510774725664, "wind_intensity": 2.676432710413512, "sun_azimuth_angle": 190.48499140898392, "fog_distance": "0", "cloudiness": 1.1578485300077768, "fog_density": 91.92187735254367, "wetness": 72.7308997075364, "precipitation_deposits": 49.39022303684142}}], "scenario_type": "Scenario27"}], "Town04": [{"available_event_configurations": [{"transform": {"pitch": "0", "x": 254.9, "y": -230.9, "yaw": 90, "z": 0}, "_start_distance": 18.05368522406258, "_actor_vel": 2.3014835179298725, "_trigger_distance": 17.59957286131049, "_model": 1, "weather": {"sun_altitude_angle": 73.03969224817124, "precipitation": 39.99510774725664, "wind_intensity": 2.676432710413512, "sun_azimuth_angle": 190.48499140898392, "fog_distance": "0", "cloudiness": 1.1578485300077768, "fog_density": 91.92187735254367, "wetness": 72.7308997075364, "precipitation_deposits": 49.39022303684142}}], "scenario_type": "Scenario27"}], "Town03": [{"available_event_configurations": [{"transform": {"pitch": "0", "x": -88.5, "y": -90, "yaw": 90, "z": 0}, "_start_distance": 18.05368522406258, "_actor_vel": 2.3014835179298725, "_trigger_distance": 17.59957286131049, "_model": 1, "weather": {"sun_altitude_angle": 73.03969224817124, "precipitation": 39.99510774725664, "wind_intensity": 2.676432710413512, "sun_azimuth_angle": 190.48499140898392, "fog_distance": "0", "cloudiness": 1.1578485300077768, "fog_density": 91.92187735254367, "wetness": 72.7308997075364, "precipitation_deposits": 49.39022303684142}}], "scenario_type": "Scenario27"}]}]}