{"available_scenarios": [{"Town05": [{"available_event_configurations": [{"transform": {"pitch": "0", "x": 35, "y": 130, "yaw": -90, "z": 0}, "_start_distance": 16.235949981254045, "_actor_vel": 2.484384473663061, "_trigger_distance": 17.78666513920338, "_model": 1}, {"transform": {"pitch": "0", "x": 35, "y": 65, "yaw": -90, "z": 0}, "_start_distance": 16.235949981254045, "_actor_vel": 2.484384473663061, "_trigger_distance": 17.78666513920338, "_model": 1, "weather": {"sun_altitude_angle": 55.45908935990926, "precipitation": 24.663129013126404, "wind_intensity": 62.31007304770891, "sun_azimuth_angle": 82.71798013934146, "fog_distance": "0", "cloudiness": 31.348966558483905, "fog_density": 41.46691704145151, "wetness": 86.03995505025594, "precipitation_deposits": 36.47626438611296}}], "scenario_type": "Scenario27"}], "Town01": [{"available_event_configurations": [{"transform": {"pitch": "0", "x": 312, "y": 129, "yaw": 180, "z": 0}, "_start_distance": 16.235949981254045, "_actor_vel": 2.484384473663061, "_trigger_distance": 17.78666513920338, "_model": 1, "weather": {"sun_altitude_angle": 55.45908935990926, "precipitation": 24.663129013126404, "wind_intensity": 62.31007304770891, "sun_azimuth_angle": 82.71798013934146, "fog_distance": "0", "cloudiness": 31.348966558483905, "fog_density": 41.46691704145151, "wetness": 86.03995505025594, "precipitation_deposits": 36.47626438611296}}], "scenario_type": "Scenario27"}], "Town04": [{"available_event_configurations": [{"transform": {"pitch": "0", "x": 254.9, "y": -230.9, "yaw": 90, "z": 0}, "_start_distance": 16.235949981254045, "_actor_vel": 2.484384473663061, "_trigger_distance": 17.78666513920338, "_model": 1, "weather": {"sun_altitude_angle": 55.45908935990926, "precipitation": 24.663129013126404, "wind_intensity": 62.31007304770891, "sun_azimuth_angle": 82.71798013934146, "fog_distance": "0", "cloudiness": 31.348966558483905, "fog_density": 41.46691704145151, "wetness": 86.03995505025594, "precipitation_deposits": 36.47626438611296}}], "scenario_type": "Scenario27"}], "Town03": [{"available_event_configurations": [{"transform": {"pitch": "0", "x": -88.5, "y": -90, "yaw": 90, "z": 0}, "_start_distance": 16.235949981254045, "_actor_vel": 2.484384473663061, "_trigger_distance": 17.78666513920338, "_model": 1, "weather": {"sun_altitude_angle": 55.45908935990926, "precipitation": 24.663129013126404, "wind_intensity": 62.31007304770891, "sun_azimuth_angle": 82.71798013934146, "fog_distance": "0", "cloudiness": 31.348966558483905, "fog_density": 41.46691704145151, "wetness": 86.03995505025594, "precipitation_deposits": 36.47626438611296}}], "scenario_type": "Scenario27"}]}]}