{"available_scenarios": [{"Town05": [{"available_event_configurations": [{"transform": {"pitch": "0", "x": 35, "y": 130, "yaw": -90, "z": 0}, "_start_distance": 18.048483485549223, "_actor_vel": 2.0339257665278536, "_trigger_distance": 18.48177813731644, "_model": 1}, {"transform": {"pitch": "0", "x": 35, "y": 65, "yaw": -90, "z": 0}, "_start_distance": 18.048483485549223, "_actor_vel": 2.0339257665278536, "_trigger_distance": 18.48177813731644, "_model": 1, "weather": {"sun_altitude_angle": 38.6574666620883, "precipitation": 62.137944003713145, "wind_intensity": 10.857219375439264, "sun_azimuth_angle": 41.59552959831871, "fog_distance": "0", "cloudiness": 50.58002604450975, "fog_density": 85.73526478211721, "wetness": 81.51322956019439, "precipitation_deposits": 81.12249885093891}}], "scenario_type": "Scenario27"}], "Town01": [{"available_event_configurations": [{"transform": {"pitch": "0", "x": 312, "y": 129, "yaw": 180, "z": 0}, "_start_distance": 18.048483485549223, "_actor_vel": 2.0339257665278536, "_trigger_distance": 18.48177813731644, "_model": 1, "weather": {"sun_altitude_angle": 38.6574666620883, "precipitation": 62.137944003713145, "wind_intensity": 10.857219375439264, "sun_azimuth_angle": 41.59552959831871, "fog_distance": "0", "cloudiness": 50.58002604450975, "fog_density": 85.73526478211721, "wetness": 81.51322956019439, "precipitation_deposits": 81.12249885093891}}], "scenario_type": "Scenario27"}], "Town04": [{"available_event_configurations": [{"transform": {"pitch": "0", "x": 254.9, "y": -230.9, "yaw": 90, "z": 0}, "_start_distance": 18.048483485549223, "_actor_vel": 2.0339257665278536, "_trigger_distance": 18.48177813731644, "_model": 1, "weather": {"sun_altitude_angle": 38.6574666620883, "precipitation": 62.137944003713145, "wind_intensity": 10.857219375439264, "sun_azimuth_angle": 41.59552959831871, "fog_distance": "0", "cloudiness": 50.58002604450975, "fog_density": 85.73526478211721, "wetness": 81.51322956019439, "precipitation_deposits": 81.12249885093891}}], "scenario_type": "Scenario27"}], "Town03": [{"available_event_configurations": [{"transform": {"pitch": "0", "x": -88.5, "y": -90, "yaw": 90, "z": 0}, "_start_distance": 18.048483485549223, "_actor_vel": 2.0339257665278536, "_trigger_distance": 18.48177813731644, "_model": 1, "weather": {"sun_altitude_angle": 38.6574666620883, "precipitation": 62.137944003713145, "wind_intensity": 10.857219375439264, "sun_azimuth_angle": 41.59552959831871, "fog_distance": "0", "cloudiness": 50.58002604450975, "fog_density": 85.73526478211721, "wetness": 81.51322956019439, "precipitation_deposits": 81.12249885093891}}], "scenario_type": "Scenario27"}]}]}