{"available_scenarios": [{"Town05": [{"available_event_configurations": [{"transform": {"pitch": "0", "x": 35, "y": 130, "yaw": -90, "z": 0}, "_start_distance": 18.7451718241276, "_actor_vel": 2.336764660837135, "_trigger_distance": 18.254364222172867, "_model": 1}, {"transform": {"pitch": "0", "x": 35, "y": 65, "yaw": -90, "z": 0}, "_start_distance": 18.7451718241276, "_actor_vel": 2.336764660837135, "_trigger_distance": 18.254364222172867, "_model": 1, "weather": {"sun_altitude_angle": 56.181009630916975, "precipitation": 48.13181471813937, "wind_intensity": 57.08257291832223, "sun_azimuth_angle": 99.84777026511213, "fog_distance": "0", "cloudiness": 64.52562793799864, "fog_density": 32.97200772708501, "wetness": 39.815939118983245, "precipitation_deposits": 33.39092762450733}}], "scenario_type": "Scenario27"}], "Town01": [{"available_event_configurations": [{"transform": {"pitch": "0", "x": 312, "y": 129, "yaw": 180, "z": 0}, "_start_distance": 18.7451718241276, "_actor_vel": 2.336764660837135, "_trigger_distance": 18.254364222172867, "_model": 1, "weather": {"sun_altitude_angle": 56.181009630916975, "precipitation": 48.13181471813937, "wind_intensity": 57.08257291832223, "sun_azimuth_angle": 99.84777026511213, "fog_distance": "0", "cloudiness": 64.52562793799864, "fog_density": 32.97200772708501, "wetness": 39.815939118983245, "precipitation_deposits": 33.39092762450733}}], "scenario_type": "Scenario27"}], "Town04": [{"available_event_configurations": [{"transform": {"pitch": "0", "x": 254.9, "y": -230.9, "yaw": 90, "z": 0}, "_start_distance": 18.7451718241276, "_actor_vel": 2.336764660837135, "_trigger_distance": 18.254364222172867, "_model": 1, "weather": {"sun_altitude_angle": 56.181009630916975, "precipitation": 48.13181471813937, "wind_intensity": 57.08257291832223, "sun_azimuth_angle": 99.84777026511213, "fog_distance": "0", "cloudiness": 64.52562793799864, "fog_density": 32.97200772708501, "wetness": 39.815939118983245, "precipitation_deposits": 33.39092762450733}}], "scenario_type": "Scenario27"}], "Town03": [{"available_event_configurations": [{"transform": {"pitch": "0", "x": -88.5, "y": -90, "yaw": 90, "z": 0}, "_start_distance": 18.7451718241276, "_actor_vel": 2.336764660837135, "_trigger_distance": 18.254364222172867, "_model": 1, "weather": {"sun_altitude_angle": 56.181009630916975, "precipitation": 48.13181471813937, "wind_intensity": 57.08257291832223, "sun_azimuth_angle": 99.84777026511213, "fog_distance": "0", "cloudiness": 64.52562793799864, "fog_density": 32.97200772708501, "wetness": 39.815939118983245, "precipitation_deposits": 33.39092762450733}}], "scenario_type": "Scenario27"}]}]}