{"available_scenarios": [{"Town05": [{"available_event_configurations": [{"transform": {"pitch": "0", "x": 35, "y": 130, "yaw": -90, "z": 0}, "_start_distance": 15.882570271066587, "_actor_vel": 2.486557474414545, "_trigger_distance": 17.630249359992735, "_model": 1}, {"transform": {"pitch": "0", "x": 35, "y": 65, "yaw": -90, "z": 0}, "_start_distance": 15.882570271066587, "_actor_vel": 2.486557474414545, "_trigger_distance": 17.630249359992735, "_model": 1, "weather": {"sun_altitude_angle": 37.83751148354146, "precipitation": 84.6321334037316, "wind_intensity": 15.399091116882024, "sun_azimuth_angle": 131.5486452252459, "fog_distance": "0", "cloudiness": 31.96859955353084, "fog_density": 13.867850806090976, "wetness": 9.276824008987173, "precipitation_deposits": 26.313122805126742}}], "scenario_type": "Scenario27"}], "Town01": [{"available_event_configurations": [{"transform": {"pitch": "0", "x": 312, "y": 129, "yaw": 180, "z": 0}, "_start_distance": 15.882570271066587, "_actor_vel": 2.486557474414545, "_trigger_distance": 17.630249359992735, "_model": 1, "weather": {"sun_altitude_angle": 37.83751148354146, "precipitation": 84.6321334037316, "wind_intensity": 15.399091116882024, "sun_azimuth_angle": 131.5486452252459, "fog_distance": "0", "cloudiness": 31.96859955353084, "fog_density": 13.867850806090976, "wetness": 9.276824008987173, "precipitation_deposits": 26.313122805126742}}], "scenario_type": "Scenario27"}], "Town04": [{"available_event_configurations": [{"transform": {"pitch": "0", "x": 254.9, "y": -230.9, "yaw": 90, "z": 0}, "_start_distance": 15.882570271066587, "_actor_vel": 2.486557474414545, "_trigger_distance": 17.630249359992735, "_model": 1, "weather": {"sun_altitude_angle": 37.83751148354146, "precipitation": 84.6321334037316, "wind_intensity": 15.399091116882024, "sun_azimuth_angle": 131.5486452252459, "fog_distance": "0", "cloudiness": 31.96859955353084, "fog_density": 13.867850806090976, "wetness": 9.276824008987173, "precipitation_deposits": 26.313122805126742}}], "scenario_type": "Scenario27"}], "Town03": [{"available_event_configurations": [{"transform": {"pitch": "0", "x": -88.5, "y": -90, "yaw": 90, "z": 0}, "_start_distance": 15.882570271066587, "_actor_vel": 2.486557474414545, "_trigger_distance": 17.630249359992735, "_model": 1, "weather": {"sun_altitude_angle": 37.83751148354146, "precipitation": 84.6321334037316, "wind_intensity": 15.399091116882024, "sun_azimuth_angle": 131.5486452252459, "fog_distance": "0", "cloudiness": 31.96859955353084, "fog_density": 13.867850806090976, "wetness": 9.276824008987173, "precipitation_deposits": 26.313122805126742}}], "scenario_type": "Scenario27"}]}]}