{"available_scenarios": [{"Town05": [{"available_event_configurations": [{"transform": {"pitch": "0", "x": 35, "y": 130, "yaw": -90, "z": 0}, "_start_distance": 19.099458101989086, "_actor_vel": 2.2396628136042676, "_trigger_distance": 17.343360818287316, "_model": 1}, {"transform": {"pitch": "0", "x": 35, "y": 65, "yaw": -90, "z": 0}, "_start_distance": 19.099458101989086, "_actor_vel": 2.2396628136042676, "_trigger_distance": 17.343360818287316, "_model": 1, "weather": {"sun_altitude_angle": 47.31938166850699, "precipitation": 23.310291947758056, "wind_intensity": 98.34015731429326, "sun_azimuth_angle": 167.40867807155934, "fog_distance": "0", "cloudiness": 27.464735043404776, "fog_density": 51.89804458490321, "wetness": 78.26011308876204, "precipitation_deposits": 38.342787690470004}}], "scenario_type": "Scenario27"}], "Town01": [{"available_event_configurations": [{"transform": {"pitch": "0", "x": 312, "y": 129, "yaw": 180, "z": 0}, "_start_distance": 19.099458101989086, "_actor_vel": 2.2396628136042676, "_trigger_distance": 17.343360818287316, "_model": 1, "weather": {"sun_altitude_angle": 47.31938166850699, "precipitation": 23.310291947758056, "wind_intensity": 98.34015731429326, "sun_azimuth_angle": 167.40867807155934, "fog_distance": "0", "cloudiness": 27.464735043404776, "fog_density": 51.89804458490321, "wetness": 78.26011308876204, "precipitation_deposits": 38.342787690470004}}], "scenario_type": "Scenario27"}], "Town04": [{"available_event_configurations": [{"transform": {"pitch": "0", "x": 254.9, "y": -230.9, "yaw": 90, "z": 0}, "_start_distance": 19.099458101989086, "_actor_vel": 2.2396628136042676, "_trigger_distance": 17.343360818287316, "_model": 1, "weather": {"sun_altitude_angle": 47.31938166850699, "precipitation": 23.310291947758056, "wind_intensity": 98.34015731429326, "sun_azimuth_angle": 167.40867807155934, "fog_distance": "0", "cloudiness": 27.464735043404776, "fog_density": 51.89804458490321, "wetness": 78.26011308876204, "precipitation_deposits": 38.342787690470004}}], "scenario_type": "Scenario27"}], "Town03": [{"available_event_configurations": [{"transform": {"pitch": "0", "x": -88.5, "y": -90, "yaw": 90, "z": 0}, "_start_distance": 19.099458101989086, "_actor_vel": 2.2396628136042676, "_trigger_distance": 17.343360818287316, "_model": 1, "weather": {"sun_altitude_angle": 47.31938166850699, "precipitation": 23.310291947758056, "wind_intensity": 98.34015731429326, "sun_azimuth_angle": 167.40867807155934, "fog_distance": "0", "cloudiness": 27.464735043404776, "fog_density": 51.89804458490321, "wetness": 78.26011308876204, "precipitation_deposits": 38.342787690470004}}], "scenario_type": "Scenario27"}]}]}