{"available_scenarios": [{"Town05": [{"available_event_configurations": [{"transform": {"pitch": "0", "x": 35, "y": 130, "yaw": -90, "z": 0}, "_start_distance": 15.023403262677862, "_actor_vel": 2.1607233697832258, "_trigger_distance": 17.78285298089475, "_model": 1}, {"transform": {"pitch": "0", "x": 35, "y": 65, "yaw": -90, "z": 0}, "_start_distance": 15.023403262677862, "_actor_vel": 2.1607233697832258, "_trigger_distance": 17.78285298089475, "_model": 1, "weather": {"sun_altitude_angle": -56.62681170878056, "precipitation": 25.056556588053645, "wind_intensity": 71.60773294145962, "sun_azimuth_angle": 262.1339282022088, "fog_distance": "0", "cloudiness": 69.1547133683977, "fog_density": 33.37746532396857, "wetness": 10.909513239902513, "precipitation_deposits": 67.6561853388635}}], "scenario_type": "Scenario27"}], "Town01": [{"available_event_configurations": [{"transform": {"pitch": "0", "x": 312, "y": 129, "yaw": 180, "z": 0}, "_start_distance": 15.023403262677862, "_actor_vel": 2.1607233697832258, "_trigger_distance": 17.78285298089475, "_model": 1, "weather": {"sun_altitude_angle": -56.62681170878056, "precipitation": 25.056556588053645, "wind_intensity": 71.60773294145962, "sun_azimuth_angle": 262.1339282022088, "fog_distance": "0", "cloudiness": 69.1547133683977, "fog_density": 33.37746532396857, "wetness": 10.909513239902513, "precipitation_deposits": 67.6561853388635}}], "scenario_type": "Scenario27"}], "Town04": [{"available_event_configurations": [{"transform": {"pitch": "0", "x": 254.9, "y": -230.9, "yaw": 90, "z": 0}, "_start_distance": 15.023403262677862, "_actor_vel": 2.1607233697832258, "_trigger_distance": 17.78285298089475, "_model": 1, "weather": {"sun_altitude_angle": -56.62681170878056, "precipitation": 25.056556588053645, "wind_intensity": 71.60773294145962, "sun_azimuth_angle": 262.1339282022088, "fog_distance": "0", "cloudiness": 69.1547133683977, "fog_density": 33.37746532396857, "wetness": 10.909513239902513, "precipitation_deposits": 67.6561853388635}}], "scenario_type": "Scenario27"}], "Town03": [{"available_event_configurations": [{"transform": {"pitch": "0", "x": -88.5, "y": -90, "yaw": 90, "z": 0}, "_start_distance": 15.023403262677862, "_actor_vel": 2.1607233697832258, "_trigger_distance": 17.78285298089475, "_model": 1, "weather": {"sun_altitude_angle": -56.62681170878056, "precipitation": 25.056556588053645, "wind_intensity": 71.60773294145962, "sun_azimuth_angle": 262.1339282022088, "fog_distance": "0", "cloudiness": 69.1547133683977, "fog_density": 33.37746532396857, "wetness": 10.909513239902513, "precipitation_deposits": 67.6561853388635}}], "scenario_type": "Scenario27"}]}]}