{"available_scenarios": [{"Town05": [{"available_event_configurations": [{"transform": {"pitch": "0", "x": 35, "y": 130, "yaw": -90, "z": 0}, "_start_distance": 17.601693989713066, "_actor_vel": 2.1948231130999103, "_trigger_distance": 19.990050351802942, "_model": 1}, {"transform": {"pitch": "0", "x": 35, "y": 65, "yaw": -90, "z": 0}, "_start_distance": 17.601693989713066, "_actor_vel": 2.1948231130999103, "_trigger_distance": 19.990050351802942, "_model": 1, "weather": {"sun_altitude_angle": 5.495537942182864, "precipitation": 21.87342061151394, "wind_intensity": 28.778729350424147, "sun_azimuth_angle": 64.07133946967473, "fog_distance": "0", "cloudiness": 93.6860953669626, "fog_density": 5.099694842142377, "wetness": 7.366983387700776, "precipitation_deposits": 57.08087874603508}}], "scenario_type": "Scenario27"}], "Town01": [{"available_event_configurations": [{"transform": {"pitch": "0", "x": 312, "y": 129, "yaw": 180, "z": 0}, "_start_distance": 17.601693989713066, "_actor_vel": 2.1948231130999103, "_trigger_distance": 19.990050351802942, "_model": 1, "weather": {"sun_altitude_angle": 5.495537942182864, "precipitation": 21.87342061151394, "wind_intensity": 28.778729350424147, "sun_azimuth_angle": 64.07133946967473, "fog_distance": "0", "cloudiness": 93.6860953669626, "fog_density": 5.099694842142377, "wetness": 7.366983387700776, "precipitation_deposits": 57.08087874603508}}], "scenario_type": "Scenario27"}], "Town04": [{"available_event_configurations": [{"transform": {"pitch": "0", "x": 254.9, "y": -230.9, "yaw": 90, "z": 0}, "_start_distance": 17.601693989713066, "_actor_vel": 2.1948231130999103, "_trigger_distance": 19.990050351802942, "_model": 1, "weather": {"sun_altitude_angle": 5.495537942182864, "precipitation": 21.87342061151394, "wind_intensity": 28.778729350424147, "sun_azimuth_angle": 64.07133946967473, "fog_distance": "0", "cloudiness": 93.6860953669626, "fog_density": 5.099694842142377, "wetness": 7.366983387700776, "precipitation_deposits": 57.08087874603508}}], "scenario_type": "Scenario27"}], "Town03": [{"available_event_configurations": [{"transform": {"pitch": "0", "x": -88.5, "y": -90, "yaw": 90, "z": 0}, "_start_distance": 17.601693989713066, "_actor_vel": 2.1948231130999103, "_trigger_distance": 19.990050351802942, "_model": 1, "weather": {"sun_altitude_angle": 5.495537942182864, "precipitation": 21.87342061151394, "wind_intensity": 28.778729350424147, "sun_azimuth_angle": 64.07133946967473, "fog_distance": "0", "cloudiness": 93.6860953669626, "fog_density": 5.099694842142377, "wetness": 7.366983387700776, "precipitation_deposits": 57.08087874603508}}], "scenario_type": "Scenario27"}]}]}