{"available_scenarios": [{"Town05": [{"available_event_configurations": [{"transform": {"pitch": "0", "x": 35, "y": 130, "yaw": -90, "z": 0}, "_start_distance": 16.666134262477573, "_actor_vel": 2.1249088756979027, "_trigger_distance": 19.75934162526068, "_model": 1}, {"transform": {"pitch": "0", "x": 35, "y": 65, "yaw": -90, "z": 0}, "_start_distance": 16.666134262477573, "_actor_vel": 2.1249088756979027, "_trigger_distance": 19.75934162526068, "_model": 1, "weather": {"sun_altitude_angle": 5.17452761435743, "precipitation": 70.13925523967941, "wind_intensity": 98.65209406610221, "sun_azimuth_angle": 56.79248397576346, "fog_distance": "0", "cloudiness": 24.28747307705943, "fog_density": 2.8227993711789634, "wetness": 68.67488029675955, "precipitation_deposits": 43.01343620570728}}], "scenario_type": "Scenario27"}], "Town01": [{"available_event_configurations": [{"transform": {"pitch": "0", "x": 312, "y": 129, "yaw": 180, "z": 0}, "_start_distance": 16.666134262477573, "_actor_vel": 2.1249088756979027, "_trigger_distance": 19.75934162526068, "_model": 1, "weather": {"sun_altitude_angle": 5.17452761435743, "precipitation": 70.13925523967941, "wind_intensity": 98.65209406610221, "sun_azimuth_angle": 56.79248397576346, "fog_distance": "0", "cloudiness": 24.28747307705943, "fog_density": 2.8227993711789634, "wetness": 68.67488029675955, "precipitation_deposits": 43.01343620570728}}], "scenario_type": "Scenario27"}], "Town04": [{"available_event_configurations": [{"transform": {"pitch": "0", "x": 254.9, "y": -230.9, "yaw": 90, "z": 0}, "_start_distance": 16.666134262477573, "_actor_vel": 2.1249088756979027, "_trigger_distance": 19.75934162526068, "_model": 1, "weather": {"sun_altitude_angle": 5.17452761435743, "precipitation": 70.13925523967941, "wind_intensity": 98.65209406610221, "sun_azimuth_angle": 56.79248397576346, "fog_distance": "0", "cloudiness": 24.28747307705943, "fog_density": 2.8227993711789634, "wetness": 68.67488029675955, "precipitation_deposits": 43.01343620570728}}], "scenario_type": "Scenario27"}], "Town03": [{"available_event_configurations": [{"transform": {"pitch": "0", "x": -88.5, "y": -90, "yaw": 90, "z": 0}, "_start_distance": 16.666134262477573, "_actor_vel": 2.1249088756979027, "_trigger_distance": 19.75934162526068, "_model": 1, "weather": {"sun_altitude_angle": 5.17452761435743, "precipitation": 70.13925523967941, "wind_intensity": 98.65209406610221, "sun_azimuth_angle": 56.79248397576346, "fog_distance": "0", "cloudiness": 24.28747307705943, "fog_density": 2.8227993711789634, "wetness": 68.67488029675955, "precipitation_deposits": 43.01343620570728}}], "scenario_type": "Scenario27"}]}]}