{"available_scenarios": [{"Town05": [{"available_event_configurations": [{"transform": {"pitch": "0", "x": 35, "y": 130, "yaw": -90, "z": 0}, "_start_distance": 16.58137253645452, "_actor_vel": 2.2953867667045635, "_trigger_distance": 16.178160441192485, "_model": 1}, {"transform": {"pitch": "0", "x": 35, "y": 65, "yaw": -90, "z": 0}, "_start_distance": 16.58137253645452, "_actor_vel": 2.2953867667045635, "_trigger_distance": 16.178160441192485, "_model": 1, "weather": {"sun_altitude_angle": -81.5549813658099, "precipitation": 81.15051568951534, "wind_intensity": 52.04353584880079, "sun_azimuth_angle": 356.0432141720115, "fog_distance": "0", "cloudiness": 94.10261622650728, "fog_density": 94.2471140628045, "wetness": 99.66639274112256, "precipitation_deposits": 13.873963299032754}}], "scenario_type": "Scenario27"}], "Town01": [{"available_event_configurations": [{"transform": {"pitch": "0", "x": 312, "y": 129, "yaw": 180, "z": 0}, "_start_distance": 16.58137253645452, "_actor_vel": 2.2953867667045635, "_trigger_distance": 16.178160441192485, "_model": 1, "weather": {"sun_altitude_angle": -81.5549813658099, "precipitation": 81.15051568951534, "wind_intensity": 52.04353584880079, "sun_azimuth_angle": 356.0432141720115, "fog_distance": "0", "cloudiness": 94.10261622650728, "fog_density": 94.2471140628045, "wetness": 99.66639274112256, "precipitation_deposits": 13.873963299032754}}], "scenario_type": "Scenario27"}], "Town04": [{"available_event_configurations": [{"transform": {"pitch": "0", "x": 254.9, "y": -230.9, "yaw": 90, "z": 0}, "_start_distance": 16.58137253645452, "_actor_vel": 2.2953867667045635, "_trigger_distance": 16.178160441192485, "_model": 1, "weather": {"sun_altitude_angle": -81.5549813658099, "precipitation": 81.15051568951534, "wind_intensity": 52.04353584880079, "sun_azimuth_angle": 356.0432141720115, "fog_distance": "0", "cloudiness": 94.10261622650728, "fog_density": 94.2471140628045, "wetness": 99.66639274112256, "precipitation_deposits": 13.873963299032754}}], "scenario_type": "Scenario27"}], "Town03": [{"available_event_configurations": [{"transform": {"pitch": "0", "x": -88.5, "y": -90, "yaw": 90, "z": 0}, "_start_distance": 16.58137253645452, "_actor_vel": 2.2953867667045635, "_trigger_distance": 16.178160441192485, "_model": 1, "weather": {"sun_altitude_angle": -81.5549813658099, "precipitation": 81.15051568951534, "wind_intensity": 52.04353584880079, "sun_azimuth_angle": 356.0432141720115, "fog_distance": "0", "cloudiness": 94.10261622650728, "fog_density": 94.2471140628045, "wetness": 99.66639274112256, "precipitation_deposits": 13.873963299032754}}], "scenario_type": "Scenario27"}]}]}