{"available_scenarios": [{"Town05": [{"available_event_configurations": [{"transform": {"pitch": "0", "x": 35, "y": 130, "yaw": -90, "z": 0}, "_start_distance": 18.210130661569366, "_actor_vel": 2.2375115398557934, "_trigger_distance": 16.61003407382386, "_model": 1}, {"transform": {"pitch": "0", "x": 35, "y": 65, "yaw": -90, "z": 0}, "_start_distance": 18.210130661569366, "_actor_vel": 2.2375115398557934, "_trigger_distance": 16.61003407382386, "_model": 1, "weather": {"sun_altitude_angle": -84.64223670980924, "precipitation": 66.47377786245475, "wind_intensity": 19.994228486403742, "sun_azimuth_angle": 328.3989940762662, "fog_distance": "0", "cloudiness": 35.70595722825448, "fog_density": 52.70815332199008, "wetness": 89.83500409436364, "precipitation_deposits": 12.817203905326323}}], "scenario_type": "Scenario27"}], "Town01": [{"available_event_configurations": [{"transform": {"pitch": "0", "x": 312, "y": 129, "yaw": 180, "z": 0}, "_start_distance": 18.210130661569366, "_actor_vel": 2.2375115398557934, "_trigger_distance": 16.61003407382386, "_model": 1, "weather": {"sun_altitude_angle": -84.64223670980924, "precipitation": 66.47377786245475, "wind_intensity": 19.994228486403742, "sun_azimuth_angle": 328.3989940762662, "fog_distance": "0", "cloudiness": 35.70595722825448, "fog_density": 52.70815332199008, "wetness": 89.83500409436364, "precipitation_deposits": 12.817203905326323}}], "scenario_type": "Scenario27"}], "Town04": [{"available_event_configurations": [{"transform": {"pitch": "0", "x": 254.9, "y": -230.9, "yaw": 90, "z": 0}, "_start_distance": 18.210130661569366, "_actor_vel": 2.2375115398557934, "_trigger_distance": 16.61003407382386, "_model": 1, "weather": {"sun_altitude_angle": -84.64223670980924, "precipitation": 66.47377786245475, "wind_intensity": 19.994228486403742, "sun_azimuth_angle": 328.3989940762662, "fog_distance": "0", "cloudiness": 35.70595722825448, "fog_density": 52.70815332199008, "wetness": 89.83500409436364, "precipitation_deposits": 12.817203905326323}}], "scenario_type": "Scenario27"}], "Town03": [{"available_event_configurations": [{"transform": {"pitch": "0", "x": -88.5, "y": -90, "yaw": 90, "z": 0}, "_start_distance": 18.210130661569366, "_actor_vel": 2.2375115398557934, "_trigger_distance": 16.61003407382386, "_model": 1, "weather": {"sun_altitude_angle": -84.64223670980924, "precipitation": 66.47377786245475, "wind_intensity": 19.994228486403742, "sun_azimuth_angle": 328.3989940762662, "fog_distance": "0", "cloudiness": 35.70595722825448, "fog_density": 52.70815332199008, "wetness": 89.83500409436364, "precipitation_deposits": 12.817203905326323}}], "scenario_type": "Scenario27"}]}]}