{"available_scenarios": [{"Town05": [{"available_event_configurations": [{"transform": {"pitch": "0", "x": 35, "y": 130, "yaw": -90, "z": 0}, "_start_distance": 16.3699871699165, "_actor_vel": 2.082718460467099, "_trigger_distance": 15.636658948834082, "_model": 1}, {"transform": {"pitch": "0", "x": 35, "y": 65, "yaw": -90, "z": 0}, "_start_distance": 16.3699871699165, "_actor_vel": 2.082718460467099, "_trigger_distance": 15.636658948834082, "_model": 1, "weather": {"sun_altitude_angle": -52.99382117959411, "precipitation": 44.86004039366295, "wind_intensity": 48.91963473323935, "sun_azimuth_angle": 174.96214677875207, "fog_distance": "0", "cloudiness": 7.042048564343794, "fog_density": 46.87396535935283, "wetness": 49.50492944280046, "precipitation_deposits": 40.946199138879756}}], "scenario_type": "Scenario27"}], "Town01": [{"available_event_configurations": [{"transform": {"pitch": "0", "x": 312, "y": 129, "yaw": 180, "z": 0}, "_start_distance": 16.3699871699165, "_actor_vel": 2.082718460467099, "_trigger_distance": 15.636658948834082, "_model": 1, "weather": {"sun_altitude_angle": -52.99382117959411, "precipitation": 44.86004039366295, "wind_intensity": 48.91963473323935, "sun_azimuth_angle": 174.96214677875207, "fog_distance": "0", "cloudiness": 7.042048564343794, "fog_density": 46.87396535935283, "wetness": 49.50492944280046, "precipitation_deposits": 40.946199138879756}}], "scenario_type": "Scenario27"}], "Town04": [{"available_event_configurations": [{"transform": {"pitch": "0", "x": 254.9, "y": -230.9, "yaw": 90, "z": 0}, "_start_distance": 16.3699871699165, "_actor_vel": 2.082718460467099, "_trigger_distance": 15.636658948834082, "_model": 1, "weather": {"sun_altitude_angle": -52.99382117959411, "precipitation": 44.86004039366295, "wind_intensity": 48.91963473323935, "sun_azimuth_angle": 174.96214677875207, "fog_distance": "0", "cloudiness": 7.042048564343794, "fog_density": 46.87396535935283, "wetness": 49.50492944280046, "precipitation_deposits": 40.946199138879756}}], "scenario_type": "Scenario27"}], "Town03": [{"available_event_configurations": [{"transform": {"pitch": "0", "x": -88.5, "y": -90, "yaw": 90, "z": 0}, "_start_distance": 16.3699871699165, "_actor_vel": 2.082718460467099, "_trigger_distance": 15.636658948834082, "_model": 1, "weather": {"sun_altitude_angle": -52.99382117959411, "precipitation": 44.86004039366295, "wind_intensity": 48.91963473323935, "sun_azimuth_angle": 174.96214677875207, "fog_distance": "0", "cloudiness": 7.042048564343794, "fog_density": 46.87396535935283, "wetness": 49.50492944280046, "precipitation_deposits": 40.946199138879756}}], "scenario_type": "Scenario27"}]}]}