{"available_scenarios": [{"Town05": [{"available_event_configurations": [{"transform": {"pitch": "0", "x": 35, "y": 130, "yaw": -90, "z": 0}, "_start_distance": 17.338401089794765, "_actor_vel": 2.2816710860125795, "_trigger_distance": 16.379193111712652, "_model": 1}, {"transform": {"pitch": "0", "x": 35, "y": 65, "yaw": -90, "z": 0}, "_start_distance": 17.338401089794765, "_actor_vel": 2.2816710860125795, "_trigger_distance": 16.379193111712652, "_model": 1, "weather": {"sun_altitude_angle": 75.3010048703963, "precipitation": 0.7068792913946464, "wind_intensity": 95.01000905713846, "sun_azimuth_angle": 322.20211972632666, "fog_distance": "0", "cloudiness": 3.2106392334776857, "fog_density": 83.47834997140114, "wetness": 65.78196219206251, "precipitation_deposits": 64.7747408336183}}], "scenario_type": "Scenario27"}], "Town01": [{"available_event_configurations": [{"transform": {"pitch": "0", "x": 312, "y": 129, "yaw": 180, "z": 0}, "_start_distance": 17.338401089794765, "_actor_vel": 2.2816710860125795, "_trigger_distance": 16.379193111712652, "_model": 1, "weather": {"sun_altitude_angle": 75.3010048703963, "precipitation": 0.7068792913946464, "wind_intensity": 95.01000905713846, "sun_azimuth_angle": 322.20211972632666, "fog_distance": "0", "cloudiness": 3.2106392334776857, "fog_density": 83.47834997140114, "wetness": 65.78196219206251, "precipitation_deposits": 64.7747408336183}}], "scenario_type": "Scenario27"}], "Town04": [{"available_event_configurations": [{"transform": {"pitch": "0", "x": 254.9, "y": -230.9, "yaw": 90, "z": 0}, "_start_distance": 17.338401089794765, "_actor_vel": 2.2816710860125795, "_trigger_distance": 16.379193111712652, "_model": 1, "weather": {"sun_altitude_angle": 75.3010048703963, "precipitation": 0.7068792913946464, "wind_intensity": 95.01000905713846, "sun_azimuth_angle": 322.20211972632666, "fog_distance": "0", "cloudiness": 3.2106392334776857, "fog_density": 83.47834997140114, "wetness": 65.78196219206251, "precipitation_deposits": 64.7747408336183}}], "scenario_type": "Scenario27"}], "Town03": [{"available_event_configurations": [{"transform": {"pitch": "0", "x": -88.5, "y": -90, "yaw": 90, "z": 0}, "_start_distance": 17.338401089794765, "_actor_vel": 2.2816710860125795, "_trigger_distance": 16.379193111712652, "_model": 1, "weather": {"sun_altitude_angle": 75.3010048703963, "precipitation": 0.7068792913946464, "wind_intensity": 95.01000905713846, "sun_azimuth_angle": 322.20211972632666, "fog_distance": "0", "cloudiness": 3.2106392334776857, "fog_density": 83.47834997140114, "wetness": 65.78196219206251, "precipitation_deposits": 64.7747408336183}}], "scenario_type": "Scenario27"}]}]}