{"available_scenarios": [{"Town05": [{"available_event_configurations": [{"transform": {"pitch": "0", "x": 35, "y": 130, "yaw": -90, "z": 0}, "_start_distance": 15.301930680563272, "_actor_vel": 2.102294504769245, "_trigger_distance": 17.62678110494901, "_model": 1}, {"transform": {"pitch": "0", "x": 35, "y": 65, "yaw": -90, "z": 0}, "_start_distance": 15.301930680563272, "_actor_vel": 2.102294504769245, "_trigger_distance": 17.62678110494901, "_model": 1, "weather": {"sun_altitude_angle": 33.36047622990074, "precipitation": 29.96251948102725, "wind_intensity": 87.7591467869, "sun_azimuth_angle": 234.9091946830978, "fog_distance": "0", "cloudiness": 72.1358423059053, "fog_density": 89.09279573575644, "wetness": 36.344120120623444, "precipitation_deposits": 0.7469807380439564}}], "scenario_type": "Scenario27"}], "Town01": [{"available_event_configurations": [{"transform": {"pitch": "0", "x": 312, "y": 129, "yaw": 180, "z": 0}, "_start_distance": 15.301930680563272, "_actor_vel": 2.102294504769245, "_trigger_distance": 17.62678110494901, "_model": 1, "weather": {"sun_altitude_angle": 33.36047622990074, "precipitation": 29.96251948102725, "wind_intensity": 87.7591467869, "sun_azimuth_angle": 234.9091946830978, "fog_distance": "0", "cloudiness": 72.1358423059053, "fog_density": 89.09279573575644, "wetness": 36.344120120623444, "precipitation_deposits": 0.7469807380439564}}], "scenario_type": "Scenario27"}], "Town04": [{"available_event_configurations": [{"transform": {"pitch": "0", "x": 254.9, "y": -230.9, "yaw": 90, "z": 0}, "_start_distance": 15.301930680563272, "_actor_vel": 2.102294504769245, "_trigger_distance": 17.62678110494901, "_model": 1, "weather": {"sun_altitude_angle": 33.36047622990074, "precipitation": 29.96251948102725, "wind_intensity": 87.7591467869, "sun_azimuth_angle": 234.9091946830978, "fog_distance": "0", "cloudiness": 72.1358423059053, "fog_density": 89.09279573575644, "wetness": 36.344120120623444, "precipitation_deposits": 0.7469807380439564}}], "scenario_type": "Scenario27"}], "Town03": [{"available_event_configurations": [{"transform": {"pitch": "0", "x": -88.5, "y": -90, "yaw": 90, "z": 0}, "_start_distance": 15.301930680563272, "_actor_vel": 2.102294504769245, "_trigger_distance": 17.62678110494901, "_model": 1, "weather": {"sun_altitude_angle": 33.36047622990074, "precipitation": 29.96251948102725, "wind_intensity": 87.7591467869, "sun_azimuth_angle": 234.9091946830978, "fog_distance": "0", "cloudiness": 72.1358423059053, "fog_density": 89.09279573575644, "wetness": 36.344120120623444, "precipitation_deposits": 0.7469807380439564}}], "scenario_type": "Scenario27"}]}]}