{"available_scenarios": [{"Town05": [{"available_event_configurations": [{"transform": {"pitch": "0", "x": 35, "y": 130, "yaw": -90, "z": 0}, "_start_distance": 16.97859011746745, "_actor_vel": 2.321259179078076, "_trigger_distance": 15.760840737062459, "_model": 1}, {"transform": {"pitch": "0", "x": 35, "y": 65, "yaw": -90, "z": 0}, "_start_distance": 16.97859011746745, "_actor_vel": 2.321259179078076, "_trigger_distance": 15.760840737062459, "_model": 1, "weather": {"sun_altitude_angle": 34.331462351719324, "precipitation": 19.244103116909972, "wind_intensity": 17.586969130030205, "sun_azimuth_angle": 165.9591319385646, "fog_distance": "0", "cloudiness": 62.703507562531236, "fog_density": 78.6428100324569, "wetness": 82.08673584659543, "precipitation_deposits": 72.54571399269432}}], "scenario_type": "Scenario27"}], "Town01": [{"available_event_configurations": [{"transform": {"pitch": "0", "x": 312, "y": 129, "yaw": 180, "z": 0}, "_start_distance": 16.97859011746745, "_actor_vel": 2.321259179078076, "_trigger_distance": 15.760840737062459, "_model": 1, "weather": {"sun_altitude_angle": 34.331462351719324, "precipitation": 19.244103116909972, "wind_intensity": 17.586969130030205, "sun_azimuth_angle": 165.9591319385646, "fog_distance": "0", "cloudiness": 62.703507562531236, "fog_density": 78.6428100324569, "wetness": 82.08673584659543, "precipitation_deposits": 72.54571399269432}}], "scenario_type": "Scenario27"}], "Town04": [{"available_event_configurations": [{"transform": {"pitch": "0", "x": 254.9, "y": -230.9, "yaw": 90, "z": 0}, "_start_distance": 16.97859011746745, "_actor_vel": 2.321259179078076, "_trigger_distance": 15.760840737062459, "_model": 1, "weather": {"sun_altitude_angle": 34.331462351719324, "precipitation": 19.244103116909972, "wind_intensity": 17.586969130030205, "sun_azimuth_angle": 165.9591319385646, "fog_distance": "0", "cloudiness": 62.703507562531236, "fog_density": 78.6428100324569, "wetness": 82.08673584659543, "precipitation_deposits": 72.54571399269432}}], "scenario_type": "Scenario27"}], "Town03": [{"available_event_configurations": [{"transform": {"pitch": "0", "x": -88.5, "y": -90, "yaw": 90, "z": 0}, "_start_distance": 16.97859011746745, "_actor_vel": 2.321259179078076, "_trigger_distance": 15.760840737062459, "_model": 1, "weather": {"sun_altitude_angle": 34.331462351719324, "precipitation": 19.244103116909972, "wind_intensity": 17.586969130030205, "sun_azimuth_angle": 165.9591319385646, "fog_distance": "0", "cloudiness": 62.703507562531236, "fog_density": 78.6428100324569, "wetness": 82.08673584659543, "precipitation_deposits": 72.54571399269432}}], "scenario_type": "Scenario27"}]}]}