{"available_scenarios": [{"Town05": [{"available_event_configurations": [{"transform": {"pitch": "0", "x": 35, "y": 130, "yaw": -90, "z": 0}, "_start_distance": 18.15952306312976, "_actor_vel": 2.4927106467001168, "_trigger_distance": 18.03022568702363, "_model": 1}, {"transform": {"pitch": "0", "x": 35, "y": 65, "yaw": -90, "z": 0}, "_start_distance": 18.15952306312976, "_actor_vel": 2.4927106467001168, "_trigger_distance": 18.03022568702363, "_model": 1, "weather": {"sun_altitude_angle": 49.301629814010454, "precipitation": 9.791668854051384, "wind_intensity": 18.469896998177692, "sun_azimuth_angle": 106.64307872491439, "fog_distance": "0", "cloudiness": 27.22241650155528, "fog_density": 7.0663667751042265, "wetness": 90.54006764610912, "precipitation_deposits": 15.066956586512514}}], "scenario_type": "Scenario27"}], "Town01": [{"available_event_configurations": [{"transform": {"pitch": "0", "x": 312, "y": 129, "yaw": 180, "z": 0}, "_start_distance": 18.15952306312976, "_actor_vel": 2.4927106467001168, "_trigger_distance": 18.03022568702363, "_model": 1, "weather": {"sun_altitude_angle": 49.301629814010454, "precipitation": 9.791668854051384, "wind_intensity": 18.469896998177692, "sun_azimuth_angle": 106.64307872491439, "fog_distance": "0", "cloudiness": 27.22241650155528, "fog_density": 7.0663667751042265, "wetness": 90.54006764610912, "precipitation_deposits": 15.066956586512514}}], "scenario_type": "Scenario27"}], "Town04": [{"available_event_configurations": [{"transform": {"pitch": "0", "x": 254.9, "y": -230.9, "yaw": 90, "z": 0}, "_start_distance": 18.15952306312976, "_actor_vel": 2.4927106467001168, "_trigger_distance": 18.03022568702363, "_model": 1, "weather": {"sun_altitude_angle": 49.301629814010454, "precipitation": 9.791668854051384, "wind_intensity": 18.469896998177692, "sun_azimuth_angle": 106.64307872491439, "fog_distance": "0", "cloudiness": 27.22241650155528, "fog_density": 7.0663667751042265, "wetness": 90.54006764610912, "precipitation_deposits": 15.066956586512514}}], "scenario_type": "Scenario27"}], "Town03": [{"available_event_configurations": [{"transform": {"pitch": "0", "x": -88.5, "y": -90, "yaw": 90, "z": 0}, "_start_distance": 18.15952306312976, "_actor_vel": 2.4927106467001168, "_trigger_distance": 18.03022568702363, "_model": 1, "weather": {"sun_altitude_angle": 49.301629814010454, "precipitation": 9.791668854051384, "wind_intensity": 18.469896998177692, "sun_azimuth_angle": 106.64307872491439, "fog_distance": "0", "cloudiness": 27.22241650155528, "fog_density": 7.0663667751042265, "wetness": 90.54006764610912, "precipitation_deposits": 15.066956586512514}}], "scenario_type": "Scenario27"}]}]}