{"available_scenarios": [{"Town05": [{"available_event_configurations": [{"transform": {"pitch": "0", "x": 35, "y": 130, "yaw": -90, "z": 0}, "_start_distance": 19.831951831151713, "_actor_vel": 2.0463508141555913, "_trigger_distance": 19.47316401163148, "_model": 1}, {"transform": {"pitch": "0", "x": 35, "y": 65, "yaw": -90, "z": 0}, "_start_distance": 19.831951831151713, "_actor_vel": 2.0463508141555913, "_trigger_distance": 19.47316401163148, "_model": 1, "weather": {"sun_altitude_angle": 50.74694928296597, "precipitation": 47.87511427314931, "wind_intensity": 27.77323488646325, "sun_azimuth_angle": 196.11055239654524, "fog_distance": "0", "cloudiness": 37.70622779490294, "fog_density": 20.475141837387167, "wetness": 24.330333589074005, "precipitation_deposits": 63.18758565405859}}], "scenario_type": "Scenario27"}], "Town01": [{"available_event_configurations": [{"transform": {"pitch": "0", "x": 312, "y": 129, "yaw": 180, "z": 0}, "_start_distance": 19.831951831151713, "_actor_vel": 2.0463508141555913, "_trigger_distance": 19.47316401163148, "_model": 1, "weather": {"sun_altitude_angle": 50.74694928296597, "precipitation": 47.87511427314931, "wind_intensity": 27.77323488646325, "sun_azimuth_angle": 196.11055239654524, "fog_distance": "0", "cloudiness": 37.70622779490294, "fog_density": 20.475141837387167, "wetness": 24.330333589074005, "precipitation_deposits": 63.18758565405859}}], "scenario_type": "Scenario27"}], "Town04": [{"available_event_configurations": [{"transform": {"pitch": "0", "x": 254.9, "y": -230.9, "yaw": 90, "z": 0}, "_start_distance": 19.831951831151713, "_actor_vel": 2.0463508141555913, "_trigger_distance": 19.47316401163148, "_model": 1, "weather": {"sun_altitude_angle": 50.74694928296597, "precipitation": 47.87511427314931, "wind_intensity": 27.77323488646325, "sun_azimuth_angle": 196.11055239654524, "fog_distance": "0", "cloudiness": 37.70622779490294, "fog_density": 20.475141837387167, "wetness": 24.330333589074005, "precipitation_deposits": 63.18758565405859}}], "scenario_type": "Scenario27"}], "Town03": [{"available_event_configurations": [{"transform": {"pitch": "0", "x": -88.5, "y": -90, "yaw": 90, "z": 0}, "_start_distance": 19.831951831151713, "_actor_vel": 2.0463508141555913, "_trigger_distance": 19.47316401163148, "_model": 1, "weather": {"sun_altitude_angle": 50.74694928296597, "precipitation": 47.87511427314931, "wind_intensity": 27.77323488646325, "sun_azimuth_angle": 196.11055239654524, "fog_distance": "0", "cloudiness": 37.70622779490294, "fog_density": 20.475141837387167, "wetness": 24.330333589074005, "precipitation_deposits": 63.18758565405859}}], "scenario_type": "Scenario27"}]}]}