{"available_scenarios": [{"Town05": [{"available_event_configurations": [{"transform": {"pitch": "0", "x": 35, "y": 130, "yaw": -90, "z": 0}, "_start_distance": 15.09653745695351, "_actor_vel": 2.321335294576729, "_trigger_distance": 19.49537970621507, "_model": 1}, {"transform": {"pitch": "0", "x": 35, "y": 65, "yaw": -90, "z": 0}, "_start_distance": 15.09653745695351, "_actor_vel": 2.321335294576729, "_trigger_distance": 19.49537970621507, "_model": 1, "weather": {"sun_altitude_angle": -33.376896402175795, "precipitation": 30.11588200782631, "wind_intensity": 61.33631814913556, "sun_azimuth_angle": 332.1617081050207, "fog_distance": "0", "cloudiness": 95.06082463534337, "fog_density": 83.96830932199373, "wetness": 81.16375182334579, "precipitation_deposits": 54.31770728009035}}], "scenario_type": "Scenario27"}], "Town01": [{"available_event_configurations": [{"transform": {"pitch": "0", "x": 312, "y": 129, "yaw": 180, "z": 0}, "_start_distance": 15.09653745695351, "_actor_vel": 2.321335294576729, "_trigger_distance": 19.49537970621507, "_model": 1, "weather": {"sun_altitude_angle": -33.376896402175795, "precipitation": 30.11588200782631, "wind_intensity": 61.33631814913556, "sun_azimuth_angle": 332.1617081050207, "fog_distance": "0", "cloudiness": 95.06082463534337, "fog_density": 83.96830932199373, "wetness": 81.16375182334579, "precipitation_deposits": 54.31770728009035}}], "scenario_type": "Scenario27"}], "Town04": [{"available_event_configurations": [{"transform": {"pitch": "0", "x": 254.9, "y": -230.9, "yaw": 90, "z": 0}, "_start_distance": 15.09653745695351, "_actor_vel": 2.321335294576729, "_trigger_distance": 19.49537970621507, "_model": 1, "weather": {"sun_altitude_angle": -33.376896402175795, "precipitation": 30.11588200782631, "wind_intensity": 61.33631814913556, "sun_azimuth_angle": 332.1617081050207, "fog_distance": "0", "cloudiness": 95.06082463534337, "fog_density": 83.96830932199373, "wetness": 81.16375182334579, "precipitation_deposits": 54.31770728009035}}], "scenario_type": "Scenario27"}], "Town03": [{"available_event_configurations": [{"transform": {"pitch": "0", "x": -88.5, "y": -90, "yaw": 90, "z": 0}, "_start_distance": 15.09653745695351, "_actor_vel": 2.321335294576729, "_trigger_distance": 19.49537970621507, "_model": 1, "weather": {"sun_altitude_angle": -33.376896402175795, "precipitation": 30.11588200782631, "wind_intensity": 61.33631814913556, "sun_azimuth_angle": 332.1617081050207, "fog_distance": "0", "cloudiness": 95.06082463534337, "fog_density": 83.96830932199373, "wetness": 81.16375182334579, "precipitation_deposits": 54.31770728009035}}], "scenario_type": "Scenario27"}]}]}