{"available_scenarios": [{"Town05": [{"available_event_configurations": [{"transform": {"pitch": "0", "x": 35, "y": 130, "yaw": -90, "z": 0}, "_start_distance": 16.268253611155053, "_actor_vel": 2.3026076205714348, "_trigger_distance": 16.94515996837869, "_model": 1}, {"transform": {"pitch": "0", "x": 35, "y": 65, "yaw": -90, "z": 0}, "_start_distance": 16.268253611155053, "_actor_vel": 2.3026076205714348, "_trigger_distance": 16.94515996837869, "_model": 1, "weather": {"sun_altitude_angle": -76.2350761100147, "precipitation": 20.16244678352007, "wind_intensity": 22.938499613247167, "sun_azimuth_angle": 149.97071396864445, "fog_distance": "0", "cloudiness": 44.300210133232184, "fog_density": 67.30030647472995, "wetness": 96.90999310016139, "precipitation_deposits": 58.09897813454764}}], "scenario_type": "Scenario27"}], "Town01": [{"available_event_configurations": [{"transform": {"pitch": "0", "x": 312, "y": 129, "yaw": 180, "z": 0}, "_start_distance": 16.268253611155053, "_actor_vel": 2.3026076205714348, "_trigger_distance": 16.94515996837869, "_model": 1, "weather": {"sun_altitude_angle": -76.2350761100147, "precipitation": 20.16244678352007, "wind_intensity": 22.938499613247167, "sun_azimuth_angle": 149.97071396864445, "fog_distance": "0", "cloudiness": 44.300210133232184, "fog_density": 67.30030647472995, "wetness": 96.90999310016139, "precipitation_deposits": 58.09897813454764}}], "scenario_type": "Scenario27"}], "Town04": [{"available_event_configurations": [{"transform": {"pitch": "0", "x": 254.9, "y": -230.9, "yaw": 90, "z": 0}, "_start_distance": 16.268253611155053, "_actor_vel": 2.3026076205714348, "_trigger_distance": 16.94515996837869, "_model": 1, "weather": {"sun_altitude_angle": -76.2350761100147, "precipitation": 20.16244678352007, "wind_intensity": 22.938499613247167, "sun_azimuth_angle": 149.97071396864445, "fog_distance": "0", "cloudiness": 44.300210133232184, "fog_density": 67.30030647472995, "wetness": 96.90999310016139, "precipitation_deposits": 58.09897813454764}}], "scenario_type": "Scenario27"}], "Town03": [{"available_event_configurations": [{"transform": {"pitch": "0", "x": -88.5, "y": -90, "yaw": 90, "z": 0}, "_start_distance": 16.268253611155053, "_actor_vel": 2.3026076205714348, "_trigger_distance": 16.94515996837869, "_model": 1, "weather": {"sun_altitude_angle": -76.2350761100147, "precipitation": 20.16244678352007, "wind_intensity": 22.938499613247167, "sun_azimuth_angle": 149.97071396864445, "fog_distance": "0", "cloudiness": 44.300210133232184, "fog_density": 67.30030647472995, "wetness": 96.90999310016139, "precipitation_deposits": 58.09897813454764}}], "scenario_type": "Scenario27"}]}]}