{"available_scenarios": [{"Town05": [{"available_event_configurations": [{"transform": {"pitch": "0", "x": 35, "y": 130, "yaw": -90, "z": 0}, "_start_distance": 18.12045290956595, "_actor_vel": 2.1321192717014124, "_trigger_distance": 19.018196344066347, "_model": 1}, {"transform": {"pitch": "0", "x": 35, "y": 65, "yaw": -90, "z": 0}, "_start_distance": 18.12045290956595, "_actor_vel": 2.1321192717014124, "_trigger_distance": 19.018196344066347, "_model": 1, "weather": {"sun_altitude_angle": 50.04049187561799, "precipitation": 94.90704542198573, "wind_intensity": 46.03690241217012, "sun_azimuth_angle": 156.2232091196563, "fog_distance": "0", "cloudiness": 36.509365328332365, "fog_density": 3.3958928671521393, "wetness": 59.07664686096737, "precipitation_deposits": 1.5962532331044388}}], "scenario_type": "Scenario27"}], "Town01": [{"available_event_configurations": [{"transform": {"pitch": "0", "x": 312, "y": 129, "yaw": 180, "z": 0}, "_start_distance": 18.12045290956595, "_actor_vel": 2.1321192717014124, "_trigger_distance": 19.018196344066347, "_model": 1, "weather": {"sun_altitude_angle": 50.04049187561799, "precipitation": 94.90704542198573, "wind_intensity": 46.03690241217012, "sun_azimuth_angle": 156.2232091196563, "fog_distance": "0", "cloudiness": 36.509365328332365, "fog_density": 3.3958928671521393, "wetness": 59.07664686096737, "precipitation_deposits": 1.5962532331044388}}], "scenario_type": "Scenario27"}], "Town04": [{"available_event_configurations": [{"transform": {"pitch": "0", "x": 254.9, "y": -230.9, "yaw": 90, "z": 0}, "_start_distance": 18.12045290956595, "_actor_vel": 2.1321192717014124, "_trigger_distance": 19.018196344066347, "_model": 1, "weather": {"sun_altitude_angle": 50.04049187561799, "precipitation": 94.90704542198573, "wind_intensity": 46.03690241217012, "sun_azimuth_angle": 156.2232091196563, "fog_distance": "0", "cloudiness": 36.509365328332365, "fog_density": 3.3958928671521393, "wetness": 59.07664686096737, "precipitation_deposits": 1.5962532331044388}}], "scenario_type": "Scenario27"}], "Town03": [{"available_event_configurations": [{"transform": {"pitch": "0", "x": -88.5, "y": -90, "yaw": 90, "z": 0}, "_start_distance": 18.12045290956595, "_actor_vel": 2.1321192717014124, "_trigger_distance": 19.018196344066347, "_model": 1, "weather": {"sun_altitude_angle": 50.04049187561799, "precipitation": 94.90704542198573, "wind_intensity": 46.03690241217012, "sun_azimuth_angle": 156.2232091196563, "fog_distance": "0", "cloudiness": 36.509365328332365, "fog_density": 3.3958928671521393, "wetness": 59.07664686096737, "precipitation_deposits": 1.5962532331044388}}], "scenario_type": "Scenario27"}]}]}