{"available_scenarios": [{"Town05": [{"available_event_configurations": [{"transform": {"pitch": "0", "x": 35, "y": 130, "yaw": -90, "z": 0}, "_start_distance": 18.624644928052668, "_actor_vel": 2.033836157271865, "_trigger_distance": 17.946488136169776, "_model": 1}, {"transform": {"pitch": "0", "x": 35, "y": 65, "yaw": -90, "z": 0}, "_start_distance": 18.624644928052668, "_actor_vel": 2.033836157271865, "_trigger_distance": 17.946488136169776, "_model": 1, "weather": {"sun_altitude_angle": 16.518176404185354, "precipitation": 46.51303098315911, "wind_intensity": 50.30990399797478, "sun_azimuth_angle": 72.92998516215494, "fog_distance": "0", "cloudiness": 54.778886422165755, "fog_density": 44.23637490043475, "wetness": 96.59004897560988, "precipitation_deposits": 44.48113489225243}}], "scenario_type": "Scenario27"}], "Town01": [{"available_event_configurations": [{"transform": {"pitch": "0", "x": 312, "y": 129, "yaw": 180, "z": 0}, "_start_distance": 18.624644928052668, "_actor_vel": 2.033836157271865, "_trigger_distance": 17.946488136169776, "_model": 1, "weather": {"sun_altitude_angle": 16.518176404185354, "precipitation": 46.51303098315911, "wind_intensity": 50.30990399797478, "sun_azimuth_angle": 72.92998516215494, "fog_distance": "0", "cloudiness": 54.778886422165755, "fog_density": 44.23637490043475, "wetness": 96.59004897560988, "precipitation_deposits": 44.48113489225243}}], "scenario_type": "Scenario27"}], "Town04": [{"available_event_configurations": [{"transform": {"pitch": "0", "x": 254.9, "y": -230.9, "yaw": 90, "z": 0}, "_start_distance": 18.624644928052668, "_actor_vel": 2.033836157271865, "_trigger_distance": 17.946488136169776, "_model": 1, "weather": {"sun_altitude_angle": 16.518176404185354, "precipitation": 46.51303098315911, "wind_intensity": 50.30990399797478, "sun_azimuth_angle": 72.92998516215494, "fog_distance": "0", "cloudiness": 54.778886422165755, "fog_density": 44.23637490043475, "wetness": 96.59004897560988, "precipitation_deposits": 44.48113489225243}}], "scenario_type": "Scenario27"}], "Town03": [{"available_event_configurations": [{"transform": {"pitch": "0", "x": -88.5, "y": -90, "yaw": 90, "z": 0}, "_start_distance": 18.624644928052668, "_actor_vel": 2.033836157271865, "_trigger_distance": 17.946488136169776, "_model": 1, "weather": {"sun_altitude_angle": 16.518176404185354, "precipitation": 46.51303098315911, "wind_intensity": 50.30990399797478, "sun_azimuth_angle": 72.92998516215494, "fog_distance": "0", "cloudiness": 54.778886422165755, "fog_density": 44.23637490043475, "wetness": 96.59004897560988, "precipitation_deposits": 44.48113489225243}}], "scenario_type": "Scenario27"}]}]}