{"available_scenarios": [{"Town05": [{"available_event_configurations": [{"transform": {"pitch": "0", "x": 35, "y": 130, "yaw": -90, "z": 0}, "_start_distance": 17.007761165425215, "_actor_vel": 2.1444692758986177, "_trigger_distance": 17.585621697761958, "_model": 1}, {"transform": {"pitch": "0", "x": 35, "y": 65, "yaw": -90, "z": 0}, "_start_distance": 17.007761165425215, "_actor_vel": 2.1444692758986177, "_trigger_distance": 17.585621697761958, "_model": 1, "weather": {"sun_altitude_angle": -55.410059228362925, "precipitation": 63.2096757510023, "wind_intensity": 7.131554136098439, "sun_azimuth_angle": 301.8983450152041, "fog_distance": "0", "cloudiness": 91.42644637151733, "fog_density": 72.90908827336612, "wetness": 63.697715013944645, "precipitation_deposits": 50.78189233581073}}], "scenario_type": "Scenario27"}], "Town01": [{"available_event_configurations": [{"transform": {"pitch": "0", "x": 312, "y": 129, "yaw": 180, "z": 0}, "_start_distance": 17.007761165425215, "_actor_vel": 2.1444692758986177, "_trigger_distance": 17.585621697761958, "_model": 1, "weather": {"sun_altitude_angle": -55.410059228362925, "precipitation": 63.2096757510023, "wind_intensity": 7.131554136098439, "sun_azimuth_angle": 301.8983450152041, "fog_distance": "0", "cloudiness": 91.42644637151733, "fog_density": 72.90908827336612, "wetness": 63.697715013944645, "precipitation_deposits": 50.78189233581073}}], "scenario_type": "Scenario27"}], "Town04": [{"available_event_configurations": [{"transform": {"pitch": "0", "x": 254.9, "y": -230.9, "yaw": 90, "z": 0}, "_start_distance": 17.007761165425215, "_actor_vel": 2.1444692758986177, "_trigger_distance": 17.585621697761958, "_model": 1, "weather": {"sun_altitude_angle": -55.410059228362925, "precipitation": 63.2096757510023, "wind_intensity": 7.131554136098439, "sun_azimuth_angle": 301.8983450152041, "fog_distance": "0", "cloudiness": 91.42644637151733, "fog_density": 72.90908827336612, "wetness": 63.697715013944645, "precipitation_deposits": 50.78189233581073}}], "scenario_type": "Scenario27"}], "Town03": [{"available_event_configurations": [{"transform": {"pitch": "0", "x": -88.5, "y": -90, "yaw": 90, "z": 0}, "_start_distance": 17.007761165425215, "_actor_vel": 2.1444692758986177, "_trigger_distance": 17.585621697761958, "_model": 1, "weather": {"sun_altitude_angle": -55.410059228362925, "precipitation": 63.2096757510023, "wind_intensity": 7.131554136098439, "sun_azimuth_angle": 301.8983450152041, "fog_distance": "0", "cloudiness": 91.42644637151733, "fog_density": 72.90908827336612, "wetness": 63.697715013944645, "precipitation_deposits": 50.78189233581073}}], "scenario_type": "Scenario27"}]}]}