{"available_scenarios": [{"Town05": [{"available_event_configurations": [{"transform": {"pitch": "0", "x": 35, "y": 130, "yaw": -90, "z": 0}, "_start_distance": 17.558541799158256, "_actor_vel": 2.4282842287916258, "_trigger_distance": 17.813483460500876, "_model": 1}, {"transform": {"pitch": "0", "x": 35, "y": 65, "yaw": -90, "z": 0}, "_start_distance": 17.558541799158256, "_actor_vel": 2.4282842287916258, "_trigger_distance": 17.813483460500876, "_model": 1, "weather": {"sun_altitude_angle": 76.43393126639239, "precipitation": 81.02977022113446, "wind_intensity": 18.844952361798683, "sun_azimuth_angle": 235.88734777311876, "fog_distance": "0", "cloudiness": 21.996167609990202, "fog_density": 31.420156622904138, "wetness": 13.275700550379177, "precipitation_deposits": 63.49431291302644}}], "scenario_type": "Scenario27"}], "Town01": [{"available_event_configurations": [{"transform": {"pitch": "0", "x": 312, "y": 129, "yaw": 180, "z": 0}, "_start_distance": 17.558541799158256, "_actor_vel": 2.4282842287916258, "_trigger_distance": 17.813483460500876, "_model": 1, "weather": {"sun_altitude_angle": 76.43393126639239, "precipitation": 81.02977022113446, "wind_intensity": 18.844952361798683, "sun_azimuth_angle": 235.88734777311876, "fog_distance": "0", "cloudiness": 21.996167609990202, "fog_density": 31.420156622904138, "wetness": 13.275700550379177, "precipitation_deposits": 63.49431291302644}}], "scenario_type": "Scenario27"}], "Town04": [{"available_event_configurations": [{"transform": {"pitch": "0", "x": 254.9, "y": -230.9, "yaw": 90, "z": 0}, "_start_distance": 17.558541799158256, "_actor_vel": 2.4282842287916258, "_trigger_distance": 17.813483460500876, "_model": 1, "weather": {"sun_altitude_angle": 76.43393126639239, "precipitation": 81.02977022113446, "wind_intensity": 18.844952361798683, "sun_azimuth_angle": 235.88734777311876, "fog_distance": "0", "cloudiness": 21.996167609990202, "fog_density": 31.420156622904138, "wetness": 13.275700550379177, "precipitation_deposits": 63.49431291302644}}], "scenario_type": "Scenario27"}], "Town03": [{"available_event_configurations": [{"transform": {"pitch": "0", "x": -88.5, "y": -90, "yaw": 90, "z": 0}, "_start_distance": 17.558541799158256, "_actor_vel": 2.4282842287916258, "_trigger_distance": 17.813483460500876, "_model": 1, "weather": {"sun_altitude_angle": 76.43393126639239, "precipitation": 81.02977022113446, "wind_intensity": 18.844952361798683, "sun_azimuth_angle": 235.88734777311876, "fog_distance": "0", "cloudiness": 21.996167609990202, "fog_density": 31.420156622904138, "wetness": 13.275700550379177, "precipitation_deposits": 63.49431291302644}}], "scenario_type": "Scenario27"}]}]}