{"available_scenarios": [{"Town05": [{"available_event_configurations": [{"transform": {"pitch": "0", "x": 35, "y": 130, "yaw": -90, "z": 0}, "_start_distance": 15.515724174137214, "_actor_vel": 2.0836513388809443, "_trigger_distance": 17.07707662629851, "_model": 1}, {"transform": {"pitch": "0", "x": 35, "y": 65, "yaw": -90, "z": 0}, "_start_distance": 15.515724174137214, "_actor_vel": 2.0836513388809443, "_trigger_distance": 17.07707662629851, "_model": 1, "weather": {"sun_altitude_angle": -31.89392386330872, "precipitation": 87.47273608705927, "wind_intensity": 23.6774286594708, "sun_azimuth_angle": 119.64843212667208, "fog_distance": "0", "cloudiness": 13.956485114763895, "fog_density": 16.06108221452448, "wetness": 49.01523214879815, "precipitation_deposits": 33.65758512130268}}], "scenario_type": "Scenario27"}], "Town01": [{"available_event_configurations": [{"transform": {"pitch": "0", "x": 312, "y": 129, "yaw": 180, "z": 0}, "_start_distance": 15.515724174137214, "_actor_vel": 2.0836513388809443, "_trigger_distance": 17.07707662629851, "_model": 1, "weather": {"sun_altitude_angle": -31.89392386330872, "precipitation": 87.47273608705927, "wind_intensity": 23.6774286594708, "sun_azimuth_angle": 119.64843212667208, "fog_distance": "0", "cloudiness": 13.956485114763895, "fog_density": 16.06108221452448, "wetness": 49.01523214879815, "precipitation_deposits": 33.65758512130268}}], "scenario_type": "Scenario27"}], "Town04": [{"available_event_configurations": [{"transform": {"pitch": "0", "x": 254.9, "y": -230.9, "yaw": 90, "z": 0}, "_start_distance": 15.515724174137214, "_actor_vel": 2.0836513388809443, "_trigger_distance": 17.07707662629851, "_model": 1, "weather": {"sun_altitude_angle": -31.89392386330872, "precipitation": 87.47273608705927, "wind_intensity": 23.6774286594708, "sun_azimuth_angle": 119.64843212667208, "fog_distance": "0", "cloudiness": 13.956485114763895, "fog_density": 16.06108221452448, "wetness": 49.01523214879815, "precipitation_deposits": 33.65758512130268}}], "scenario_type": "Scenario27"}], "Town03": [{"available_event_configurations": [{"transform": {"pitch": "0", "x": -88.5, "y": -90, "yaw": 90, "z": 0}, "_start_distance": 15.515724174137214, "_actor_vel": 2.0836513388809443, "_trigger_distance": 17.07707662629851, "_model": 1, "weather": {"sun_altitude_angle": -31.89392386330872, "precipitation": 87.47273608705927, "wind_intensity": 23.6774286594708, "sun_azimuth_angle": 119.64843212667208, "fog_distance": "0", "cloudiness": 13.956485114763895, "fog_density": 16.06108221452448, "wetness": 49.01523214879815, "precipitation_deposits": 33.65758512130268}}], "scenario_type": "Scenario27"}]}]}