{"available_scenarios": [{"Town05": [{"available_event_configurations": [{"transform": {"pitch": "0", "x": 35, "y": 130, "yaw": -90, "z": 0}, "_start_distance": 17.23188850647372, "_actor_vel": 2.3717686796913395, "_trigger_distance": 16.15128604606926, "_model": 1}, {"transform": {"pitch": "0", "x": 35, "y": 65, "yaw": -90, "z": 0}, "_start_distance": 17.23188850647372, "_actor_vel": 2.3717686796913395, "_trigger_distance": 16.15128604606926, "_model": 1, "weather": {"sun_altitude_angle": -62.494763275531476, "precipitation": 69.11830375600178, "wind_intensity": 31.199172266327423, "sun_azimuth_angle": 257.70328350372785, "fog_distance": "0", "cloudiness": 28.705321456024457, "fog_density": 57.46449987131794, "wetness": 34.22316265402257, "precipitation_deposits": 59.2546065167238}}], "scenario_type": "Scenario27"}], "Town01": [{"available_event_configurations": [{"transform": {"pitch": "0", "x": 312, "y": 129, "yaw": 180, "z": 0}, "_start_distance": 17.23188850647372, "_actor_vel": 2.3717686796913395, "_trigger_distance": 16.15128604606926, "_model": 1, "weather": {"sun_altitude_angle": -62.494763275531476, "precipitation": 69.11830375600178, "wind_intensity": 31.199172266327423, "sun_azimuth_angle": 257.70328350372785, "fog_distance": "0", "cloudiness": 28.705321456024457, "fog_density": 57.46449987131794, "wetness": 34.22316265402257, "precipitation_deposits": 59.2546065167238}}], "scenario_type": "Scenario27"}], "Town04": [{"available_event_configurations": [{"transform": {"pitch": "0", "x": 254.9, "y": -230.9, "yaw": 90, "z": 0}, "_start_distance": 17.23188850647372, "_actor_vel": 2.3717686796913395, "_trigger_distance": 16.15128604606926, "_model": 1, "weather": {"sun_altitude_angle": -62.494763275531476, "precipitation": 69.11830375600178, "wind_intensity": 31.199172266327423, "sun_azimuth_angle": 257.70328350372785, "fog_distance": "0", "cloudiness": 28.705321456024457, "fog_density": 57.46449987131794, "wetness": 34.22316265402257, "precipitation_deposits": 59.2546065167238}}], "scenario_type": "Scenario27"}], "Town03": [{"available_event_configurations": [{"transform": {"pitch": "0", "x": -88.5, "y": -90, "yaw": 90, "z": 0}, "_start_distance": 17.23188850647372, "_actor_vel": 2.3717686796913395, "_trigger_distance": 16.15128604606926, "_model": 1, "weather": {"sun_altitude_angle": -62.494763275531476, "precipitation": 69.11830375600178, "wind_intensity": 31.199172266327423, "sun_azimuth_angle": 257.70328350372785, "fog_distance": "0", "cloudiness": 28.705321456024457, "fog_density": 57.46449987131794, "wetness": 34.22316265402257, "precipitation_deposits": 59.2546065167238}}], "scenario_type": "Scenario27"}]}]}