{"available_scenarios": [{"Town05": [{"available_event_configurations": [{"transform": {"pitch": "0", "x": 35, "y": 130, "yaw": -90, "z": 0}, "_start_distance": 19.823964756687573, "_actor_vel": 2.45940934836503, "_trigger_distance": 19.389928997809655, "_model": 1}, {"transform": {"pitch": "0", "x": 35, "y": 65, "yaw": -90, "z": 0}, "_start_distance": 19.823964756687573, "_actor_vel": 2.45940934836503, "_trigger_distance": 19.389928997809655, "_model": 1, "weather": {"sun_altitude_angle": -72.852369919949, "precipitation": 68.38718943830686, "wind_intensity": 16.683800897231183, "sun_azimuth_angle": 260.034059125758, "fog_distance": "0", "cloudiness": 71.64112958275223, "fog_density": 93.69640898713138, "wetness": 6.668665122236095, "precipitation_deposits": 44.26224947938001}}], "scenario_type": "Scenario27"}], "Town01": [{"available_event_configurations": [{"transform": {"pitch": "0", "x": 312, "y": 129, "yaw": 180, "z": 0}, "_start_distance": 19.823964756687573, "_actor_vel": 2.45940934836503, "_trigger_distance": 19.389928997809655, "_model": 1, "weather": {"sun_altitude_angle": -72.852369919949, "precipitation": 68.38718943830686, "wind_intensity": 16.683800897231183, "sun_azimuth_angle": 260.034059125758, "fog_distance": "0", "cloudiness": 71.64112958275223, "fog_density": 93.69640898713138, "wetness": 6.668665122236095, "precipitation_deposits": 44.26224947938001}}], "scenario_type": "Scenario27"}], "Town04": [{"available_event_configurations": [{"transform": {"pitch": "0", "x": 254.9, "y": -230.9, "yaw": 90, "z": 0}, "_start_distance": 19.823964756687573, "_actor_vel": 2.45940934836503, "_trigger_distance": 19.389928997809655, "_model": 1, "weather": {"sun_altitude_angle": -72.852369919949, "precipitation": 68.38718943830686, "wind_intensity": 16.683800897231183, "sun_azimuth_angle": 260.034059125758, "fog_distance": "0", "cloudiness": 71.64112958275223, "fog_density": 93.69640898713138, "wetness": 6.668665122236095, "precipitation_deposits": 44.26224947938001}}], "scenario_type": "Scenario27"}], "Town03": [{"available_event_configurations": [{"transform": {"pitch": "0", "x": -88.5, "y": -90, "yaw": 90, "z": 0}, "_start_distance": 19.823964756687573, "_actor_vel": 2.45940934836503, "_trigger_distance": 19.389928997809655, "_model": 1, "weather": {"sun_altitude_angle": -72.852369919949, "precipitation": 68.38718943830686, "wind_intensity": 16.683800897231183, "sun_azimuth_angle": 260.034059125758, "fog_distance": "0", "cloudiness": 71.64112958275223, "fog_density": 93.69640898713138, "wetness": 6.668665122236095, "precipitation_deposits": 44.26224947938001}}], "scenario_type": "Scenario27"}]}]}