{"available_scenarios": [{"Town05": [{"available_event_configurations": [{"transform": {"pitch": "0", "x": 35, "y": 130, "yaw": -90, "z": 0}, "_start_distance": 17.12038552006845, "_actor_vel": 2.08670387606407, "_trigger_distance": 17.824359945773004, "_model": 1}, {"transform": {"pitch": "0", "x": 35, "y": 65, "yaw": -90, "z": 0}, "_start_distance": 17.12038552006845, "_actor_vel": 2.08670387606407, "_trigger_distance": 17.824359945773004, "_model": 1, "weather": {"sun_altitude_angle": 64.89594961958335, "precipitation": 92.05417354727395, "wind_intensity": 98.89096574831218, "sun_azimuth_angle": 203.59135067182882, "fog_distance": "0", "cloudiness": 27.23953233843458, "fog_density": 87.1189842249094, "wetness": 40.58772753886484, "precipitation_deposits": 33.88519373147524}}], "scenario_type": "Scenario27"}], "Town01": [{"available_event_configurations": [{"transform": {"pitch": "0", "x": 312, "y": 129, "yaw": 180, "z": 0}, "_start_distance": 17.12038552006845, "_actor_vel": 2.08670387606407, "_trigger_distance": 17.824359945773004, "_model": 1, "weather": {"sun_altitude_angle": 64.89594961958335, "precipitation": 92.05417354727395, "wind_intensity": 98.89096574831218, "sun_azimuth_angle": 203.59135067182882, "fog_distance": "0", "cloudiness": 27.23953233843458, "fog_density": 87.1189842249094, "wetness": 40.58772753886484, "precipitation_deposits": 33.88519373147524}}], "scenario_type": "Scenario27"}], "Town04": [{"available_event_configurations": [{"transform": {"pitch": "0", "x": 254.9, "y": -230.9, "yaw": 90, "z": 0}, "_start_distance": 17.12038552006845, "_actor_vel": 2.08670387606407, "_trigger_distance": 17.824359945773004, "_model": 1, "weather": {"sun_altitude_angle": 64.89594961958335, "precipitation": 92.05417354727395, "wind_intensity": 98.89096574831218, "sun_azimuth_angle": 203.59135067182882, "fog_distance": "0", "cloudiness": 27.23953233843458, "fog_density": 87.1189842249094, "wetness": 40.58772753886484, "precipitation_deposits": 33.88519373147524}}], "scenario_type": "Scenario27"}], "Town03": [{"available_event_configurations": [{"transform": {"pitch": "0", "x": -88.5, "y": -90, "yaw": 90, "z": 0}, "_start_distance": 17.12038552006845, "_actor_vel": 2.08670387606407, "_trigger_distance": 17.824359945773004, "_model": 1, "weather": {"sun_altitude_angle": 64.89594961958335, "precipitation": 92.05417354727395, "wind_intensity": 98.89096574831218, "sun_azimuth_angle": 203.59135067182882, "fog_distance": "0", "cloudiness": 27.23953233843458, "fog_density": 87.1189842249094, "wetness": 40.58772753886484, "precipitation_deposits": 33.88519373147524}}], "scenario_type": "Scenario27"}]}]}