{"available_scenarios": [{"Town05": [{"available_event_configurations": [{"transform": {"pitch": "0", "x": 35, "y": 130, "yaw": -90, "z": 0}, "_start_distance": 19.275564088906, "_actor_vel": 2.3213375361145587, "_trigger_distance": 16.559297195802305, "_model": 1}, {"transform": {"pitch": "0", "x": 35, "y": 65, "yaw": -90, "z": 0}, "_start_distance": 19.275564088906, "_actor_vel": 2.3213375361145587, "_trigger_distance": 16.559297195802305, "_model": 1, "weather": {"sun_altitude_angle": -21.563299636383064, "precipitation": 25.236550247624013, "wind_intensity": 79.2189822044375, "sun_azimuth_angle": 144.3452287361132, "fog_distance": "0", "cloudiness": 60.69906108815886, "fog_density": 38.91845381338555, "wetness": 30.16211553822198, "precipitation_deposits": 89.86087291152738}}], "scenario_type": "Scenario27"}], "Town01": [{"available_event_configurations": [{"transform": {"pitch": "0", "x": 312, "y": 129, "yaw": 180, "z": 0}, "_start_distance": 19.275564088906, "_actor_vel": 2.3213375361145587, "_trigger_distance": 16.559297195802305, "_model": 1, "weather": {"sun_altitude_angle": -21.563299636383064, "precipitation": 25.236550247624013, "wind_intensity": 79.2189822044375, "sun_azimuth_angle": 144.3452287361132, "fog_distance": "0", "cloudiness": 60.69906108815886, "fog_density": 38.91845381338555, "wetness": 30.16211553822198, "precipitation_deposits": 89.86087291152738}}], "scenario_type": "Scenario27"}], "Town04": [{"available_event_configurations": [{"transform": {"pitch": "0", "x": 254.9, "y": -230.9, "yaw": 90, "z": 0}, "_start_distance": 19.275564088906, "_actor_vel": 2.3213375361145587, "_trigger_distance": 16.559297195802305, "_model": 1, "weather": {"sun_altitude_angle": -21.563299636383064, "precipitation": 25.236550247624013, "wind_intensity": 79.2189822044375, "sun_azimuth_angle": 144.3452287361132, "fog_distance": "0", "cloudiness": 60.69906108815886, "fog_density": 38.91845381338555, "wetness": 30.16211553822198, "precipitation_deposits": 89.86087291152738}}], "scenario_type": "Scenario27"}], "Town03": [{"available_event_configurations": [{"transform": {"pitch": "0", "x": -88.5, "y": -90, "yaw": 90, "z": 0}, "_start_distance": 19.275564088906, "_actor_vel": 2.3213375361145587, "_trigger_distance": 16.559297195802305, "_model": 1, "weather": {"sun_altitude_angle": -21.563299636383064, "precipitation": 25.236550247624013, "wind_intensity": 79.2189822044375, "sun_azimuth_angle": 144.3452287361132, "fog_distance": "0", "cloudiness": 60.69906108815886, "fog_density": 38.91845381338555, "wetness": 30.16211553822198, "precipitation_deposits": 89.86087291152738}}], "scenario_type": "Scenario27"}]}]}