{"available_scenarios": [{"Town05": [{"available_event_configurations": [{"transform": {"pitch": "0", "x": 35, "y": 130, "yaw": -90, "z": 0}, "_start_distance": 18.58767745898315, "_actor_vel": 2.119337322035185, "_trigger_distance": 17.874274089500695, "_model": 1}, {"transform": {"pitch": "0", "x": 35, "y": 65, "yaw": -90, "z": 0}, "_start_distance": 18.58767745898315, "_actor_vel": 2.119337322035185, "_trigger_distance": 17.874274089500695, "_model": 1, "weather": {"sun_altitude_angle": 1.3123610756999682, "precipitation": 83.92795054699843, "wind_intensity": 15.898328441197595, "sun_azimuth_angle": 196.53698192191771, "fog_distance": "0", "cloudiness": 41.78010066313328, "fog_density": 89.40047142664207, "wetness": 14.832191663091132, "precipitation_deposits": 10.26575545393701}}], "scenario_type": "Scenario27"}], "Town01": [{"available_event_configurations": [{"transform": {"pitch": "0", "x": 312, "y": 129, "yaw": 180, "z": 0}, "_start_distance": 18.58767745898315, "_actor_vel": 2.119337322035185, "_trigger_distance": 17.874274089500695, "_model": 1, "weather": {"sun_altitude_angle": 1.3123610756999682, "precipitation": 83.92795054699843, "wind_intensity": 15.898328441197595, "sun_azimuth_angle": 196.53698192191771, "fog_distance": "0", "cloudiness": 41.78010066313328, "fog_density": 89.40047142664207, "wetness": 14.832191663091132, "precipitation_deposits": 10.26575545393701}}], "scenario_type": "Scenario27"}], "Town04": [{"available_event_configurations": [{"transform": {"pitch": "0", "x": 254.9, "y": -230.9, "yaw": 90, "z": 0}, "_start_distance": 18.58767745898315, "_actor_vel": 2.119337322035185, "_trigger_distance": 17.874274089500695, "_model": 1, "weather": {"sun_altitude_angle": 1.3123610756999682, "precipitation": 83.92795054699843, "wind_intensity": 15.898328441197595, "sun_azimuth_angle": 196.53698192191771, "fog_distance": "0", "cloudiness": 41.78010066313328, "fog_density": 89.40047142664207, "wetness": 14.832191663091132, "precipitation_deposits": 10.26575545393701}}], "scenario_type": "Scenario27"}], "Town03": [{"available_event_configurations": [{"transform": {"pitch": "0", "x": -88.5, "y": -90, "yaw": 90, "z": 0}, "_start_distance": 18.58767745898315, "_actor_vel": 2.119337322035185, "_trigger_distance": 17.874274089500695, "_model": 1, "weather": {"sun_altitude_angle": 1.3123610756999682, "precipitation": 83.92795054699843, "wind_intensity": 15.898328441197595, "sun_azimuth_angle": 196.53698192191771, "fog_distance": "0", "cloudiness": 41.78010066313328, "fog_density": 89.40047142664207, "wetness": 14.832191663091132, "precipitation_deposits": 10.26575545393701}}], "scenario_type": "Scenario27"}]}]}