{"available_scenarios": [{"Town05": [{"available_event_configurations": [{"transform": {"pitch": "0", "x": 35, "y": 130, "yaw": -90, "z": 0}, "_start_distance": 15.637662480914244, "_actor_vel": 2.0770708955982515, "_trigger_distance": 18.58280843200647, "_model": 1}, {"transform": {"pitch": "0", "x": 35, "y": 65, "yaw": -90, "z": 0}, "_start_distance": 15.637662480914244, "_actor_vel": 2.0770708955982515, "_trigger_distance": 18.58280843200647, "_model": 1, "weather": {"sun_altitude_angle": 50.3902629282336, "precipitation": 61.78807074033635, "wind_intensity": 40.77327378738881, "sun_azimuth_angle": 101.25053343953886, "fog_distance": "0", "cloudiness": 35.73781289683468, "fog_density": 48.05770603371043, "wetness": 66.89121624669146, "precipitation_deposits": 81.76346342937194}}], "scenario_type": "Scenario27"}], "Town01": [{"available_event_configurations": [{"transform": {"pitch": "0", "x": 312, "y": 129, "yaw": 180, "z": 0}, "_start_distance": 15.637662480914244, "_actor_vel": 2.0770708955982515, "_trigger_distance": 18.58280843200647, "_model": 1, "weather": {"sun_altitude_angle": 50.3902629282336, "precipitation": 61.78807074033635, "wind_intensity": 40.77327378738881, "sun_azimuth_angle": 101.25053343953886, "fog_distance": "0", "cloudiness": 35.73781289683468, "fog_density": 48.05770603371043, "wetness": 66.89121624669146, "precipitation_deposits": 81.76346342937194}}], "scenario_type": "Scenario27"}], "Town04": [{"available_event_configurations": [{"transform": {"pitch": "0", "x": 254.9, "y": -230.9, "yaw": 90, "z": 0}, "_start_distance": 15.637662480914244, "_actor_vel": 2.0770708955982515, "_trigger_distance": 18.58280843200647, "_model": 1, "weather": {"sun_altitude_angle": 50.3902629282336, "precipitation": 61.78807074033635, "wind_intensity": 40.77327378738881, "sun_azimuth_angle": 101.25053343953886, "fog_distance": "0", "cloudiness": 35.73781289683468, "fog_density": 48.05770603371043, "wetness": 66.89121624669146, "precipitation_deposits": 81.76346342937194}}], "scenario_type": "Scenario27"}], "Town03": [{"available_event_configurations": [{"transform": {"pitch": "0", "x": -88.5, "y": -90, "yaw": 90, "z": 0}, "_start_distance": 15.637662480914244, "_actor_vel": 2.0770708955982515, "_trigger_distance": 18.58280843200647, "_model": 1, "weather": {"sun_altitude_angle": 50.3902629282336, "precipitation": 61.78807074033635, "wind_intensity": 40.77327378738881, "sun_azimuth_angle": 101.25053343953886, "fog_distance": "0", "cloudiness": 35.73781289683468, "fog_density": 48.05770603371043, "wetness": 66.89121624669146, "precipitation_deposits": 81.76346342937194}}], "scenario_type": "Scenario27"}]}]}