{"available_scenarios": [{"Town05": [{"available_event_configurations": [{"transform": {"pitch": "0", "x": 35, "y": 130, "yaw": -90, "z": 0}, "_start_distance": 16.375846093020634, "_actor_vel": 2.4584609914366404, "_trigger_distance": 16.25527858369494, "_model": 1}, {"transform": {"pitch": "0", "x": 35, "y": 65, "yaw": -90, "z": 0}, "_start_distance": 16.375846093020634, "_actor_vel": 2.4584609914366404, "_trigger_distance": 16.25527858369494, "_model": 1, "weather": {"sun_altitude_angle": 11.105216489565166, "precipitation": 79.02495449842773, "wind_intensity": 15.529573031924626, "sun_azimuth_angle": 6.831276319038437, "fog_distance": "0", "cloudiness": 8.992797774237783, "fog_density": 81.58433732293527, "wetness": 28.255895231885873, "precipitation_deposits": 13.496463643320478}}], "scenario_type": "Scenario27"}], "Town01": [{"available_event_configurations": [{"transform": {"pitch": "0", "x": 312, "y": 129, "yaw": 180, "z": 0}, "_start_distance": 16.375846093020634, "_actor_vel": 2.4584609914366404, "_trigger_distance": 16.25527858369494, "_model": 1, "weather": {"sun_altitude_angle": 11.105216489565166, "precipitation": 79.02495449842773, "wind_intensity": 15.529573031924626, "sun_azimuth_angle": 6.831276319038437, "fog_distance": "0", "cloudiness": 8.992797774237783, "fog_density": 81.58433732293527, "wetness": 28.255895231885873, "precipitation_deposits": 13.496463643320478}}], "scenario_type": "Scenario27"}], "Town04": [{"available_event_configurations": [{"transform": {"pitch": "0", "x": 254.9, "y": -230.9, "yaw": 90, "z": 0}, "_start_distance": 16.375846093020634, "_actor_vel": 2.4584609914366404, "_trigger_distance": 16.25527858369494, "_model": 1, "weather": {"sun_altitude_angle": 11.105216489565166, "precipitation": 79.02495449842773, "wind_intensity": 15.529573031924626, "sun_azimuth_angle": 6.831276319038437, "fog_distance": "0", "cloudiness": 8.992797774237783, "fog_density": 81.58433732293527, "wetness": 28.255895231885873, "precipitation_deposits": 13.496463643320478}}], "scenario_type": "Scenario27"}], "Town03": [{"available_event_configurations": [{"transform": {"pitch": "0", "x": -88.5, "y": -90, "yaw": 90, "z": 0}, "_start_distance": 16.375846093020634, "_actor_vel": 2.4584609914366404, "_trigger_distance": 16.25527858369494, "_model": 1, "weather": {"sun_altitude_angle": 11.105216489565166, "precipitation": 79.02495449842773, "wind_intensity": 15.529573031924626, "sun_azimuth_angle": 6.831276319038437, "fog_distance": "0", "cloudiness": 8.992797774237783, "fog_density": 81.58433732293527, "wetness": 28.255895231885873, "precipitation_deposits": 13.496463643320478}}], "scenario_type": "Scenario27"}]}]}