{"available_scenarios": [{"Town05": [{"available_event_configurations": [{"transform": {"pitch": "0", "x": 35, "y": 130, "yaw": -90, "z": 0}, "_start_distance": 16.062037761810352, "_actor_vel": 2.23618213180779, "_trigger_distance": 16.328990136412624, "_model": 1}, {"transform": {"pitch": "0", "x": 35, "y": 65, "yaw": -90, "z": 0}, "_start_distance": 16.062037761810352, "_actor_vel": 2.23618213180779, "_trigger_distance": 16.328990136412624, "_model": 1, "weather": {"sun_altitude_angle": 36.676314954575986, "precipitation": 18.48067862672772, "wind_intensity": 2.6560057044971663, "sun_azimuth_angle": 277.606022474134, "fog_distance": "0", "cloudiness": 67.66976591884662, "fog_density": 79.66487879685101, "wetness": 70.79174445881078, "precipitation_deposits": 98.14811076761104}}], "scenario_type": "Scenario27"}], "Town01": [{"available_event_configurations": [{"transform": {"pitch": "0", "x": 312, "y": 129, "yaw": 180, "z": 0}, "_start_distance": 16.062037761810352, "_actor_vel": 2.23618213180779, "_trigger_distance": 16.328990136412624, "_model": 1, "weather": {"sun_altitude_angle": 36.676314954575986, "precipitation": 18.48067862672772, "wind_intensity": 2.6560057044971663, "sun_azimuth_angle": 277.606022474134, "fog_distance": "0", "cloudiness": 67.66976591884662, "fog_density": 79.66487879685101, "wetness": 70.79174445881078, "precipitation_deposits": 98.14811076761104}}], "scenario_type": "Scenario27"}], "Town04": [{"available_event_configurations": [{"transform": {"pitch": "0", "x": 254.9, "y": -230.9, "yaw": 90, "z": 0}, "_start_distance": 16.062037761810352, "_actor_vel": 2.23618213180779, "_trigger_distance": 16.328990136412624, "_model": 1, "weather": {"sun_altitude_angle": 36.676314954575986, "precipitation": 18.48067862672772, "wind_intensity": 2.6560057044971663, "sun_azimuth_angle": 277.606022474134, "fog_distance": "0", "cloudiness": 67.66976591884662, "fog_density": 79.66487879685101, "wetness": 70.79174445881078, "precipitation_deposits": 98.14811076761104}}], "scenario_type": "Scenario27"}], "Town03": [{"available_event_configurations": [{"transform": {"pitch": "0", "x": -88.5, "y": -90, "yaw": 90, "z": 0}, "_start_distance": 16.062037761810352, "_actor_vel": 2.23618213180779, "_trigger_distance": 16.328990136412624, "_model": 1, "weather": {"sun_altitude_angle": 36.676314954575986, "precipitation": 18.48067862672772, "wind_intensity": 2.6560057044971663, "sun_azimuth_angle": 277.606022474134, "fog_distance": "0", "cloudiness": 67.66976591884662, "fog_density": 79.66487879685101, "wetness": 70.79174445881078, "precipitation_deposits": 98.14811076761104}}], "scenario_type": "Scenario27"}]}]}