{"available_scenarios": [{"Town05": [{"available_event_configurations": [{"transform": {"pitch": "0", "x": 35, "y": 130, "yaw": -90, "z": 0}, "_start_distance": 19.980081529242156, "_actor_vel": 2.096545090369377, "_trigger_distance": 18.320449398733622, "_model": 1}, {"transform": {"pitch": "0", "x": 35, "y": 65, "yaw": -90, "z": 0}, "_start_distance": 19.980081529242156, "_actor_vel": 2.096545090369377, "_trigger_distance": 18.320449398733622, "_model": 1, "weather": {"sun_altitude_angle": -50.084326423471765, "precipitation": 20.489873314358263, "wind_intensity": 11.803853676730313, "sun_azimuth_angle": 55.78014178647468, "fog_distance": "0", "cloudiness": 17.399103360858316, "fog_density": 66.03454148599222, "wetness": 64.85208890695272, "precipitation_deposits": 35.70245098483713}}], "scenario_type": "Scenario27"}], "Town01": [{"available_event_configurations": [{"transform": {"pitch": "0", "x": 312, "y": 129, "yaw": 180, "z": 0}, "_start_distance": 19.980081529242156, "_actor_vel": 2.096545090369377, "_trigger_distance": 18.320449398733622, "_model": 1, "weather": {"sun_altitude_angle": -50.084326423471765, "precipitation": 20.489873314358263, "wind_intensity": 11.803853676730313, "sun_azimuth_angle": 55.78014178647468, "fog_distance": "0", "cloudiness": 17.399103360858316, "fog_density": 66.03454148599222, "wetness": 64.85208890695272, "precipitation_deposits": 35.70245098483713}}], "scenario_type": "Scenario27"}], "Town04": [{"available_event_configurations": [{"transform": {"pitch": "0", "x": 254.9, "y": -230.9, "yaw": 90, "z": 0}, "_start_distance": 19.980081529242156, "_actor_vel": 2.096545090369377, "_trigger_distance": 18.320449398733622, "_model": 1, "weather": {"sun_altitude_angle": -50.084326423471765, "precipitation": 20.489873314358263, "wind_intensity": 11.803853676730313, "sun_azimuth_angle": 55.78014178647468, "fog_distance": "0", "cloudiness": 17.399103360858316, "fog_density": 66.03454148599222, "wetness": 64.85208890695272, "precipitation_deposits": 35.70245098483713}}], "scenario_type": "Scenario27"}], "Town03": [{"available_event_configurations": [{"transform": {"pitch": "0", "x": -88.5, "y": -90, "yaw": 90, "z": 0}, "_start_distance": 19.980081529242156, "_actor_vel": 2.096545090369377, "_trigger_distance": 18.320449398733622, "_model": 1, "weather": {"sun_altitude_angle": -50.084326423471765, "precipitation": 20.489873314358263, "wind_intensity": 11.803853676730313, "sun_azimuth_angle": 55.78014178647468, "fog_distance": "0", "cloudiness": 17.399103360858316, "fog_density": 66.03454148599222, "wetness": 64.85208890695272, "precipitation_deposits": 35.70245098483713}}], "scenario_type": "Scenario27"}]}]}