{"available_scenarios": [{"Town05": [{"available_event_configurations": [{"transform": {"pitch": "0", "x": 35, "y": 130, "yaw": -90, "z": 0}, "_start_distance": 15.520311100901928, "_actor_vel": 2.12640484445869, "_trigger_distance": 15.814352194866377, "_model": 1}, {"transform": {"pitch": "0", "x": 35, "y": 65, "yaw": -90, "z": 0}, "_start_distance": 15.520311100901928, "_actor_vel": 2.12640484445869, "_trigger_distance": 15.814352194866377, "_model": 1, "weather": {"sun_altitude_angle": -44.74151482476312, "precipitation": 90.2429156367606, "wind_intensity": 75.48429340202482, "sun_azimuth_angle": 59.63279447923577, "fog_distance": "0", "cloudiness": 42.932841320344174, "fog_density": 3.4864465223053753, "wetness": 37.65148114055247, "precipitation_deposits": 15.574344769895344}}], "scenario_type": "Scenario27"}], "Town01": [{"available_event_configurations": [{"transform": {"pitch": "0", "x": 312, "y": 129, "yaw": 180, "z": 0}, "_start_distance": 15.520311100901928, "_actor_vel": 2.12640484445869, "_trigger_distance": 15.814352194866377, "_model": 1, "weather": {"sun_altitude_angle": -44.74151482476312, "precipitation": 90.2429156367606, "wind_intensity": 75.48429340202482, "sun_azimuth_angle": 59.63279447923577, "fog_distance": "0", "cloudiness": 42.932841320344174, "fog_density": 3.4864465223053753, "wetness": 37.65148114055247, "precipitation_deposits": 15.574344769895344}}], "scenario_type": "Scenario27"}], "Town04": [{"available_event_configurations": [{"transform": {"pitch": "0", "x": 254.9, "y": -230.9, "yaw": 90, "z": 0}, "_start_distance": 15.520311100901928, "_actor_vel": 2.12640484445869, "_trigger_distance": 15.814352194866377, "_model": 1, "weather": {"sun_altitude_angle": -44.74151482476312, "precipitation": 90.2429156367606, "wind_intensity": 75.48429340202482, "sun_azimuth_angle": 59.63279447923577, "fog_distance": "0", "cloudiness": 42.932841320344174, "fog_density": 3.4864465223053753, "wetness": 37.65148114055247, "precipitation_deposits": 15.574344769895344}}], "scenario_type": "Scenario27"}], "Town03": [{"available_event_configurations": [{"transform": {"pitch": "0", "x": -88.5, "y": -90, "yaw": 90, "z": 0}, "_start_distance": 15.520311100901928, "_actor_vel": 2.12640484445869, "_trigger_distance": 15.814352194866377, "_model": 1, "weather": {"sun_altitude_angle": -44.74151482476312, "precipitation": 90.2429156367606, "wind_intensity": 75.48429340202482, "sun_azimuth_angle": 59.63279447923577, "fog_distance": "0", "cloudiness": 42.932841320344174, "fog_density": 3.4864465223053753, "wetness": 37.65148114055247, "precipitation_deposits": 15.574344769895344}}], "scenario_type": "Scenario27"}]}]}