{"available_scenarios": [{"Town05": [{"available_event_configurations": [{"transform": {"pitch": "0", "x": 35, "y": 130, "yaw": -90, "z": 0}, "_start_distance": 17.49125121084391, "_actor_vel": 2.2017153936711704, "_trigger_distance": 18.522943891554014, "_model": 1}, {"transform": {"pitch": "0", "x": 35, "y": 65, "yaw": -90, "z": 0}, "_start_distance": 17.49125121084391, "_actor_vel": 2.2017153936711704, "_trigger_distance": 18.522943891554014, "_model": 1, "weather": {"sun_altitude_angle": -35.0818457530992, "precipitation": 16.017590328689824, "wind_intensity": 65.94531671836624, "sun_azimuth_angle": 124.66962831935241, "fog_distance": "0", "cloudiness": 74.21029052970022, "fog_density": 87.43819397223533, "wetness": 25.660937273722773, "precipitation_deposits": 73.20595549782267}}], "scenario_type": "Scenario27"}], "Town01": [{"available_event_configurations": [{"transform": {"pitch": "0", "x": 312, "y": 129, "yaw": 180, "z": 0}, "_start_distance": 17.49125121084391, "_actor_vel": 2.2017153936711704, "_trigger_distance": 18.522943891554014, "_model": 1, "weather": {"sun_altitude_angle": -35.0818457530992, "precipitation": 16.017590328689824, "wind_intensity": 65.94531671836624, "sun_azimuth_angle": 124.66962831935241, "fog_distance": "0", "cloudiness": 74.21029052970022, "fog_density": 87.43819397223533, "wetness": 25.660937273722773, "precipitation_deposits": 73.20595549782267}}], "scenario_type": "Scenario27"}], "Town04": [{"available_event_configurations": [{"transform": {"pitch": "0", "x": 254.9, "y": -230.9, "yaw": 90, "z": 0}, "_start_distance": 17.49125121084391, "_actor_vel": 2.2017153936711704, "_trigger_distance": 18.522943891554014, "_model": 1, "weather": {"sun_altitude_angle": -35.0818457530992, "precipitation": 16.017590328689824, "wind_intensity": 65.94531671836624, "sun_azimuth_angle": 124.66962831935241, "fog_distance": "0", "cloudiness": 74.21029052970022, "fog_density": 87.43819397223533, "wetness": 25.660937273722773, "precipitation_deposits": 73.20595549782267}}], "scenario_type": "Scenario27"}], "Town03": [{"available_event_configurations": [{"transform": {"pitch": "0", "x": -88.5, "y": -90, "yaw": 90, "z": 0}, "_start_distance": 17.49125121084391, "_actor_vel": 2.2017153936711704, "_trigger_distance": 18.522943891554014, "_model": 1, "weather": {"sun_altitude_angle": -35.0818457530992, "precipitation": 16.017590328689824, "wind_intensity": 65.94531671836624, "sun_azimuth_angle": 124.66962831935241, "fog_distance": "0", "cloudiness": 74.21029052970022, "fog_density": 87.43819397223533, "wetness": 25.660937273722773, "precipitation_deposits": 73.20595549782267}}], "scenario_type": "Scenario27"}]}]}