{"available_scenarios": [{"Town05": [{"available_event_configurations": [{"transform": {"pitch": "0", "x": 35, "y": 130, "yaw": -90, "z": 0}, "_start_distance": 17.5114159767762, "_actor_vel": 2.014106050636935, "_trigger_distance": 17.669829243217986, "_model": 1}, {"transform": {"pitch": "0", "x": 35, "y": 65, "yaw": -90, "z": 0}, "_start_distance": 17.5114159767762, "_actor_vel": 2.014106050636935, "_trigger_distance": 17.669829243217986, "_model": 1, "weather": {"sun_altitude_angle": 29.08690025926461, "precipitation": 46.446401104101895, "wind_intensity": 11.374489773762264, "sun_azimuth_angle": 347.1564821077891, "fog_distance": "0", "cloudiness": 55.81585400874902, "fog_density": 98.48426753741269, "wetness": 42.734270988693645, "precipitation_deposits": 30.902822389244854}}], "scenario_type": "Scenario27"}], "Town01": [{"available_event_configurations": [{"transform": {"pitch": "0", "x": 312, "y": 129, "yaw": 180, "z": 0}, "_start_distance": 17.5114159767762, "_actor_vel": 2.014106050636935, "_trigger_distance": 17.669829243217986, "_model": 1, "weather": {"sun_altitude_angle": 29.08690025926461, "precipitation": 46.446401104101895, "wind_intensity": 11.374489773762264, "sun_azimuth_angle": 347.1564821077891, "fog_distance": "0", "cloudiness": 55.81585400874902, "fog_density": 98.48426753741269, "wetness": 42.734270988693645, "precipitation_deposits": 30.902822389244854}}], "scenario_type": "Scenario27"}], "Town04": [{"available_event_configurations": [{"transform": {"pitch": "0", "x": 254.9, "y": -230.9, "yaw": 90, "z": 0}, "_start_distance": 17.5114159767762, "_actor_vel": 2.014106050636935, "_trigger_distance": 17.669829243217986, "_model": 1, "weather": {"sun_altitude_angle": 29.08690025926461, "precipitation": 46.446401104101895, "wind_intensity": 11.374489773762264, "sun_azimuth_angle": 347.1564821077891, "fog_distance": "0", "cloudiness": 55.81585400874902, "fog_density": 98.48426753741269, "wetness": 42.734270988693645, "precipitation_deposits": 30.902822389244854}}], "scenario_type": "Scenario27"}], "Town03": [{"available_event_configurations": [{"transform": {"pitch": "0", "x": -88.5, "y": -90, "yaw": 90, "z": 0}, "_start_distance": 17.5114159767762, "_actor_vel": 2.014106050636935, "_trigger_distance": 17.669829243217986, "_model": 1, "weather": {"sun_altitude_angle": 29.08690025926461, "precipitation": 46.446401104101895, "wind_intensity": 11.374489773762264, "sun_azimuth_angle": 347.1564821077891, "fog_distance": "0", "cloudiness": 55.81585400874902, "fog_density": 98.48426753741269, "wetness": 42.734270988693645, "precipitation_deposits": 30.902822389244854}}], "scenario_type": "Scenario27"}]}]}