{"available_scenarios": [{"Town05": [{"available_event_configurations": [{"transform": {"pitch": "0", "x": 35, "y": 130, "yaw": -90, "z": 0}, "_start_distance": 15.700480746302865, "_actor_vel": 2.077909404493982, "_trigger_distance": 17.205778611676223, "_model": 1}, {"transform": {"pitch": "0", "x": 35, "y": 65, "yaw": -90, "z": 0}, "_start_distance": 15.700480746302865, "_actor_vel": 2.077909404493982, "_trigger_distance": 17.205778611676223, "_model": 1, "weather": {"sun_altitude_angle": -89.06058579136418, "precipitation": 65.84021905983437, "wind_intensity": 76.33753029673835, "sun_azimuth_angle": 280.85859307619216, "fog_distance": "0", "cloudiness": 53.22941089361897, "fog_density": 68.15884730470295, "wetness": 45.195386055294016, "precipitation_deposits": 46.1713921223636}}], "scenario_type": "Scenario27"}], "Town01": [{"available_event_configurations": [{"transform": {"pitch": "0", "x": 312, "y": 129, "yaw": 180, "z": 0}, "_start_distance": 15.700480746302865, "_actor_vel": 2.077909404493982, "_trigger_distance": 17.205778611676223, "_model": 1, "weather": {"sun_altitude_angle": -89.06058579136418, "precipitation": 65.84021905983437, "wind_intensity": 76.33753029673835, "sun_azimuth_angle": 280.85859307619216, "fog_distance": "0", "cloudiness": 53.22941089361897, "fog_density": 68.15884730470295, "wetness": 45.195386055294016, "precipitation_deposits": 46.1713921223636}}], "scenario_type": "Scenario27"}], "Town04": [{"available_event_configurations": [{"transform": {"pitch": "0", "x": 254.9, "y": -230.9, "yaw": 90, "z": 0}, "_start_distance": 15.700480746302865, "_actor_vel": 2.077909404493982, "_trigger_distance": 17.205778611676223, "_model": 1, "weather": {"sun_altitude_angle": -89.06058579136418, "precipitation": 65.84021905983437, "wind_intensity": 76.33753029673835, "sun_azimuth_angle": 280.85859307619216, "fog_distance": "0", "cloudiness": 53.22941089361897, "fog_density": 68.15884730470295, "wetness": 45.195386055294016, "precipitation_deposits": 46.1713921223636}}], "scenario_type": "Scenario27"}], "Town03": [{"available_event_configurations": [{"transform": {"pitch": "0", "x": -88.5, "y": -90, "yaw": 90, "z": 0}, "_start_distance": 15.700480746302865, "_actor_vel": 2.077909404493982, "_trigger_distance": 17.205778611676223, "_model": 1, "weather": {"sun_altitude_angle": -89.06058579136418, "precipitation": 65.84021905983437, "wind_intensity": 76.33753029673835, "sun_azimuth_angle": 280.85859307619216, "fog_distance": "0", "cloudiness": 53.22941089361897, "fog_density": 68.15884730470295, "wetness": 45.195386055294016, "precipitation_deposits": 46.1713921223636}}], "scenario_type": "Scenario27"}]}]}