{"available_scenarios": [{"Town05": [{"available_event_configurations": [{"transform": {"pitch": "0", "x": 35, "y": 130, "yaw": -90, "z": 0}, "_start_distance": 16.529138805665198, "_actor_vel": 2.069911752387263, "_trigger_distance": 19.664086644668448, "_model": 1}, {"transform": {"pitch": "0", "x": 35, "y": 65, "yaw": -90, "z": 0}, "_start_distance": 16.529138805665198, "_actor_vel": 2.069911752387263, "_trigger_distance": 19.664086644668448, "_model": 1, "weather": {"sun_altitude_angle": -6.165123317566213, "precipitation": 43.25349668123041, "wind_intensity": 98.69451127285687, "sun_azimuth_angle": 194.76403618003474, "fog_distance": "0", "cloudiness": 39.27726006092497, "fog_density": 56.83357697364961, "wetness": 74.67003456070881, "precipitation_deposits": 99.1450093862472}}], "scenario_type": "Scenario27"}], "Town01": [{"available_event_configurations": [{"transform": {"pitch": "0", "x": 312, "y": 129, "yaw": 180, "z": 0}, "_start_distance": 16.529138805665198, "_actor_vel": 2.069911752387263, "_trigger_distance": 19.664086644668448, "_model": 1, "weather": {"sun_altitude_angle": -6.165123317566213, "precipitation": 43.25349668123041, "wind_intensity": 98.69451127285687, "sun_azimuth_angle": 194.76403618003474, "fog_distance": "0", "cloudiness": 39.27726006092497, "fog_density": 56.83357697364961, "wetness": 74.67003456070881, "precipitation_deposits": 99.1450093862472}}], "scenario_type": "Scenario27"}], "Town04": [{"available_event_configurations": [{"transform": {"pitch": "0", "x": 254.9, "y": -230.9, "yaw": 90, "z": 0}, "_start_distance": 16.529138805665198, "_actor_vel": 2.069911752387263, "_trigger_distance": 19.664086644668448, "_model": 1, "weather": {"sun_altitude_angle": -6.165123317566213, "precipitation": 43.25349668123041, "wind_intensity": 98.69451127285687, "sun_azimuth_angle": 194.76403618003474, "fog_distance": "0", "cloudiness": 39.27726006092497, "fog_density": 56.83357697364961, "wetness": 74.67003456070881, "precipitation_deposits": 99.1450093862472}}], "scenario_type": "Scenario27"}], "Town03": [{"available_event_configurations": [{"transform": {"pitch": "0", "x": -88.5, "y": -90, "yaw": 90, "z": 0}, "_start_distance": 16.529138805665198, "_actor_vel": 2.069911752387263, "_trigger_distance": 19.664086644668448, "_model": 1, "weather": {"sun_altitude_angle": -6.165123317566213, "precipitation": 43.25349668123041, "wind_intensity": 98.69451127285687, "sun_azimuth_angle": 194.76403618003474, "fog_distance": "0", "cloudiness": 39.27726006092497, "fog_density": 56.83357697364961, "wetness": 74.67003456070881, "precipitation_deposits": 99.1450093862472}}], "scenario_type": "Scenario27"}]}]}