{"available_scenarios": [{"Town05": [{"available_event_configurations": [{"transform": {"pitch": "0", "x": 35, "y": 130, "yaw": -90, "z": 0}, "_start_distance": 19.609818565144778, "_actor_vel": 2.0641594697073002, "_trigger_distance": 17.422442776048463, "_model": 1}, {"transform": {"pitch": "0", "x": 35, "y": 65, "yaw": -90, "z": 0}, "_start_distance": 19.609818565144778, "_actor_vel": 2.0641594697073002, "_trigger_distance": 17.422442776048463, "_model": 1, "weather": {"sun_altitude_angle": -83.33527254198692, "precipitation": 81.73721277777001, "wind_intensity": 29.285563491143574, "sun_azimuth_angle": 219.91491543952745, "fog_distance": "0", "cloudiness": 86.79291491195332, "fog_density": 23.735160815328282, "wetness": 75.13704006110609, "precipitation_deposits": 65.6846496627445}}], "scenario_type": "Scenario27"}], "Town01": [{"available_event_configurations": [{"transform": {"pitch": "0", "x": 312, "y": 129, "yaw": 180, "z": 0}, "_start_distance": 19.609818565144778, "_actor_vel": 2.0641594697073002, "_trigger_distance": 17.422442776048463, "_model": 1, "weather": {"sun_altitude_angle": -83.33527254198692, "precipitation": 81.73721277777001, "wind_intensity": 29.285563491143574, "sun_azimuth_angle": 219.91491543952745, "fog_distance": "0", "cloudiness": 86.79291491195332, "fog_density": 23.735160815328282, "wetness": 75.13704006110609, "precipitation_deposits": 65.6846496627445}}], "scenario_type": "Scenario27"}], "Town04": [{"available_event_configurations": [{"transform": {"pitch": "0", "x": 254.9, "y": -230.9, "yaw": 90, "z": 0}, "_start_distance": 19.609818565144778, "_actor_vel": 2.0641594697073002, "_trigger_distance": 17.422442776048463, "_model": 1, "weather": {"sun_altitude_angle": -83.33527254198692, "precipitation": 81.73721277777001, "wind_intensity": 29.285563491143574, "sun_azimuth_angle": 219.91491543952745, "fog_distance": "0", "cloudiness": 86.79291491195332, "fog_density": 23.735160815328282, "wetness": 75.13704006110609, "precipitation_deposits": 65.6846496627445}}], "scenario_type": "Scenario27"}], "Town03": [{"available_event_configurations": [{"transform": {"pitch": "0", "x": -88.5, "y": -90, "yaw": 90, "z": 0}, "_start_distance": 19.609818565144778, "_actor_vel": 2.0641594697073002, "_trigger_distance": 17.422442776048463, "_model": 1, "weather": {"sun_altitude_angle": -83.33527254198692, "precipitation": 81.73721277777001, "wind_intensity": 29.285563491143574, "sun_azimuth_angle": 219.91491543952745, "fog_distance": "0", "cloudiness": 86.79291491195332, "fog_density": 23.735160815328282, "wetness": 75.13704006110609, "precipitation_deposits": 65.6846496627445}}], "scenario_type": "Scenario27"}]}]}