{"available_scenarios": [{"Town05": [{"available_event_configurations": [{"transform": {"pitch": "0", "x": 35, "y": 130, "yaw": -90, "z": 0}, "_start_distance": 19.408666659445974, "_actor_vel": 2.3633655987330875, "_trigger_distance": 18.570660543830627, "_model": 1}, {"transform": {"pitch": "0", "x": 35, "y": 65, "yaw": -90, "z": 0}, "_start_distance": 19.408666659445974, "_actor_vel": 2.3633655987330875, "_trigger_distance": 18.570660543830627, "_model": 1, "weather": {"sun_altitude_angle": 6.86889751840522, "precipitation": 56.30591259637645, "wind_intensity": 20.984362632941135, "sun_azimuth_angle": 63.08622296829689, "fog_distance": "0", "cloudiness": 22.22937903701029, "fog_density": 96.7480713980094, "wetness": 77.33934541082698, "precipitation_deposits": 55.90432434144026}}], "scenario_type": "Scenario27"}], "Town01": [{"available_event_configurations": [{"transform": {"pitch": "0", "x": 312, "y": 129, "yaw": 180, "z": 0}, "_start_distance": 19.408666659445974, "_actor_vel": 2.3633655987330875, "_trigger_distance": 18.570660543830627, "_model": 1, "weather": {"sun_altitude_angle": 6.86889751840522, "precipitation": 56.30591259637645, "wind_intensity": 20.984362632941135, "sun_azimuth_angle": 63.08622296829689, "fog_distance": "0", "cloudiness": 22.22937903701029, "fog_density": 96.7480713980094, "wetness": 77.33934541082698, "precipitation_deposits": 55.90432434144026}}], "scenario_type": "Scenario27"}], "Town04": [{"available_event_configurations": [{"transform": {"pitch": "0", "x": 254.9, "y": -230.9, "yaw": 90, "z": 0}, "_start_distance": 19.408666659445974, "_actor_vel": 2.3633655987330875, "_trigger_distance": 18.570660543830627, "_model": 1, "weather": {"sun_altitude_angle": 6.86889751840522, "precipitation": 56.30591259637645, "wind_intensity": 20.984362632941135, "sun_azimuth_angle": 63.08622296829689, "fog_distance": "0", "cloudiness": 22.22937903701029, "fog_density": 96.7480713980094, "wetness": 77.33934541082698, "precipitation_deposits": 55.90432434144026}}], "scenario_type": "Scenario27"}], "Town03": [{"available_event_configurations": [{"transform": {"pitch": "0", "x": -88.5, "y": -90, "yaw": 90, "z": 0}, "_start_distance": 19.408666659445974, "_actor_vel": 2.3633655987330875, "_trigger_distance": 18.570660543830627, "_model": 1, "weather": {"sun_altitude_angle": 6.86889751840522, "precipitation": 56.30591259637645, "wind_intensity": 20.984362632941135, "sun_azimuth_angle": 63.08622296829689, "fog_distance": "0", "cloudiness": 22.22937903701029, "fog_density": 96.7480713980094, "wetness": 77.33934541082698, "precipitation_deposits": 55.90432434144026}}], "scenario_type": "Scenario27"}]}]}