{"available_scenarios": [{"Town05": [{"available_event_configurations": [{"transform": {"pitch": "0", "x": 35, "y": 130, "yaw": -90, "z": 0}, "_start_distance": 16.08592774994375, "_actor_vel": 2.281685473914129, "_trigger_distance": 15.635262612795723, "_model": 1}, {"transform": {"pitch": "0", "x": 35, "y": 65, "yaw": -90, "z": 0}, "_start_distance": 16.08592774994375, "_actor_vel": 2.281685473914129, "_trigger_distance": 15.635262612795723, "_model": 1, "weather": {"sun_altitude_angle": 25.848946620351214, "precipitation": 71.84596380882628, "wind_intensity": 81.29991581200129, "sun_azimuth_angle": 72.0696619825951, "fog_distance": "0", "cloudiness": 52.28910955126298, "fog_density": 57.78759121985503, "wetness": 33.041326480579926, "precipitation_deposits": 80.3788111828487}}], "scenario_type": "Scenario27"}], "Town01": [{"available_event_configurations": [{"transform": {"pitch": "0", "x": 312, "y": 129, "yaw": 180, "z": 0}, "_start_distance": 16.08592774994375, "_actor_vel": 2.281685473914129, "_trigger_distance": 15.635262612795723, "_model": 1, "weather": {"sun_altitude_angle": 25.848946620351214, "precipitation": 71.84596380882628, "wind_intensity": 81.29991581200129, "sun_azimuth_angle": 72.0696619825951, "fog_distance": "0", "cloudiness": 52.28910955126298, "fog_density": 57.78759121985503, "wetness": 33.041326480579926, "precipitation_deposits": 80.3788111828487}}], "scenario_type": "Scenario27"}], "Town04": [{"available_event_configurations": [{"transform": {"pitch": "0", "x": 254.9, "y": -230.9, "yaw": 90, "z": 0}, "_start_distance": 16.08592774994375, "_actor_vel": 2.281685473914129, "_trigger_distance": 15.635262612795723, "_model": 1, "weather": {"sun_altitude_angle": 25.848946620351214, "precipitation": 71.84596380882628, "wind_intensity": 81.29991581200129, "sun_azimuth_angle": 72.0696619825951, "fog_distance": "0", "cloudiness": 52.28910955126298, "fog_density": 57.78759121985503, "wetness": 33.041326480579926, "precipitation_deposits": 80.3788111828487}}], "scenario_type": "Scenario27"}], "Town03": [{"available_event_configurations": [{"transform": {"pitch": "0", "x": -88.5, "y": -90, "yaw": 90, "z": 0}, "_start_distance": 16.08592774994375, "_actor_vel": 2.281685473914129, "_trigger_distance": 15.635262612795723, "_model": 1, "weather": {"sun_altitude_angle": 25.848946620351214, "precipitation": 71.84596380882628, "wind_intensity": 81.29991581200129, "sun_azimuth_angle": 72.0696619825951, "fog_distance": "0", "cloudiness": 52.28910955126298, "fog_density": 57.78759121985503, "wetness": 33.041326480579926, "precipitation_deposits": 80.3788111828487}}], "scenario_type": "Scenario27"}]}]}