{"available_scenarios": [{"Town05": [{"available_event_configurations": [{"transform": {"pitch": "0", "x": 35, "y": 130, "yaw": -90, "z": 0}, "_start_distance": 15.417570039389583, "_actor_vel": 2.314544798243995, "_trigger_distance": 18.244398906859104, "_model": 1}, {"transform": {"pitch": "0", "x": 35, "y": 65, "yaw": -90, "z": 0}, "_start_distance": 15.417570039389583, "_actor_vel": 2.314544798243995, "_trigger_distance": 18.244398906859104, "_model": 1, "weather": {"sun_altitude_angle": -62.389501887595394, "precipitation": 72.624921026846, "wind_intensity": 47.17058993929041, "sun_azimuth_angle": 152.45514981001924, "fog_distance": "0", "cloudiness": 48.36859615678851, "fog_density": 63.59307530680598, "wetness": 55.2422785217336, "precipitation_deposits": 24.760894118391974}}], "scenario_type": "Scenario27"}], "Town01": [{"available_event_configurations": [{"transform": {"pitch": "0", "x": 312, "y": 129, "yaw": 180, "z": 0}, "_start_distance": 15.417570039389583, "_actor_vel": 2.314544798243995, "_trigger_distance": 18.244398906859104, "_model": 1, "weather": {"sun_altitude_angle": -62.389501887595394, "precipitation": 72.624921026846, "wind_intensity": 47.17058993929041, "sun_azimuth_angle": 152.45514981001924, "fog_distance": "0", "cloudiness": 48.36859615678851, "fog_density": 63.59307530680598, "wetness": 55.2422785217336, "precipitation_deposits": 24.760894118391974}}], "scenario_type": "Scenario27"}], "Town04": [{"available_event_configurations": [{"transform": {"pitch": "0", "x": 254.9, "y": -230.9, "yaw": 90, "z": 0}, "_start_distance": 15.417570039389583, "_actor_vel": 2.314544798243995, "_trigger_distance": 18.244398906859104, "_model": 1, "weather": {"sun_altitude_angle": -62.389501887595394, "precipitation": 72.624921026846, "wind_intensity": 47.17058993929041, "sun_azimuth_angle": 152.45514981001924, "fog_distance": "0", "cloudiness": 48.36859615678851, "fog_density": 63.59307530680598, "wetness": 55.2422785217336, "precipitation_deposits": 24.760894118391974}}], "scenario_type": "Scenario27"}], "Town03": [{"available_event_configurations": [{"transform": {"pitch": "0", "x": -88.5, "y": -90, "yaw": 90, "z": 0}, "_start_distance": 15.417570039389583, "_actor_vel": 2.314544798243995, "_trigger_distance": 18.244398906859104, "_model": 1, "weather": {"sun_altitude_angle": -62.389501887595394, "precipitation": 72.624921026846, "wind_intensity": 47.17058993929041, "sun_azimuth_angle": 152.45514981001924, "fog_distance": "0", "cloudiness": 48.36859615678851, "fog_density": 63.59307530680598, "wetness": 55.2422785217336, "precipitation_deposits": 24.760894118391974}}], "scenario_type": "Scenario27"}]}]}