{"available_scenarios": [{"Town05": [{"available_event_configurations": [{"transform": {"pitch": "0", "x": 35, "y": 130, "yaw": -90, "z": 0}, "_start_distance": 17.166379284402918, "_actor_vel": 2.3129240022730264, "_trigger_distance": 18.882999101519708, "_model": 1}, {"transform": {"pitch": "0", "x": 35, "y": 65, "yaw": -90, "z": 0}, "_start_distance": 17.166379284402918, "_actor_vel": 2.3129240022730264, "_trigger_distance": 18.882999101519708, "_model": 1, "weather": {"sun_altitude_angle": -3.037769000546035, "precipitation": 27.105779785220086, "wind_intensity": 15.673617728236222, "sun_azimuth_angle": 61.34071565427797, "fog_distance": "0", "cloudiness": 79.40840031534944, "fog_density": 27.58377895781533, "wetness": 52.27186307657933, "precipitation_deposits": 65.93458452553148}}], "scenario_type": "Scenario27"}], "Town01": [{"available_event_configurations": [{"transform": {"pitch": "0", "x": 312, "y": 129, "yaw": 180, "z": 0}, "_start_distance": 17.166379284402918, "_actor_vel": 2.3129240022730264, "_trigger_distance": 18.882999101519708, "_model": 1, "weather": {"sun_altitude_angle": -3.037769000546035, "precipitation": 27.105779785220086, "wind_intensity": 15.673617728236222, "sun_azimuth_angle": 61.34071565427797, "fog_distance": "0", "cloudiness": 79.40840031534944, "fog_density": 27.58377895781533, "wetness": 52.27186307657933, "precipitation_deposits": 65.93458452553148}}], "scenario_type": "Scenario27"}], "Town04": [{"available_event_configurations": [{"transform": {"pitch": "0", "x": 254.9, "y": -230.9, "yaw": 90, "z": 0}, "_start_distance": 17.166379284402918, "_actor_vel": 2.3129240022730264, "_trigger_distance": 18.882999101519708, "_model": 1, "weather": {"sun_altitude_angle": -3.037769000546035, "precipitation": 27.105779785220086, "wind_intensity": 15.673617728236222, "sun_azimuth_angle": 61.34071565427797, "fog_distance": "0", "cloudiness": 79.40840031534944, "fog_density": 27.58377895781533, "wetness": 52.27186307657933, "precipitation_deposits": 65.93458452553148}}], "scenario_type": "Scenario27"}], "Town03": [{"available_event_configurations": [{"transform": {"pitch": "0", "x": -88.5, "y": -90, "yaw": 90, "z": 0}, "_start_distance": 17.166379284402918, "_actor_vel": 2.3129240022730264, "_trigger_distance": 18.882999101519708, "_model": 1, "weather": {"sun_altitude_angle": -3.037769000546035, "precipitation": 27.105779785220086, "wind_intensity": 15.673617728236222, "sun_azimuth_angle": 61.34071565427797, "fog_distance": "0", "cloudiness": 79.40840031534944, "fog_density": 27.58377895781533, "wetness": 52.27186307657933, "precipitation_deposits": 65.93458452553148}}], "scenario_type": "Scenario27"}]}]}