{"available_scenarios": [{"Town05": [{"available_event_configurations": [{"transform": {"pitch": "0", "x": 35, "y": 130, "yaw": -90, "z": 0}, "_start_distance": 16.85032844693427, "_actor_vel": 2.266512751199009, "_trigger_distance": 18.1703692202299, "_model": 1}, {"transform": {"pitch": "0", "x": 35, "y": 65, "yaw": -90, "z": 0}, "_start_distance": 16.85032844693427, "_actor_vel": 2.266512751199009, "_trigger_distance": 18.1703692202299, "_model": 1, "weather": {"sun_altitude_angle": 78.58911098951378, "precipitation": 0.3870146300679167, "wind_intensity": 53.683877224841204, "sun_azimuth_angle": 172.948013537202, "fog_distance": "0", "cloudiness": 44.903206629599026, "fog_density": 71.96645527034049, "wetness": 36.947287669334806, "precipitation_deposits": 69.538460736211}}], "scenario_type": "Scenario27"}], "Town01": [{"available_event_configurations": [{"transform": {"pitch": "0", "x": 312, "y": 129, "yaw": 180, "z": 0}, "_start_distance": 16.85032844693427, "_actor_vel": 2.266512751199009, "_trigger_distance": 18.1703692202299, "_model": 1, "weather": {"sun_altitude_angle": 78.58911098951378, "precipitation": 0.3870146300679167, "wind_intensity": 53.683877224841204, "sun_azimuth_angle": 172.948013537202, "fog_distance": "0", "cloudiness": 44.903206629599026, "fog_density": 71.96645527034049, "wetness": 36.947287669334806, "precipitation_deposits": 69.538460736211}}], "scenario_type": "Scenario27"}], "Town04": [{"available_event_configurations": [{"transform": {"pitch": "0", "x": 254.9, "y": -230.9, "yaw": 90, "z": 0}, "_start_distance": 16.85032844693427, "_actor_vel": 2.266512751199009, "_trigger_distance": 18.1703692202299, "_model": 1, "weather": {"sun_altitude_angle": 78.58911098951378, "precipitation": 0.3870146300679167, "wind_intensity": 53.683877224841204, "sun_azimuth_angle": 172.948013537202, "fog_distance": "0", "cloudiness": 44.903206629599026, "fog_density": 71.96645527034049, "wetness": 36.947287669334806, "precipitation_deposits": 69.538460736211}}], "scenario_type": "Scenario27"}], "Town03": [{"available_event_configurations": [{"transform": {"pitch": "0", "x": -88.5, "y": -90, "yaw": 90, "z": 0}, "_start_distance": 16.85032844693427, "_actor_vel": 2.266512751199009, "_trigger_distance": 18.1703692202299, "_model": 1, "weather": {"sun_altitude_angle": 78.58911098951378, "precipitation": 0.3870146300679167, "wind_intensity": 53.683877224841204, "sun_azimuth_angle": 172.948013537202, "fog_distance": "0", "cloudiness": 44.903206629599026, "fog_density": 71.96645527034049, "wetness": 36.947287669334806, "precipitation_deposits": 69.538460736211}}], "scenario_type": "Scenario27"}]}]}