{"available_scenarios": [{"Town05": [{"available_event_configurations": [{"transform": {"pitch": "0", "x": 35, "y": 130, "yaw": -90, "z": 0}, "_start_distance": 15.574587644148448, "_actor_vel": 2.1002849213448505, "_trigger_distance": 16.699889273704226, "_model": 1}, {"transform": {"pitch": "0", "x": 35, "y": 65, "yaw": -90, "z": 0}, "_start_distance": 15.574587644148448, "_actor_vel": 2.1002849213448505, "_trigger_distance": 16.699889273704226, "_model": 1, "weather": {"sun_altitude_angle": -63.416199572576645, "precipitation": 30.599374141341062, "wind_intensity": 75.9206199030674, "sun_azimuth_angle": 328.4003272826278, "fog_distance": "0", "cloudiness": 29.975226120026978, "fog_density": 38.17346306864607, "wetness": 56.19567604855289, "precipitation_deposits": 30.509931605582608}}], "scenario_type": "Scenario27"}], "Town01": [{"available_event_configurations": [{"transform": {"pitch": "0", "x": 312, "y": 129, "yaw": 180, "z": 0}, "_start_distance": 15.574587644148448, "_actor_vel": 2.1002849213448505, "_trigger_distance": 16.699889273704226, "_model": 1, "weather": {"sun_altitude_angle": -63.416199572576645, "precipitation": 30.599374141341062, "wind_intensity": 75.9206199030674, "sun_azimuth_angle": 328.4003272826278, "fog_distance": "0", "cloudiness": 29.975226120026978, "fog_density": 38.17346306864607, "wetness": 56.19567604855289, "precipitation_deposits": 30.509931605582608}}], "scenario_type": "Scenario27"}], "Town04": [{"available_event_configurations": [{"transform": {"pitch": "0", "x": 254.9, "y": -230.9, "yaw": 90, "z": 0}, "_start_distance": 15.574587644148448, "_actor_vel": 2.1002849213448505, "_trigger_distance": 16.699889273704226, "_model": 1, "weather": {"sun_altitude_angle": -63.416199572576645, "precipitation": 30.599374141341062, "wind_intensity": 75.9206199030674, "sun_azimuth_angle": 328.4003272826278, "fog_distance": "0", "cloudiness": 29.975226120026978, "fog_density": 38.17346306864607, "wetness": 56.19567604855289, "precipitation_deposits": 30.509931605582608}}], "scenario_type": "Scenario27"}], "Town03": [{"available_event_configurations": [{"transform": {"pitch": "0", "x": -88.5, "y": -90, "yaw": 90, "z": 0}, "_start_distance": 15.574587644148448, "_actor_vel": 2.1002849213448505, "_trigger_distance": 16.699889273704226, "_model": 1, "weather": {"sun_altitude_angle": -63.416199572576645, "precipitation": 30.599374141341062, "wind_intensity": 75.9206199030674, "sun_azimuth_angle": 328.4003272826278, "fog_distance": "0", "cloudiness": 29.975226120026978, "fog_density": 38.17346306864607, "wetness": 56.19567604855289, "precipitation_deposits": 30.509931605582608}}], "scenario_type": "Scenario27"}]}]}