{"available_scenarios": [{"Town05": [{"available_event_configurations": [{"transform": {"pitch": "0", "x": 35, "y": 130, "yaw": -90, "z": 0}, "_start_distance": 16.431352015796403, "_actor_vel": 2.265599160362289, "_trigger_distance": 17.073253977702223, "_model": 1}, {"transform": {"pitch": "0", "x": 35, "y": 65, "yaw": -90, "z": 0}, "_start_distance": 16.431352015796403, "_actor_vel": 2.265599160362289, "_trigger_distance": 17.073253977702223, "_model": 1, "weather": {"sun_altitude_angle": 43.54022331401973, "precipitation": 40.463468517084856, "wind_intensity": 47.56573166102659, "sun_azimuth_angle": 354.99261766012376, "fog_distance": "0", "cloudiness": 87.36293627599909, "fog_density": 88.98503851692735, "wetness": 61.076352448062984, "precipitation_deposits": 56.87318263555818}}], "scenario_type": "Scenario27"}], "Town01": [{"available_event_configurations": [{"transform": {"pitch": "0", "x": 312, "y": 129, "yaw": 180, "z": 0}, "_start_distance": 16.431352015796403, "_actor_vel": 2.265599160362289, "_trigger_distance": 17.073253977702223, "_model": 1, "weather": {"sun_altitude_angle": 43.54022331401973, "precipitation": 40.463468517084856, "wind_intensity": 47.56573166102659, "sun_azimuth_angle": 354.99261766012376, "fog_distance": "0", "cloudiness": 87.36293627599909, "fog_density": 88.98503851692735, "wetness": 61.076352448062984, "precipitation_deposits": 56.87318263555818}}], "scenario_type": "Scenario27"}], "Town04": [{"available_event_configurations": [{"transform": {"pitch": "0", "x": 254.9, "y": -230.9, "yaw": 90, "z": 0}, "_start_distance": 16.431352015796403, "_actor_vel": 2.265599160362289, "_trigger_distance": 17.073253977702223, "_model": 1, "weather": {"sun_altitude_angle": 43.54022331401973, "precipitation": 40.463468517084856, "wind_intensity": 47.56573166102659, "sun_azimuth_angle": 354.99261766012376, "fog_distance": "0", "cloudiness": 87.36293627599909, "fog_density": 88.98503851692735, "wetness": 61.076352448062984, "precipitation_deposits": 56.87318263555818}}], "scenario_type": "Scenario27"}], "Town03": [{"available_event_configurations": [{"transform": {"pitch": "0", "x": -88.5, "y": -90, "yaw": 90, "z": 0}, "_start_distance": 16.431352015796403, "_actor_vel": 2.265599160362289, "_trigger_distance": 17.073253977702223, "_model": 1, "weather": {"sun_altitude_angle": 43.54022331401973, "precipitation": 40.463468517084856, "wind_intensity": 47.56573166102659, "sun_azimuth_angle": 354.99261766012376, "fog_distance": "0", "cloudiness": 87.36293627599909, "fog_density": 88.98503851692735, "wetness": 61.076352448062984, "precipitation_deposits": 56.87318263555818}}], "scenario_type": "Scenario27"}]}]}