{"available_scenarios": [{"Town05": [{"available_event_configurations": [{"transform": {"pitch": "0", "x": 35, "y": 130, "yaw": -90, "z": 0}, "_start_distance": 15.367917159968494, "_actor_vel": 2.4075074099525082, "_trigger_distance": 19.459160521119163, "_model": 1}, {"transform": {"pitch": "0", "x": 35, "y": 65, "yaw": -90, "z": 0}, "_start_distance": 15.367917159968494, "_actor_vel": 2.4075074099525082, "_trigger_distance": 19.459160521119163, "_model": 1, "weather": {"sun_altitude_angle": -79.94902832387407, "precipitation": 37.79788550439807, "wind_intensity": 9.730221645018345, "sun_azimuth_angle": 219.68338068136737, "fog_distance": "0", "cloudiness": 85.50501189539762, "fog_density": 62.190388102901636, "wetness": 61.46749011327921, "precipitation_deposits": 28.005365415782812}}], "scenario_type": "Scenario27"}], "Town01": [{"available_event_configurations": [{"transform": {"pitch": "0", "x": 312, "y": 129, "yaw": 180, "z": 0}, "_start_distance": 15.367917159968494, "_actor_vel": 2.4075074099525082, "_trigger_distance": 19.459160521119163, "_model": 1, "weather": {"sun_altitude_angle": -79.94902832387407, "precipitation": 37.79788550439807, "wind_intensity": 9.730221645018345, "sun_azimuth_angle": 219.68338068136737, "fog_distance": "0", "cloudiness": 85.50501189539762, "fog_density": 62.190388102901636, "wetness": 61.46749011327921, "precipitation_deposits": 28.005365415782812}}], "scenario_type": "Scenario27"}], "Town04": [{"available_event_configurations": [{"transform": {"pitch": "0", "x": 254.9, "y": -230.9, "yaw": 90, "z": 0}, "_start_distance": 15.367917159968494, "_actor_vel": 2.4075074099525082, "_trigger_distance": 19.459160521119163, "_model": 1, "weather": {"sun_altitude_angle": -79.94902832387407, "precipitation": 37.79788550439807, "wind_intensity": 9.730221645018345, "sun_azimuth_angle": 219.68338068136737, "fog_distance": "0", "cloudiness": 85.50501189539762, "fog_density": 62.190388102901636, "wetness": 61.46749011327921, "precipitation_deposits": 28.005365415782812}}], "scenario_type": "Scenario27"}], "Town03": [{"available_event_configurations": [{"transform": {"pitch": "0", "x": -88.5, "y": -90, "yaw": 90, "z": 0}, "_start_distance": 15.367917159968494, "_actor_vel": 2.4075074099525082, "_trigger_distance": 19.459160521119163, "_model": 1, "weather": {"sun_altitude_angle": -79.94902832387407, "precipitation": 37.79788550439807, "wind_intensity": 9.730221645018345, "sun_azimuth_angle": 219.68338068136737, "fog_distance": "0", "cloudiness": 85.50501189539762, "fog_density": 62.190388102901636, "wetness": 61.46749011327921, "precipitation_deposits": 28.005365415782812}}], "scenario_type": "Scenario27"}]}]}