{"available_scenarios": [{"Town05": [{"available_event_configurations": [{"transform": {"pitch": "0", "x": 35, "y": 130, "yaw": -90, "z": 0}, "_start_distance": 18.793633975702257, "_actor_vel": 2.403573873806329, "_trigger_distance": 18.658167444940535, "_model": 1}, {"transform": {"pitch": "0", "x": 35, "y": 65, "yaw": -90, "z": 0}, "_start_distance": 18.793633975702257, "_actor_vel": 2.403573873806329, "_trigger_distance": 18.658167444940535, "_model": 1, "weather": {"sun_altitude_angle": 84.92357315483576, "precipitation": 30.441409165163492, "wind_intensity": 19.260909172758478, "sun_azimuth_angle": 312.72385357604566, "fog_distance": "0", "cloudiness": 67.2792916645129, "fog_density": 3.263029441287968, "wetness": 50.7712380312186, "precipitation_deposits": 7.849905622770182}}], "scenario_type": "Scenario27"}], "Town01": [{"available_event_configurations": [{"transform": {"pitch": "0", "x": 312, "y": 129, "yaw": 180, "z": 0}, "_start_distance": 18.793633975702257, "_actor_vel": 2.403573873806329, "_trigger_distance": 18.658167444940535, "_model": 1, "weather": {"sun_altitude_angle": 84.92357315483576, "precipitation": 30.441409165163492, "wind_intensity": 19.260909172758478, "sun_azimuth_angle": 312.72385357604566, "fog_distance": "0", "cloudiness": 67.2792916645129, "fog_density": 3.263029441287968, "wetness": 50.7712380312186, "precipitation_deposits": 7.849905622770182}}], "scenario_type": "Scenario27"}], "Town04": [{"available_event_configurations": [{"transform": {"pitch": "0", "x": 254.9, "y": -230.9, "yaw": 90, "z": 0}, "_start_distance": 18.793633975702257, "_actor_vel": 2.403573873806329, "_trigger_distance": 18.658167444940535, "_model": 1, "weather": {"sun_altitude_angle": 84.92357315483576, "precipitation": 30.441409165163492, "wind_intensity": 19.260909172758478, "sun_azimuth_angle": 312.72385357604566, "fog_distance": "0", "cloudiness": 67.2792916645129, "fog_density": 3.263029441287968, "wetness": 50.7712380312186, "precipitation_deposits": 7.849905622770182}}], "scenario_type": "Scenario27"}], "Town03": [{"available_event_configurations": [{"transform": {"pitch": "0", "x": -88.5, "y": -90, "yaw": 90, "z": 0}, "_start_distance": 18.793633975702257, "_actor_vel": 2.403573873806329, "_trigger_distance": 18.658167444940535, "_model": 1, "weather": {"sun_altitude_angle": 84.92357315483576, "precipitation": 30.441409165163492, "wind_intensity": 19.260909172758478, "sun_azimuth_angle": 312.72385357604566, "fog_distance": "0", "cloudiness": 67.2792916645129, "fog_density": 3.263029441287968, "wetness": 50.7712380312186, "precipitation_deposits": 7.849905622770182}}], "scenario_type": "Scenario27"}]}]}