{"available_scenarios": [{"Town05": [{"available_event_configurations": [{"transform": {"pitch": "0", "x": 35, "y": 130, "yaw": -90, "z": 0}, "_start_distance": 17.034605757403934, "_actor_vel": 2.4059905201807266, "_trigger_distance": 16.469790842387862, "_model": 1}, {"transform": {"pitch": "0", "x": 35, "y": 65, "yaw": -90, "z": 0}, "_start_distance": 17.034605757403934, "_actor_vel": 2.4059905201807266, "_trigger_distance": 16.469790842387862, "_model": 1, "weather": {"sun_altitude_angle": -27.715544459825594, "precipitation": 46.966027382316476, "wind_intensity": 14.69507982054724, "sun_azimuth_angle": 24.950080307821175, "fog_distance": "0", "cloudiness": 25.40625351244905, "fog_density": 68.13429610095106, "wetness": 37.84632340795172, "precipitation_deposits": 10.33055191598702}}], "scenario_type": "Scenario27"}], "Town01": [{"available_event_configurations": [{"transform": {"pitch": "0", "x": 312, "y": 129, "yaw": 180, "z": 0}, "_start_distance": 17.034605757403934, "_actor_vel": 2.4059905201807266, "_trigger_distance": 16.469790842387862, "_model": 1, "weather": {"sun_altitude_angle": -27.715544459825594, "precipitation": 46.966027382316476, "wind_intensity": 14.69507982054724, "sun_azimuth_angle": 24.950080307821175, "fog_distance": "0", "cloudiness": 25.40625351244905, "fog_density": 68.13429610095106, "wetness": 37.84632340795172, "precipitation_deposits": 10.33055191598702}}], "scenario_type": "Scenario27"}], "Town04": [{"available_event_configurations": [{"transform": {"pitch": "0", "x": 254.9, "y": -230.9, "yaw": 90, "z": 0}, "_start_distance": 17.034605757403934, "_actor_vel": 2.4059905201807266, "_trigger_distance": 16.469790842387862, "_model": 1, "weather": {"sun_altitude_angle": -27.715544459825594, "precipitation": 46.966027382316476, "wind_intensity": 14.69507982054724, "sun_azimuth_angle": 24.950080307821175, "fog_distance": "0", "cloudiness": 25.40625351244905, "fog_density": 68.13429610095106, "wetness": 37.84632340795172, "precipitation_deposits": 10.33055191598702}}], "scenario_type": "Scenario27"}], "Town03": [{"available_event_configurations": [{"transform": {"pitch": "0", "x": -88.5, "y": -90, "yaw": 90, "z": 0}, "_start_distance": 17.034605757403934, "_actor_vel": 2.4059905201807266, "_trigger_distance": 16.469790842387862, "_model": 1, "weather": {"sun_altitude_angle": -27.715544459825594, "precipitation": 46.966027382316476, "wind_intensity": 14.69507982054724, "sun_azimuth_angle": 24.950080307821175, "fog_distance": "0", "cloudiness": 25.40625351244905, "fog_density": 68.13429610095106, "wetness": 37.84632340795172, "precipitation_deposits": 10.33055191598702}}], "scenario_type": "Scenario27"}]}]}