{"available_scenarios": [{"Town05": [{"available_event_configurations": [{"transform": {"pitch": "0", "x": 35, "y": 130, "yaw": -90, "z": 0}, "_start_distance": 16.456976004358133, "_actor_vel": 2.231099919108061, "_trigger_distance": 15.936083612671409, "_model": 1}, {"transform": {"pitch": "0", "x": 35, "y": 65, "yaw": -90, "z": 0}, "_start_distance": 16.456976004358133, "_actor_vel": 2.231099919108061, "_trigger_distance": 15.936083612671409, "_model": 1, "weather": {"sun_altitude_angle": 39.71779010155535, "precipitation": 74.64830600718349, "wind_intensity": 86.05411589936489, "sun_azimuth_angle": 233.4031324374816, "fog_distance": "0", "cloudiness": 0.753881440257842, "fog_density": 55.53347193492715, "wetness": 63.31278530973441, "precipitation_deposits": 82.65252196599222}}], "scenario_type": "Scenario27"}], "Town01": [{"available_event_configurations": [{"transform": {"pitch": "0", "x": 312, "y": 129, "yaw": 180, "z": 0}, "_start_distance": 16.456976004358133, "_actor_vel": 2.231099919108061, "_trigger_distance": 15.936083612671409, "_model": 1, "weather": {"sun_altitude_angle": 39.71779010155535, "precipitation": 74.64830600718349, "wind_intensity": 86.05411589936489, "sun_azimuth_angle": 233.4031324374816, "fog_distance": "0", "cloudiness": 0.753881440257842, "fog_density": 55.53347193492715, "wetness": 63.31278530973441, "precipitation_deposits": 82.65252196599222}}], "scenario_type": "Scenario27"}], "Town04": [{"available_event_configurations": [{"transform": {"pitch": "0", "x": 254.9, "y": -230.9, "yaw": 90, "z": 0}, "_start_distance": 16.456976004358133, "_actor_vel": 2.231099919108061, "_trigger_distance": 15.936083612671409, "_model": 1, "weather": {"sun_altitude_angle": 39.71779010155535, "precipitation": 74.64830600718349, "wind_intensity": 86.05411589936489, "sun_azimuth_angle": 233.4031324374816, "fog_distance": "0", "cloudiness": 0.753881440257842, "fog_density": 55.53347193492715, "wetness": 63.31278530973441, "precipitation_deposits": 82.65252196599222}}], "scenario_type": "Scenario27"}], "Town03": [{"available_event_configurations": [{"transform": {"pitch": "0", "x": -88.5, "y": -90, "yaw": 90, "z": 0}, "_start_distance": 16.456976004358133, "_actor_vel": 2.231099919108061, "_trigger_distance": 15.936083612671409, "_model": 1, "weather": {"sun_altitude_angle": 39.71779010155535, "precipitation": 74.64830600718349, "wind_intensity": 86.05411589936489, "sun_azimuth_angle": 233.4031324374816, "fog_distance": "0", "cloudiness": 0.753881440257842, "fog_density": 55.53347193492715, "wetness": 63.31278530973441, "precipitation_deposits": 82.65252196599222}}], "scenario_type": "Scenario27"}]}]}