{"available_scenarios": [{"Town05": [{"available_event_configurations": [{"transform": {"pitch": "0", "x": 35, "y": 130, "yaw": -90, "z": 0}, "_start_distance": 17.591682505695015, "_actor_vel": 2.4096155714610092, "_trigger_distance": 18.96447266622859, "_model": 1}, {"transform": {"pitch": "0", "x": 35, "y": 65, "yaw": -90, "z": 0}, "_start_distance": 17.591682505695015, "_actor_vel": 2.4096155714610092, "_trigger_distance": 18.96447266622859, "_model": 1, "weather": {"sun_altitude_angle": 8.602653557771063, "precipitation": 66.86999188199479, "wind_intensity": 76.13846856496384, "sun_azimuth_angle": 125.82072870977905, "fog_distance": "0", "cloudiness": 3.27261435060876, "fog_density": 10.538083815613653, "wetness": 44.797671844655774, "precipitation_deposits": 81.49674268428846}}], "scenario_type": "Scenario27"}], "Town01": [{"available_event_configurations": [{"transform": {"pitch": "0", "x": 312, "y": 129, "yaw": 180, "z": 0}, "_start_distance": 17.591682505695015, "_actor_vel": 2.4096155714610092, "_trigger_distance": 18.96447266622859, "_model": 1, "weather": {"sun_altitude_angle": 8.602653557771063, "precipitation": 66.86999188199479, "wind_intensity": 76.13846856496384, "sun_azimuth_angle": 125.82072870977905, "fog_distance": "0", "cloudiness": 3.27261435060876, "fog_density": 10.538083815613653, "wetness": 44.797671844655774, "precipitation_deposits": 81.49674268428846}}], "scenario_type": "Scenario27"}], "Town04": [{"available_event_configurations": [{"transform": {"pitch": "0", "x": 254.9, "y": -230.9, "yaw": 90, "z": 0}, "_start_distance": 17.591682505695015, "_actor_vel": 2.4096155714610092, "_trigger_distance": 18.96447266622859, "_model": 1, "weather": {"sun_altitude_angle": 8.602653557771063, "precipitation": 66.86999188199479, "wind_intensity": 76.13846856496384, "sun_azimuth_angle": 125.82072870977905, "fog_distance": "0", "cloudiness": 3.27261435060876, "fog_density": 10.538083815613653, "wetness": 44.797671844655774, "precipitation_deposits": 81.49674268428846}}], "scenario_type": "Scenario27"}], "Town03": [{"available_event_configurations": [{"transform": {"pitch": "0", "x": -88.5, "y": -90, "yaw": 90, "z": 0}, "_start_distance": 17.591682505695015, "_actor_vel": 2.4096155714610092, "_trigger_distance": 18.96447266622859, "_model": 1, "weather": {"sun_altitude_angle": 8.602653557771063, "precipitation": 66.86999188199479, "wind_intensity": 76.13846856496384, "sun_azimuth_angle": 125.82072870977905, "fog_distance": "0", "cloudiness": 3.27261435060876, "fog_density": 10.538083815613653, "wetness": 44.797671844655774, "precipitation_deposits": 81.49674268428846}}], "scenario_type": "Scenario27"}]}]}