{"available_scenarios": [{"Town05": [{"available_event_configurations": [{"transform": {"pitch": "0", "x": 35, "y": 130, "yaw": -90, "z": 0}, "_start_distance": 19.231430575118754, "_actor_vel": 2.4334329236550265, "_trigger_distance": 19.89316316532966, "_model": 1}, {"transform": {"pitch": "0", "x": 35, "y": 65, "yaw": -90, "z": 0}, "_start_distance": 19.231430575118754, "_actor_vel": 2.4334329236550265, "_trigger_distance": 19.89316316532966, "_model": 1, "weather": {"sun_altitude_angle": 48.376179873553895, "precipitation": 76.52356709192985, "wind_intensity": 31.161900732857827, "sun_azimuth_angle": 78.67026057108703, "fog_distance": "0", "cloudiness": 5.042286837772458, "fog_density": 84.57027196047346, "wetness": 82.25170046267272, "precipitation_deposits": 63.706176958480995}}], "scenario_type": "Scenario27"}], "Town01": [{"available_event_configurations": [{"transform": {"pitch": "0", "x": 312, "y": 129, "yaw": 180, "z": 0}, "_start_distance": 19.231430575118754, "_actor_vel": 2.4334329236550265, "_trigger_distance": 19.89316316532966, "_model": 1, "weather": {"sun_altitude_angle": 48.376179873553895, "precipitation": 76.52356709192985, "wind_intensity": 31.161900732857827, "sun_azimuth_angle": 78.67026057108703, "fog_distance": "0", "cloudiness": 5.042286837772458, "fog_density": 84.57027196047346, "wetness": 82.25170046267272, "precipitation_deposits": 63.706176958480995}}], "scenario_type": "Scenario27"}], "Town04": [{"available_event_configurations": [{"transform": {"pitch": "0", "x": 254.9, "y": -230.9, "yaw": 90, "z": 0}, "_start_distance": 19.231430575118754, "_actor_vel": 2.4334329236550265, "_trigger_distance": 19.89316316532966, "_model": 1, "weather": {"sun_altitude_angle": 48.376179873553895, "precipitation": 76.52356709192985, "wind_intensity": 31.161900732857827, "sun_azimuth_angle": 78.67026057108703, "fog_distance": "0", "cloudiness": 5.042286837772458, "fog_density": 84.57027196047346, "wetness": 82.25170046267272, "precipitation_deposits": 63.706176958480995}}], "scenario_type": "Scenario27"}], "Town03": [{"available_event_configurations": [{"transform": {"pitch": "0", "x": -88.5, "y": -90, "yaw": 90, "z": 0}, "_start_distance": 19.231430575118754, "_actor_vel": 2.4334329236550265, "_trigger_distance": 19.89316316532966, "_model": 1, "weather": {"sun_altitude_angle": 48.376179873553895, "precipitation": 76.52356709192985, "wind_intensity": 31.161900732857827, "sun_azimuth_angle": 78.67026057108703, "fog_distance": "0", "cloudiness": 5.042286837772458, "fog_density": 84.57027196047346, "wetness": 82.25170046267272, "precipitation_deposits": 63.706176958480995}}], "scenario_type": "Scenario27"}]}]}