{"available_scenarios": [{"Town05": [{"available_event_configurations": [{"transform": {"pitch": "0", "x": 35, "y": 130, "yaw": -90, "z": 0}, "_start_distance": 18.684229218767754, "_actor_vel": 2.2830577662886378, "_trigger_distance": 19.413558707390184, "_model": 1}, {"transform": {"pitch": "0", "x": 35, "y": 65, "yaw": -90, "z": 0}, "_start_distance": 18.684229218767754, "_actor_vel": 2.2830577662886378, "_trigger_distance": 19.413558707390184, "_model": 1, "weather": {"sun_altitude_angle": -53.23941470904197, "precipitation": 69.9784285073384, "wind_intensity": 64.68161872804278, "sun_azimuth_angle": 158.5464347820248, "fog_distance": "0", "cloudiness": 31.46538278127674, "fog_density": 15.46254439145841, "wetness": 29.075453382134963, "precipitation_deposits": 10.983877862566693}}], "scenario_type": "Scenario27"}], "Town01": [{"available_event_configurations": [{"transform": {"pitch": "0", "x": 312, "y": 129, "yaw": 180, "z": 0}, "_start_distance": 18.684229218767754, "_actor_vel": 2.2830577662886378, "_trigger_distance": 19.413558707390184, "_model": 1, "weather": {"sun_altitude_angle": -53.23941470904197, "precipitation": 69.9784285073384, "wind_intensity": 64.68161872804278, "sun_azimuth_angle": 158.5464347820248, "fog_distance": "0", "cloudiness": 31.46538278127674, "fog_density": 15.46254439145841, "wetness": 29.075453382134963, "precipitation_deposits": 10.983877862566693}}], "scenario_type": "Scenario27"}], "Town04": [{"available_event_configurations": [{"transform": {"pitch": "0", "x": 254.9, "y": -230.9, "yaw": 90, "z": 0}, "_start_distance": 18.684229218767754, "_actor_vel": 2.2830577662886378, "_trigger_distance": 19.413558707390184, "_model": 1, "weather": {"sun_altitude_angle": -53.23941470904197, "precipitation": 69.9784285073384, "wind_intensity": 64.68161872804278, "sun_azimuth_angle": 158.5464347820248, "fog_distance": "0", "cloudiness": 31.46538278127674, "fog_density": 15.46254439145841, "wetness": 29.075453382134963, "precipitation_deposits": 10.983877862566693}}], "scenario_type": "Scenario27"}], "Town03": [{"available_event_configurations": [{"transform": {"pitch": "0", "x": -88.5, "y": -90, "yaw": 90, "z": 0}, "_start_distance": 18.684229218767754, "_actor_vel": 2.2830577662886378, "_trigger_distance": 19.413558707390184, "_model": 1, "weather": {"sun_altitude_angle": -53.23941470904197, "precipitation": 69.9784285073384, "wind_intensity": 64.68161872804278, "sun_azimuth_angle": 158.5464347820248, "fog_distance": "0", "cloudiness": 31.46538278127674, "fog_density": 15.46254439145841, "wetness": 29.075453382134963, "precipitation_deposits": 10.983877862566693}}], "scenario_type": "Scenario27"}]}]}