{"available_scenarios": [{"Town05": [{"available_event_configurations": [{"transform": {"pitch": "0", "x": 35, "y": 130, "yaw": -90, "z": 0}, "_start_distance": 15.53229617243366, "_actor_vel": 2.237398389992739, "_trigger_distance": 19.389348262127907, "_model": 1}, {"transform": {"pitch": "0", "x": 35, "y": 65, "yaw": -90, "z": 0}, "_start_distance": 15.53229617243366, "_actor_vel": 2.237398389992739, "_trigger_distance": 19.389348262127907, "_model": 1, "weather": {"sun_altitude_angle": -6.783936421434703, "precipitation": 61.00473809055661, "wind_intensity": 48.18987589972207, "sun_azimuth_angle": 124.13807662394856, "fog_distance": "0", "cloudiness": 70.04256731802153, "fog_density": 96.89315226555453, "wetness": 31.486397812712184, "precipitation_deposits": 5.625830581222235}}], "scenario_type": "Scenario27"}], "Town01": [{"available_event_configurations": [{"transform": {"pitch": "0", "x": 312, "y": 129, "yaw": 180, "z": 0}, "_start_distance": 15.53229617243366, "_actor_vel": 2.237398389992739, "_trigger_distance": 19.389348262127907, "_model": 1, "weather": {"sun_altitude_angle": -6.783936421434703, "precipitation": 61.00473809055661, "wind_intensity": 48.18987589972207, "sun_azimuth_angle": 124.13807662394856, "fog_distance": "0", "cloudiness": 70.04256731802153, "fog_density": 96.89315226555453, "wetness": 31.486397812712184, "precipitation_deposits": 5.625830581222235}}], "scenario_type": "Scenario27"}], "Town04": [{"available_event_configurations": [{"transform": {"pitch": "0", "x": 254.9, "y": -230.9, "yaw": 90, "z": 0}, "_start_distance": 15.53229617243366, "_actor_vel": 2.237398389992739, "_trigger_distance": 19.389348262127907, "_model": 1, "weather": {"sun_altitude_angle": -6.783936421434703, "precipitation": 61.00473809055661, "wind_intensity": 48.18987589972207, "sun_azimuth_angle": 124.13807662394856, "fog_distance": "0", "cloudiness": 70.04256731802153, "fog_density": 96.89315226555453, "wetness": 31.486397812712184, "precipitation_deposits": 5.625830581222235}}], "scenario_type": "Scenario27"}], "Town03": [{"available_event_configurations": [{"transform": {"pitch": "0", "x": -88.5, "y": -90, "yaw": 90, "z": 0}, "_start_distance": 15.53229617243366, "_actor_vel": 2.237398389992739, "_trigger_distance": 19.389348262127907, "_model": 1, "weather": {"sun_altitude_angle": -6.783936421434703, "precipitation": 61.00473809055661, "wind_intensity": 48.18987589972207, "sun_azimuth_angle": 124.13807662394856, "fog_distance": "0", "cloudiness": 70.04256731802153, "fog_density": 96.89315226555453, "wetness": 31.486397812712184, "precipitation_deposits": 5.625830581222235}}], "scenario_type": "Scenario27"}]}]}