{"available_scenarios": [{"Town05": [{"available_event_configurations": [{"transform": {"pitch": "0", "x": 35, "y": 130, "yaw": -90, "z": 0}, "_start_distance": 16.98102280517604, "_actor_vel": 2.0680808973567637, "_trigger_distance": 16.677398233043235, "_model": 1}, {"transform": {"pitch": "0", "x": 35, "y": 65, "yaw": -90, "z": 0}, "_start_distance": 16.98102280517604, "_actor_vel": 2.0680808973567637, "_trigger_distance": 16.677398233043235, "_model": 1, "weather": {"sun_altitude_angle": 12.973183636060128, "precipitation": 11.208601707276856, "wind_intensity": 68.18072874471717, "sun_azimuth_angle": 182.2964099242277, "fog_distance": "0", "cloudiness": 75.40754466557836, "fog_density": 40.67529253025106, "wetness": 37.33978670731203, "precipitation_deposits": 95.9696996455709}}], "scenario_type": "Scenario27"}], "Town01": [{"available_event_configurations": [{"transform": {"pitch": "0", "x": 312, "y": 129, "yaw": 180, "z": 0}, "_start_distance": 16.98102280517604, "_actor_vel": 2.0680808973567637, "_trigger_distance": 16.677398233043235, "_model": 1, "weather": {"sun_altitude_angle": 12.973183636060128, "precipitation": 11.208601707276856, "wind_intensity": 68.18072874471717, "sun_azimuth_angle": 182.2964099242277, "fog_distance": "0", "cloudiness": 75.40754466557836, "fog_density": 40.67529253025106, "wetness": 37.33978670731203, "precipitation_deposits": 95.9696996455709}}], "scenario_type": "Scenario27"}], "Town04": [{"available_event_configurations": [{"transform": {"pitch": "0", "x": 254.9, "y": -230.9, "yaw": 90, "z": 0}, "_start_distance": 16.98102280517604, "_actor_vel": 2.0680808973567637, "_trigger_distance": 16.677398233043235, "_model": 1, "weather": {"sun_altitude_angle": 12.973183636060128, "precipitation": 11.208601707276856, "wind_intensity": 68.18072874471717, "sun_azimuth_angle": 182.2964099242277, "fog_distance": "0", "cloudiness": 75.40754466557836, "fog_density": 40.67529253025106, "wetness": 37.33978670731203, "precipitation_deposits": 95.9696996455709}}], "scenario_type": "Scenario27"}], "Town03": [{"available_event_configurations": [{"transform": {"pitch": "0", "x": -88.5, "y": -90, "yaw": 90, "z": 0}, "_start_distance": 16.98102280517604, "_actor_vel": 2.0680808973567637, "_trigger_distance": 16.677398233043235, "_model": 1, "weather": {"sun_altitude_angle": 12.973183636060128, "precipitation": 11.208601707276856, "wind_intensity": 68.18072874471717, "sun_azimuth_angle": 182.2964099242277, "fog_distance": "0", "cloudiness": 75.40754466557836, "fog_density": 40.67529253025106, "wetness": 37.33978670731203, "precipitation_deposits": 95.9696996455709}}], "scenario_type": "Scenario27"}]}]}