{"available_scenarios": [{"Town05": [{"available_event_configurations": [{"transform": {"pitch": "0", "x": 35, "y": 130, "yaw": -90, "z": 0}, "_start_distance": 18.74445487104564, "_actor_vel": 2.1113346341158055, "_trigger_distance": 15.601472760842713, "_model": 1}, {"transform": {"pitch": "0", "x": 35, "y": 65, "yaw": -90, "z": 0}, "_start_distance": 18.74445487104564, "_actor_vel": 2.1113346341158055, "_trigger_distance": 15.601472760842713, "_model": 1, "weather": {"sun_altitude_angle": -38.29379439030928, "precipitation": 46.42764965323474, "wind_intensity": 29.18094844236403, "sun_azimuth_angle": 195.36963191608223, "fog_distance": "0", "cloudiness": 22.313540554303778, "fog_density": 40.74254341972631, "wetness": 30.464867707053976, "precipitation_deposits": 42.55183882563621}}], "scenario_type": "Scenario27"}], "Town01": [{"available_event_configurations": [{"transform": {"pitch": "0", "x": 312, "y": 129, "yaw": 180, "z": 0}, "_start_distance": 18.74445487104564, "_actor_vel": 2.1113346341158055, "_trigger_distance": 15.601472760842713, "_model": 1, "weather": {"sun_altitude_angle": -38.29379439030928, "precipitation": 46.42764965323474, "wind_intensity": 29.18094844236403, "sun_azimuth_angle": 195.36963191608223, "fog_distance": "0", "cloudiness": 22.313540554303778, "fog_density": 40.74254341972631, "wetness": 30.464867707053976, "precipitation_deposits": 42.55183882563621}}], "scenario_type": "Scenario27"}], "Town04": [{"available_event_configurations": [{"transform": {"pitch": "0", "x": 254.9, "y": -230.9, "yaw": 90, "z": 0}, "_start_distance": 18.74445487104564, "_actor_vel": 2.1113346341158055, "_trigger_distance": 15.601472760842713, "_model": 1, "weather": {"sun_altitude_angle": -38.29379439030928, "precipitation": 46.42764965323474, "wind_intensity": 29.18094844236403, "sun_azimuth_angle": 195.36963191608223, "fog_distance": "0", "cloudiness": 22.313540554303778, "fog_density": 40.74254341972631, "wetness": 30.464867707053976, "precipitation_deposits": 42.55183882563621}}], "scenario_type": "Scenario27"}], "Town03": [{"available_event_configurations": [{"transform": {"pitch": "0", "x": -88.5, "y": -90, "yaw": 90, "z": 0}, "_start_distance": 18.74445487104564, "_actor_vel": 2.1113346341158055, "_trigger_distance": 15.601472760842713, "_model": 1, "weather": {"sun_altitude_angle": -38.29379439030928, "precipitation": 46.42764965323474, "wind_intensity": 29.18094844236403, "sun_azimuth_angle": 195.36963191608223, "fog_distance": "0", "cloudiness": 22.313540554303778, "fog_density": 40.74254341972631, "wetness": 30.464867707053976, "precipitation_deposits": 42.55183882563621}}], "scenario_type": "Scenario27"}]}]}