{"available_scenarios": [{"Town05": [{"available_event_configurations": [{"transform": {"pitch": "0", "x": 35, "y": 130, "yaw": -90, "z": 0}, "_start_distance": 17.953627397020345, "_actor_vel": 2.116442869469373, "_trigger_distance": 17.31797447358254, "_model": 1}, {"transform": {"pitch": "0", "x": 35, "y": 65, "yaw": -90, "z": 0}, "_start_distance": 17.953627397020345, "_actor_vel": 2.116442869469373, "_trigger_distance": 17.31797447358254, "_model": 1, "weather": {"sun_altitude_angle": 73.63727238790668, "precipitation": 84.16077474780089, "wind_intensity": 59.90759831210289, "sun_azimuth_angle": 140.33848863714107, "fog_distance": "0", "cloudiness": 0.09531667834415947, "fog_density": 51.26187278947994, "wetness": 43.377240401809345, "precipitation_deposits": 91.64067957118458}}], "scenario_type": "Scenario27"}], "Town01": [{"available_event_configurations": [{"transform": {"pitch": "0", "x": 312, "y": 129, "yaw": 180, "z": 0}, "_start_distance": 17.953627397020345, "_actor_vel": 2.116442869469373, "_trigger_distance": 17.31797447358254, "_model": 1, "weather": {"sun_altitude_angle": 73.63727238790668, "precipitation": 84.16077474780089, "wind_intensity": 59.90759831210289, "sun_azimuth_angle": 140.33848863714107, "fog_distance": "0", "cloudiness": 0.09531667834415947, "fog_density": 51.26187278947994, "wetness": 43.377240401809345, "precipitation_deposits": 91.64067957118458}}], "scenario_type": "Scenario27"}], "Town04": [{"available_event_configurations": [{"transform": {"pitch": "0", "x": 254.9, "y": -230.9, "yaw": 90, "z": 0}, "_start_distance": 17.953627397020345, "_actor_vel": 2.116442869469373, "_trigger_distance": 17.31797447358254, "_model": 1, "weather": {"sun_altitude_angle": 73.63727238790668, "precipitation": 84.16077474780089, "wind_intensity": 59.90759831210289, "sun_azimuth_angle": 140.33848863714107, "fog_distance": "0", "cloudiness": 0.09531667834415947, "fog_density": 51.26187278947994, "wetness": 43.377240401809345, "precipitation_deposits": 91.64067957118458}}], "scenario_type": "Scenario27"}], "Town03": [{"available_event_configurations": [{"transform": {"pitch": "0", "x": -88.5, "y": -90, "yaw": 90, "z": 0}, "_start_distance": 17.953627397020345, "_actor_vel": 2.116442869469373, "_trigger_distance": 17.31797447358254, "_model": 1, "weather": {"sun_altitude_angle": 73.63727238790668, "precipitation": 84.16077474780089, "wind_intensity": 59.90759831210289, "sun_azimuth_angle": 140.33848863714107, "fog_distance": "0", "cloudiness": 0.09531667834415947, "fog_density": 51.26187278947994, "wetness": 43.377240401809345, "precipitation_deposits": 91.64067957118458}}], "scenario_type": "Scenario27"}]}]}