{"available_scenarios": [{"Town05": [{"available_event_configurations": [{"transform": {"pitch": "0", "x": 35, "y": 130, "yaw": -90, "z": 0}, "_start_distance": 18.31670790102521, "_actor_vel": 2.4151238744928616, "_trigger_distance": 16.481679734966104, "_model": 1}, {"transform": {"pitch": "0", "x": 35, "y": 65, "yaw": -90, "z": 0}, "_start_distance": 18.31670790102521, "_actor_vel": 2.4151238744928616, "_trigger_distance": 16.481679734966104, "_model": 1, "weather": {"sun_altitude_angle": 86.48061875317111, "precipitation": 14.568168658724945, "wind_intensity": 72.50091251468305, "sun_azimuth_angle": 234.96126486930012, "fog_distance": "0", "cloudiness": 67.1640029187461, "fog_density": 37.27034805773622, "wetness": 53.00007535786335, "precipitation_deposits": 65.47090869095202}}], "scenario_type": "Scenario27"}], "Town01": [{"available_event_configurations": [{"transform": {"pitch": "0", "x": 312, "y": 129, "yaw": 180, "z": 0}, "_start_distance": 18.31670790102521, "_actor_vel": 2.4151238744928616, "_trigger_distance": 16.481679734966104, "_model": 1, "weather": {"sun_altitude_angle": 86.48061875317111, "precipitation": 14.568168658724945, "wind_intensity": 72.50091251468305, "sun_azimuth_angle": 234.96126486930012, "fog_distance": "0", "cloudiness": 67.1640029187461, "fog_density": 37.27034805773622, "wetness": 53.00007535786335, "precipitation_deposits": 65.47090869095202}}], "scenario_type": "Scenario27"}], "Town04": [{"available_event_configurations": [{"transform": {"pitch": "0", "x": 254.9, "y": -230.9, "yaw": 90, "z": 0}, "_start_distance": 18.31670790102521, "_actor_vel": 2.4151238744928616, "_trigger_distance": 16.481679734966104, "_model": 1, "weather": {"sun_altitude_angle": 86.48061875317111, "precipitation": 14.568168658724945, "wind_intensity": 72.50091251468305, "sun_azimuth_angle": 234.96126486930012, "fog_distance": "0", "cloudiness": 67.1640029187461, "fog_density": 37.27034805773622, "wetness": 53.00007535786335, "precipitation_deposits": 65.47090869095202}}], "scenario_type": "Scenario27"}], "Town03": [{"available_event_configurations": [{"transform": {"pitch": "0", "x": -88.5, "y": -90, "yaw": 90, "z": 0}, "_start_distance": 18.31670790102521, "_actor_vel": 2.4151238744928616, "_trigger_distance": 16.481679734966104, "_model": 1, "weather": {"sun_altitude_angle": 86.48061875317111, "precipitation": 14.568168658724945, "wind_intensity": 72.50091251468305, "sun_azimuth_angle": 234.96126486930012, "fog_distance": "0", "cloudiness": 67.1640029187461, "fog_density": 37.27034805773622, "wetness": 53.00007535786335, "precipitation_deposits": 65.47090869095202}}], "scenario_type": "Scenario27"}]}]}