{"available_scenarios": [{"Town05": [{"available_event_configurations": [{"transform": {"pitch": "0", "x": 35, "y": 130, "yaw": -90, "z": 0}, "_start_distance": 19.076546830391358, "_actor_vel": 2.124271387033556, "_trigger_distance": 19.502038776964653, "_model": 1}, {"transform": {"pitch": "0", "x": 35, "y": 65, "yaw": -90, "z": 0}, "_start_distance": 19.076546830391358, "_actor_vel": 2.124271387033556, "_trigger_distance": 19.502038776964653, "_model": 1, "weather": {"sun_altitude_angle": -78.32990584247759, "precipitation": 92.69764287392654, "wind_intensity": 44.653311641370784, "sun_azimuth_angle": 226.75795405526623, "fog_distance": "0", "cloudiness": 87.40510117365699, "fog_density": 78.15582840713968, "wetness": 38.980601451371044, "precipitation_deposits": 76.06713207879551}}], "scenario_type": "Scenario27"}], "Town01": [{"available_event_configurations": [{"transform": {"pitch": "0", "x": 312, "y": 129, "yaw": 180, "z": 0}, "_start_distance": 19.076546830391358, "_actor_vel": 2.124271387033556, "_trigger_distance": 19.502038776964653, "_model": 1, "weather": {"sun_altitude_angle": -78.32990584247759, "precipitation": 92.69764287392654, "wind_intensity": 44.653311641370784, "sun_azimuth_angle": 226.75795405526623, "fog_distance": "0", "cloudiness": 87.40510117365699, "fog_density": 78.15582840713968, "wetness": 38.980601451371044, "precipitation_deposits": 76.06713207879551}}], "scenario_type": "Scenario27"}], "Town04": [{"available_event_configurations": [{"transform": {"pitch": "0", "x": 254.9, "y": -230.9, "yaw": 90, "z": 0}, "_start_distance": 19.076546830391358, "_actor_vel": 2.124271387033556, "_trigger_distance": 19.502038776964653, "_model": 1, "weather": {"sun_altitude_angle": -78.32990584247759, "precipitation": 92.69764287392654, "wind_intensity": 44.653311641370784, "sun_azimuth_angle": 226.75795405526623, "fog_distance": "0", "cloudiness": 87.40510117365699, "fog_density": 78.15582840713968, "wetness": 38.980601451371044, "precipitation_deposits": 76.06713207879551}}], "scenario_type": "Scenario27"}], "Town03": [{"available_event_configurations": [{"transform": {"pitch": "0", "x": -88.5, "y": -90, "yaw": 90, "z": 0}, "_start_distance": 19.076546830391358, "_actor_vel": 2.124271387033556, "_trigger_distance": 19.502038776964653, "_model": 1, "weather": {"sun_altitude_angle": -78.32990584247759, "precipitation": 92.69764287392654, "wind_intensity": 44.653311641370784, "sun_azimuth_angle": 226.75795405526623, "fog_distance": "0", "cloudiness": 87.40510117365699, "fog_density": 78.15582840713968, "wetness": 38.980601451371044, "precipitation_deposits": 76.06713207879551}}], "scenario_type": "Scenario27"}]}]}