{"available_scenarios": [{"Town05": [{"available_event_configurations": [{"transform": {"pitch": "0", "x": 35, "y": 130, "yaw": -90, "z": 0}, "_start_distance": 15.48172096824953, "_actor_vel": 2.4704907263592144, "_trigger_distance": 18.290824038630525, "_model": 1}, {"transform": {"pitch": "0", "x": 35, "y": 65, "yaw": -90, "z": 0}, "_start_distance": 15.48172096824953, "_actor_vel": 2.4704907263592144, "_trigger_distance": 18.290824038630525, "_model": 1, "weather": {"sun_altitude_angle": -14.101357366928255, "precipitation": 31.74280802702877, "wind_intensity": 85.71529044457658, "sun_azimuth_angle": 74.04626056755426, "fog_distance": "0", "cloudiness": 29.284910704308608, "fog_density": 96.25295118376104, "wetness": 4.004857560752939, "precipitation_deposits": 5.905309695148664}}], "scenario_type": "Scenario27"}], "Town01": [{"available_event_configurations": [{"transform": {"pitch": "0", "x": 312, "y": 129, "yaw": 180, "z": 0}, "_start_distance": 15.48172096824953, "_actor_vel": 2.4704907263592144, "_trigger_distance": 18.290824038630525, "_model": 1, "weather": {"sun_altitude_angle": -14.101357366928255, "precipitation": 31.74280802702877, "wind_intensity": 85.71529044457658, "sun_azimuth_angle": 74.04626056755426, "fog_distance": "0", "cloudiness": 29.284910704308608, "fog_density": 96.25295118376104, "wetness": 4.004857560752939, "precipitation_deposits": 5.905309695148664}}], "scenario_type": "Scenario27"}], "Town04": [{"available_event_configurations": [{"transform": {"pitch": "0", "x": 254.9, "y": -230.9, "yaw": 90, "z": 0}, "_start_distance": 15.48172096824953, "_actor_vel": 2.4704907263592144, "_trigger_distance": 18.290824038630525, "_model": 1, "weather": {"sun_altitude_angle": -14.101357366928255, "precipitation": 31.74280802702877, "wind_intensity": 85.71529044457658, "sun_azimuth_angle": 74.04626056755426, "fog_distance": "0", "cloudiness": 29.284910704308608, "fog_density": 96.25295118376104, "wetness": 4.004857560752939, "precipitation_deposits": 5.905309695148664}}], "scenario_type": "Scenario27"}], "Town03": [{"available_event_configurations": [{"transform": {"pitch": "0", "x": -88.5, "y": -90, "yaw": 90, "z": 0}, "_start_distance": 15.48172096824953, "_actor_vel": 2.4704907263592144, "_trigger_distance": 18.290824038630525, "_model": 1, "weather": {"sun_altitude_angle": -14.101357366928255, "precipitation": 31.74280802702877, "wind_intensity": 85.71529044457658, "sun_azimuth_angle": 74.04626056755426, "fog_distance": "0", "cloudiness": 29.284910704308608, "fog_density": 96.25295118376104, "wetness": 4.004857560752939, "precipitation_deposits": 5.905309695148664}}], "scenario_type": "Scenario27"}]}]}