{"available_scenarios": [{"Town05": [{"available_event_configurations": [{"transform": {"pitch": "0", "x": 35, "y": 130, "yaw": -90, "z": 0}, "_start_distance": 16.626547665770048, "_actor_vel": 2.0248287747198765, "_trigger_distance": 19.929715405111473, "_model": 1}, {"transform": {"pitch": "0", "x": 35, "y": 65, "yaw": -90, "z": 0}, "_start_distance": 16.626547665770048, "_actor_vel": 2.0248287747198765, "_trigger_distance": 19.929715405111473, "_model": 1, "weather": {"sun_altitude_angle": 2.0781757223182353, "precipitation": 6.377893398126144, "wind_intensity": 77.38391878019142, "sun_azimuth_angle": 262.9892095029183, "fog_distance": "0", "cloudiness": 65.78943548761255, "fog_density": 67.70658078198832, "wetness": 39.48014242955065, "precipitation_deposits": 95.53639146591274}}], "scenario_type": "Scenario27"}], "Town01": [{"available_event_configurations": [{"transform": {"pitch": "0", "x": 312, "y": 129, "yaw": 180, "z": 0}, "_start_distance": 16.626547665770048, "_actor_vel": 2.0248287747198765, "_trigger_distance": 19.929715405111473, "_model": 1, "weather": {"sun_altitude_angle": 2.0781757223182353, "precipitation": 6.377893398126144, "wind_intensity": 77.38391878019142, "sun_azimuth_angle": 262.9892095029183, "fog_distance": "0", "cloudiness": 65.78943548761255, "fog_density": 67.70658078198832, "wetness": 39.48014242955065, "precipitation_deposits": 95.53639146591274}}], "scenario_type": "Scenario27"}], "Town04": [{"available_event_configurations": [{"transform": {"pitch": "0", "x": 254.9, "y": -230.9, "yaw": 90, "z": 0}, "_start_distance": 16.626547665770048, "_actor_vel": 2.0248287747198765, "_trigger_distance": 19.929715405111473, "_model": 1, "weather": {"sun_altitude_angle": 2.0781757223182353, "precipitation": 6.377893398126144, "wind_intensity": 77.38391878019142, "sun_azimuth_angle": 262.9892095029183, "fog_distance": "0", "cloudiness": 65.78943548761255, "fog_density": 67.70658078198832, "wetness": 39.48014242955065, "precipitation_deposits": 95.53639146591274}}], "scenario_type": "Scenario27"}], "Town03": [{"available_event_configurations": [{"transform": {"pitch": "0", "x": -88.5, "y": -90, "yaw": 90, "z": 0}, "_start_distance": 16.626547665770048, "_actor_vel": 2.0248287747198765, "_trigger_distance": 19.929715405111473, "_model": 1, "weather": {"sun_altitude_angle": 2.0781757223182353, "precipitation": 6.377893398126144, "wind_intensity": 77.38391878019142, "sun_azimuth_angle": 262.9892095029183, "fog_distance": "0", "cloudiness": 65.78943548761255, "fog_density": 67.70658078198832, "wetness": 39.48014242955065, "precipitation_deposits": 95.53639146591274}}], "scenario_type": "Scenario27"}]}]}