{"available_scenarios": [{"Town05": [{"available_event_configurations": [{"transform": {"pitch": "0", "x": 35, "y": 130, "yaw": -90, "z": 0}, "_start_distance": 17.110442516134604, "_actor_vel": 2.2809700659685497, "_trigger_distance": 18.612789388003456, "_model": 1}, {"transform": {"pitch": "0", "x": 35, "y": 65, "yaw": -90, "z": 0}, "_start_distance": 17.110442516134604, "_actor_vel": 2.2809700659685497, "_trigger_distance": 18.612789388003456, "_model": 1, "weather": {"sun_altitude_angle": -83.10714205222065, "precipitation": 91.98449811736391, "wind_intensity": 77.68089412952521, "sun_azimuth_angle": 234.6098263711642, "fog_distance": "0", "cloudiness": 46.69469002576104, "fog_density": 5.9163262381077715, "wetness": 53.54838367887107, "precipitation_deposits": 7.522278182272945}}], "scenario_type": "Scenario27"}], "Town01": [{"available_event_configurations": [{"transform": {"pitch": "0", "x": 312, "y": 129, "yaw": 180, "z": 0}, "_start_distance": 17.110442516134604, "_actor_vel": 2.2809700659685497, "_trigger_distance": 18.612789388003456, "_model": 1, "weather": {"sun_altitude_angle": -83.10714205222065, "precipitation": 91.98449811736391, "wind_intensity": 77.68089412952521, "sun_azimuth_angle": 234.6098263711642, "fog_distance": "0", "cloudiness": 46.69469002576104, "fog_density": 5.9163262381077715, "wetness": 53.54838367887107, "precipitation_deposits": 7.522278182272945}}], "scenario_type": "Scenario27"}], "Town04": [{"available_event_configurations": [{"transform": {"pitch": "0", "x": 254.9, "y": -230.9, "yaw": 90, "z": 0}, "_start_distance": 17.110442516134604, "_actor_vel": 2.2809700659685497, "_trigger_distance": 18.612789388003456, "_model": 1, "weather": {"sun_altitude_angle": -83.10714205222065, "precipitation": 91.98449811736391, "wind_intensity": 77.68089412952521, "sun_azimuth_angle": 234.6098263711642, "fog_distance": "0", "cloudiness": 46.69469002576104, "fog_density": 5.9163262381077715, "wetness": 53.54838367887107, "precipitation_deposits": 7.522278182272945}}], "scenario_type": "Scenario27"}], "Town03": [{"available_event_configurations": [{"transform": {"pitch": "0", "x": -88.5, "y": -90, "yaw": 90, "z": 0}, "_start_distance": 17.110442516134604, "_actor_vel": 2.2809700659685497, "_trigger_distance": 18.612789388003456, "_model": 1, "weather": {"sun_altitude_angle": -83.10714205222065, "precipitation": 91.98449811736391, "wind_intensity": 77.68089412952521, "sun_azimuth_angle": 234.6098263711642, "fog_distance": "0", "cloudiness": 46.69469002576104, "fog_density": 5.9163262381077715, "wetness": 53.54838367887107, "precipitation_deposits": 7.522278182272945}}], "scenario_type": "Scenario27"}]}]}