{"available_scenarios": [{"Town05": [{"available_event_configurations": [{"transform": {"pitch": "0", "x": 35, "y": 130, "yaw": -90, "z": 0}, "_start_distance": 15.035386139295609, "_actor_vel": 2.131125788472703, "_trigger_distance": 17.763340150466313, "_model": 1}, {"transform": {"pitch": "0", "x": 35, "y": 65, "yaw": -90, "z": 0}, "_start_distance": 15.035386139295609, "_actor_vel": 2.131125788472703, "_trigger_distance": 17.763340150466313, "_model": 1, "weather": {"sun_altitude_angle": 43.53882691879684, "precipitation": 60.806068012943825, "wind_intensity": 20.933670036570106, "sun_azimuth_angle": 195.318899465889, "fog_distance": "0", "cloudiness": 91.40187774436401, "fog_density": 50.15378006978223, "wetness": 93.82949475848899, "precipitation_deposits": 21.412285237204422}}], "scenario_type": "Scenario27"}], "Town01": [{"available_event_configurations": [{"transform": {"pitch": "0", "x": 312, "y": 129, "yaw": 180, "z": 0}, "_start_distance": 15.035386139295609, "_actor_vel": 2.131125788472703, "_trigger_distance": 17.763340150466313, "_model": 1, "weather": {"sun_altitude_angle": 43.53882691879684, "precipitation": 60.806068012943825, "wind_intensity": 20.933670036570106, "sun_azimuth_angle": 195.318899465889, "fog_distance": "0", "cloudiness": 91.40187774436401, "fog_density": 50.15378006978223, "wetness": 93.82949475848899, "precipitation_deposits": 21.412285237204422}}], "scenario_type": "Scenario27"}], "Town04": [{"available_event_configurations": [{"transform": {"pitch": "0", "x": 254.9, "y": -230.9, "yaw": 90, "z": 0}, "_start_distance": 15.035386139295609, "_actor_vel": 2.131125788472703, "_trigger_distance": 17.763340150466313, "_model": 1, "weather": {"sun_altitude_angle": 43.53882691879684, "precipitation": 60.806068012943825, "wind_intensity": 20.933670036570106, "sun_azimuth_angle": 195.318899465889, "fog_distance": "0", "cloudiness": 91.40187774436401, "fog_density": 50.15378006978223, "wetness": 93.82949475848899, "precipitation_deposits": 21.412285237204422}}], "scenario_type": "Scenario27"}], "Town03": [{"available_event_configurations": [{"transform": {"pitch": "0", "x": -88.5, "y": -90, "yaw": 90, "z": 0}, "_start_distance": 15.035386139295609, "_actor_vel": 2.131125788472703, "_trigger_distance": 17.763340150466313, "_model": 1, "weather": {"sun_altitude_angle": 43.53882691879684, "precipitation": 60.806068012943825, "wind_intensity": 20.933670036570106, "sun_azimuth_angle": 195.318899465889, "fog_distance": "0", "cloudiness": 91.40187774436401, "fog_density": 50.15378006978223, "wetness": 93.82949475848899, "precipitation_deposits": 21.412285237204422}}], "scenario_type": "Scenario27"}]}]}