{"available_scenarios": [{"Town05": [{"available_event_configurations": [{"transform": {"pitch": "0", "x": 35, "y": 130, "yaw": -90, "z": 0}, "_start_distance": 17.22321655150745, "_actor_vel": 2.3984145560393206, "_trigger_distance": 19.901028427748912, "_model": 1}, {"transform": {"pitch": "0", "x": 35, "y": 65, "yaw": -90, "z": 0}, "_start_distance": 17.22321655150745, "_actor_vel": 2.3984145560393206, "_trigger_distance": 19.901028427748912, "_model": 1, "weather": {"sun_altitude_angle": 3.6650547201583947, "precipitation": 73.3600776471563, "wind_intensity": 1.7812634628363688, "sun_azimuth_angle": 95.77608680169234, "fog_distance": "0", "cloudiness": 77.14031032936838, "fog_density": 49.51716010422024, "wetness": 33.180467059038456, "precipitation_deposits": 62.46558947972463}}], "scenario_type": "Scenario27"}], "Town01": [{"available_event_configurations": [{"transform": {"pitch": "0", "x": 312, "y": 129, "yaw": 180, "z": 0}, "_start_distance": 17.22321655150745, "_actor_vel": 2.3984145560393206, "_trigger_distance": 19.901028427748912, "_model": 1, "weather": {"sun_altitude_angle": 3.6650547201583947, "precipitation": 73.3600776471563, "wind_intensity": 1.7812634628363688, "sun_azimuth_angle": 95.77608680169234, "fog_distance": "0", "cloudiness": 77.14031032936838, "fog_density": 49.51716010422024, "wetness": 33.180467059038456, "precipitation_deposits": 62.46558947972463}}], "scenario_type": "Scenario27"}], "Town04": [{"available_event_configurations": [{"transform": {"pitch": "0", "x": 254.9, "y": -230.9, "yaw": 90, "z": 0}, "_start_distance": 17.22321655150745, "_actor_vel": 2.3984145560393206, "_trigger_distance": 19.901028427748912, "_model": 1, "weather": {"sun_altitude_angle": 3.6650547201583947, "precipitation": 73.3600776471563, "wind_intensity": 1.7812634628363688, "sun_azimuth_angle": 95.77608680169234, "fog_distance": "0", "cloudiness": 77.14031032936838, "fog_density": 49.51716010422024, "wetness": 33.180467059038456, "precipitation_deposits": 62.46558947972463}}], "scenario_type": "Scenario27"}], "Town03": [{"available_event_configurations": [{"transform": {"pitch": "0", "x": -88.5, "y": -90, "yaw": 90, "z": 0}, "_start_distance": 17.22321655150745, "_actor_vel": 2.3984145560393206, "_trigger_distance": 19.901028427748912, "_model": 1, "weather": {"sun_altitude_angle": 3.6650547201583947, "precipitation": 73.3600776471563, "wind_intensity": 1.7812634628363688, "sun_azimuth_angle": 95.77608680169234, "fog_distance": "0", "cloudiness": 77.14031032936838, "fog_density": 49.51716010422024, "wetness": 33.180467059038456, "precipitation_deposits": 62.46558947972463}}], "scenario_type": "Scenario27"}]}]}