{"available_scenarios": [{"Town05": [{"available_event_configurations": [{"transform": {"pitch": "0", "x": 35, "y": 130, "yaw": -90, "z": 0}, "_start_distance": 16.17067461442513, "_actor_vel": 2.002209133837653, "_trigger_distance": 19.317605070250416, "_model": 1}, {"transform": {"pitch": "0", "x": 35, "y": 65, "yaw": -90, "z": 0}, "_start_distance": 16.17067461442513, "_actor_vel": 2.002209133837653, "_trigger_distance": 19.317605070250416, "_model": 1, "weather": {"sun_altitude_angle": 12.145411642996422, "precipitation": 96.37503885785576, "wind_intensity": 29.318311754221593, "sun_azimuth_angle": 317.6145668642559, "fog_distance": "0", "cloudiness": 88.24034235168592, "fog_density": 10.976466465417756, "wetness": 1.3507354565309049, "precipitation_deposits": 93.11511821902792}}], "scenario_type": "Scenario27"}], "Town01": [{"available_event_configurations": [{"transform": {"pitch": "0", "x": 312, "y": 129, "yaw": 180, "z": 0}, "_start_distance": 16.17067461442513, "_actor_vel": 2.002209133837653, "_trigger_distance": 19.317605070250416, "_model": 1, "weather": {"sun_altitude_angle": 12.145411642996422, "precipitation": 96.37503885785576, "wind_intensity": 29.318311754221593, "sun_azimuth_angle": 317.6145668642559, "fog_distance": "0", "cloudiness": 88.24034235168592, "fog_density": 10.976466465417756, "wetness": 1.3507354565309049, "precipitation_deposits": 93.11511821902792}}], "scenario_type": "Scenario27"}], "Town04": [{"available_event_configurations": [{"transform": {"pitch": "0", "x": 254.9, "y": -230.9, "yaw": 90, "z": 0}, "_start_distance": 16.17067461442513, "_actor_vel": 2.002209133837653, "_trigger_distance": 19.317605070250416, "_model": 1, "weather": {"sun_altitude_angle": 12.145411642996422, "precipitation": 96.37503885785576, "wind_intensity": 29.318311754221593, "sun_azimuth_angle": 317.6145668642559, "fog_distance": "0", "cloudiness": 88.24034235168592, "fog_density": 10.976466465417756, "wetness": 1.3507354565309049, "precipitation_deposits": 93.11511821902792}}], "scenario_type": "Scenario27"}], "Town03": [{"available_event_configurations": [{"transform": {"pitch": "0", "x": -88.5, "y": -90, "yaw": 90, "z": 0}, "_start_distance": 16.17067461442513, "_actor_vel": 2.002209133837653, "_trigger_distance": 19.317605070250416, "_model": 1, "weather": {"sun_altitude_angle": 12.145411642996422, "precipitation": 96.37503885785576, "wind_intensity": 29.318311754221593, "sun_azimuth_angle": 317.6145668642559, "fog_distance": "0", "cloudiness": 88.24034235168592, "fog_density": 10.976466465417756, "wetness": 1.3507354565309049, "precipitation_deposits": 93.11511821902792}}], "scenario_type": "Scenario27"}]}]}