{"available_scenarios": [{"Town05": [{"available_event_configurations": [{"transform": {"pitch": "0", "x": 35, "y": 130, "yaw": -90, "z": 0}, "_start_distance": 17.356618043319408, "_actor_vel": 2.2650097477948483, "_trigger_distance": 18.381368041721316, "_model": 1}, {"transform": {"pitch": "0", "x": 35, "y": 65, "yaw": -90, "z": 0}, "_start_distance": 17.356618043319408, "_actor_vel": 2.2650097477948483, "_trigger_distance": 18.381368041721316, "_model": 1, "weather": {"sun_altitude_angle": -56.46386402975854, "precipitation": 87.76396316970883, "wind_intensity": 64.47085224612273, "sun_azimuth_angle": 290.7199759209759, "fog_distance": "0", "cloudiness": 79.82794712862535, "fog_density": 20.102140325711204, "wetness": 24.605256904759276, "precipitation_deposits": 24.19367925100091}}], "scenario_type": "Scenario27"}], "Town01": [{"available_event_configurations": [{"transform": {"pitch": "0", "x": 312, "y": 129, "yaw": 180, "z": 0}, "_start_distance": 17.356618043319408, "_actor_vel": 2.2650097477948483, "_trigger_distance": 18.381368041721316, "_model": 1, "weather": {"sun_altitude_angle": -56.46386402975854, "precipitation": 87.76396316970883, "wind_intensity": 64.47085224612273, "sun_azimuth_angle": 290.7199759209759, "fog_distance": "0", "cloudiness": 79.82794712862535, "fog_density": 20.102140325711204, "wetness": 24.605256904759276, "precipitation_deposits": 24.19367925100091}}], "scenario_type": "Scenario27"}], "Town04": [{"available_event_configurations": [{"transform": {"pitch": "0", "x": 254.9, "y": -230.9, "yaw": 90, "z": 0}, "_start_distance": 17.356618043319408, "_actor_vel": 2.2650097477948483, "_trigger_distance": 18.381368041721316, "_model": 1, "weather": {"sun_altitude_angle": -56.46386402975854, "precipitation": 87.76396316970883, "wind_intensity": 64.47085224612273, "sun_azimuth_angle": 290.7199759209759, "fog_distance": "0", "cloudiness": 79.82794712862535, "fog_density": 20.102140325711204, "wetness": 24.605256904759276, "precipitation_deposits": 24.19367925100091}}], "scenario_type": "Scenario27"}], "Town03": [{"available_event_configurations": [{"transform": {"pitch": "0", "x": -88.5, "y": -90, "yaw": 90, "z": 0}, "_start_distance": 17.356618043319408, "_actor_vel": 2.2650097477948483, "_trigger_distance": 18.381368041721316, "_model": 1, "weather": {"sun_altitude_angle": -56.46386402975854, "precipitation": 87.76396316970883, "wind_intensity": 64.47085224612273, "sun_azimuth_angle": 290.7199759209759, "fog_distance": "0", "cloudiness": 79.82794712862535, "fog_density": 20.102140325711204, "wetness": 24.605256904759276, "precipitation_deposits": 24.19367925100091}}], "scenario_type": "Scenario27"}]}]}