{"available_scenarios": [{"Town05": [{"available_event_configurations": [{"transform": {"pitch": "0", "x": 35, "y": 130, "yaw": -90, "z": 0}, "_start_distance": 19.886335570569138, "_actor_vel": 2.3753210084996064, "_trigger_distance": 17.060495489931007, "_model": 1}, {"transform": {"pitch": "0", "x": 35, "y": 65, "yaw": -90, "z": 0}, "_start_distance": 19.886335570569138, "_actor_vel": 2.3753210084996064, "_trigger_distance": 17.060495489931007, "_model": 1, "weather": {"sun_altitude_angle": 73.8833955357006, "precipitation": 82.79988700901588, "wind_intensity": 95.7814922851066, "sun_azimuth_angle": 144.46048193588675, "fog_distance": "0", "cloudiness": 84.14158861416713, "fog_density": 65.27338581201, "wetness": 72.93609066927375, "precipitation_deposits": 88.45838436294906}}], "scenario_type": "Scenario27"}], "Town01": [{"available_event_configurations": [{"transform": {"pitch": "0", "x": 312, "y": 129, "yaw": 180, "z": 0}, "_start_distance": 19.886335570569138, "_actor_vel": 2.3753210084996064, "_trigger_distance": 17.060495489931007, "_model": 1, "weather": {"sun_altitude_angle": 73.8833955357006, "precipitation": 82.79988700901588, "wind_intensity": 95.7814922851066, "sun_azimuth_angle": 144.46048193588675, "fog_distance": "0", "cloudiness": 84.14158861416713, "fog_density": 65.27338581201, "wetness": 72.93609066927375, "precipitation_deposits": 88.45838436294906}}], "scenario_type": "Scenario27"}], "Town04": [{"available_event_configurations": [{"transform": {"pitch": "0", "x": 254.9, "y": -230.9, "yaw": 90, "z": 0}, "_start_distance": 19.886335570569138, "_actor_vel": 2.3753210084996064, "_trigger_distance": 17.060495489931007, "_model": 1, "weather": {"sun_altitude_angle": 73.8833955357006, "precipitation": 82.79988700901588, "wind_intensity": 95.7814922851066, "sun_azimuth_angle": 144.46048193588675, "fog_distance": "0", "cloudiness": 84.14158861416713, "fog_density": 65.27338581201, "wetness": 72.93609066927375, "precipitation_deposits": 88.45838436294906}}], "scenario_type": "Scenario27"}], "Town03": [{"available_event_configurations": [{"transform": {"pitch": "0", "x": -88.5, "y": -90, "yaw": 90, "z": 0}, "_start_distance": 19.886335570569138, "_actor_vel": 2.3753210084996064, "_trigger_distance": 17.060495489931007, "_model": 1, "weather": {"sun_altitude_angle": 73.8833955357006, "precipitation": 82.79988700901588, "wind_intensity": 95.7814922851066, "sun_azimuth_angle": 144.46048193588675, "fog_distance": "0", "cloudiness": 84.14158861416713, "fog_density": 65.27338581201, "wetness": 72.93609066927375, "precipitation_deposits": 88.45838436294906}}], "scenario_type": "Scenario27"}]}]}