{"available_scenarios": [{"Town05": [{"available_event_configurations": [{"transform": {"pitch": "0", "x": 35, "y": 130, "yaw": -90, "z": 0}, "_start_distance": 19.480848434013858, "_actor_vel": 2.4799607392523235, "_trigger_distance": 17.770298251662997, "_model": 1}, {"transform": {"pitch": "0", "x": 35, "y": 65, "yaw": -90, "z": 0}, "_start_distance": 19.480848434013858, "_actor_vel": 2.4799607392523235, "_trigger_distance": 17.770298251662997, "_model": 1, "weather": {"sun_altitude_angle": -54.457682475743205, "precipitation": 15.586422167421032, "wind_intensity": 99.81235287793704, "sun_azimuth_angle": 51.250750062056326, "fog_distance": "0", "cloudiness": 2.58122710645049, "fog_density": 38.75894127274776, "wetness": 87.10759351850714, "precipitation_deposits": 46.83009407394108}}], "scenario_type": "Scenario27"}], "Town01": [{"available_event_configurations": [{"transform": {"pitch": "0", "x": 312, "y": 129, "yaw": 180, "z": 0}, "_start_distance": 19.480848434013858, "_actor_vel": 2.4799607392523235, "_trigger_distance": 17.770298251662997, "_model": 1, "weather": {"sun_altitude_angle": -54.457682475743205, "precipitation": 15.586422167421032, "wind_intensity": 99.81235287793704, "sun_azimuth_angle": 51.250750062056326, "fog_distance": "0", "cloudiness": 2.58122710645049, "fog_density": 38.75894127274776, "wetness": 87.10759351850714, "precipitation_deposits": 46.83009407394108}}], "scenario_type": "Scenario27"}], "Town04": [{"available_event_configurations": [{"transform": {"pitch": "0", "x": 254.9, "y": -230.9, "yaw": 90, "z": 0}, "_start_distance": 19.480848434013858, "_actor_vel": 2.4799607392523235, "_trigger_distance": 17.770298251662997, "_model": 1, "weather": {"sun_altitude_angle": -54.457682475743205, "precipitation": 15.586422167421032, "wind_intensity": 99.81235287793704, "sun_azimuth_angle": 51.250750062056326, "fog_distance": "0", "cloudiness": 2.58122710645049, "fog_density": 38.75894127274776, "wetness": 87.10759351850714, "precipitation_deposits": 46.83009407394108}}], "scenario_type": "Scenario27"}], "Town03": [{"available_event_configurations": [{"transform": {"pitch": "0", "x": -88.5, "y": -90, "yaw": 90, "z": 0}, "_start_distance": 19.480848434013858, "_actor_vel": 2.4799607392523235, "_trigger_distance": 17.770298251662997, "_model": 1, "weather": {"sun_altitude_angle": -54.457682475743205, "precipitation": 15.586422167421032, "wind_intensity": 99.81235287793704, "sun_azimuth_angle": 51.250750062056326, "fog_distance": "0", "cloudiness": 2.58122710645049, "fog_density": 38.75894127274776, "wetness": 87.10759351850714, "precipitation_deposits": 46.83009407394108}}], "scenario_type": "Scenario27"}]}]}