{"available_scenarios": [{"Town05": [{"available_event_configurations": [{"transform": {"pitch": "0", "x": 35, "y": 130, "yaw": -90, "z": 0}, "_start_distance": 16.20680387100158, "_actor_vel": 2.0722670792801607, "_trigger_distance": 15.472354037750145, "_model": 1}, {"transform": {"pitch": "0", "x": 35, "y": 65, "yaw": -90, "z": 0}, "_start_distance": 16.20680387100158, "_actor_vel": 2.0722670792801607, "_trigger_distance": 15.472354037750145, "_model": 1, "weather": {"sun_altitude_angle": -49.931264466501986, "precipitation": 55.22189923460844, "wind_intensity": 52.79623523834963, "sun_azimuth_angle": 315.61204852176724, "fog_distance": "0", "cloudiness": 31.507407966648906, "fog_density": 74.88915956400491, "wetness": 17.016996913713, "precipitation_deposits": 1.9113735209190907}}], "scenario_type": "Scenario27"}], "Town01": [{"available_event_configurations": [{"transform": {"pitch": "0", "x": 312, "y": 129, "yaw": 180, "z": 0}, "_start_distance": 16.20680387100158, "_actor_vel": 2.0722670792801607, "_trigger_distance": 15.472354037750145, "_model": 1, "weather": {"sun_altitude_angle": -49.931264466501986, "precipitation": 55.22189923460844, "wind_intensity": 52.79623523834963, "sun_azimuth_angle": 315.61204852176724, "fog_distance": "0", "cloudiness": 31.507407966648906, "fog_density": 74.88915956400491, "wetness": 17.016996913713, "precipitation_deposits": 1.9113735209190907}}], "scenario_type": "Scenario27"}], "Town04": [{"available_event_configurations": [{"transform": {"pitch": "0", "x": 254.9, "y": -230.9, "yaw": 90, "z": 0}, "_start_distance": 16.20680387100158, "_actor_vel": 2.0722670792801607, "_trigger_distance": 15.472354037750145, "_model": 1, "weather": {"sun_altitude_angle": -49.931264466501986, "precipitation": 55.22189923460844, "wind_intensity": 52.79623523834963, "sun_azimuth_angle": 315.61204852176724, "fog_distance": "0", "cloudiness": 31.507407966648906, "fog_density": 74.88915956400491, "wetness": 17.016996913713, "precipitation_deposits": 1.9113735209190907}}], "scenario_type": "Scenario27"}], "Town03": [{"available_event_configurations": [{"transform": {"pitch": "0", "x": -88.5, "y": -90, "yaw": 90, "z": 0}, "_start_distance": 16.20680387100158, "_actor_vel": 2.0722670792801607, "_trigger_distance": 15.472354037750145, "_model": 1, "weather": {"sun_altitude_angle": -49.931264466501986, "precipitation": 55.22189923460844, "wind_intensity": 52.79623523834963, "sun_azimuth_angle": 315.61204852176724, "fog_distance": "0", "cloudiness": 31.507407966648906, "fog_density": 74.88915956400491, "wetness": 17.016996913713, "precipitation_deposits": 1.9113735209190907}}], "scenario_type": "Scenario27"}]}]}