{"available_scenarios": [{"Town05": [{"available_event_configurations": [{"transform": {"pitch": "0", "x": 35, "y": 130, "yaw": -90, "z": 0}, "_start_distance": 16.8052107418038, "_actor_vel": 2.1675479568232676, "_trigger_distance": 18.994485645321486, "_model": 1}, {"transform": {"pitch": "0", "x": 35, "y": 65, "yaw": -90, "z": 0}, "_start_distance": 16.8052107418038, "_actor_vel": 2.1675479568232676, "_trigger_distance": 18.994485645321486, "_model": 1, "weather": {"sun_altitude_angle": 25.43586432520101, "precipitation": 53.115527817349104, "wind_intensity": 68.22895805027706, "sun_azimuth_angle": 124.29940024127396, "fog_distance": "0", "cloudiness": 38.375086162511494, "fog_density": 62.098073946091226, "wetness": 69.57962255174924, "precipitation_deposits": 37.054809784436195}}], "scenario_type": "Scenario27"}], "Town01": [{"available_event_configurations": [{"transform": {"pitch": "0", "x": 312, "y": 129, "yaw": 180, "z": 0}, "_start_distance": 16.8052107418038, "_actor_vel": 2.1675479568232676, "_trigger_distance": 18.994485645321486, "_model": 1, "weather": {"sun_altitude_angle": 25.43586432520101, "precipitation": 53.115527817349104, "wind_intensity": 68.22895805027706, "sun_azimuth_angle": 124.29940024127396, "fog_distance": "0", "cloudiness": 38.375086162511494, "fog_density": 62.098073946091226, "wetness": 69.57962255174924, "precipitation_deposits": 37.054809784436195}}], "scenario_type": "Scenario27"}], "Town04": [{"available_event_configurations": [{"transform": {"pitch": "0", "x": 254.9, "y": -230.9, "yaw": 90, "z": 0}, "_start_distance": 16.8052107418038, "_actor_vel": 2.1675479568232676, "_trigger_distance": 18.994485645321486, "_model": 1, "weather": {"sun_altitude_angle": 25.43586432520101, "precipitation": 53.115527817349104, "wind_intensity": 68.22895805027706, "sun_azimuth_angle": 124.29940024127396, "fog_distance": "0", "cloudiness": 38.375086162511494, "fog_density": 62.098073946091226, "wetness": 69.57962255174924, "precipitation_deposits": 37.054809784436195}}], "scenario_type": "Scenario27"}], "Town03": [{"available_event_configurations": [{"transform": {"pitch": "0", "x": -88.5, "y": -90, "yaw": 90, "z": 0}, "_start_distance": 16.8052107418038, "_actor_vel": 2.1675479568232676, "_trigger_distance": 18.994485645321486, "_model": 1, "weather": {"sun_altitude_angle": 25.43586432520101, "precipitation": 53.115527817349104, "wind_intensity": 68.22895805027706, "sun_azimuth_angle": 124.29940024127396, "fog_distance": "0", "cloudiness": 38.375086162511494, "fog_density": 62.098073946091226, "wetness": 69.57962255174924, "precipitation_deposits": 37.054809784436195}}], "scenario_type": "Scenario27"}]}]}