{"available_scenarios": [{"Town05": [{"available_event_configurations": [{"transform": {"pitch": "0", "x": 35, "y": 130, "yaw": -90, "z": 0}, "_start_distance": 17.66859006743051, "_actor_vel": 2.0786952927794475, "_trigger_distance": 18.36282708995483, "_model": 1}, {"transform": {"pitch": "0", "x": 35, "y": 65, "yaw": -90, "z": 0}, "_start_distance": 17.66859006743051, "_actor_vel": 2.0786952927794475, "_trigger_distance": 18.36282708995483, "_model": 1, "weather": {"sun_altitude_angle": -17.568923874055628, "precipitation": 62.67521801860201, "wind_intensity": 46.22185592671192, "sun_azimuth_angle": 260.03322240247695, "fog_distance": "0", "cloudiness": 67.48828782354612, "fog_density": 4.017318213183851, "wetness": 46.92636225573309, "precipitation_deposits": 35.2977557437069}}], "scenario_type": "Scenario27"}], "Town01": [{"available_event_configurations": [{"transform": {"pitch": "0", "x": 312, "y": 129, "yaw": 180, "z": 0}, "_start_distance": 17.66859006743051, "_actor_vel": 2.0786952927794475, "_trigger_distance": 18.36282708995483, "_model": 1, "weather": {"sun_altitude_angle": -17.568923874055628, "precipitation": 62.67521801860201, "wind_intensity": 46.22185592671192, "sun_azimuth_angle": 260.03322240247695, "fog_distance": "0", "cloudiness": 67.48828782354612, "fog_density": 4.017318213183851, "wetness": 46.92636225573309, "precipitation_deposits": 35.2977557437069}}], "scenario_type": "Scenario27"}], "Town04": [{"available_event_configurations": [{"transform": {"pitch": "0", "x": 254.9, "y": -230.9, "yaw": 90, "z": 0}, "_start_distance": 17.66859006743051, "_actor_vel": 2.0786952927794475, "_trigger_distance": 18.36282708995483, "_model": 1, "weather": {"sun_altitude_angle": -17.568923874055628, "precipitation": 62.67521801860201, "wind_intensity": 46.22185592671192, "sun_azimuth_angle": 260.03322240247695, "fog_distance": "0", "cloudiness": 67.48828782354612, "fog_density": 4.017318213183851, "wetness": 46.92636225573309, "precipitation_deposits": 35.2977557437069}}], "scenario_type": "Scenario27"}], "Town03": [{"available_event_configurations": [{"transform": {"pitch": "0", "x": -88.5, "y": -90, "yaw": 90, "z": 0}, "_start_distance": 17.66859006743051, "_actor_vel": 2.0786952927794475, "_trigger_distance": 18.36282708995483, "_model": 1, "weather": {"sun_altitude_angle": -17.568923874055628, "precipitation": 62.67521801860201, "wind_intensity": 46.22185592671192, "sun_azimuth_angle": 260.03322240247695, "fog_distance": "0", "cloudiness": 67.48828782354612, "fog_density": 4.017318213183851, "wetness": 46.92636225573309, "precipitation_deposits": 35.2977557437069}}], "scenario_type": "Scenario27"}]}]}